기간,공장,공정코드,총_양품수량,총_생산수량,목표_총_생산량,양품수_기준_달성률(%),일일_목표량,운영일수
2024-01-02,A관(1공장),[10] 사출조립,126460.0,138140.0,197367.0,64.07,197367.0,1
2024-01-02,A관(1공장),[20] 분리,60122.0,90090.0,197367.0,30.46,197367.0,1
2024-01-02,A관(1공장),[45] 하이드레이션/전면검사,71409.0,71409.0,118500.0,60.26,118500.0,1
2024-01-02,A관(1공장),[80] 누수/규격검사,73937.0,75205.0,112903.0,65.49,112903.0,1
2024-01-02,C관(2공장),[10] 사출조립,1508333.0,1753248.0,742386.0,203.17,742386.0,1
2024-01-02,C관(2공장),[20] 분리,1319857.0,1601106.0,742386.0,177.79,742386.0,1
2024-01-02,C관(2공장),[45] 하이드레이션/전면검사,606935.0,608272.0,650698.0,93.27,650698.0,1
2024-01-02,C관(2공장),[80] 누수/규격검사,415600.0,419495.0,609677.0,68.17,609677.0,1
2024-01-02,S관(3공장),[10] 사출조립,169753.0,230168.0,183871.0,92.32,183871.0,1
2024-01-02,S관(3공장),[20] 분리,178775.0,223340.0,183871.0,97.23,183871.0,1
2024-01-02,S관(3공장),[45] 하이드레이션/전면검사,72332.0,72558.0,116759.0,61.95,116759.0,1
2024-01-02,S관(3공장),[80] 누수/규격검사,118198.0,120164.0,100645.0,117.44,100645.0,1
2024-01-03,A관(1공장),[10] 사출조립,218480.0,227070.0,197367.0,110.7,197367.0,1
2024-01-03,A관(1공장),[20] 분리,62059.0,89000.0,197367.0,31.44,197367.0,1
2024-01-03,A관(1공장),[45] 하이드레이션/전면검사,92027.0,92070.0,118500.0,77.66,118500.0,1
2024-01-03,A관(1공장),[80] 누수/규격검사,71750.0,74719.0,112903.0,63.55,112903.0,1
2024-01-03,C관(2공장),[10] 사출조립,852335.0,994702.0,742386.0,114.81,742386.0,1
2024-01-03,C관(2공장),[20] 분리,867904.0,1052826.0,742386.0,116.91,742386.0,1
2024-01-03,C관(2공장),[45] 하이드레이션/전면검사,1029445.0,1031629.0,650698.0,158.21,650698.0,1
2024-01-03,C관(2공장),[80] 누수/규격검사,678533.0,685565.0,609677.0,111.29,609677.0,1
2024-01-03,S관(3공장),[10] 사출조립,240217.0,331760.0,183871.0,130.64,183871.0,1
2024-01-03,S관(3공장),[20] 분리,219795.0,282800.0,183871.0,119.54,183871.0,1
2024-01-03,S관(3공장),[45] 하이드레이션/전면검사,139625.0,140527.0,116759.0,119.58,116759.0,1
2024-01-03,S관(3공장),[80] 누수/규격검사,121618.0,126115.0,100645.0,120.84,100645.0,1
2024-01-04,A관(1공장),[10] 사출조립,206940.0,222050.0,197367.0,104.85,197367.0,1
2024-01-04,A관(1공장),[20] 분리,69402.0,100640.0,197367.0,35.16,197367.0,1
2024-01-04,A관(1공장),[45] 하이드레이션/전면검사,93077.0,93183.0,118500.0,78.55,118500.0,1
2024-01-04,A관(1공장),[80] 누수/규격검사,72484.0,73165.0,112903.0,64.2,112903.0,1
2024-01-04,C관(2공장),[10] 사출조립,847257.0,1035826.0,742386.0,114.13,742386.0,1
2024-01-04,C관(2공장),[20] 분리,895097.0,1090826.0,742386.0,120.57,742386.0,1
2024-01-04,C관(2공장),[45] 하이드레이션/전면검사,993611.0,1000040.0,650698.0,152.7,650698.0,1
2024-01-04,C관(2공장),[80] 누수/규격검사,773351.0,782340.0,609677.0,126.85,609677.0,1
2024-01-04,S관(3공장),[10] 사출조립,308021.0,402024.0,183871.0,167.52,183871.0,1
2024-01-04,S관(3공장),[20] 분리,205314.0,252010.0,183871.0,111.66,183871.0,1
2024-01-04,S관(3공장),[45] 하이드레이션/전면검사,144548.0,145302.0,116759.0,123.8,116759.0,1
2024-01-04,S관(3공장),[80] 누수/규격검사,123602.0,127201.0,100645.0,122.81,100645.0,1
2024-01-05,A관(1공장),[10] 사출조립,350570.0,367550.0,197367.0,177.62,197367.0,1
2024-01-05,A관(1공장),[20] 분리,73663.0,109620.0,197367.0,37.32,197367.0,1
2024-01-05,A관(1공장),[45] 하이드레이션/전면검사,90451.0,90451.0,118500.0,76.33,118500.0,1
2024-01-05,A관(1공장),[80] 누수/규격검사,82450.0,83005.0,112903.0,73.03,112903.0,1
2024-01-05,C관(2공장),[10] 사출조립,948494.0,1153140.0,742386.0,127.76,742386.0,1
2024-01-05,C관(2공장),[20] 분리,860628.0,1054353.0,742386.0,115.93,742386.0,1
2024-01-05,C관(2공장),[45] 하이드레이션/전면검사,1029105.0,1033392.0,650698.0,158.15,650698.0,1
2024-01-05,C관(2공장),[80] 누수/규격검사,765933.0,773228.0,609677.0,125.63,609677.0,1
2024-01-05,S관(3공장),[10] 사출조립,284537.0,393236.0,183871.0,154.75,183871.0,1
2024-01-05,S관(3공장),[20] 분리,175692.0,219345.0,183871.0,95.55,183871.0,1
2024-01-05,S관(3공장),[45] 하이드레이션/전면검사,147930.0,148708.0,116759.0,126.7,116759.0,1
2024-01-05,S관(3공장),[80] 누수/규격검사,145867.0,147532.0,100645.0,144.93,100645.0,1
2024-01-06,A관(1공장),[10] 사출조립,265610.0,286600.0,197367.0,134.58,197367.0,1
2024-01-06,A관(1공장),[20] 분리,101705.0,150250.0,197367.0,51.53,197367.0,1
2024-01-06,A관(1공장),[45] 하이드레이션/전면검사,112613.0,112746.0,118500.0,95.03,118500.0,1
2024-01-06,A관(1공장),[80] 누수/규격검사,78668.0,79784.0,112903.0,69.68,112903.0,1
2024-01-06,C관(2공장),[10] 사출조립,846266.0,1006527.0,742386.0,113.99,742386.0,1
2024-01-06,C관(2공장),[20] 분리,902223.0,1085363.0,742386.0,121.53,742386.0,1
2024-01-06,C관(2공장),[45] 하이드레이션/전면검사,1082948.0,1089166.0,650698.0,166.43,650698.0,1
2024-01-06,C관(2공장),[80] 누수/규격검사,869198.0,874857.0,609677.0,142.57,609677.0,1
2024-01-06,S관(3공장),[10] 사출조립,316489.0,396984.0,183871.0,172.13,183871.0,1
2024-01-06,S관(3공장),[20] 분리,206093.0,263352.0,183871.0,112.09,183871.0,1
2024-01-06,S관(3공장),[45] 하이드레이션/전면검사,155102.0,155943.0,116759.0,132.84,116759.0,1
2024-01-06,S관(3공장),[80] 누수/규격검사,177177.0,182672.0,100645.0,176.04,100645.0,1
2024-01-07,A관(1공장),[10] 사출조립,282080.0,300460.0,197367.0,142.92,197367.0,1
2024-01-07,A관(1공장),[20] 분리,99505.0,134350.0,197367.0,50.42,197367.0,1
2024-01-07,A관(1공장),[45] 하이드레이션/전면검사,99553.0,99711.0,118500.0,84.01,118500.0,1
2024-01-07,A관(1공장),[80] 누수/규격검사,71453.0,72893.0,112903.0,63.29,112903.0,1
2024-01-07,C관(2공장),[10] 사출조립,971806.0,1209825.0,742386.0,130.9,742386.0,1
2024-01-07,C관(2공장),[20] 분리,789663.0,962013.0,742386.0,106.37,742386.0,1
2024-01-07,C관(2공장),[45] 하이드레이션/전면검사,993263.0,997672.0,650698.0,152.65,650698.0,1
2024-01-07,C관(2공장),[80] 누수/규격검사,866871.0,874696.0,609677.0,142.19,609677.0,1
2024-01-07,S관(3공장),[10] 사출조립,275064.0,374735.0,183871.0,149.6,183871.0,1
2024-01-07,S관(3공장),[20] 분리,176722.0,210487.0,183871.0,96.11,183871.0,1
2024-01-07,S관(3공장),[45] 하이드레이션/전면검사,205045.0,207301.0,116759.0,175.61,116759.0,1
2024-01-07,S관(3공장),[80] 누수/규격검사,167420.0,170048.0,100645.0,166.35,100645.0,1
2024-01-08,A관(1공장),[10] 사출조립,215810.0,225520.0,197367.0,109.34,197367.0,1
2024-01-08,A관(1공장),[20] 분리,96713.0,130410.0,197367.0,49.0,197367.0,1
2024-01-08,A관(1공장),[45] 하이드레이션/전면검사,117664.0,118533.0,118500.0,99.29,118500.0,1
2024-01-08,A관(1공장),[80] 누수/규격검사,63714.0,64641.0,112903.0,56.43,112903.0,1
2024-01-08,C관(2공장),[10] 사출조립,861587.0,1026643.0,742386.0,116.06,742386.0,1
2024-01-08,C관(2공장),[20] 분리,873065.0,1045937.0,742386.0,117.6,742386.0,1
2024-01-08,C관(2공장),[45] 하이드레이션/전면검사,942372.0,946855.0,650698.0,144.82,650698.0,1
2024-01-08,C관(2공장),[80] 누수/규격검사,850024.0,862811.0,609677.0,139.42,609677.0,1
2024-01-08,S관(3공장),[10] 사출조립,222255.0,347032.0,183871.0,120.88,183871.0,1
2024-01-08,S관(3공장),[20] 분리,227797.0,292811.0,183871.0,123.89,183871.0,1
2024-01-08,S관(3공장),[45] 하이드레이션/전면검사,143099.0,143795.0,116759.0,122.56,116759.0,1
2024-01-08,S관(3공장),[80] 누수/규격검사,214251.0,218888.0,100645.0,212.88,100645.0,1
2024-01-09,A관(1공장),[10] 사출조립,269770.0,282760.0,197367.0,136.68,197367.0,1
2024-01-09,A관(1공장),[20] 분리,93987.0,125970.0,197367.0,47.62,197367.0,1
2024-01-09,A관(1공장),[45] 하이드레이션/전면검사,79462.0,81158.0,118500.0,67.06,118500.0,1
2024-01-09,A관(1공장),[80] 누수/규격검사,68286.0,69192.0,112903.0,60.48,112903.0,1
2024-01-09,C관(2공장),[10] 사출조립,882561.0,1029163.0,742386.0,118.88,742386.0,1
2024-01-09,C관(2공장),[20] 분리,847135.0,1016916.0,742386.0,114.11,742386.0,1
2024-01-09,C관(2공장),[45] 하이드레이션/전면검사,853423.0,858432.0,650698.0,131.16,650698.0,1
2024-01-09,C관(2공장),[80] 누수/규격검사,773157.0,787837.0,609677.0,126.81,609677.0,1
2024-01-09,S관(3공장),[10] 사출조립,227185.0,296924.0,183871.0,123.56,183871.0,1
2024-01-09,S관(3공장),[20] 분리,193761.0,229959.0,183871.0,105.38,183871.0,1
2024-01-09,S관(3공장),[45] 하이드레이션/전면검사,178699.0,179905.0,116759.0,153.05,116759.0,1
2024-01-09,S관(3공장),[80] 누수/규격검사,219019.0,223360.0,100645.0,217.62,100645.0,1
2024-01-10,A관(1공장),[10] 사출조립,212400.0,223590.0,197367.0,107.62,197367.0,1
2024-01-10,A관(1공장),[20] 분리,115425.0,140430.0,197367.0,58.48,197367.0,1
2024-01-10,A관(1공장),[45] 하이드레이션/전면검사,58118.0,58256.0,118500.0,49.04,118500.0,1
2024-01-10,A관(1공장),[80] 누수/규격검사,72133.0,72917.0,112903.0,63.89,112903.0,1
2024-01-10,C관(2공장),[10] 사출조립,910495.0,1037783.0,742386.0,122.64,742386.0,1
2024-01-10,C관(2공장),[20] 분리,973400.0,1157289.0,742386.0,131.12,742386.0,1
2024-01-10,C관(2공장),[45] 하이드레이션/전면검사,1101180.0,1112131.0,650698.0,169.23,650698.0,1
2024-01-10,C관(2공장),[80] 누수/규격검사,873560.0,882815.0,609677.0,143.28,609677.0,1
2024-01-10,S관(3공장),[10] 사출조립,306783.0,364693.0,183871.0,166.85,183871.0,1
2024-01-10,S관(3공장),[20] 분리,237513.0,296415.0,183871.0,129.17,183871.0,1
2024-01-10,S관(3공장),[45] 하이드레이션/전면검사,220794.0,222172.0,116759.0,189.1,116759.0,1
2024-01-10,S관(3공장),[80] 누수/규격검사,167036.0,168803.0,100645.0,165.97,100645.0,1
2024-01-11,A관(1공장),[10] 사출조립,167040.0,177020.0,197367.0,84.63,197367.0,1
2024-01-11,A관(1공장),[20] 분리,134977.0,170770.0,197367.0,68.39,197367.0,1
2024-01-11,A관(1공장),[45] 하이드레이션/전면검사,67901.0,69033.0,118500.0,57.3,118500.0,1
2024-01-11,A관(1공장),[80] 누수/규격검사,69380.0,69796.0,112903.0,61.45,112903.0,1
2024-01-11,C관(2공장),[10] 사출조립,856014.0,990778.0,742386.0,115.31,742386.0,1
2024-01-11,C관(2공장),[20] 분리,968640.0,1176610.0,742386.0,130.48,742386.0,1
2024-01-11,C관(2공장),[45] 하이드레이션/전면검사,1076655.0,1078489.0,650698.0,165.46,650698.0,1
2024-01-11,C관(2공장),[80] 누수/규격검사,850617.0,858121.0,609677.0,139.52,609677.0,1
2024-01-11,S관(3공장),[10] 사출조립,237957.0,283056.0,183871.0,129.42,183871.0,1
2024-01-11,S관(3공장),[20] 분리,240803.0,300750.0,183871.0,130.96,183871.0,1
2024-01-11,S관(3공장),[45] 하이드레이션/전면검사,220709.0,224173.0,116759.0,189.03,116759.0,1
2024-01-11,S관(3공장),[80] 누수/규격검사,185888.0,186877.0,100645.0,184.7,100645.0,1
2024-01-12,A관(1공장),[10] 사출조립,229300.0,244490.0,197367.0,116.18,197367.0,1
2024-01-12,A관(1공장),[20] 분리,113935.0,140720.0,197367.0,57.73,197367.0,1
2024-01-12,A관(1공장),[45] 하이드레이션/전면검사,91901.0,92208.0,118500.0,77.55,118500.0,1
2024-01-12,A관(1공장),[80] 누수/규격검사,65626.0,66077.0,112903.0,58.13,112903.0,1
2024-01-12,C관(2공장),[10] 사출조립,870667.0,982858.0,742386.0,117.28,742386.0,1
2024-01-12,C관(2공장),[20] 분리,986819.0,1191867.0,742386.0,132.93,742386.0,1
2024-01-12,C관(2공장),[45] 하이드레이션/전면검사,965104.0,971650.0,650698.0,148.32,650698.0,1
2024-01-12,C관(2공장),[80] 누수/규격검사,870837.0,879608.0,609677.0,142.84,609677.0,1
2024-01-12,S관(3공장),[10] 사출조립,284341.0,470664.0,183871.0,154.64,183871.0,1
2024-01-12,S관(3공장),[20] 분리,236982.0,286596.0,183871.0,128.88,183871.0,1
2024-01-12,S관(3공장),[45] 하이드레이션/전면검사,216734.0,220297.0,116759.0,185.63,116759.0,1
2024-01-12,S관(3공장),[80] 누수/규격검사,131389.0,132973.0,100645.0,130.55,100645.0,1
2024-01-13,A관(1공장),[10] 사출조립,171440.0,180590.0,197367.0,86.86,197367.0,1
2024-01-13,A관(1공장),[20] 분리,88931.0,110650.0,197367.0,45.06,197367.0,1
2024-01-13,A관(1공장),[45] 하이드레이션/전면검사,65471.0,65979.0,118500.0,55.25,118500.0,1
2024-01-13,A관(1공장),[80] 누수/규격검사,66638.0,68283.0,112903.0,59.02,112903.0,1
2024-01-13,C관(2공장),[10] 사출조립,910585.0,1010194.0,742386.0,122.66,742386.0,1
2024-01-13,C관(2공장),[20] 분리,928881.0,1109052.0,742386.0,125.12,742386.0,1
2024-01-13,C관(2공장),[45] 하이드레이션/전면검사,993065.0,997841.0,650698.0,152.62,650698.0,1
2024-01-13,C관(2공장),[80] 누수/규격검사,842493.0,850590.0,609677.0,138.19,609677.0,1
2024-01-13,S관(3공장),[10] 사출조립,249085.0,339144.0,183871.0,135.47,183871.0,1
2024-01-13,S관(3공장),[20] 분리,226461.0,276870.0,183871.0,123.16,183871.0,1
2024-01-13,S관(3공장),[45] 하이드레이션/전면검사,202570.0,207446.0,116759.0,173.49,116759.0,1
2024-01-13,S관(3공장),[80] 누수/규격검사,142016.0,143470.0,100645.0,141.11,100645.0,1
2024-01-14,A관(1공장),[10] 사출조립,212210.0,225330.0,197367.0,107.52,197367.0,1
2024-01-14,A관(1공장),[20] 분리,96910.0,119410.0,197367.0,49.1,197367.0,1
2024-01-14,A관(1공장),[45] 하이드레이션/전면검사,80722.0,80722.0,118500.0,68.12,118500.0,1
2024-01-14,A관(1공장),[80] 누수/규격검사,67192.0,67928.0,112903.0,59.51,112903.0,1
2024-01-14,C관(2공장),[10] 사출조립,999526.0,1130673.0,742386.0,134.64,742386.0,1
2024-01-14,C관(2공장),[20] 분리,995003.0,1191216.0,742386.0,134.03,742386.0,1
2024-01-14,C관(2공장),[45] 하이드레이션/전면검사,905503.0,912136.0,650698.0,139.16,650698.0,1
2024-01-14,C관(2공장),[80] 누수/규격검사,864174.0,867687.0,609677.0,141.74,609677.0,1
2024-01-14,S관(3공장),[10] 사출조립,277470.0,459144.0,183871.0,150.9,183871.0,1
2024-01-14,S관(3공장),[20] 분리,221367.0,270077.0,183871.0,120.39,183871.0,1
2024-01-14,S관(3공장),[45] 하이드레이션/전면검사,169943.0,175540.0,116759.0,145.55,116759.0,1
2024-01-14,S관(3공장),[80] 누수/규격검사,178528.0,179614.0,100645.0,177.38,100645.0,1
2024-01-15,A관(1공장),[10] 사출조립,227310.0,239640.0,197367.0,115.17,197367.0,1
2024-01-15,A관(1공장),[20] 분리,92818.0,117190.0,197367.0,47.03,197367.0,1
2024-01-15,A관(1공장),[45] 하이드레이션/전면검사,70242.0,70297.0,118500.0,59.28,118500.0,1
2024-01-15,A관(1공장),[80] 누수/규격검사,80153.0,81016.0,112903.0,70.99,112903.0,1
2024-01-15,C관(2공장),[10] 사출조립,984790.0,1098586.0,742386.0,132.65,742386.0,1
2024-01-15,C관(2공장),[20] 분리,972666.0,1166556.0,742386.0,131.02,742386.0,1
2024-01-15,C관(2공장),[45] 하이드레이션/전면검사,1061049.0,1072438.0,650698.0,163.06,650698.0,1
2024-01-15,C관(2공장),[80] 누수/규격검사,869408.0,881559.0,609677.0,142.6,609677.0,1
2024-01-15,S관(3공장),[10] 사출조립,243763.0,330356.0,183871.0,132.57,183871.0,1
2024-01-15,S관(3공장),[20] 분리,191390.0,232035.0,183871.0,104.09,183871.0,1
2024-01-15,S관(3공장),[45] 하이드레이션/전면검사,236563.0,239319.0,116759.0,202.61,116759.0,1
2024-01-15,S관(3공장),[80] 누수/규격검사,236956.0,242522.0,100645.0,235.44,100645.0,1
2024-01-16,A관(1공장),[10] 사출조립,188750.0,199840.0,197367.0,95.63,197367.0,1
2024-01-16,A관(1공장),[20] 분리,91154.0,114770.0,197367.0,46.19,197367.0,1
2024-01-16,A관(1공장),[45] 하이드레이션/전면검사,63893.0,64751.0,118500.0,53.92,118500.0,1
2024-01-16,A관(1공장),[80] 누수/규격검사,83257.0,84789.0,112903.0,73.74,112903.0,1
2024-01-16,C관(2공장),[10] 사출조립,911162.0,1032104.0,742386.0,122.73,742386.0,1
2024-01-16,C관(2공장),[20] 분리,921515.0,1099473.0,742386.0,124.13,742386.0,1
2024-01-16,C관(2공장),[45] 하이드레이션/전면검사,907795.0,914569.0,650698.0,139.51,650698.0,1
2024-01-16,C관(2공장),[80] 누수/규격검사,734662.0,750388.0,609677.0,120.5,609677.0,1
2024-01-16,S관(3공장),[10] 사출조립,230972.0,335792.0,183871.0,125.62,183871.0,1
2024-01-16,S관(3공장),[20] 분리,190044.0,245667.0,183871.0,103.36,183871.0,1
2024-01-16,S관(3공장),[45] 하이드레이션/전면검사,105705.0,109538.0,116759.0,90.53,116759.0,1
2024-01-16,S관(3공장),[80] 누수/규격검사,156162.0,158064.0,100645.0,155.16,100645.0,1
2024-01-17,A관(1공장),[10] 사출조립,242920.0,252600.0,197367.0,123.08,197367.0,1
2024-01-17,A관(1공장),[20] 분리,91126.0,119840.0,197367.0,46.17,197367.0,1
2024-01-17,A관(1공장),[45] 하이드레이션/전면검사,109853.0,109987.0,118500.0,92.7,118500.0,1
2024-01-17,A관(1공장),[80] 누수/규격검사,76591.0,77837.0,112903.0,67.84,112903.0,1
2024-01-17,C관(2공장),[10] 사출조립,893377.0,1007383.0,742386.0,120.34,742386.0,1
2024-01-17,C관(2공장),[20] 분리,925563.0,1121537.0,742386.0,124.67,742386.0,1
2024-01-17,C관(2공장),[45] 하이드레이션/전면검사,786261.0,793505.0,650698.0,120.83,650698.0,1
2024-01-17,C관(2공장),[80] 누수/규격검사,805002.0,825023.0,609677.0,132.04,609677.0,1
2024-01-17,S관(3공장),[10] 사출조립,199542.0,287664.0,183871.0,108.52,183871.0,1
2024-01-17,S관(3공장),[20] 분리,216777.0,274225.0,183871.0,117.9,183871.0,1
2024-01-17,S관(3공장),[45] 하이드레이션/전면검사,229124.0,232581.0,116759.0,196.24,116759.0,1
2024-01-17,S관(3공장),[80] 누수/규격검사,207713.0,208214.0,100645.0,206.38,100645.0,1
2024-01-18,A관(1공장),[10] 사출조립,211950.0,223230.0,197367.0,107.39,197367.0,1
2024-01-18,A관(1공장),[20] 분리,91405.0,110630.0,197367.0,46.31,197367.0,1
2024-01-18,A관(1공장),[45] 하이드레이션/전면검사,98945.0,101547.0,118500.0,83.5,118500.0,1
2024-01-18,A관(1공장),[80] 누수/규격검사,50163.0,52417.0,112903.0,44.43,112903.0,1
2024-01-18,C관(2공장),[10] 사출조립,922008.0,1050827.0,742386.0,124.2,742386.0,1
2024-01-18,C관(2공장),[20] 분리,967416.0,1158913.0,742386.0,130.31,742386.0,1
2024-01-18,C관(2공장),[45] 하이드레이션/전면검사,947501.0,962446.0,650698.0,145.61,650698.0,1
2024-01-18,C관(2공장),[80] 누수/규격검사,818497.0,828549.0,609677.0,134.25,609677.0,1
2024-01-18,S관(3공장),[10] 사출조립,283297.0,357952.0,183871.0,154.07,183871.0,1
2024-01-18,S관(3공장),[20] 분리,255529.0,314065.0,183871.0,138.97,183871.0,1
2024-01-18,S관(3공장),[45] 하이드레이션/전면검사,214897.0,217960.0,116759.0,184.05,116759.0,1
2024-01-18,S관(3공장),[80] 누수/규격검사,166270.0,168694.0,100645.0,165.2,100645.0,1
2024-01-19,A관(1공장),[10] 사출조립,180370.0,187790.0,197367.0,91.39,197367.0,1
2024-01-19,A관(1공장),[20] 분리,88447.0,115780.0,197367.0,44.81,197367.0,1
2024-01-19,A관(1공장),[45] 하이드레이션/전면검사,97503.0,97654.0,118500.0,82.28,118500.0,1
2024-01-19,A관(1공장),[80] 누수/규격검사,86491.0,89072.0,112903.0,76.61,112903.0,1
2024-01-19,C관(2공장),[10] 사출조립,977747.0,1065943.0,742386.0,131.7,742386.0,1
2024-01-19,C관(2공장),[20] 분리,1002250.0,1174522.0,742386.0,135.0,742386.0,1
2024-01-19,C관(2공장),[45] 하이드레이션/전면검사,1031402.0,1044638.0,650698.0,158.51,650698.0,1
2024-01-19,C관(2공장),[80] 누수/규격검사,791262.0,803432.0,609677.0,129.78,609677.0,1
2024-01-19,S관(3공장),[10] 사출조립,207245.0,252691.0,183871.0,112.71,183871.0,1
2024-01-19,S관(3공장),[20] 분리,250210.0,307528.0,183871.0,136.08,183871.0,1
2024-01-19,S관(3공장),[45] 하이드레이션/전면검사,207066.0,211739.0,116759.0,177.34,116759.0,1
2024-01-19,S관(3공장),[80] 누수/규격검사,166267.0,168949.0,100645.0,165.2,100645.0,1
2024-01-20,A관(1공장),[10] 사출조립,228910.0,250210.0,197367.0,115.98,197367.0,1
2024-01-20,A관(1공장),[20] 분리,65121.0,92990.0,197367.0,32.99,197367.0,1
2024-01-20,A관(1공장),[45] 하이드레이션/전면검사,73175.0,73309.0,118500.0,61.75,118500.0,1
2024-01-20,A관(1공장),[80] 누수/규격검사,86818.0,87479.0,112903.0,76.9,112903.0,1
2024-01-20,C관(2공장),[10] 사출조립,936058.0,1099967.0,742386.0,126.09,742386.0,1
2024-01-20,C관(2공장),[20] 분리,1019641.0,1180261.0,742386.0,137.35,742386.0,1
2024-01-20,C관(2공장),[45] 하이드레이션/전면검사,919638.0,931128.0,650698.0,141.33,650698.0,1
2024-01-20,C관(2공장),[80] 누수/규격검사,865383.0,879722.0,609677.0,141.94,609677.0,1
2024-01-20,S관(3공장),[10] 사출조립,244778.0,327261.0,183871.0,133.12,183871.0,1
2024-01-20,S관(3공장),[20] 분리,277121.0,343944.0,183871.0,150.71,183871.0,1
2024-01-20,S관(3공장),[45] 하이드레이션/전면검사,203194.0,206779.0,116759.0,174.03,116759.0,1
2024-01-20,S관(3공장),[80] 누수/규격검사,151846.0,155230.0,100645.0,150.87,100645.0,1
2024-01-21,A관(1공장),[10] 사출조립,233220.0,263940.0,197367.0,118.17,197367.0,1
2024-01-21,A관(1공장),[20] 분리,54235.0,73280.0,197367.0,27.48,197367.0,1
2024-01-21,A관(1공장),[45] 하이드레이션/전면검사,54584.0,55079.0,118500.0,46.06,118500.0,1
2024-01-21,A관(1공장),[80] 누수/규격검사,90198.0,90896.0,112903.0,79.89,112903.0,1
2024-01-21,C관(2공장),[10] 사출조립,972653.0,1076842.0,742386.0,131.02,742386.0,1
2024-01-21,C관(2공장),[20] 분리,1042564.0,1219926.0,742386.0,140.43,742386.0,1
2024-01-21,C관(2공장),[45] 하이드레이션/전면검사,1111465.0,1118586.0,650698.0,170.81,650698.0,1
2024-01-21,C관(2공장),[80] 누수/규격검사,866068.0,876695.0,609677.0,142.05,609677.0,1
2024-01-21,S관(3공장),[10] 사출조립,221274.0,290056.0,183871.0,120.34,183871.0,1
2024-01-21,S관(3공장),[20] 분리,186192.0,234224.0,183871.0,101.26,183871.0,1
2024-01-21,S관(3공장),[45] 하이드레이션/전면검사,97846.0,98398.0,116759.0,83.8,116759.0,1
2024-01-21,S관(3공장),[80] 누수/규격검사,150853.0,152856.0,100645.0,149.89,100645.0,1
2024-01-22,A관(1공장),[10] 사출조립,190650.0,206460.0,197367.0,96.6,197367.0,1
2024-01-22,A관(1공장),[20] 분리,83223.0,103690.0,197367.0,42.17,197367.0,1
2024-01-22,A관(1공장),[45] 하이드레이션/전면검사,54267.0,60520.0,118500.0,45.79,118500.0,1
2024-01-22,A관(1공장),[80] 누수/규격검사,64319.0,64706.0,112903.0,56.97,112903.0,1
2024-01-22,C관(2공장),[10] 사출조립,862609.0,1026100.0,742386.0,116.19,742386.0,1
2024-01-22,C관(2공장),[20] 분리,995745.0,1171993.0,742386.0,134.13,742386.0,1
2024-01-22,C관(2공장),[45] 하이드레이션/전면검사,984721.0,996271.0,650698.0,151.33,650698.0,1
2024-01-22,C관(2공장),[80] 누수/규격검사,866953.0,874620.0,609677.0,142.2,609677.0,1
2024-01-22,S관(3공장),[10] 사출조립,231437.0,301521.0,183871.0,125.87,183871.0,1
2024-01-22,S관(3공장),[20] 분리,257439.0,313114.0,183871.0,140.01,183871.0,1
2024-01-22,S관(3공장),[45] 하이드레이션/전면검사,145405.0,146757.0,116759.0,124.53,116759.0,1
2024-01-22,S관(3공장),[80] 누수/규격검사,124743.0,128065.0,100645.0,123.94,100645.0,1
2024-01-23,A관(1공장),[10] 사출조립,156920.0,171090.0,197367.0,79.51,197367.0,1
2024-01-23,A관(1공장),[20] 분리,72124.0,95060.0,197367.0,36.54,197367.0,1
2024-01-23,A관(1공장),[45] 하이드레이션/전면검사,105722.0,106093.0,118500.0,89.22,118500.0,1
2024-01-23,A관(1공장),[80] 누수/규격검사,75968.0,80144.0,112903.0,67.29,112903.0,1
2024-01-23,C관(2공장),[10] 사출조립,709209.0,820060.0,742386.0,95.53,742386.0,1
2024-01-23,C관(2공장),[20] 분리,953323.0,1154374.0,742386.0,128.41,742386.0,1
2024-01-23,C관(2공장),[45] 하이드레이션/전면검사,867185.0,872488.0,650698.0,133.27,650698.0,1
2024-01-23,C관(2공장),[80] 누수/규격검사,872182.0,883673.0,609677.0,143.06,609677.0,1
2024-01-23,S관(3공장),[10] 사출조립,212624.0,281614.0,183871.0,115.64,183871.0,1
2024-01-23,S관(3공장),[20] 분리,225559.0,284013.0,183871.0,122.67,183871.0,1
2024-01-23,S관(3공장),[45] 하이드레이션/전면검사,277720.0,280903.0,116759.0,237.86,116759.0,1
2024-01-23,S관(3공장),[80] 누수/규격검사,226280.0,231113.0,100645.0,224.83,100645.0,1
2024-01-24,A관(1공장),[10] 사출조립,258480.0,282430.0,197367.0,130.96,197367.0,1
2024-01-24,A관(1공장),[20] 분리,61356.0,85650.0,197367.0,31.09,197367.0,1
2024-01-24,A관(1공장),[45] 하이드레이션/전면검사,93958.0,94343.0,118500.0,79.29,118500.0,1
2024-01-24,A관(1공장),[80] 누수/규격검사,86347.0,87116.0,112903.0,76.48,112903.0,1
2024-01-24,C관(2공장),[10] 사출조립,710704.0,805603.0,742386.0,95.73,742386.0,1
2024-01-24,C관(2공장),[20] 분리,918529.0,1113646.0,742386.0,123.73,742386.0,1
2024-01-24,C관(2공장),[45] 하이드레이션/전면검사,1094586.0,1101876.0,650698.0,168.22,650698.0,1
2024-01-24,C관(2공장),[80] 누수/규격검사,870421.0,877416.0,609677.0,142.77,609677.0,1
2024-01-24,S관(3공장),[10] 사출조립,247230.0,305276.0,183871.0,134.46,183871.0,1
2024-01-24,S관(3공장),[20] 분리,227269.0,289939.0,183871.0,123.6,183871.0,1
2024-01-24,S관(3공장),[45] 하이드레이션/전면검사,266029.0,268434.0,116759.0,227.84,116759.0,1
2024-01-24,S관(3공장),[80] 누수/규격검사,136639.0,137604.0,100645.0,135.76,100645.0,1
2024-01-25,A관(1공장),[10] 사출조립,279100.0,312120.0,197367.0,141.41,197367.0,1
2024-01-25,A관(1공장),[20] 분리,100958.0,123760.0,197367.0,51.15,197367.0,1
2024-01-25,A관(1공장),[45] 하이드레이션/전면검사,94374.0,95830.0,118500.0,79.64,118500.0,1
2024-01-25,A관(1공장),[80] 누수/규격검사,76137.0,77140.0,112903.0,67.44,112903.0,1
2024-01-25,C관(2공장),[10] 사출조립,938236.0,1062166.0,742386.0,126.38,742386.0,1
2024-01-25,C관(2공장),[20] 분리,980803.0,1183927.0,742386.0,132.11,742386.0,1
2024-01-25,C관(2공장),[45] 하이드레이션/전면검사,797414.0,804276.0,650698.0,122.55,650698.0,1
2024-01-25,C관(2공장),[80] 누수/규격검사,871749.0,880416.0,609677.0,142.99,609677.0,1
2024-01-25,S관(3공장),[10] 사출조립,201916.0,259452.0,183871.0,109.81,183871.0,1
2024-01-25,S관(3공장),[20] 분리,177555.0,234258.0,183871.0,96.56,183871.0,1
2024-01-25,S관(3공장),[45] 하이드레이션/전면검사,108805.0,110045.0,116759.0,93.19,116759.0,1
2024-01-25,S관(3공장),[80] 누수/규격검사,156714.0,157871.0,100645.0,155.71,100645.0,1
2024-01-26,A관(1공장),[10] 사출조립,266110.0,301540.0,197367.0,134.83,197367.0,1
2024-01-26,A관(1공장),[20] 분리,106931.0,130390.0,197367.0,54.18,197367.0,1
2024-01-26,A관(1공장),[45] 하이드레이션/전면검사,71999.0,71999.0,118500.0,60.76,118500.0,1
2024-01-26,A관(1공장),[80] 누수/규격검사,69882.0,70450.0,112903.0,61.9,112903.0,1
2024-01-26,C관(2공장),[10] 사출조립,847133.0,994445.0,742386.0,114.11,742386.0,1
2024-01-26,C관(2공장),[20] 분리,971561.0,1173443.0,742386.0,130.87,742386.0,1
2024-01-26,C관(2공장),[45] 하이드레이션/전면검사,1075025.0,1083436.0,650698.0,165.21,650698.0,1
2024-01-26,C관(2공장),[80] 누수/규격검사,866375.0,881387.0,609677.0,142.1,609677.0,1
2024-01-26,S관(3공장),[10] 사출조립,207711.0,295432.0,183871.0,112.97,183871.0,1
2024-01-26,S관(3공장),[20] 분리,250540.0,321116.0,183871.0,136.26,183871.0,1
2024-01-26,S관(3공장),[45] 하이드레이션/전면검사,120045.0,121701.0,116759.0,102.81,116759.0,1
2024-01-26,S관(3공장),[80] 누수/규격검사,93491.0,94778.0,100645.0,92.89,100645.0,1
2024-01-27,A관(1공장),[10] 사출조립,319880.0,328830.0,197367.0,162.07,197367.0,1
2024-01-27,A관(1공장),[20] 분리,88662.0,113760.0,197367.0,44.92,197367.0,1
2024-01-27,A관(1공장),[45] 하이드레이션/전면검사,77500.0,77925.0,118500.0,65.4,118500.0,1
2024-01-27,A관(1공장),[80] 누수/규격검사,69878.0,71240.0,112903.0,61.89,112903.0,1
2024-01-27,C관(2공장),[10] 사출조립,919495.0,1040009.0,742386.0,123.86,742386.0,1
2024-01-27,C관(2공장),[20] 분리,1008559.0,1209558.0,742386.0,135.85,742386.0,1
2024-01-27,C관(2공장),[45] 하이드레이션/전면검사,995436.0,999683.0,650698.0,152.98,650698.0,1
2024-01-27,C관(2공장),[80] 누수/규격검사,870669.0,875600.0,609677.0,142.81,609677.0,1
2024-01-27,S관(3공장),[10] 사출조립,237115.0,278700.0,183871.0,128.96,183871.0,1
2024-01-27,S관(3공장),[20] 분리,323445.0,404582.0,183871.0,175.91,183871.0,1
2024-01-27,S관(3공장),[45] 하이드레이션/전면검사,138283.0,139288.0,116759.0,118.43,116759.0,1
2024-01-27,S관(3공장),[80] 누수/규격검사,156243.0,158825.0,100645.0,155.24,100645.0,1
2024-01-28,A관(1공장),[10] 사출조립,409270.0,424560.0,197367.0,207.36,197367.0,1
2024-01-28,A관(1공장),[20] 분리,117967.0,140060.0,197367.0,59.77,197367.0,1
2024-01-28,A관(1공장),[45] 하이드레이션/전면검사,110971.0,110971.0,118500.0,93.65,118500.0,1
2024-01-28,A관(1공장),[80] 누수/규격검사,67755.0,68536.0,112903.0,60.01,112903.0,1
2024-01-28,C관(2공장),[10] 사출조립,899561.0,1038411.0,742386.0,121.17,742386.0,1
2024-01-28,C관(2공장),[20] 분리,951106.0,1145839.0,742386.0,128.11,742386.0,1
2024-01-28,C관(2공장),[45] 하이드레이션/전면검사,995587.0,999278.0,650698.0,153.0,650698.0,1
2024-01-28,C관(2공장),[80] 누수/규격검사,877362.0,882670.0,609677.0,143.91,609677.0,1
2024-01-28,S관(3공장),[10] 사출조립,243836.0,279456.0,183871.0,132.61,183871.0,1
2024-01-28,S관(3공장),[20] 분리,199754.0,244080.0,183871.0,108.64,183871.0,1
2024-01-28,S관(3공장),[45] 하이드레이션/전면검사,182029.0,183754.0,116759.0,155.9,116759.0,1
2024-01-28,S관(3공장),[80] 누수/규격검사,90041.0,92427.0,100645.0,89.46,100645.0,1
2024-01-29,A관(1공장),[10] 사출조립,383960.0,402310.0,197367.0,194.54,197367.0,1
2024-01-29,A관(1공장),[20] 분리,119241.0,147567.0,197367.0,60.42,197367.0,1
2024-01-29,A관(1공장),[45] 하이드레이션/전면검사,87084.0,87084.0,118500.0,73.49,118500.0,1
2024-01-29,A관(1공장),[80] 누수/규격검사,100557.0,103807.0,112903.0,89.06,112903.0,1
2024-01-29,C관(2공장),[10] 사출조립,961964.0,1073068.0,742386.0,129.58,742386.0,1
2024-01-29,C관(2공장),[20] 분리,957143.0,1167049.0,742386.0,128.93,742386.0,1
2024-01-29,C관(2공장),[45] 하이드레이션/전면검사,997891.0,1003385.0,650698.0,153.36,650698.0,1
2024-01-29,C관(2공장),[80] 누수/규격검사,885327.0,894285.0,609677.0,145.21,609677.0,1
2024-01-29,S관(3공장),[10] 사출조립,292255.0,344514.0,183871.0,158.95,183871.0,1
2024-01-29,S관(3공장),[20] 분리,214001.0,260062.0,183871.0,116.39,183871.0,1
2024-01-29,S관(3공장),[45] 하이드레이션/전면검사,163258.0,171125.0,116759.0,139.82,116759.0,1
2024-01-29,S관(3공장),[80] 누수/규격검사,139440.0,141719.0,100645.0,138.55,100645.0,1
2024-01-30,A관(1공장),[10] 사출조립,354240.0,376370.0,197367.0,179.48,197367.0,1
2024-01-30,A관(1공장),[20] 분리,120108.0,156470.0,197367.0,60.86,197367.0,1
2024-01-30,A관(1공장),[45] 하이드레이션/전면검사,90033.0,90033.0,118500.0,75.98,118500.0,1
2024-01-30,A관(1공장),[80] 누수/규격검사,76572.0,77134.0,112903.0,67.82,112903.0,1
2024-01-30,C관(2공장),[10] 사출조립,974725.0,1120867.0,742386.0,131.3,742386.0,1
2024-01-30,C관(2공장),[20] 분리,971348.0,1183446.0,742386.0,130.84,742386.0,1
2024-01-30,C관(2공장),[45] 하이드레이션/전면검사,1047470.0,1054682.0,650698.0,160.98,650698.0,1
2024-01-30,C관(2공장),[80] 누수/규격검사,870470.0,885338.0,609677.0,142.78,609677.0,1
2024-01-30,S관(3공장),[10] 사출조립,305964.0,370252.0,183871.0,166.4,183871.0,1
2024-01-30,S관(3공장),[20] 분리,302120.0,388206.0,183871.0,164.31,183871.0,1
2024-01-30,S관(3공장),[45] 하이드레이션/전면검사,218447.0,221094.0,116759.0,187.09,116759.0,1
2024-01-30,S관(3공장),[80] 누수/규격검사,136538.0,138441.0,100645.0,135.66,100645.0,1
2024-01-31,A관(1공장),[10] 사출조립,364190.0,379190.0,197367.0,184.52,197367.0,1
2024-01-31,A관(1공장),[20] 분리,119259.0,153509.0,197367.0,60.42,197367.0,1
2024-01-31,A관(1공장),[45] 하이드레이션/전면검사,76758.0,76758.0,118500.0,64.77,118500.0,1
2024-01-31,A관(1공장),[80] 누수/규격검사,79392.0,83072.0,112903.0,70.32,112903.0,1
2024-01-31,C관(2공장),[10] 사출조립,994127.0,1187995.0,742386.0,133.91,742386.0,1
2024-01-31,C관(2공장),[20] 분리,1002455.0,1198388.0,742386.0,135.03,742386.0,1
2024-01-31,C관(2공장),[45] 하이드레이션/전면검사,922290.0,931256.0,650698.0,141.74,650698.0,1
2024-01-31,C관(2공장),[80] 누수/규격검사,885077.0,892241.0,609677.0,145.17,609677.0,1
2024-01-31,S관(3공장),[10] 사출조립,132892.0,200903.0,183871.0,72.27,183871.0,1
2024-01-31,S관(3공장),[20] 분리,164756.0,208639.0,183871.0,89.6,183871.0,1
2024-01-31,S관(3공장),[45] 하이드레이션/전면검사,163196.0,164561.0,116759.0,139.77,116759.0,1
2024-01-31,S관(3공장),[80] 누수/규격검사,199002.0,206399.0,100645.0,197.73,100645.0,1
2024-02-01,A관(1공장),[10] 사출조립,383070.0,399180.0,197367.0,194.09,197367.0,1
2024-02-01,A관(1공장),[20] 분리,89342.0,110920.0,197367.0,45.27,197367.0,1
2024-02-01,A관(1공장),[45] 하이드레이션/전면검사,103752.0,103805.0,118500.0,87.55,118500.0,1
2024-02-01,A관(1공장),[80] 누수/규격검사,101870.0,104356.0,112903.0,90.23,112903.0,1
2024-02-01,C관(2공장),[10] 사출조립,976060.0,1108780.0,742386.0,131.48,742386.0,1
2024-02-01,C관(2공장),[20] 분리,962246.0,1152229.0,742386.0,129.62,742386.0,1
2024-02-01,C관(2공장),[45] 하이드레이션/전면검사,838658.0,844967.0,650698.0,128.89,650698.0,1
2024-02-01,C관(2공장),[80] 누수/규격검사,868557.0,878384.0,609677.0,142.46,609677.0,1
2024-02-01,S관(3공장),[10] 사출조립,235991.0,342256.0,183871.0,128.35,183871.0,1
2024-02-01,S관(3공장),[20] 분리,233099.0,287837.0,183871.0,126.77,183871.0,1
2024-02-01,S관(3공장),[45] 하이드레이션/전면검사,181370.0,184848.0,116759.0,155.34,116759.0,1
2024-02-01,S관(3공장),[80] 누수/규격검사,139853.0,145875.0,100645.0,138.96,100645.0,1
2024-02-02,A관(1공장),[10] 사출조립,339460.0,354040.0,197367.0,171.99,197367.0,1
2024-02-02,A관(1공장),[20] 분리,111339.0,144880.0,197367.0,56.41,197367.0,1
2024-02-02,A관(1공장),[45] 하이드레이션/전면검사,99847.0,99847.0,118500.0,84.26,118500.0,1
2024-02-02,A관(1공장),[80] 누수/규격검사,81128.0,81812.0,112903.0,71.86,112903.0,1
2024-02-02,C관(2공장),[10] 사출조립,1007151.0,1149031.0,742386.0,135.66,742386.0,1
2024-02-02,C관(2공장),[20] 분리,961925.0,1143265.0,742386.0,129.57,742386.0,1
2024-02-02,C관(2공장),[45] 하이드레이션/전면검사,1081588.0,1087475.0,650698.0,166.22,650698.0,1
2024-02-02,C관(2공장),[80] 누수/규격검사,866520.0,871551.0,609677.0,142.13,609677.0,1
2024-02-02,S관(3공장),[10] 사출조립,271898.0,370254.0,183871.0,147.87,183871.0,1
2024-02-02,S관(3공장),[20] 분리,222879.0,279354.0,183871.0,121.21,183871.0,1
2024-02-02,S관(3공장),[45] 하이드레이션/전면검사,178930.0,180840.0,116759.0,153.25,116759.0,1
2024-02-02,S관(3공장),[80] 누수/규격검사,109667.0,117563.0,100645.0,108.96,100645.0,1
2024-02-03,A관(1공장),[10] 사출조립,424630.0,450520.0,197367.0,215.15,197367.0,1
2024-02-03,A관(1공장),[20] 분리,125104.0,153160.0,197367.0,63.39,197367.0,1
2024-02-03,A관(1공장),[45] 하이드레이션/전면검사,121249.0,121249.0,118500.0,102.32,118500.0,1
2024-02-03,A관(1공장),[80] 누수/규격검사,89920.0,90622.0,112903.0,79.64,112903.0,1
2024-02-03,C관(2공장),[10] 사출조립,1019114.0,1144104.0,742386.0,137.28,742386.0,1
2024-02-03,C관(2공장),[20] 분리,982313.0,1161548.0,742386.0,132.32,742386.0,1
2024-02-03,C관(2공장),[45] 하이드레이션/전면검사,967871.0,976675.0,650698.0,148.74,650698.0,1
2024-02-03,C관(2공장),[80] 누수/규격검사,884968.0,896736.0,609677.0,145.15,609677.0,1
2024-02-03,S관(3공장),[10] 사출조립,245411.0,308236.0,183871.0,133.47,183871.0,1
2024-02-03,S관(3공장),[20] 분리,197368.0,265240.0,183871.0,107.34,183871.0,1
2024-02-03,S관(3공장),[45] 하이드레이션/전면검사,220100.0,222740.0,116759.0,188.51,116759.0,1
2024-02-03,S관(3공장),[80] 누수/규격검사,149747.0,156300.0,100645.0,148.79,100645.0,1
2024-02-04,A관(1공장),[10] 사출조립,365990.0,384970.0,197367.0,185.44,197367.0,1
2024-02-04,A관(1공장),[20] 분리,104536.0,136047.0,197367.0,52.97,197367.0,1
2024-02-04,A관(1공장),[45] 하이드레이션/전면검사,62722.0,62722.0,118500.0,52.93,118500.0,1
2024-02-04,A관(1공장),[80] 누수/규격검사,90051.0,91146.0,112903.0,79.76,112903.0,1
2024-02-04,C관(2공장),[10] 사출조립,1104658.0,1228072.0,742386.0,148.8,742386.0,1
2024-02-04,C관(2공장),[20] 분리,1000238.0,1212944.0,742386.0,134.73,742386.0,1
2024-02-04,C관(2공장),[45] 하이드레이션/전면검사,1125647.0,1127730.0,650698.0,172.99,650698.0,1
2024-02-04,C관(2공장),[80] 누수/규격검사,883100.0,890531.0,609677.0,144.85,609677.0,1
2024-02-04,S관(3공장),[10] 사출조립,346313.0,401118.0,183871.0,188.35,183871.0,1
2024-02-04,S관(3공장),[20] 분리,231596.0,294759.0,183871.0,125.96,183871.0,1
2024-02-04,S관(3공장),[45] 하이드레이션/전면검사,174142.0,175657.0,116759.0,149.15,116759.0,1
2024-02-04,S관(3공장),[80] 누수/규격검사,152483.0,155811.0,100645.0,151.51,100645.0,1
2024-02-05,A관(1공장),[10] 사출조립,459700.0,471210.0,197367.0,232.92,197367.0,1
2024-02-05,A관(1공장),[20] 분리,129934.0,158820.0,197367.0,65.83,197367.0,1
2024-02-05,A관(1공장),[45] 하이드레이션/전면검사,75826.0,77826.0,118500.0,63.99,118500.0,1
2024-02-05,A관(1공장),[80] 누수/규격검사,85862.0,86466.0,112903.0,76.05,112903.0,1
2024-02-05,C관(2공장),[10] 사출조립,1016014.0,1143849.0,742386.0,136.86,742386.0,1
2024-02-05,C관(2공장),[20] 분리,957658.0,1157502.0,742386.0,129.0,742386.0,1
2024-02-05,C관(2공장),[45] 하이드레이션/전면검사,974228.0,982514.0,650698.0,149.72,650698.0,1
2024-02-05,C관(2공장),[80] 누수/규격검사,897938.0,900824.0,609677.0,147.28,609677.0,1
2024-02-05,S관(3공장),[10] 사출조립,352448.0,406814.0,183871.0,191.68,183871.0,1
2024-02-05,S관(3공장),[20] 분리,350627.0,412891.0,183871.0,190.69,183871.0,1
2024-02-05,S관(3공장),[45] 하이드레이션/전면검사,232370.0,235591.0,116759.0,199.02,116759.0,1
2024-02-05,S관(3공장),[80] 누수/규격검사,142833.0,148781.0,100645.0,141.92,100645.0,1
2024-02-06,A관(1공장),[10] 사출조립,343480.0,357470.0,197367.0,174.03,197367.0,1
2024-02-06,A관(1공장),[20] 분리,123805.0,151960.0,197367.0,62.73,197367.0,1
2024-02-06,A관(1공장),[45] 하이드레이션/전면검사,121498.0,121498.0,118500.0,102.53,118500.0,1
2024-02-06,A관(1공장),[80] 누수/규격검사,95919.0,99651.0,112903.0,84.96,112903.0,1
2024-02-06,C관(2공장),[10] 사출조립,1019674.0,1156985.0,742386.0,137.35,742386.0,1
2024-02-06,C관(2공장),[20] 분리,919139.0,1099223.0,742386.0,123.81,742386.0,1
2024-02-06,C관(2공장),[45] 하이드레이션/전면검사,846292.0,852400.0,650698.0,130.06,650698.0,1
2024-02-06,C관(2공장),[80] 누수/규격검사,896493.0,902508.0,609677.0,147.04,609677.0,1
2024-02-06,S관(3공장),[10] 사출조립,217558.0,262917.0,183871.0,118.32,183871.0,1
2024-02-06,S관(3공장),[20] 분리,217685.0,281527.0,183871.0,118.39,183871.0,1
2024-02-06,S관(3공장),[45] 하이드레이션/전면검사,173007.0,175202.0,116759.0,148.17,116759.0,1
2024-02-06,S관(3공장),[80] 누수/규격검사,164677.0,169177.0,100645.0,163.62,100645.0,1
2024-02-07,A관(1공장),[10] 사출조립,385635.0,403630.0,197367.0,195.39,197367.0,1
2024-02-07,A관(1공장),[20] 분리,106294.0,132780.0,197367.0,53.86,197367.0,1
2024-02-07,A관(1공장),[45] 하이드레이션/전면검사,111719.0,111719.0,118500.0,94.28,118500.0,1
2024-02-07,A관(1공장),[80] 누수/규격검사,91216.0,95679.0,112903.0,80.79,112903.0,1
2024-02-07,C관(2공장),[10] 사출조립,982480.0,1100752.0,742386.0,132.34,742386.0,1
2024-02-07,C관(2공장),[20] 분리,954457.0,1142468.0,742386.0,128.57,742386.0,1
2024-02-07,C관(2공장),[45] 하이드레이션/전면검사,1010339.0,1016770.0,650698.0,155.27,650698.0,1
2024-02-07,C관(2공장),[80] 누수/규격검사,900923.0,910598.0,609677.0,147.77,609677.0,1
2024-02-07,S관(3공장),[10] 사출조립,216952.0,261593.0,183871.0,117.99,183871.0,1
2024-02-07,S관(3공장),[20] 분리,380373.0,452910.0,183871.0,206.87,183871.0,1
2024-02-07,S관(3공장),[45] 하이드레이션/전면검사,230092.0,235662.0,116759.0,197.07,116759.0,1
2024-02-07,S관(3공장),[80] 누수/규격검사,169384.0,174882.0,100645.0,168.3,100645.0,1
2024-02-08,A관(1공장),[10] 사출조립,441520.0,461170.0,197367.0,223.71,197367.0,1
2024-02-08,A관(1공장),[20] 분리,85134.0,104280.0,197367.0,43.13,197367.0,1
2024-02-08,A관(1공장),[45] 하이드레이션/전면검사,87838.0,90338.0,118500.0,74.12,118500.0,1
2024-02-08,A관(1공장),[80] 누수/규격검사,101017.0,103263.0,112903.0,89.47,112903.0,1
2024-02-08,C관(2공장),[10] 사출조립,1067128.0,1252789.0,742386.0,143.74,742386.0,1
2024-02-08,C관(2공장),[20] 분리,950290.0,1123440.0,742386.0,128.0,742386.0,1
2024-02-08,C관(2공장),[45] 하이드레이션/전면검사,280155.0,283722.0,650698.0,43.05,650698.0,1
2024-02-08,C관(2공장),[80] 누수/규격검사,904996.0,914161.0,609677.0,148.44,609677.0,1
2024-02-08,S관(3공장),[10] 사출조립,204548.0,257208.0,183871.0,111.25,183871.0,1
2024-02-08,S관(3공장),[20] 분리,194732.0,237811.0,183871.0,105.91,183871.0,1
2024-02-08,S관(3공장),[45] 하이드레이션/전면검사,167635.0,170949.0,116759.0,143.57,116759.0,1
2024-02-08,S관(3공장),[80] 누수/규격검사,174669.0,180192.0,100645.0,173.55,100645.0,1
2024-02-09,S관(3공장),[20] 분리,7755.0,9176.0,183871.0,4.22,183871.0,1
2024-02-13,A관(1공장),[10] 사출조립,208900.0,226860.0,197367.0,105.84,197367.0,1
2024-02-13,A관(1공장),[20] 분리,108771.0,140350.0,197367.0,55.11,197367.0,1
2024-02-13,A관(1공장),[45] 하이드레이션/전면검사,85773.0,85773.0,118500.0,72.38,118500.0,1
2024-02-13,A관(1공장),[80] 누수/규격검사,87022.0,87854.0,112903.0,77.08,112903.0,1
2024-02-13,C관(2공장),[10] 사출조립,560216.0,645181.0,742386.0,75.46,742386.0,1
2024-02-13,C관(2공장),[20] 분리,940564.0,1093178.0,742386.0,126.69,742386.0,1
2024-02-13,C관(2공장),[45] 하이드레이션/전면검사,1185090.0,1187592.0,650698.0,182.13,650698.0,1
2024-02-13,C관(2공장),[80] 누수/규격검사,893660.0,903805.0,609677.0,146.58,609677.0,1
2024-02-13,S관(3공장),[10] 사출조립,124304.0,150785.0,183871.0,67.6,183871.0,1
2024-02-13,S관(3공장),[20] 분리,124461.0,159741.0,183871.0,67.69,183871.0,1
2024-02-13,S관(3공장),[45] 하이드레이션/전면검사,143715.0,145658.0,116759.0,123.09,116759.0,1
2024-02-13,S관(3공장),[80] 누수/규격검사,119356.0,123668.0,100645.0,118.59,100645.0,1
2024-02-14,A관(1공장),[10] 사출조립,359130.0,382570.0,197367.0,181.96,197367.0,1
2024-02-14,A관(1공장),[20] 분리,122374.0,152760.0,197367.0,62.0,197367.0,1
2024-02-14,A관(1공장),[45] 하이드레이션/전면검사,114039.0,114039.0,118500.0,96.24,118500.0,1
2024-02-14,A관(1공장),[80] 누수/규격검사,100445.0,103628.0,112903.0,88.97,112903.0,1
2024-02-14,C관(2공장),[10] 사출조립,976043.0,1162961.0,742386.0,131.47,742386.0,1
2024-02-14,C관(2공장),[20] 분리,993462.0,1194932.0,742386.0,133.82,742386.0,1
2024-02-14,C관(2공장),[45] 하이드레이션/전면검사,838850.0,845630.0,650698.0,128.92,650698.0,1
2024-02-14,C관(2공장),[80] 누수/규격검사,840745.0,847250.0,609677.0,137.9,609677.0,1
2024-02-14,S관(3공장),[10] 사출조립,193626.0,201471.0,183871.0,105.31,183871.0,1
2024-02-14,S관(3공장),[20] 분리,239728.0,305116.0,183871.0,130.38,183871.0,1
2024-02-14,S관(3공장),[45] 하이드레이션/전면검사,203235.0,206172.0,116759.0,174.06,116759.0,1
2024-02-14,S관(3공장),[80] 누수/규격검사,136547.0,141523.0,100645.0,135.67,100645.0,1
2024-02-15,A관(1공장),[10] 사출조립,386520.0,401870.0,197367.0,195.84,197367.0,1
2024-02-15,A관(1공장),[20] 분리,116062.0,147850.0,197367.0,58.81,197367.0,1
2024-02-15,A관(1공장),[45] 하이드레이션/전면검사,103495.0,103495.0,118500.0,87.34,118500.0,1
2024-02-15,A관(1공장),[80] 누수/규격검사,104128.0,105452.0,112903.0,92.23,112903.0,1
2024-02-15,C관(2공장),[10] 사출조립,961207.0,1119436.0,742386.0,129.48,742386.0,1
2024-02-15,C관(2공장),[20] 분리,1027914.0,1218764.0,742386.0,138.46,742386.0,1
2024-02-15,C관(2공장),[45] 하이드레이션/전면검사,1045720.0,1051220.0,650698.0,160.71,650698.0,1
2024-02-15,C관(2공장),[80] 누수/규격검사,908880.0,925560.0,609677.0,149.08,609677.0,1
2024-02-15,S관(3공장),[10] 사출조립,160636.0,201800.0,183871.0,87.36,183871.0,1
2024-02-15,S관(3공장),[20] 분리,218946.0,272907.0,183871.0,119.08,183871.0,1
2024-02-15,S관(3공장),[45] 하이드레이션/전면검사,328647.0,335002.0,116759.0,281.47,116759.0,1
2024-02-15,S관(3공장),[80] 누수/규격검사,104893.0,110299.0,100645.0,104.22,100645.0,1
2024-02-16,A관(1공장),[10] 사출조립,331510.0,356670.0,197367.0,167.97,197367.0,1
2024-02-16,A관(1공장),[20] 분리,103175.0,133930.0,197367.0,52.28,197367.0,1
2024-02-16,A관(1공장),[45] 하이드레이션/전면검사,106319.0,106333.0,118500.0,89.72,118500.0,1
2024-02-16,A관(1공장),[80] 누수/규격검사,92820.0,93733.0,112903.0,82.21,112903.0,1
2024-02-16,C관(2공장),[10] 사출조립,915613.0,1025331.0,742386.0,123.33,742386.0,1
2024-02-16,C관(2공장),[20] 분리,1007514.0,1186827.0,742386.0,135.71,742386.0,1
2024-02-16,C관(2공장),[45] 하이드레이션/전면검사,1156125.0,1166517.0,650698.0,177.67,650698.0,1
2024-02-16,C관(2공장),[80] 누수/규격검사,722940.0,738715.0,609677.0,118.58,609677.0,1
2024-02-16,S관(3공장),[10] 사출조립,677765.0,698275.0,183871.0,368.61,183871.0,1
2024-02-16,S관(3공장),[20] 분리,633441.0,738046.0,183871.0,344.5,183871.0,1
2024-02-16,S관(3공장),[45] 하이드레이션/전면검사,293180.0,299248.0,116759.0,251.1,116759.0,1
2024-02-16,S관(3공장),[80] 누수/규격검사,167069.0,171293.0,100645.0,166.0,100645.0,1
2024-02-17,A관(1공장),[10] 사출조립,327860.0,359670.0,197367.0,166.12,197367.0,1
2024-02-17,A관(1공장),[20] 분리,100166.0,132150.0,197367.0,50.75,197367.0,1
2024-02-17,A관(1공장),[45] 하이드레이션/전면검사,94232.0,94232.0,118500.0,79.52,118500.0,1
2024-02-17,A관(1공장),[80] 누수/규격검사,93474.0,94424.0,112903.0,82.79,112903.0,1
2024-02-17,C관(2공장),[10] 사출조립,1047017.0,1185657.0,742386.0,141.03,742386.0,1
2024-02-17,C관(2공장),[20] 분리,986315.0,1182013.0,742386.0,132.86,742386.0,1
2024-02-17,C관(2공장),[45] 하이드레이션/전면검사,1193763.0,1198032.0,650698.0,183.46,650698.0,1
2024-02-17,C관(2공장),[80] 누수/규격검사,805230.0,815815.0,609677.0,132.07,609677.0,1
2024-02-17,S관(3공장),[10] 사출조립,205793.0,236380.0,183871.0,111.92,183871.0,1
2024-02-17,S관(3공장),[20] 분리,274462.0,348468.0,183871.0,149.27,183871.0,1
2024-02-17,S관(3공장),[45] 하이드레이션/전면검사,237440.0,241149.0,116759.0,203.36,116759.0,1
2024-02-17,S관(3공장),[80] 누수/규격검사,190723.0,196122.0,100645.0,189.5,100645.0,1
2024-02-18,A관(1공장),[10] 사출조립,311420.0,345450.0,197367.0,157.79,197367.0,1
2024-02-18,A관(1공장),[20] 분리,94899.0,122120.0,197367.0,48.08,197367.0,1
2024-02-18,A관(1공장),[45] 하이드레이션/전면검사,87327.0,88110.0,118500.0,73.69,118500.0,1
2024-02-18,A관(1공장),[80] 누수/규격검사,84361.0,84625.0,112903.0,74.72,112903.0,1
2024-02-18,C관(2공장),[10] 사출조립,1164423.0,1279512.0,742386.0,156.85,742386.0,1
2024-02-18,C관(2공장),[20] 분리,899175.0,1061149.0,742386.0,121.12,742386.0,1
2024-02-18,C관(2공장),[45] 하이드레이션/전면검사,986045.0,990785.0,650698.0,151.54,650698.0,1
2024-02-18,C관(2공장),[80] 누수/규격검사,900543.0,907988.0,609677.0,147.71,609677.0,1
2024-02-18,S관(3공장),[10] 사출조립,200459.0,246434.0,183871.0,109.02,183871.0,1
2024-02-18,S관(3공장),[20] 분리,320963.0,391991.0,183871.0,174.56,183871.0,1
2024-02-18,S관(3공장),[45] 하이드레이션/전면검사,238360.0,242595.0,116759.0,204.15,116759.0,1
2024-02-18,S관(3공장),[80] 누수/규격검사,166648.0,174594.0,100645.0,165.58,100645.0,1
2024-02-19,A관(1공장),[10] 사출조립,342190.0,365700.0,197367.0,173.38,197367.0,1
2024-02-19,A관(1공장),[20] 분리,74250.0,96710.0,197367.0,37.62,197367.0,1
2024-02-19,A관(1공장),[45] 하이드레이션/전면검사,83940.0,83940.0,118500.0,70.84,118500.0,1
2024-02-19,A관(1공장),[80] 누수/규격검사,71674.0,71894.0,112903.0,63.48,112903.0,1
2024-02-19,C관(2공장),[10] 사출조립,1081271.0,1219789.0,742386.0,145.65,742386.0,1
2024-02-19,C관(2공장),[20] 분리,985732.0,1162507.0,742386.0,132.78,742386.0,1
2024-02-19,C관(2공장),[45] 하이드레이션/전면검사,967538.0,978959.0,650698.0,148.69,650698.0,1
2024-02-19,C관(2공장),[80] 누수/규격검사,900652.0,910902.0,609677.0,147.73,609677.0,1
2024-02-19,S관(3공장),[10] 사출조립,246239.0,313640.0,183871.0,133.92,183871.0,1
2024-02-19,S관(3공장),[20] 분리,348406.0,419507.0,183871.0,189.48,183871.0,1
2024-02-19,S관(3공장),[45] 하이드레이션/전면검사,162980.0,164445.0,116759.0,139.59,116759.0,1
2024-02-19,S관(3공장),[80] 누수/규격검사,179616.0,188381.0,100645.0,178.46,100645.0,1
2024-02-20,A관(1공장),[10] 사출조립,237860.0,273520.0,197367.0,120.52,197367.0,1
2024-02-20,A관(1공장),[20] 분리,122787.0,147781.0,197367.0,62.21,197367.0,1
2024-02-20,A관(1공장),[45] 하이드레이션/전면검사,63215.0,67584.0,118500.0,53.35,118500.0,1
2024-02-20,A관(1공장),[80] 누수/규격검사,84103.0,85701.0,112903.0,74.49,112903.0,1
2024-02-20,C관(2공장),[10] 사출조립,1157443.0,1280704.0,742386.0,155.91,742386.0,1
2024-02-20,C관(2공장),[20] 분리,1007320.0,1183125.0,742386.0,135.69,742386.0,1
2024-02-20,C관(2공장),[45] 하이드레이션/전면검사,1080305.0,1083173.0,650698.0,166.02,650698.0,1
2024-02-20,C관(2공장),[80] 누수/규격검사,856365.0,863885.0,609677.0,140.46,609677.0,1
2024-02-20,S관(3공장),[10] 사출조립,178914.0,207760.0,183871.0,97.3,183871.0,1
2024-02-20,S관(3공장),[20] 분리,314823.0,385178.0,183871.0,171.22,183871.0,1
2024-02-20,S관(3공장),[45] 하이드레이션/전면검사,243700.0,246096.0,116759.0,208.72,116759.0,1
2024-02-20,S관(3공장),[80] 누수/규격검사,182479.0,194301.0,100645.0,181.31,100645.0,1
2024-02-21,A관(1공장),[10] 사출조립,232910.0,238980.0,197367.0,118.01,197367.0,1
2024-02-21,A관(1공장),[20] 분리,100036.0,130460.0,197367.0,50.69,197367.0,1
2024-02-21,A관(1공장),[45] 하이드레이션/전면검사,40004.0,41966.0,118500.0,33.76,118500.0,1
2024-02-21,A관(1공장),[80] 누수/규격검사,77648.0,78276.0,112903.0,68.77,112903.0,1
2024-02-21,C관(2공장),[10] 사출조립,870475.0,948725.0,742386.0,117.25,742386.0,1
2024-02-21,C관(2공장),[20] 분리,1041634.0,1211602.0,742386.0,140.31,742386.0,1
2024-02-21,C관(2공장),[45] 하이드레이션/전면검사,975905.0,978500.0,650698.0,149.98,650698.0,1
2024-02-21,C관(2공장),[80] 누수/규격검사,886353.0,897838.0,609677.0,145.38,609677.0,1
2024-02-21,S관(3공장),[10] 사출조립,208080.0,236544.0,183871.0,113.17,183871.0,1
2024-02-21,S관(3공장),[20] 분리,241322.0,292311.0,183871.0,131.25,183871.0,1
2024-02-21,S관(3공장),[45] 하이드레이션/전면검사,226455.0,228790.0,116759.0,193.95,116759.0,1
2024-02-21,S관(3공장),[80] 누수/규격검사,164185.0,174687.0,100645.0,163.13,100645.0,1
2024-02-22,A관(1공장),[10] 사출조립,285730.0,300850.0,197367.0,144.77,197367.0,1
2024-02-22,A관(1공장),[20] 분리,107189.0,141889.0,197367.0,54.31,197367.0,1
2024-02-22,A관(1공장),[45] 하이드레이션/전면검사,121864.0,125019.0,118500.0,102.84,118500.0,1
2024-02-22,A관(1공장),[80] 누수/규격검사,64114.0,64680.0,112903.0,56.79,112903.0,1
2024-02-22,C관(2공장),[10] 사출조립,1030365.0,1156715.0,742386.0,138.79,742386.0,1
2024-02-22,C관(2공장),[20] 분리,994983.0,1169248.0,742386.0,134.03,742386.0,1
2024-02-22,C관(2공장),[45] 하이드레이션/전면검사,937025.0,943320.0,650698.0,144.0,650698.0,1
2024-02-22,C관(2공장),[80] 누수/규격검사,868217.0,884717.0,609677.0,142.41,609677.0,1
2024-02-22,S관(3공장),[10] 사출조립,249698.0,299680.0,183871.0,135.8,183871.0,1
2024-02-22,S관(3공장),[20] 분리,269319.0,339754.0,183871.0,146.47,183871.0,1
2024-02-22,S관(3공장),[45] 하이드레이션/전면검사,190260.0,192892.0,116759.0,162.95,116759.0,1
2024-02-22,S관(3공장),[80] 누수/규격검사,181994.0,188457.0,100645.0,180.83,100645.0,1
2024-02-23,A관(1공장),[10] 사출조립,192760.0,220310.0,197367.0,97.67,197367.0,1
2024-02-23,A관(1공장),[20] 분리,85441.0,115150.0,197367.0,43.29,197367.0,1
2024-02-23,A관(1공장),[45] 하이드레이션/전면검사,92428.0,94397.0,118500.0,78.0,118500.0,1
2024-02-23,A관(1공장),[80] 누수/규격검사,53923.0,54256.0,112903.0,47.76,112903.0,1
2024-02-23,C관(2공장),[10] 사출조립,1034809.0,1153008.0,742386.0,139.39,742386.0,1
2024-02-23,C관(2공장),[20] 분리,1016927.0,1208189.0,742386.0,136.98,742386.0,1
2024-02-23,C관(2공장),[45] 하이드레이션/전면검사,859365.0,869743.0,650698.0,132.07,650698.0,1
2024-02-23,C관(2공장),[80] 누수/규격검사,933864.0,939126.0,609677.0,153.17,609677.0,1
2024-02-23,S관(3공장),[10] 사출조립,231224.0,300496.0,183871.0,125.75,183871.0,1
2024-02-23,S관(3공장),[20] 분리,303051.0,372105.0,183871.0,164.82,183871.0,1
2024-02-23,S관(3공장),[45] 하이드레이션/전면검사,293935.0,297557.0,116759.0,251.75,116759.0,1
2024-02-23,S관(3공장),[80] 누수/규격검사,195320.0,201867.0,100645.0,194.07,100645.0,1
2024-02-24,A관(1공장),[10] 사출조립,262810.0,299680.0,197367.0,133.16,197367.0,1
2024-02-24,A관(1공장),[20] 분리,71693.0,99699.0,197367.0,36.32,197367.0,1
2024-02-24,A관(1공장),[45] 하이드레이션/전면검사,148030.0,148972.0,118500.0,124.92,118500.0,1
2024-02-24,A관(1공장),[80] 누수/규격검사,81413.0,81873.0,112903.0,72.11,112903.0,1
2024-02-24,C관(2공장),[10] 사출조립,974023.0,1093888.0,742386.0,131.2,742386.0,1
2024-02-24,C관(2공장),[20] 분리,959549.0,1145702.0,742386.0,129.25,742386.0,1
2024-02-24,C관(2공장),[45] 하이드레이션/전면검사,886546.0,892602.0,650698.0,136.25,650698.0,1
2024-02-24,C관(2공장),[80] 누수/규격검사,957552.0,972446.0,609677.0,157.06,609677.0,1
2024-02-24,S관(3공장),[10] 사출조립,200510.0,231102.0,183871.0,109.05,183871.0,1
2024-02-24,S관(3공장),[20] 분리,239929.0,283804.0,183871.0,130.49,183871.0,1
2024-02-24,S관(3공장),[45] 하이드레이션/전면검사,189935.0,192311.0,116759.0,162.67,116759.0,1
2024-02-24,S관(3공장),[80] 누수/규격검사,210484.0,214947.0,100645.0,209.14,100645.0,1
2024-02-25,A관(1공장),[10] 사출조립,305320.0,333320.0,197367.0,154.7,197367.0,1
2024-02-25,A관(1공장),[20] 분리,52810.0,68220.0,197367.0,26.76,197367.0,1
2024-02-25,A관(1공장),[45] 하이드레이션/전면검사,92817.0,93989.0,118500.0,78.33,118500.0,1
2024-02-25,A관(1공장),[80] 누수/규격검사,82013.0,82521.0,112903.0,72.64,112903.0,1
2024-02-25,C관(2공장),[10] 사출조립,985113.0,1099330.0,742386.0,132.7,742386.0,1
2024-02-25,C관(2공장),[20] 분리,959875.0,1148265.0,742386.0,129.3,742386.0,1
2024-02-25,C관(2공장),[45] 하이드레이션/전면검사,974405.0,981206.0,650698.0,149.75,650698.0,1
2024-02-25,C관(2공장),[80] 누수/규격검사,957408.0,965384.0,609677.0,157.04,609677.0,1
2024-02-25,S관(3공장),[10] 사출조립,187568.0,235664.0,183871.0,102.01,183871.0,1
2024-02-25,S관(3공장),[20] 분리,294955.0,347800.0,183871.0,160.41,183871.0,1
2024-02-25,S관(3공장),[45] 하이드레이션/전면검사,180173.0,184200.0,116759.0,154.31,116759.0,1
2024-02-25,S관(3공장),[80] 누수/규격검사,189148.0,195084.0,100645.0,187.94,100645.0,1
2024-02-26,A관(1공장),[10] 사출조립,264920.0,279310.0,197367.0,134.23,197367.0,1
2024-02-26,A관(1공장),[20] 분리,79524.0,95790.0,197367.0,40.29,197367.0,1
2024-02-26,A관(1공장),[45] 하이드레이션/전면검사,79440.0,79719.0,118500.0,67.04,118500.0,1
2024-02-26,A관(1공장),[80] 누수/규격검사,104493.0,105366.0,112903.0,92.55,112903.0,1
2024-02-26,C관(2공장),[10] 사출조립,937835.0,1091759.0,742386.0,126.33,742386.0,1
2024-02-26,C관(2공장),[20] 분리,1008381.0,1201846.0,742386.0,135.83,742386.0,1
2024-02-26,C관(2공장),[45] 하이드레이션/전면검사,938820.0,941776.0,650698.0,144.28,650698.0,1
2024-02-26,C관(2공장),[80] 누수/규격검사,870041.0,872850.0,609677.0,142.71,609677.0,1
2024-02-26,S관(3공장),[10] 사출조립,281884.0,308224.0,183871.0,153.31,183871.0,1
2024-02-26,S관(3공장),[20] 분리,244687.0,296450.0,183871.0,133.08,183871.0,1
2024-02-26,S관(3공장),[45] 하이드레이션/전면검사,224810.0,231743.0,116759.0,192.54,116759.0,1
2024-02-26,S관(3공장),[80] 누수/규격검사,168967.0,178882.0,100645.0,167.88,100645.0,1
2024-02-27,A관(1공장),[10] 사출조립,275170.0,300880.0,197367.0,139.42,197367.0,1
2024-02-27,A관(1공장),[20] 분리,69708.0,92930.0,197367.0,35.32,197367.0,1
2024-02-27,A관(1공장),[45] 하이드레이션/전면검사,77508.0,77587.0,118500.0,65.41,118500.0,1
2024-02-27,A관(1공장),[80] 누수/규격검사,79477.0,80579.0,112903.0,70.39,112903.0,1
2024-02-27,C관(2공장),[10] 사출조립,879711.0,1007624.0,742386.0,118.5,742386.0,1
2024-02-27,C관(2공장),[20] 분리,975449.0,1165033.0,742386.0,131.39,742386.0,1
2024-02-27,C관(2공장),[45] 하이드레이션/전면검사,1031683.0,1038534.0,650698.0,158.55,650698.0,1
2024-02-27,C관(2공장),[80] 누수/규격검사,815644.0,823635.0,609677.0,133.78,609677.0,1
2024-02-27,S관(3공장),[10] 사출조립,211880.0,262576.0,183871.0,115.23,183871.0,1
2024-02-27,S관(3공장),[20] 분리,228173.0,281940.0,183871.0,124.09,183871.0,1
2024-02-27,S관(3공장),[45] 하이드레이션/전면검사,345555.0,354788.0,116759.0,295.96,116759.0,1
2024-02-27,S관(3공장),[80] 누수/규격검사,140634.0,149738.0,100645.0,139.73,100645.0,1
2024-02-28,A관(1공장),[10] 사출조립,261280.0,270640.0,197367.0,132.38,197367.0,1
2024-02-28,A관(1공장),[20] 분리,74605.0,97250.0,197367.0,37.8,197367.0,1
2024-02-28,A관(1공장),[45] 하이드레이션/전면검사,105994.0,106359.0,118500.0,89.45,118500.0,1
2024-02-28,A관(1공장),[80] 누수/규격검사,101124.0,103849.0,112903.0,89.57,112903.0,1
2024-02-28,C관(2공장),[10] 사출조립,761279.0,871660.0,742386.0,102.54,742386.0,1
2024-02-28,C관(2공장),[20] 분리,900989.0,1096800.0,742386.0,121.36,742386.0,1
2024-02-28,C관(2공장),[45] 하이드레이션/전면검사,1111070.0,1115435.0,650698.0,170.75,650698.0,1
2024-02-28,C관(2공장),[80] 누수/규격검사,808704.0,816463.0,609677.0,132.64,609677.0,1
2024-02-28,S관(3공장),[10] 사출조립,280570.0,351104.0,183871.0,152.59,183871.0,1
2024-02-28,S관(3공장),[20] 분리,280910.0,338791.0,183871.0,152.78,183871.0,1
2024-02-28,S관(3공장),[45] 하이드레이션/전면검사,275485.0,281860.0,116759.0,235.94,116759.0,1
2024-02-28,S관(3공장),[80] 누수/규격검사,237599.0,246920.0,100645.0,236.08,100645.0,1
2024-02-29,A관(1공장),[10] 사출조립,196690.0,207630.0,197367.0,99.66,197367.0,1
2024-02-29,A관(1공장),[20] 분리,79410.0,110330.0,197367.0,40.23,197367.0,1
2024-02-29,A관(1공장),[45] 하이드레이션/전면검사,83143.0,83143.0,118500.0,70.16,118500.0,1
2024-02-29,A관(1공장),[80] 누수/규격검사,89213.0,91475.0,112903.0,79.02,112903.0,1
2024-02-29,C관(2공장),[10] 사출조립,898057.0,1013463.0,742386.0,120.97,742386.0,1
2024-02-29,C관(2공장),[20] 분리,943767.0,1147105.0,742386.0,127.13,742386.0,1
2024-02-29,C관(2공장),[45] 하이드레이션/전면검사,869034.0,871363.0,650698.0,133.55,650698.0,1
2024-02-29,C관(2공장),[80] 누수/규격검사,820175.0,841850.0,609677.0,134.53,609677.0,1
2024-02-29,S관(3공장),[10] 사출조립,251188.0,285896.0,183871.0,136.61,183871.0,1
2024-02-29,S관(3공장),[20] 분리,259891.0,316413.0,183871.0,141.34,183871.0,1
2024-02-29,S관(3공장),[45] 하이드레이션/전면검사,182020.0,184419.0,116759.0,155.89,116759.0,1
2024-02-29,S관(3공장),[80] 누수/규격검사,217771.0,224624.0,100645.0,216.38,100645.0,1
2024-03-01,A관(1공장),[10] 사출조립,268600.0,300310.0,197367.0,136.09,197367.0,1
2024-03-01,A관(1공장),[20] 분리,78885.0,101524.0,197367.0,39.97,197367.0,1
2024-03-01,A관(1공장),[45] 하이드레이션/전면검사,89611.0,89611.0,118500.0,75.62,118500.0,1
2024-03-01,A관(1공장),[80] 누수/규격검사,118363.0,120255.0,112903.0,104.84,112903.0,1
2024-03-01,C관(2공장),[10] 사출조립,869464.0,999317.0,742386.0,117.12,742386.0,1
2024-03-01,C관(2공장),[20] 분리,929472.0,1092260.0,742386.0,125.2,742386.0,1
2024-03-01,C관(2공장),[45] 하이드레이션/전면검사,1018115.0,1020400.0,650698.0,156.47,650698.0,1
2024-03-01,C관(2공장),[80] 누수/규격검사,924466.0,931291.0,609677.0,151.63,609677.0,1
2024-03-01,S관(3공장),[10] 사출조립,159593.0,179216.0,183871.0,86.8,183871.0,1
2024-03-01,S관(3공장),[20] 분리,169510.0,214434.0,183871.0,92.19,183871.0,1
2024-03-01,S관(3공장),[45] 하이드레이션/전면검사,241595.0,249758.0,116759.0,206.92,116759.0,1
2024-03-01,S관(3공장),[80] 누수/규격검사,240641.0,244445.0,100645.0,239.1,100645.0,1
2024-03-02,A관(1공장),[10] 사출조립,280870.0,295500.0,197367.0,142.31,197367.0,1
2024-03-02,A관(1공장),[20] 분리,83148.0,101500.0,197367.0,42.13,197367.0,1
2024-03-02,A관(1공장),[45] 하이드레이션/전면검사,60101.0,60101.0,118500.0,50.72,118500.0,1
2024-03-02,A관(1공장),[80] 누수/규격검사,68828.0,69199.0,112903.0,60.96,112903.0,1
2024-03-02,C관(2공장),[10] 사출조립,874989.0,1080625.0,742386.0,117.86,742386.0,1
2024-03-02,C관(2공장),[20] 분리,924101.0,1102448.0,742386.0,124.48,742386.0,1
2024-03-02,C관(2공장),[45] 하이드레이션/전면검사,953795.0,962954.0,650698.0,146.58,650698.0,1
2024-03-02,C관(2공장),[80] 누수/규격검사,938441.0,957226.0,609677.0,153.92,609677.0,1
2024-03-02,S관(3공장),[10] 사출조립,354984.0,422220.0,183871.0,193.06,183871.0,1
2024-03-02,S관(3공장),[20] 분리,373102.0,445898.0,183871.0,202.92,183871.0,1
2024-03-02,S관(3공장),[45] 하이드레이션/전면검사,292630.0,299323.0,116759.0,250.63,116759.0,1
2024-03-02,S관(3공장),[80] 누수/규격검사,179211.0,180857.0,100645.0,178.06,100645.0,1
2024-03-03,A관(1공장),[10] 사출조립,217130.0,220980.0,197367.0,110.01,197367.0,1
2024-03-03,A관(1공장),[20] 분리,102374.0,131192.0,197367.0,51.87,197367.0,1
2024-03-03,A관(1공장),[45] 하이드레이션/전면검사,58405.0,58405.0,118500.0,49.29,118500.0,1
2024-03-03,A관(1공장),[80] 누수/규격검사,78744.0,82108.0,112903.0,69.74,112903.0,1
2024-03-03,C관(2공장),[10] 사출조립,1003381.0,1163067.0,742386.0,135.16,742386.0,1
2024-03-03,C관(2공장),[20] 분리,971803.0,1159797.0,742386.0,130.9,742386.0,1
2024-03-03,C관(2공장),[45] 하이드레이션/전면검사,1041125.0,1045880.0,650698.0,160.0,650698.0,1
2024-03-03,C관(2공장),[80] 누수/규격검사,889685.0,903645.0,609677.0,145.93,609677.0,1
2024-03-03,S관(3공장),[10] 사출조립,386575.0,425632.0,183871.0,210.24,183871.0,1
2024-03-03,S관(3공장),[20] 분리,283743.0,349801.0,183871.0,154.32,183871.0,1
2024-03-03,S관(3공장),[45] 하이드레이션/전면검사,163480.0,171131.0,116759.0,140.01,116759.0,1
2024-03-03,S관(3공장),[80] 누수/규격검사,200898.0,205072.0,100645.0,199.61,100645.0,1
2024-03-04,A관(1공장),[10] 사출조립,251820.0,259280.0,197367.0,127.59,197367.0,1
2024-03-04,A관(1공장),[20] 분리,106397.0,137025.0,197367.0,53.91,197367.0,1
2024-03-04,A관(1공장),[45] 하이드레이션/전면검사,60583.0,60583.0,118500.0,51.12,118500.0,1
2024-03-04,A관(1공장),[80] 누수/규격검사,74874.0,76425.0,112903.0,66.32,112903.0,1
2024-03-04,C관(2공장),[10] 사출조립,768747.0,872299.0,742386.0,103.55,742386.0,1
2024-03-04,C관(2공장),[20] 분리,958184.0,1141859.0,742386.0,129.07,742386.0,1
2024-03-04,C관(2공장),[45] 하이드레이션/전면검사,1087105.0,1095994.0,650698.0,167.07,650698.0,1
2024-03-04,C관(2공장),[80] 누수/규격검사,824835.0,836270.0,609677.0,135.29,609677.0,1
2024-03-04,S관(3공장),[10] 사출조립,268192.0,315968.0,183871.0,145.86,183871.0,1
2024-03-04,S관(3공장),[20] 분리,292330.0,359073.0,183871.0,158.99,183871.0,1
2024-03-04,S관(3공장),[45] 하이드레이션/전면검사,254325.0,268084.0,116759.0,217.82,116759.0,1
2024-03-04,S관(3공장),[80] 누수/규격검사,195935.0,203076.0,100645.0,194.68,100645.0,1
2024-03-05,A관(1공장),[10] 사출조립,264740.0,278370.0,197367.0,134.14,197367.0,1
2024-03-05,A관(1공장),[20] 분리,81904.0,115125.0,197367.0,41.5,197367.0,1
2024-03-05,A관(1공장),[45] 하이드레이션/전면검사,64794.0,64794.0,118500.0,54.68,118500.0,1
2024-03-05,A관(1공장),[80] 누수/규격검사,72340.0,77913.0,112903.0,64.07,112903.0,1
2024-03-05,C관(2공장),[10] 사출조립,979142.0,1124270.0,742386.0,131.89,742386.0,1
2024-03-05,C관(2공장),[20] 분리,957743.0,1141172.0,742386.0,129.01,742386.0,1
2024-03-05,C관(2공장),[45] 하이드레이션/전면검사,664387.0,666808.0,650698.0,102.1,650698.0,1
2024-03-05,C관(2공장),[80] 누수/규격검사,842830.0,854375.0,609677.0,138.24,609677.0,1
2024-03-05,S관(3공장),[10] 사출조립,279735.0,302272.0,183871.0,152.14,183871.0,1
2024-03-05,S관(3공장),[20] 분리,261479.0,350142.0,183871.0,142.21,183871.0,1
2024-03-05,S관(3공장),[45] 하이드레이션/전면검사,268210.0,276703.0,116759.0,229.71,116759.0,1
2024-03-05,S관(3공장),[80] 누수/규격검사,218791.0,224424.0,100645.0,217.39,100645.0,1
2024-03-06,A관(1공장),[10] 사출조립,460580.0,482380.0,197367.0,233.36,197367.0,1
2024-03-06,A관(1공장),[20] 분리,96610.0,129968.0,197367.0,48.95,197367.0,1
2024-03-06,A관(1공장),[45] 하이드레이션/전면검사,109798.0,109798.0,118500.0,92.66,118500.0,1
2024-03-06,A관(1공장),[80] 누수/규격검사,82952.0,89848.0,112903.0,73.47,112903.0,1
2024-03-06,C관(2공장),[10] 사출조립,1017913.0,1124344.0,742386.0,137.11,742386.0,1
2024-03-06,C관(2공장),[20] 분리,1006303.0,1193444.0,742386.0,135.55,742386.0,1
2024-03-06,C관(2공장),[45] 하이드레이션/전면검사,908312.0,912582.0,650698.0,139.59,650698.0,1
2024-03-06,C관(2공장),[80] 누수/규격검사,842705.0,851945.0,609677.0,138.22,609677.0,1
2024-03-06,S관(3공장),[10] 사출조립,335881.0,404274.0,183871.0,182.67,183871.0,1
2024-03-06,S관(3공장),[20] 분리,231560.0,289463.0,183871.0,125.94,183871.0,1
2024-03-06,S관(3공장),[45] 하이드레이션/전면검사,359955.0,367853.0,116759.0,308.29,116759.0,1
2024-03-06,S관(3공장),[80] 누수/규격검사,231713.0,237005.0,100645.0,230.23,100645.0,1
2024-03-07,A관(1공장),[10] 사출조립,399900.0,407970.0,197367.0,202.62,197367.0,1
2024-03-07,A관(1공장),[20] 분리,111684.0,140650.0,197367.0,56.59,197367.0,1
2024-03-07,A관(1공장),[45] 하이드레이션/전면검사,78416.0,78416.0,118500.0,66.17,118500.0,1
2024-03-07,A관(1공장),[80] 누수/규격검사,81756.0,88147.0,112903.0,72.41,112903.0,1
2024-03-07,C관(2공장),[10] 사출조립,973981.0,1122516.0,742386.0,131.2,742386.0,1
2024-03-07,C관(2공장),[20] 분리,958370.0,1126045.0,742386.0,129.09,742386.0,1
2024-03-07,C관(2공장),[45] 하이드레이션/전면검사,1036426.0,1041410.0,650698.0,159.28,650698.0,1
2024-03-07,C관(2공장),[80] 누수/규격검사,870355.0,876935.0,609677.0,142.76,609677.0,1
2024-03-07,S관(3공장),[10] 사출조립,239124.0,280168.0,183871.0,130.05,183871.0,1
2024-03-07,S관(3공장),[20] 분리,199189.0,257949.0,183871.0,108.33,183871.0,1
2024-03-07,S관(3공장),[45] 하이드레이션/전면검사,283370.0,294761.0,116759.0,242.7,116759.0,1
2024-03-07,S관(3공장),[80] 누수/규격검사,285766.0,297991.0,100645.0,283.93,100645.0,1
2024-03-08,A관(1공장),[10] 사출조립,350230.0,380890.0,197367.0,177.45,197367.0,1
2024-03-08,A관(1공장),[20] 분리,109618.0,141884.0,197367.0,55.54,197367.0,1
2024-03-08,A관(1공장),[45] 하이드레이션/전면검사,92378.0,92378.0,118500.0,77.96,118500.0,1
2024-03-08,A관(1공장),[80] 누수/규격검사,64539.0,67672.0,112903.0,57.16,112903.0,1
2024-03-08,C관(2공장),[10] 사출조립,799566.0,939864.0,742386.0,107.7,742386.0,1
2024-03-08,C관(2공장),[20] 분리,941387.0,1095588.0,742386.0,126.81,742386.0,1
2024-03-08,C관(2공장),[45] 하이드레이션/전면검사,996195.0,1002410.0,650698.0,153.1,650698.0,1
2024-03-08,C관(2공장),[80] 누수/규격검사,875820.0,882720.0,609677.0,143.65,609677.0,1
2024-03-08,S관(3공장),[10] 사출조립,349903.0,420816.0,183871.0,190.3,183871.0,1
2024-03-08,S관(3공장),[20] 분리,293831.0,385125.0,183871.0,159.8,183871.0,1
2024-03-08,S관(3공장),[45] 하이드레이션/전면검사,222610.0,230908.0,116759.0,190.66,116759.0,1
2024-03-08,S관(3공장),[80] 누수/규격검사,202857.0,207538.0,100645.0,201.56,100645.0,1
2024-03-09,A관(1공장),[10] 사출조립,428910.0,446270.0,197367.0,217.32,197367.0,1
2024-03-09,A관(1공장),[20] 분리,97438.0,133988.0,197367.0,49.37,197367.0,1
2024-03-09,A관(1공장),[45] 하이드레이션/전면검사,79729.0,79729.0,118500.0,67.28,118500.0,1
2024-03-09,A관(1공장),[80] 누수/규격검사,82277.0,83942.0,112903.0,72.87,112903.0,1
2024-03-09,C관(2공장),[10] 사출조립,809147.0,941578.0,742386.0,108.99,742386.0,1
2024-03-09,C관(2공장),[20] 분리,1016750.0,1199517.0,742386.0,136.96,742386.0,1
2024-03-09,C관(2공장),[45] 하이드레이션/전면검사,911155.0,918685.0,650698.0,140.03,650698.0,1
2024-03-09,C관(2공장),[80] 누수/규격검사,870290.0,881860.0,609677.0,142.75,609677.0,1
2024-03-09,S관(3공장),[10] 사출조립,340402.0,375376.0,183871.0,185.13,183871.0,1
2024-03-09,S관(3공장),[20] 분리,265733.0,334062.0,183871.0,144.52,183871.0,1
2024-03-09,S관(3공장),[45] 하이드레이션/전면검사,196660.0,207789.0,116759.0,168.43,116759.0,1
2024-03-09,S관(3공장),[80] 누수/규격검사,176973.0,184532.0,100645.0,175.84,100645.0,1
2024-03-10,A관(1공장),[10] 사출조립,341240.0,371220.0,197367.0,172.9,197367.0,1
2024-03-10,A관(1공장),[20] 분리,62849.0,74371.0,197367.0,31.84,197367.0,1
2024-03-10,A관(1공장),[45] 하이드레이션/전면검사,52050.0,53550.0,118500.0,43.92,118500.0,1
2024-03-10,A관(1공장),[80] 누수/규격검사,74848.0,77132.0,112903.0,66.29,112903.0,1
2024-03-10,C관(2공장),[10] 사출조립,998147.0,1139190.0,742386.0,134.45,742386.0,1
2024-03-10,C관(2공장),[20] 분리,918333.0,1090003.0,742386.0,123.7,742386.0,1
2024-03-10,C관(2공장),[45] 하이드레이션/전면검사,1020787.0,1033547.0,650698.0,156.88,650698.0,1
2024-03-10,C관(2공장),[80] 누수/규격검사,868495.0,877715.0,609677.0,142.45,609677.0,1
2024-03-10,S관(3공장),[10] 사출조립,391425.0,419959.0,183871.0,212.88,183871.0,1
2024-03-10,S관(3공장),[20] 분리,301456.0,397580.0,183871.0,163.95,183871.0,1
2024-03-10,S관(3공장),[45] 하이드레이션/전면검사,255815.0,263549.0,116759.0,219.1,116759.0,1
2024-03-10,S관(3공장),[80] 누수/규격검사,147495.0,155569.0,100645.0,146.55,100645.0,1
2024-03-11,A관(1공장),[10] 사출조립,336200.0,364300.0,197367.0,170.34,197367.0,1
2024-03-11,A관(1공장),[20] 분리,51453.0,69556.0,197367.0,26.07,197367.0,1
2024-03-11,A관(1공장),[45] 하이드레이션/전면검사,76014.0,76014.0,118500.0,64.15,118500.0,1
2024-03-11,A관(1공장),[80] 누수/규격검사,101294.0,102576.0,112903.0,89.72,112903.0,1
2024-03-11,C관(2공장),[10] 사출조립,839494.0,981312.0,742386.0,113.08,742386.0,1
2024-03-11,C관(2공장),[20] 분리,947835.0,1149944.0,742386.0,127.67,742386.0,1
2024-03-11,C관(2공장),[45] 하이드레이션/전면검사,1210590.0,1216660.0,650698.0,186.04,650698.0,1
2024-03-11,C관(2공장),[80] 누수/규격검사,867260.0,877845.0,609677.0,142.25,609677.0,1
2024-03-11,S관(3공장),[10] 사출조립,164333.0,212458.0,183871.0,89.37,183871.0,1
2024-03-11,S관(3공장),[20] 분리,136796.0,197812.0,183871.0,74.4,183871.0,1
2024-03-11,S관(3공장),[45] 하이드레이션/전면검사,214280.0,227180.0,116759.0,183.52,116759.0,1
2024-03-11,S관(3공장),[80] 누수/규격검사,185219.0,193393.0,100645.0,184.03,100645.0,1
2024-03-12,A관(1공장),[10] 사출조립,524290.0,555190.0,197367.0,265.64,197367.0,1
2024-03-12,A관(1공장),[20] 분리,57585.0,74140.0,197367.0,29.18,197367.0,1
2024-03-12,A관(1공장),[45] 하이드레이션/전면검사,107712.0,107712.0,118500.0,90.9,118500.0,1
2024-03-12,A관(1공장),[80] 누수/규격검사,83261.0,85531.0,112903.0,73.75,112903.0,1
2024-03-12,C관(2공장),[10] 사출조립,771408.0,894199.0,742386.0,103.91,742386.0,1
2024-03-12,C관(2공장),[20] 분리,938682.0,1138627.0,742386.0,126.44,742386.0,1
2024-03-12,C관(2공장),[45] 하이드레이션/전면검사,979257.0,1002371.0,650698.0,150.49,650698.0,1
2024-03-12,C관(2공장),[80] 누수/규격검사,867230.0,889350.0,609677.0,142.24,609677.0,1
2024-03-12,S관(3공장),[10] 사출조립,357284.0,424552.0,183871.0,194.31,183871.0,1
2024-03-12,S관(3공장),[20] 분리,257087.0,349065.0,183871.0,139.82,183871.0,1
2024-03-12,S관(3공장),[45] 하이드레이션/전면검사,153780.0,159574.0,116759.0,131.71,116759.0,1
2024-03-12,S관(3공장),[80] 누수/규격검사,182443.0,193642.0,100645.0,181.27,100645.0,1
2024-03-13,A관(1공장),[10] 사출조립,517540.0,557000.0,197367.0,262.22,197367.0,1
2024-03-13,A관(1공장),[20] 분리,40961.0,60350.0,197367.0,20.75,197367.0,1
2024-03-13,A관(1공장),[45] 하이드레이션/전면검사,108766.0,110816.0,118500.0,91.79,118500.0,1
2024-03-13,A관(1공장),[80] 누수/규격검사,81259.0,83288.0,112903.0,71.97,112903.0,1
2024-03-13,C관(2공장),[10] 사출조립,954465.0,1111449.0,742386.0,128.57,742386.0,1
2024-03-13,C관(2공장),[20] 분리,976551.0,1156395.0,742386.0,131.54,742386.0,1
2024-03-13,C관(2공장),[45] 하이드레이션/전면검사,969224.0,976468.0,650698.0,148.95,650698.0,1
2024-03-13,C관(2공장),[80] 누수/규격검사,853525.0,866745.0,609677.0,140.0,609677.0,1
2024-03-13,S관(3공장),[10] 사출조립,281996.0,330296.0,183871.0,153.37,183871.0,1
2024-03-13,S관(3공장),[20] 분리,311309.0,400836.0,183871.0,169.31,183871.0,1
2024-03-13,S관(3공장),[45] 하이드레이션/전면검사,206275.0,212217.0,116759.0,176.67,116759.0,1
2024-03-13,S관(3공장),[80] 누수/규격검사,135740.0,142398.0,100645.0,134.87,100645.0,1
2024-03-14,A관(1공장),[10] 사출조립,680000.0,720020.0,197367.0,344.54,197367.0,1
2024-03-14,A관(1공장),[20] 분리,68771.0,89200.0,197367.0,34.84,197367.0,1
2024-03-14,A관(1공장),[45] 하이드레이션/전면검사,71584.0,72084.0,118500.0,60.41,118500.0,1
2024-03-14,A관(1공장),[80] 누수/규격검사,73823.0,74970.0,112903.0,65.39,112903.0,1
2024-03-14,C관(2공장),[10] 사출조립,867501.0,985496.0,742386.0,116.85,742386.0,1
2024-03-14,C관(2공장),[20] 분리,998738.0,1179887.0,742386.0,134.53,742386.0,1
2024-03-14,C관(2공장),[45] 하이드레이션/전면검사,1043980.0,1048212.0,650698.0,160.44,650698.0,1
2024-03-14,C관(2공장),[80] 누수/규격검사,867835.0,876745.0,609677.0,142.34,609677.0,1
2024-03-14,S관(3공장),[10] 사출조립,301383.0,373716.0,183871.0,163.91,183871.0,1
2024-03-14,S관(3공장),[20] 분리,287282.0,359064.0,183871.0,156.24,183871.0,1
2024-03-14,S관(3공장),[45] 하이드레이션/전면검사,303435.0,316796.0,116759.0,259.88,116759.0,1
2024-03-14,S관(3공장),[80] 누수/규격검사,201220.0,220223.0,100645.0,199.93,100645.0,1
2024-03-15,A관(1공장),[10] 사출조립,458270.0,493060.0,197367.0,232.19,197367.0,1
2024-03-15,A관(1공장),[20] 분리,55662.0,79500.0,197367.0,28.2,197367.0,1
2024-03-15,A관(1공장),[45] 하이드레이션/전면검사,80709.0,80709.0,118500.0,68.11,118500.0,1
2024-03-15,A관(1공장),[80] 누수/규격검사,90548.0,92113.0,112903.0,80.2,112903.0,1
2024-03-15,C관(2공장),[10] 사출조립,1007389.0,1133719.0,742386.0,135.7,742386.0,1
2024-03-15,C관(2공장),[20] 분리,968467.0,1147003.0,742386.0,130.45,742386.0,1
2024-03-15,C관(2공장),[45] 하이드레이션/전면검사,925134.0,930931.0,650698.0,142.18,650698.0,1
2024-03-15,C관(2공장),[80] 누수/규격검사,870455.0,876295.0,609677.0,142.77,609677.0,1
2024-03-15,S관(3공장),[10] 사출조립,374175.0,400743.0,183871.0,203.5,183871.0,1
2024-03-15,S관(3공장),[20] 분리,316799.0,394246.0,183871.0,172.29,183871.0,1
2024-03-15,S관(3공장),[45] 하이드레이션/전면검사,235835.0,252024.0,116759.0,201.98,116759.0,1
2024-03-15,S관(3공장),[80] 누수/규격검사,195305.0,209074.0,100645.0,194.05,100645.0,1
2024-03-16,A관(1공장),[10] 사출조립,432550.0,451880.0,197367.0,219.16,197367.0,1
2024-03-16,A관(1공장),[20] 분리,56773.0,75260.0,197367.0,28.77,197367.0,1
2024-03-16,A관(1공장),[45] 하이드레이션/전면검사,107593.0,107593.0,118500.0,90.8,118500.0,1
2024-03-16,A관(1공장),[80] 누수/규격검사,78011.0,80033.0,112903.0,69.1,112903.0,1
2024-03-16,C관(2공장),[10] 사출조립,1004996.0,1142175.0,742386.0,135.37,742386.0,1
2024-03-16,C관(2공장),[20] 분리,1059351.0,1242856.0,742386.0,142.7,742386.0,1
2024-03-16,C관(2공장),[45] 하이드레이션/전면검사,984393.0,993820.0,650698.0,151.28,650698.0,1
2024-03-16,C관(2공장),[80] 누수/규격검사,851897.0,867670.0,609677.0,139.73,609677.0,1
2024-03-16,S관(3공장),[10] 사출조립,377467.0,476352.0,183871.0,205.29,183871.0,1
2024-03-16,S관(3공장),[20] 분리,328853.0,402209.0,183871.0,178.85,183871.0,1
2024-03-16,S관(3공장),[45] 하이드레이션/전면검사,202135.0,206573.0,116759.0,173.12,116759.0,1
2024-03-16,S관(3공장),[80] 누수/규격검사,184195.0,194297.0,100645.0,183.01,100645.0,1
2024-03-17,A관(1공장),[10] 사출조립,546070.0,574060.0,197367.0,276.68,197367.0,1
2024-03-17,A관(1공장),[20] 분리,71457.0,87270.0,197367.0,36.21,197367.0,1
2024-03-17,A관(1공장),[45] 하이드레이션/전면검사,89714.0,91188.0,118500.0,75.71,118500.0,1
2024-03-17,A관(1공장),[80] 누수/규격검사,77184.0,77984.0,112903.0,68.36,112903.0,1
2024-03-17,C관(2공장),[10] 사출조립,1064946.0,1255462.0,742386.0,143.45,742386.0,1
2024-03-17,C관(2공장),[20] 분리,955459.0,1136962.0,742386.0,128.7,742386.0,1
2024-03-17,C관(2공장),[45] 하이드레이션/전면검사,957032.0,966934.0,650698.0,147.08,650698.0,1
2024-03-17,C관(2공장),[80] 누수/규격검사,824937.0,837108.0,609677.0,135.31,609677.0,1
2024-03-17,S관(3공장),[10] 사출조립,456294.0,536512.0,183871.0,248.16,183871.0,1
2024-03-17,S관(3공장),[20] 분리,335902.0,397754.0,183871.0,182.68,183871.0,1
2024-03-17,S관(3공장),[45] 하이드레이션/전면검사,251920.0,257724.0,116759.0,215.76,116759.0,1
2024-03-17,S관(3공장),[80] 누수/규격검사,165736.0,170425.0,100645.0,164.67,100645.0,1
2024-03-18,A관(1공장),[10] 사출조립,391450.0,408410.0,197367.0,198.34,197367.0,1
2024-03-18,A관(1공장),[20] 분리,71543.0,92929.0,197367.0,36.25,197367.0,1
2024-03-18,A관(1공장),[45] 하이드레이션/전면검사,71201.0,75903.0,118500.0,60.09,118500.0,1
2024-03-18,A관(1공장),[80] 누수/규격검사,79513.0,82209.0,112903.0,70.43,112903.0,1
2024-03-18,C관(2공장),[10] 사출조립,959613.0,1119249.0,742386.0,129.26,742386.0,1
2024-03-18,C관(2공장),[20] 분리,934685.0,1127135.0,742386.0,125.9,742386.0,1
2024-03-18,C관(2공장),[45] 하이드레이션/전면검사,884898.0,890690.0,650698.0,135.99,650698.0,1
2024-03-18,C관(2공장),[80] 누수/규격검사,831215.0,836385.0,609677.0,136.34,609677.0,1
2024-03-18,S관(3공장),[10] 사출조립,401833.0,440902.0,183871.0,218.54,183871.0,1
2024-03-18,S관(3공장),[20] 분리,286723.0,360527.0,183871.0,155.94,183871.0,1
2024-03-18,S관(3공장),[45] 하이드레이션/전면검사,343665.0,349582.0,116759.0,294.34,116759.0,1
2024-03-18,S관(3공장),[80] 누수/규격검사,216955.0,222562.0,100645.0,215.56,100645.0,1
2024-03-19,A관(1공장),[10] 사출조립,538940.0,568530.0,197367.0,273.06,197367.0,1
2024-03-19,A관(1공장),[20] 분리,70114.0,87114.0,197367.0,35.52,197367.0,1
2024-03-19,A관(1공장),[45] 하이드레이션/전면검사,92897.0,98672.0,118500.0,78.39,118500.0,1
2024-03-19,A관(1공장),[80] 누수/규격검사,93163.0,95726.0,112903.0,82.52,112903.0,1
2024-03-19,C관(2공장),[10] 사출조립,1014343.0,1164462.0,742386.0,136.63,742386.0,1
2024-03-19,C관(2공장),[20] 분리,927547.0,1111689.0,742386.0,124.94,742386.0,1
2024-03-19,C관(2공장),[45] 하이드레이션/전면검사,907760.0,914756.0,650698.0,139.51,650698.0,1
2024-03-19,C관(2공장),[80] 누수/규격검사,831570.0,840290.0,609677.0,136.4,609677.0,1
2024-03-19,S관(3공장),[10] 사출조립,222397.0,270445.0,183871.0,120.95,183871.0,1
2024-03-19,S관(3공장),[20] 분리,171774.0,223607.0,183871.0,93.42,183871.0,1
2024-03-19,S관(3공장),[45] 하이드레이션/전면검사,297145.0,311165.0,116759.0,254.49,116759.0,1
2024-03-19,S관(3공장),[80] 누수/규격검사,238270.0,247363.0,100645.0,236.74,100645.0,1
2024-03-20,A관(1공장),[10] 사출조립,354920.0,364330.0,197367.0,179.83,197367.0,1
2024-03-20,A관(1공장),[20] 분리,73126.0,92330.0,197367.0,37.05,197367.0,1
2024-03-20,A관(1공장),[45] 하이드레이션/전면검사,61849.0,65800.0,118500.0,52.19,118500.0,1
2024-03-20,A관(1공장),[80] 누수/규격검사,62184.0,62796.0,112903.0,55.08,112903.0,1
2024-03-20,C관(2공장),[10] 사출조립,981189.0,1119737.0,742386.0,132.17,742386.0,1
2024-03-20,C관(2공장),[20] 분리,968857.0,1156668.0,742386.0,130.51,742386.0,1
2024-03-20,C관(2공장),[45] 하이드레이션/전면검사,1092107.0,1100281.0,650698.0,167.84,650698.0,1
2024-03-20,C관(2공장),[80] 누수/규격검사,723086.0,745675.0,609677.0,118.6,609677.0,1
2024-03-20,S관(3공장),[10] 사출조립,153984.0,179889.0,183871.0,83.75,183871.0,1
2024-03-20,S관(3공장),[20] 분리,269521.0,368851.0,183871.0,146.58,183871.0,1
2024-03-20,S관(3공장),[45] 하이드레이션/전면검사,244390.0,253100.0,116759.0,209.31,116759.0,1
2024-03-20,S관(3공장),[80] 누수/규격검사,134231.0,138180.0,100645.0,133.37,100645.0,1
2024-03-21,A관(1공장),[10] 사출조립,384790.0,404400.0,197367.0,194.96,197367.0,1
2024-03-21,A관(1공장),[20] 분리,83618.0,106020.0,197367.0,42.37,197367.0,1
2024-03-21,A관(1공장),[45] 하이드레이션/전면검사,115790.0,119411.0,118500.0,97.71,118500.0,1
2024-03-21,A관(1공장),[80] 누수/규격검사,77436.0,78352.0,112903.0,68.59,112903.0,1
2024-03-21,C관(2공장),[10] 사출조립,1052849.0,1183465.0,742386.0,141.82,742386.0,1
2024-03-21,C관(2공장),[20] 분리,984936.0,1179553.0,742386.0,132.67,742386.0,1
2024-03-21,C관(2공장),[45] 하이드레이션/전면검사,865295.0,871747.0,650698.0,132.98,650698.0,1
2024-03-21,C관(2공장),[80] 누수/규격검사,868890.0,875996.0,609677.0,142.52,609677.0,1
2024-03-21,S관(3공장),[10] 사출조립,172684.0,210216.0,183871.0,93.92,183871.0,1
2024-03-21,S관(3공장),[20] 분리,189397.0,239082.0,183871.0,103.01,183871.0,1
2024-03-21,S관(3공장),[45] 하이드레이션/전면검사,259415.0,277438.0,116759.0,222.18,116759.0,1
2024-03-21,S관(3공장),[80] 누수/규격검사,181050.0,183289.0,100645.0,179.89,100645.0,1
2024-03-22,A관(1공장),[10] 사출조립,450310.0,464080.0,197367.0,228.16,197367.0,1
2024-03-22,A관(1공장),[20] 분리,97181.0,125930.0,197367.0,49.24,197367.0,1
2024-03-22,A관(1공장),[45] 하이드레이션/전면검사,86813.0,86813.0,118500.0,73.26,118500.0,1
2024-03-22,A관(1공장),[80] 누수/규격검사,94150.0,95130.0,112903.0,83.39,112903.0,1
2024-03-22,C관(2공장),[10] 사출조립,972330.0,1107033.0,742386.0,130.97,742386.0,1
2024-03-22,C관(2공장),[20] 분리,999180.0,1179067.0,742386.0,134.59,742386.0,1
2024-03-22,C관(2공장),[45] 하이드레이션/전면검사,950335.0,952852.0,650698.0,146.05,650698.0,1
2024-03-22,C관(2공장),[80] 누수/규격검사,872434.0,879774.0,609677.0,143.1,609677.0,1
2024-03-22,S관(3공장),[10] 사출조립,269393.0,314274.0,183871.0,146.51,183871.0,1
2024-03-22,S관(3공장),[20] 분리,244079.0,317278.0,183871.0,132.74,183871.0,1
2024-03-22,S관(3공장),[45] 하이드레이션/전면검사,321995.0,328044.0,116759.0,275.78,116759.0,1
2024-03-22,S관(3공장),[80] 누수/규격검사,162186.0,168345.0,100645.0,161.15,100645.0,1
2024-03-23,A관(1공장),[10] 사출조립,440900.0,455690.0,197367.0,223.39,197367.0,1
2024-03-23,A관(1공장),[20] 분리,120676.0,153010.0,197367.0,61.14,197367.0,1
2024-03-23,A관(1공장),[45] 하이드레이션/전면검사,95345.0,95345.0,118500.0,80.46,118500.0,1
2024-03-23,A관(1공장),[80] 누수/규격검사,83827.0,85271.0,112903.0,74.25,112903.0,1
2024-03-23,C관(2공장),[10] 사출조립,1054377.0,1161544.0,742386.0,142.03,742386.0,1
2024-03-23,C관(2공장),[20] 분리,950361.0,1143079.0,742386.0,128.01,742386.0,1
2024-03-23,C관(2공장),[45] 하이드레이션/전면검사,927710.0,929535.0,650698.0,142.57,650698.0,1
2024-03-23,C관(2공장),[80] 누수/규격검사,822850.0,834020.0,609677.0,134.96,609677.0,1
2024-03-23,S관(3공장),[10] 사출조립,210298.0,257402.0,183871.0,114.37,183871.0,1
2024-03-23,S관(3공장),[20] 분리,256834.0,335188.0,183871.0,139.68,183871.0,1
2024-03-23,S관(3공장),[45] 하이드레이션/전면검사,146600.0,158706.0,116759.0,125.56,116759.0,1
2024-03-23,S관(3공장),[80] 누수/규격검사,221571.0,224467.0,100645.0,220.15,100645.0,1
2024-03-24,A관(1공장),[10] 사출조립,424270.0,451320.0,197367.0,214.97,197367.0,1
2024-03-24,A관(1공장),[20] 분리,136419.0,179759.0,197367.0,69.12,197367.0,1
2024-03-24,A관(1공장),[45] 하이드레이션/전면검사,76592.0,76592.0,118500.0,64.63,118500.0,1
2024-03-24,A관(1공장),[80] 누수/규격검사,100486.0,101194.0,112903.0,89.0,112903.0,1
2024-03-24,C관(2공장),[10] 사출조립,956993.0,1081153.0,742386.0,128.91,742386.0,1
2024-03-24,C관(2공장),[20] 분리,930637.0,1098577.0,742386.0,125.36,742386.0,1
2024-03-24,C관(2공장),[45] 하이드레이션/전면검사,1030190.0,1037402.0,650698.0,158.32,650698.0,1
2024-03-24,C관(2공장),[80] 누수/규격검사,833075.0,845105.0,609677.0,136.64,609677.0,1
2024-03-24,S관(3공장),[10] 사출조립,331877.0,418102.0,183871.0,180.49,183871.0,1
2024-03-24,S관(3공장),[20] 분리,216959.0,277227.0,183871.0,118.0,183871.0,1
2024-03-24,S관(3공장),[45] 하이드레이션/전면검사,242685.0,255909.0,116759.0,207.85,116759.0,1
2024-03-24,S관(3공장),[80] 누수/규격검사,150991.0,152859.0,100645.0,150.02,100645.0,1
2024-03-25,A관(1공장),[10] 사출조립,463260.0,474820.0,197367.0,234.72,197367.0,1
2024-03-25,A관(1공장),[20] 분리,122617.0,160486.0,197367.0,62.13,197367.0,1
2024-03-25,A관(1공장),[45] 하이드레이션/전면검사,76557.0,76557.0,118500.0,64.61,118500.0,1
2024-03-25,A관(1공장),[80] 누수/규격검사,93164.0,93915.0,112903.0,82.52,112903.0,1
2024-03-25,C관(2공장),[10] 사출조립,976142.0,1122312.0,742386.0,131.49,742386.0,1
2024-03-25,C관(2공장),[20] 분리,933515.0,1093316.0,742386.0,125.75,742386.0,1
2024-03-25,C관(2공장),[45] 하이드레이션/전면검사,845050.0,849267.0,650698.0,129.87,650698.0,1
2024-03-25,C관(2공장),[80] 누수/규격검사,847775.0,866300.0,609677.0,139.05,609677.0,1
2024-03-25,S관(3공장),[10] 사출조립,157797.0,184635.0,183871.0,85.82,183871.0,1
2024-03-25,S관(3공장),[20] 분리,227742.0,296940.0,183871.0,123.86,183871.0,1
2024-03-25,S관(3공장),[45] 하이드레이션/전면검사,342117.0,353128.0,116759.0,293.01,116759.0,1
2024-03-25,S관(3공장),[80] 누수/규격검사,170600.0,173076.0,100645.0,169.51,100645.0,1
2024-03-26,A관(1공장),[10] 사출조립,462590.0,491070.0,197367.0,234.38,197367.0,1
2024-03-26,A관(1공장),[20] 분리,137143.0,170189.0,197367.0,69.49,197367.0,1
2024-03-26,A관(1공장),[45] 하이드레이션/전면검사,135109.0,135208.0,118500.0,114.02,118500.0,1
2024-03-26,A관(1공장),[80] 누수/규격검사,103478.0,104858.0,112903.0,91.65,112903.0,1
2024-03-26,C관(2공장),[10] 사출조립,1058552.0,1161389.0,742386.0,142.59,742386.0,1
2024-03-26,C관(2공장),[20] 분리,998141.0,1160619.0,742386.0,134.45,742386.0,1
2024-03-26,C관(2공장),[45] 하이드레이션/전면검사,877868.0,885166.0,650698.0,134.91,650698.0,1
2024-03-26,C관(2공장),[80] 누수/규격검사,841721.0,859178.0,609677.0,138.06,609677.0,1
2024-03-26,S관(3공장),[10] 사출조립,185375.0,251698.0,183871.0,100.82,183871.0,1
2024-03-26,S관(3공장),[20] 분리,200296.0,269238.0,183871.0,108.93,183871.0,1
2024-03-26,S관(3공장),[45] 하이드레이션/전면검사,53395.0,54918.0,116759.0,45.73,116759.0,1
2024-03-26,S관(3공장),[80] 누수/규격검사,228524.0,234831.0,100645.0,227.06,100645.0,1
2024-03-27,A관(1공장),[10] 사출조립,474090.0,484730.0,197367.0,240.21,197367.0,1
2024-03-27,A관(1공장),[20] 분리,87879.0,119710.0,197367.0,44.53,197367.0,1
2024-03-27,A관(1공장),[45] 하이드레이션/전면검사,123252.0,123252.0,118500.0,104.01,118500.0,1
2024-03-27,A관(1공장),[80] 누수/규격검사,83695.0,85474.0,112903.0,74.13,112903.0,1
2024-03-27,C관(2공장),[10] 사출조립,1131236.0,1237669.0,742386.0,152.38,742386.0,1
2024-03-27,C관(2공장),[20] 분리,995503.0,1141807.0,742386.0,134.1,742386.0,1
2024-03-27,C관(2공장),[45] 하이드레이션/전면검사,888405.0,897316.0,650698.0,136.53,650698.0,1
2024-03-27,C관(2공장),[80] 누수/규격검사,761342.0,770296.0,609677.0,124.88,609677.0,1
2024-03-27,S관(3공장),[10] 사출조립,103056.0,130240.0,183871.0,56.05,183871.0,1
2024-03-27,S관(3공장),[20] 분리,167977.0,224632.0,183871.0,91.36,183871.0,1
2024-03-27,S관(3공장),[45] 하이드레이션/전면검사,155915.0,158843.0,116759.0,133.54,116759.0,1
2024-03-27,S관(3공장),[80] 누수/규격검사,194230.0,201684.0,100645.0,192.99,100645.0,1
2024-03-28,A관(1공장),[10] 사출조립,465850.0,488950.0,197367.0,236.03,197367.0,1
2024-03-28,A관(1공장),[20] 분리,85838.0,113600.0,197367.0,43.49,197367.0,1
2024-03-28,A관(1공장),[45] 하이드레이션/전면검사,47748.0,47748.0,118500.0,40.29,118500.0,1
2024-03-28,A관(1공장),[80] 누수/규격검사,84182.0,85298.0,112903.0,74.56,112903.0,1
2024-03-28,C관(2공장),[10] 사출조립,1033686.0,1130867.0,742386.0,139.24,742386.0,1
2024-03-28,C관(2공장),[20] 분리,1020531.0,1168910.0,742386.0,137.47,742386.0,1
2024-03-28,C관(2공장),[45] 하이드레이션/전면검사,878390.0,888763.0,650698.0,134.99,650698.0,1
2024-03-28,C관(2공장),[80] 누수/규격검사,841990.0,851193.0,609677.0,138.1,609677.0,1
2024-03-28,S관(3공장),[10] 사출조립,248266.0,297764.0,183871.0,135.02,183871.0,1
2024-03-28,S관(3공장),[20] 분리,200538.0,280488.0,183871.0,109.06,183871.0,1
2024-03-28,S관(3공장),[45] 하이드레이션/전면검사,195330.0,201580.0,116759.0,167.29,116759.0,1
2024-03-28,S관(3공장),[80] 누수/규격검사,179425.0,190015.0,100645.0,178.28,100645.0,1
2024-03-29,A관(1공장),[10] 사출조립,434590.0,443270.0,197367.0,220.19,197367.0,1
2024-03-29,A관(1공장),[20] 분리,86318.0,121258.0,197367.0,43.73,197367.0,1
2024-03-29,A관(1공장),[45] 하이드레이션/전면검사,119701.0,119701.0,118500.0,101.01,118500.0,1
2024-03-29,A관(1공장),[80] 누수/규격검사,96546.0,97972.0,112903.0,85.51,112903.0,1
2024-03-29,C관(2공장),[10] 사출조립,1172722.0,1321802.0,742386.0,157.97,742386.0,1
2024-03-29,C관(2공장),[20] 분리,997422.0,1165269.0,742386.0,134.35,742386.0,1
2024-03-29,C관(2공장),[45] 하이드레이션/전면검사,1128200.0,1131415.0,650698.0,173.38,650698.0,1
2024-03-29,C관(2공장),[80] 누수/규격검사,875781.0,882277.0,609677.0,143.65,609677.0,1
2024-03-29,S관(3공장),[10] 사출조립,192527.0,242141.0,183871.0,104.71,183871.0,1
2024-03-29,S관(3공장),[20] 분리,143942.0,190248.0,183871.0,78.28,183871.0,1
2024-03-29,S관(3공장),[45] 하이드레이션/전면검사,118930.0,123028.0,116759.0,101.86,116759.0,1
2024-03-29,S관(3공장),[80] 누수/규격검사,153683.0,154961.0,100645.0,152.7,100645.0,1
2024-03-30,A관(1공장),[10] 사출조립,441030.0,452340.0,197367.0,223.46,197367.0,1
2024-03-30,A관(1공장),[20] 분리,86654.0,118790.0,197367.0,43.91,197367.0,1
2024-03-30,A관(1공장),[45] 하이드레이션/전면검사,92316.0,92316.0,118500.0,77.9,118500.0,1
2024-03-30,A관(1공장),[80] 누수/규격검사,87638.0,89571.0,112903.0,77.62,112903.0,1
2024-03-30,C관(2공장),[10] 사출조립,912209.0,1022740.0,742386.0,122.88,742386.0,1
2024-03-30,C관(2공장),[20] 분리,1002192.0,1172892.0,742386.0,135.0,742386.0,1
2024-03-30,C관(2공장),[45] 하이드레이션/전면검사,917490.0,920753.0,650698.0,141.0,650698.0,1
2024-03-30,C관(2공장),[80] 누수/규격검사,866745.0,877170.0,609677.0,142.16,609677.0,1
2024-03-30,S관(3공장),[10] 사출조립,236981.0,266402.0,183871.0,128.88,183871.0,1
2024-03-30,S관(3공장),[20] 분리,208067.0,289682.0,183871.0,113.16,183871.0,1
2024-03-30,S관(3공장),[45] 하이드레이션/전면검사,285440.0,290218.0,116759.0,244.47,116759.0,1
2024-03-30,S관(3공장),[80] 누수/규격검사,170292.0,171225.0,100645.0,169.2,100645.0,1
2024-03-31,A관(1공장),[10] 사출조립,526010.0,530500.0,197367.0,266.51,197367.0,1
2024-03-31,A관(1공장),[20] 분리,130577.0,170422.0,197367.0,66.16,197367.0,1
2024-03-31,A관(1공장),[45] 하이드레이션/전면검사,126222.0,126222.0,118500.0,106.52,118500.0,1
2024-03-31,A관(1공장),[80] 누수/규격검사,96168.0,99122.0,112903.0,85.18,112903.0,1
2024-03-31,C관(2공장),[10] 사출조립,1076304.0,1204054.0,742386.0,144.98,742386.0,1
2024-03-31,C관(2공장),[20] 분리,922163.0,1073261.0,742386.0,124.22,742386.0,1
2024-03-31,C관(2공장),[45] 하이드레이션/전면검사,846643.0,852484.0,650698.0,130.11,650698.0,1
2024-03-31,C관(2공장),[80] 누수/규격검사,871555.0,883425.0,609677.0,142.95,609677.0,1
2024-03-31,S관(3공장),[10] 사출조립,288671.0,311685.0,183871.0,157.0,183871.0,1
2024-03-31,S관(3공장),[20] 분리,88436.0,131207.0,183871.0,48.1,183871.0,1
2024-03-31,S관(3공장),[45] 하이드레이션/전면검사,173255.0,175374.0,116759.0,148.39,116759.0,1
2024-03-31,S관(3공장),[80] 누수/규격검사,147516.0,148593.0,100645.0,146.57,100645.0,1
2024-04-01,A관(1공장),[10] 사출조립,434370.0,441780.0,197367.0,220.08,197367.0,1
2024-04-01,A관(1공장),[20] 분리,128268.0,161315.0,197367.0,64.99,197367.0,1
2024-04-01,A관(1공장),[45] 하이드레이션/전면검사,91462.0,91462.0,118500.0,77.18,118500.0,1
2024-04-01,A관(1공장),[80] 누수/규격검사,86597.0,88064.0,112903.0,76.7,112903.0,1
2024-04-01,C관(2공장),[10] 사출조립,1076387.0,1217551.0,742386.0,144.99,742386.0,1
2024-04-01,C관(2공장),[20] 분리,967660.0,1129126.0,742386.0,130.34,742386.0,1
2024-04-01,C관(2공장),[45] 하이드레이션/전면검사,972129.0,974167.0,650698.0,149.4,650698.0,1
2024-04-01,C관(2공장),[80] 누수/규격검사,868543.0,896225.0,609677.0,142.46,609677.0,1
2024-04-01,S관(3공장),[10] 사출조립,132073.0,185826.0,183871.0,71.83,183871.0,1
2024-04-01,S관(3공장),[20] 분리,170118.0,241894.0,183871.0,92.52,183871.0,1
2024-04-01,S관(3공장),[45] 하이드레이션/전면검사,151590.0,154005.0,116759.0,129.83,116759.0,1
2024-04-01,S관(3공장),[80] 누수/규격검사,119451.0,121035.0,100645.0,118.69,100645.0,1
2024-04-02,A관(1공장),[10] 사출조립,454808.0,461530.0,197367.0,230.44,197367.0,1
2024-04-02,A관(1공장),[20] 분리,128870.0,163349.0,197367.0,65.29,197367.0,1
2024-04-02,A관(1공장),[45] 하이드레이션/전면검사,61278.0,61278.0,118500.0,51.71,118500.0,1
2024-04-02,A관(1공장),[80] 누수/규격검사,106577.0,108386.0,112903.0,94.4,112903.0,1
2024-04-02,C관(2공장),[10] 사출조립,983266.0,1138479.0,742386.0,132.45,742386.0,1
2024-04-02,C관(2공장),[20] 분리,981244.0,1147256.0,742386.0,132.17,742386.0,1
2024-04-02,C관(2공장),[45] 하이드레이션/전면검사,991940.0,994053.0,650698.0,152.44,650698.0,1
2024-04-02,C관(2공장),[80] 누수/규격검사,870785.0,877425.0,609677.0,142.83,609677.0,1
2024-04-02,S관(3공장),[10] 사출조립,195932.0,229254.0,183871.0,106.56,183871.0,1
2024-04-02,S관(3공장),[20] 분리,172472.0,238715.0,183871.0,93.8,183871.0,1
2024-04-02,S관(3공장),[45] 하이드레이션/전면검사,238605.0,241762.0,116759.0,204.36,116759.0,1
2024-04-02,S관(3공장),[80] 누수/규격검사,178022.0,178677.0,100645.0,176.88,100645.0,1
2024-04-03,A관(1공장),[10] 사출조립,430938.0,445140.0,197367.0,218.34,197367.0,1
2024-04-03,A관(1공장),[20] 분리,132886.0,170717.0,197367.0,67.33,197367.0,1
2024-04-03,A관(1공장),[45] 하이드레이션/전면검사,77927.0,77927.0,118500.0,65.76,118500.0,1
2024-04-03,A관(1공장),[80] 누수/규격검사,88857.0,90485.0,112903.0,78.7,112903.0,1
2024-04-03,C관(2공장),[10] 사출조립,1149988.0,1295658.0,742386.0,154.9,742386.0,1
2024-04-03,C관(2공장),[20] 분리,910616.0,1072211.0,742386.0,122.66,742386.0,1
2024-04-03,C관(2공장),[45] 하이드레이션/전면검사,980270.0,983978.0,650698.0,150.65,650698.0,1
2024-04-03,C관(2공장),[80] 누수/규격검사,873840.0,886805.0,609677.0,143.33,609677.0,1
2024-04-03,S관(3공장),[10] 사출조립,251859.0,317842.0,183871.0,136.98,183871.0,1
2024-04-03,S관(3공장),[20] 분리,158303.0,233263.0,183871.0,86.09,183871.0,1
2024-04-03,S관(3공장),[45] 하이드레이션/전면검사,196170.0,198159.0,116759.0,168.01,116759.0,1
2024-04-03,S관(3공장),[80] 누수/규격검사,189328.0,189692.0,100645.0,188.11,100645.0,1
2024-04-04,A관(1공장),[10] 사출조립,389538.0,400550.0,197367.0,197.37,197367.0,1
2024-04-04,A관(1공장),[20] 분리,106993.0,142335.0,197367.0,54.21,197367.0,1
2024-04-04,A관(1공장),[45] 하이드레이션/전면검사,114695.0,114695.0,118500.0,96.79,118500.0,1
2024-04-04,A관(1공장),[80] 누수/규격검사,96542.0,98471.0,112903.0,85.51,112903.0,1
2024-04-04,C관(2공장),[10] 사출조립,936092.0,1077102.0,742386.0,126.09,742386.0,1
2024-04-04,C관(2공장),[20] 분리,989906.0,1152768.0,742386.0,133.34,742386.0,1
2024-04-04,C관(2공장),[45] 하이드레이션/전면검사,835368.0,840964.0,650698.0,128.38,650698.0,1
2024-04-04,C관(2공장),[80] 누수/규격검사,870770.0,884290.0,609677.0,142.82,609677.0,1
2024-04-04,S관(3공장),[10] 사출조립,240995.0,283310.0,183871.0,131.07,183871.0,1
2024-04-04,S관(3공장),[20] 분리,171273.0,249844.0,183871.0,93.15,183871.0,1
2024-04-04,S관(3공장),[45] 하이드레이션/전면검사,82470.0,84400.0,116759.0,70.63,116759.0,1
2024-04-04,S관(3공장),[80] 누수/규격검사,214217.0,214728.0,100645.0,212.84,100645.0,1
2024-04-05,A관(1공장),[10] 사출조립,491304.0,500660.0,197367.0,248.93,197367.0,1
2024-04-05,A관(1공장),[20] 분리,114213.0,151750.0,197367.0,57.87,197367.0,1
2024-04-05,A관(1공장),[45] 하이드레이션/전면검사,52680.0,52680.0,118500.0,44.46,118500.0,1
2024-04-05,A관(1공장),[80] 누수/규격검사,92377.0,95659.0,112903.0,81.82,112903.0,1
2024-04-05,C관(2공장),[10] 사출조립,1029491.0,1150402.0,742386.0,138.67,742386.0,1
2024-04-05,C관(2공장),[20] 분리,962028.0,1126852.0,742386.0,129.59,742386.0,1
2024-04-05,C관(2공장),[45] 하이드레이션/전면검사,1043505.0,1045723.0,650698.0,160.37,650698.0,1
2024-04-05,C관(2공장),[80] 누수/규격검사,868121.0,875639.0,609677.0,142.39,609677.0,1
2024-04-05,S관(3공장),[10] 사출조립,230496.0,268456.0,183871.0,125.36,183871.0,1
2024-04-05,S관(3공장),[20] 분리,167333.0,233225.0,183871.0,91.01,183871.0,1
2024-04-05,S관(3공장),[45] 하이드레이션/전면검사,102110.0,103940.0,116759.0,87.45,116759.0,1
2024-04-05,S관(3공장),[80] 누수/규격검사,135601.0,136316.0,100645.0,134.73,100645.0,1
2024-04-06,A관(1공장),[10] 사출조립,456770.0,472280.0,197367.0,231.43,197367.0,1
2024-04-06,A관(1공장),[20] 분리,129426.0,167960.0,197367.0,65.58,197367.0,1
2024-04-06,A관(1공장),[45] 하이드레이션/전면검사,97627.0,97627.0,118500.0,82.39,118500.0,1
2024-04-06,A관(1공장),[80] 누수/규격검사,69161.0,70264.0,112903.0,61.26,112903.0,1
2024-04-06,C관(2공장),[10] 사출조립,970772.0,1091959.0,742386.0,130.76,742386.0,1
2024-04-06,C관(2공장),[20] 분리,971020.0,1126386.0,742386.0,130.8,742386.0,1
2024-04-06,C관(2공장),[45] 하이드레이션/전면검사,1110806.0,1112969.0,650698.0,170.71,650698.0,1
2024-04-06,C관(2공장),[80] 누수/규격검사,871647.0,889842.0,609677.0,142.97,609677.0,1
2024-04-06,S관(3공장),[10] 사출조립,271458.0,395070.0,183871.0,147.64,183871.0,1
2024-04-06,S관(3공장),[20] 분리,234126.0,307649.0,183871.0,127.33,183871.0,1
2024-04-06,S관(3공장),[45] 하이드레이션/전면검사,236645.0,240551.0,116759.0,202.68,116759.0,1
2024-04-06,S관(3공장),[80] 누수/규격검사,83439.0,83624.0,100645.0,82.9,100645.0,1
2024-04-07,A관(1공장),[10] 사출조립,487070.0,509060.0,197367.0,246.78,197367.0,1
2024-04-07,A관(1공장),[20] 분리,135933.0,175160.0,197367.0,68.87,197367.0,1
2024-04-07,A관(1공장),[45] 하이드레이션/전면검사,111192.0,111192.0,118500.0,93.83,118500.0,1
2024-04-07,A관(1공장),[80] 누수/규격검사,75099.0,76194.0,112903.0,66.52,112903.0,1
2024-04-07,C관(2공장),[10] 사출조립,1007157.0,1150623.0,742386.0,135.66,742386.0,1
2024-04-07,C관(2공장),[20] 분리,962763.0,1126900.0,742386.0,129.68,742386.0,1
2024-04-07,C관(2공장),[45] 하이드레이션/전면검사,876940.0,878260.0,650698.0,134.77,650698.0,1
2024-04-07,C관(2공장),[80] 누수/규격검사,866005.0,877760.0,609677.0,142.04,609677.0,1
2024-04-07,S관(3공장),[10] 사출조립,246683.0,299214.0,183871.0,134.16,183871.0,1
2024-04-07,S관(3공장),[20] 분리,203107.0,273747.0,183871.0,110.46,183871.0,1
2024-04-07,S관(3공장),[45] 하이드레이션/전면검사,93540.0,94211.0,116759.0,80.11,116759.0,1
2024-04-07,S관(3공장),[80] 누수/규격검사,121037.0,121352.0,100645.0,120.26,100645.0,1
2024-04-08,A관(1공장),[10] 사출조립,486760.0,510640.0,197367.0,246.63,197367.0,1
2024-04-08,A관(1공장),[20] 분리,138349.0,172480.0,197367.0,70.1,197367.0,1
2024-04-08,A관(1공장),[45] 하이드레이션/전면검사,88589.0,89875.0,118500.0,74.76,118500.0,1
2024-04-08,A관(1공장),[80] 누수/규격검사,64575.0,65079.0,112903.0,57.2,112903.0,1
2024-04-08,C관(2공장),[10] 사출조립,1087926.0,1218030.0,742386.0,146.54,742386.0,1
2024-04-08,C관(2공장),[20] 분리,967714.0,1129685.0,742386.0,130.35,742386.0,1
2024-04-08,C관(2공장),[45] 하이드레이션/전면검사,946470.0,950369.0,650698.0,145.45,650698.0,1
2024-04-08,C관(2공장),[80] 누수/규격검사,870070.0,878390.0,609677.0,142.71,609677.0,1
2024-04-08,S관(3공장),[10] 사출조립,181788.0,243636.0,183871.0,98.87,183871.0,1
2024-04-08,S관(3공장),[20] 분리,217634.0,331512.0,183871.0,118.36,183871.0,1
2024-04-08,S관(3공장),[45] 하이드레이션/전면검사,168940.0,171259.0,116759.0,144.69,116759.0,1
2024-04-08,S관(3공장),[80] 누수/규격검사,179620.0,180482.0,100645.0,178.47,100645.0,1
2024-04-09,A관(1공장),[10] 사출조립,386750.0,399490.0,197367.0,195.95,197367.0,1
2024-04-09,A관(1공장),[20] 분리,154826.0,189660.0,197367.0,78.45,197367.0,1
2024-04-09,A관(1공장),[45] 하이드레이션/전면검사,86794.0,87333.0,118500.0,73.24,118500.0,1
2024-04-09,A관(1공장),[80] 누수/규격검사,90230.0,91581.0,112903.0,79.92,112903.0,1
2024-04-09,C관(2공장),[10] 사출조립,984387.0,1125153.0,742386.0,132.6,742386.0,1
2024-04-09,C관(2공장),[20] 분리,1001750.0,1177509.0,742386.0,134.94,742386.0,1
2024-04-09,C관(2공장),[45] 하이드레이션/전면검사,941357.0,946409.0,650698.0,144.67,650698.0,1
2024-04-09,C관(2공장),[80] 누수/규격검사,873800.0,896524.0,609677.0,143.32,609677.0,1
2024-04-09,S관(3공장),[10] 사출조립,177057.0,231459.0,183871.0,96.29,183871.0,1
2024-04-09,S관(3공장),[20] 분리,145392.0,225863.0,183871.0,79.07,183871.0,1
2024-04-09,S관(3공장),[45] 하이드레이션/전면검사,104790.0,105725.0,116759.0,89.75,116759.0,1
2024-04-09,S관(3공장),[80] 누수/규격검사,175224.0,175597.0,100645.0,174.1,100645.0,1
2024-04-10,A관(1공장),[10] 사출조립,493070.0,510760.0,197367.0,249.82,197367.0,1
2024-04-10,A관(1공장),[20] 분리,139957.0,168550.0,197367.0,70.91,197367.0,1
2024-04-10,A관(1공장),[45] 하이드레이션/전면검사,94400.0,95885.0,118500.0,79.66,118500.0,1
2024-04-10,A관(1공장),[80] 누수/규격검사,74638.0,75658.0,112903.0,66.11,112903.0,1
2024-04-10,C관(2공장),[10] 사출조립,718725.0,833832.0,742386.0,96.81,742386.0,1
2024-04-10,C관(2공장),[20] 분리,990321.0,1154646.0,742386.0,133.4,742386.0,1
2024-04-10,C관(2공장),[45] 하이드레이션/전면검사,863272.0,868598.0,650698.0,132.67,650698.0,1
2024-04-10,C관(2공장),[80] 누수/규격검사,872399.0,883896.0,609677.0,143.09,609677.0,1
2024-04-10,S관(3공장),[10] 사출조립,168927.0,213336.0,183871.0,91.87,183871.0,1
2024-04-10,S관(3공장),[20] 분리,124115.0,178180.0,183871.0,67.5,183871.0,1
2024-04-10,S관(3공장),[45] 하이드레이션/전면검사,142465.0,144135.0,116759.0,122.02,116759.0,1
2024-04-10,S관(3공장),[80] 누수/규격검사,167628.0,168079.0,100645.0,166.55,100645.0,1
2024-04-11,A관(1공장),[10] 사출조립,363510.0,388830.0,197367.0,184.18,197367.0,1
2024-04-11,A관(1공장),[20] 분리,133751.0,165040.0,197367.0,67.77,197367.0,1
2024-04-11,A관(1공장),[45] 하이드레이션/전면검사,100037.0,100467.0,118500.0,84.42,118500.0,1
2024-04-11,A관(1공장),[80] 누수/규격검사,66961.0,69146.0,112903.0,59.31,112903.0,1
2024-04-11,C관(2공장),[10] 사출조립,874704.0,985004.0,742386.0,117.82,742386.0,1
2024-04-11,C관(2공장),[20] 분리,927185.0,1105082.0,742386.0,124.89,742386.0,1
2024-04-11,C관(2공장),[45] 하이드레이션/전면검사,932832.0,938266.0,650698.0,143.36,650698.0,1
2024-04-11,C관(2공장),[80] 누수/규격검사,871607.0,891382.0,609677.0,142.96,609677.0,1
2024-04-11,S관(3공장),[10] 사출조립,215389.0,330924.0,183871.0,117.14,183871.0,1
2024-04-11,S관(3공장),[20] 분리,259511.0,385585.0,183871.0,141.14,183871.0,1
2024-04-11,S관(3공장),[45] 하이드레이션/전면검사,203985.0,206606.0,116759.0,174.71,116759.0,1
2024-04-11,S관(3공장),[80] 누수/규격검사,236182.0,236791.0,100645.0,234.67,100645.0,1
2024-04-12,A관(1공장),[10] 사출조립,429040.0,472360.0,197367.0,217.38,197367.0,1
2024-04-12,A관(1공장),[20] 분리,128719.0,158310.0,197367.0,65.22,197367.0,1
2024-04-12,A관(1공장),[45] 하이드레이션/전면검사,75696.0,75696.0,118500.0,63.88,118500.0,1
2024-04-12,A관(1공장),[80] 누수/규격검사,68539.0,70089.0,112903.0,60.71,112903.0,1
2024-04-12,C관(2공장),[10] 사출조립,657987.0,759346.0,742386.0,88.63,742386.0,1
2024-04-12,C관(2공장),[20] 분리,913099.0,1075414.0,742386.0,123.0,742386.0,1
2024-04-12,C관(2공장),[45] 하이드레이션/전면검사,891474.0,897723.0,650698.0,137.0,650698.0,1
2024-04-12,C관(2공장),[80] 누수/규격검사,638100.0,648692.0,609677.0,104.66,609677.0,1
2024-04-12,S관(3공장),[10] 사출조립,132820.0,189320.0,183871.0,72.24,183871.0,1
2024-04-12,S관(3공장),[20] 분리,110790.0,154498.0,183871.0,60.25,183871.0,1
2024-04-12,S관(3공장),[45] 하이드레이션/전면검사,178345.0,182391.0,116759.0,152.75,116759.0,1
2024-04-12,S관(3공장),[80] 누수/규격검사,142316.0,146912.0,100645.0,141.4,100645.0,1
2024-04-13,A관(1공장),[10] 사출조립,513490.0,533450.0,197367.0,260.17,197367.0,1
2024-04-13,A관(1공장),[20] 분리,124663.0,161010.0,197367.0,63.16,197367.0,1
2024-04-13,A관(1공장),[45] 하이드레이션/전면검사,30400.0,30707.0,118500.0,25.65,118500.0,1
2024-04-13,A관(1공장),[80] 누수/규격검사,77358.0,78677.0,112903.0,68.52,112903.0,1
2024-04-13,C관(2공장),[10] 사출조립,725587.0,835738.0,742386.0,97.74,742386.0,1
2024-04-13,C관(2공장),[20] 분리,721692.0,873344.0,742386.0,97.21,742386.0,1
2024-04-13,C관(2공장),[45] 하이드레이션/전면검사,831976.0,838883.0,650698.0,127.86,650698.0,1
2024-04-13,C관(2공장),[80] 누수/규격검사,727651.0,745211.0,609677.0,119.35,609677.0,1
2024-04-13,S관(3공장),[10] 사출조립,276583.0,360606.0,183871.0,150.42,183871.0,1
2024-04-13,S관(3공장),[20] 분리,168368.0,243519.0,183871.0,91.57,183871.0,1
2024-04-13,S관(3공장),[45] 하이드레이션/전면검사,153730.0,155955.0,116759.0,131.66,116759.0,1
2024-04-13,S관(3공장),[80] 누수/규격검사,141356.0,147113.0,100645.0,140.45,100645.0,1
2024-04-14,A관(1공장),[10] 사출조립,194660.0,203320.0,197367.0,98.63,197367.0,1
2024-04-14,A관(1공장),[20] 분리,129959.0,158870.0,197367.0,65.85,197367.0,1
2024-04-14,A관(1공장),[45] 하이드레이션/전면검사,95532.0,95954.0,118500.0,80.62,118500.0,1
2024-04-14,A관(1공장),[80] 누수/규격검사,100148.0,101111.0,112903.0,88.7,112903.0,1
2024-04-14,C관(2공장),[10] 사출조립,708685.0,803989.0,742386.0,95.46,742386.0,1
2024-04-14,C관(2공장),[20] 분리,675001.0,819964.0,742386.0,90.92,742386.0,1
2024-04-14,C관(2공장),[45] 하이드레이션/전면검사,792525.0,797871.0,650698.0,121.8,650698.0,1
2024-04-14,C관(2공장),[80] 누수/규격검사,820445.0,835410.0,609677.0,134.57,609677.0,1
2024-04-14,S관(3공장),[10] 사출조립,244649.0,273760.0,183871.0,133.05,183871.0,1
2024-04-14,S관(3공장),[20] 분리,202762.0,280447.0,183871.0,110.27,183871.0,1
2024-04-14,S관(3공장),[45] 하이드레이션/전면검사,249255.0,251387.0,116759.0,213.48,116759.0,1
2024-04-14,S관(3공장),[80] 누수/규격검사,163106.0,166764.0,100645.0,162.06,100645.0,1
2024-04-15,A관(1공장),[10] 사출조립,188610.0,198900.0,197367.0,95.56,197367.0,1
2024-04-15,A관(1공장),[20] 분리,104217.0,131000.0,197367.0,52.8,197367.0,1
2024-04-15,A관(1공장),[45] 하이드레이션/전면검사,80440.0,80719.0,118500.0,67.88,118500.0,1
2024-04-15,A관(1공장),[80] 누수/규격검사,76677.0,78802.0,112903.0,67.91,112903.0,1
2024-04-15,C관(2공장),[10] 사출조립,710672.0,832926.0,742386.0,95.73,742386.0,1
2024-04-15,C관(2공장),[20] 분리,712502.0,850561.0,742386.0,95.97,742386.0,1
2024-04-15,C관(2공장),[45] 하이드레이션/전면검사,724996.0,732267.0,650698.0,111.42,650698.0,1
2024-04-15,C관(2공장),[80] 누수/규격검사,775926.0,786288.0,609677.0,127.27,609677.0,1
2024-04-15,S관(3공장),[10] 사출조립,225562.0,273430.0,183871.0,122.67,183871.0,1
2024-04-15,S관(3공장),[20] 분리,196755.0,280311.0,183871.0,107.01,183871.0,1
2024-04-15,S관(3공장),[45] 하이드레이션/전면검사,203700.0,206233.0,116759.0,174.46,116759.0,1
2024-04-15,S관(3공장),[80] 누수/규격검사,188438.0,188932.0,100645.0,187.23,100645.0,1
2024-04-16,A관(1공장),[10] 사출조립,190090.0,217290.0,197367.0,96.31,197367.0,1
2024-04-16,A관(1공장),[20] 분리,103387.0,124450.0,197367.0,52.38,197367.0,1
2024-04-16,A관(1공장),[45] 하이드레이션/전면검사,96875.0,97160.0,118500.0,81.75,118500.0,1
2024-04-16,A관(1공장),[80] 누수/규격검사,81320.0,82583.0,112903.0,72.03,112903.0,1
2024-04-16,C관(2공장),[10] 사출조립,590587.0,675495.0,742386.0,79.55,742386.0,1
2024-04-16,C관(2공장),[20] 분리,712726.0,878790.0,742386.0,96.0,742386.0,1
2024-04-16,C관(2공장),[45] 하이드레이션/전면검사,837314.0,846931.0,650698.0,128.68,650698.0,1
2024-04-16,C관(2공장),[80] 누수/규격검사,753053.0,769324.0,609677.0,123.52,609677.0,1
2024-04-16,S관(3공장),[10] 사출조립,111579.0,133992.0,183871.0,60.68,183871.0,1
2024-04-16,S관(3공장),[20] 분리,208502.0,292647.0,183871.0,113.4,183871.0,1
2024-04-16,S관(3공장),[45] 하이드레이션/전면검사,160145.0,162471.0,116759.0,137.16,116759.0,1
2024-04-16,S관(3공장),[80] 누수/규격검사,241449.0,242515.0,100645.0,239.9,100645.0,1
2024-04-17,A관(1공장),[10] 사출조립,186890.0,197210.0,197367.0,94.69,197367.0,1
2024-04-17,A관(1공장),[20] 분리,115879.0,141690.0,197367.0,58.71,197367.0,1
2024-04-17,A관(1공장),[45] 하이드레이션/전면검사,83099.0,83830.0,118500.0,70.13,118500.0,1
2024-04-17,A관(1공장),[80] 누수/규격검사,90463.0,91209.0,112903.0,80.12,112903.0,1
2024-04-17,C관(2공장),[10] 사출조립,563974.0,690671.0,742386.0,75.97,742386.0,1
2024-04-17,C관(2공장),[20] 분리,730801.0,884434.0,742386.0,98.44,742386.0,1
2024-04-17,C관(2공장),[45] 하이드레이션/전면검사,755690.0,765905.0,650698.0,116.14,650698.0,1
2024-04-17,C관(2공장),[80] 누수/규격검사,772499.0,785146.0,609677.0,126.71,609677.0,1
2024-04-17,S관(3공장),[10] 사출조립,183908.0,212625.0,183871.0,100.02,183871.0,1
2024-04-17,S관(3공장),[20] 분리,183198.0,266423.0,183871.0,99.63,183871.0,1
2024-04-17,S관(3공장),[45] 하이드레이션/전면검사,191325.0,194483.0,116759.0,163.86,116759.0,1
2024-04-17,S관(3공장),[80] 누수/규격검사,214774.0,215964.0,100645.0,213.4,100645.0,1
2024-04-18,A관(1공장),[10] 사출조립,222820.0,232950.0,197367.0,112.9,197367.0,1
2024-04-18,A관(1공장),[20] 분리,95188.0,118400.0,197367.0,48.23,197367.0,1
2024-04-18,A관(1공장),[45] 하이드레이션/전면검사,118482.0,118482.0,118500.0,99.98,118500.0,1
2024-04-18,A관(1공장),[80] 누수/규격검사,73402.0,75709.0,112903.0,65.01,112903.0,1
2024-04-18,C관(2공장),[10] 사출조립,707163.0,800310.0,742386.0,95.26,742386.0,1
2024-04-18,C관(2공장),[20] 분리,655898.0,775561.0,742386.0,88.35,742386.0,1
2024-04-18,C관(2공장),[45] 하이드레이션/전면검사,786608.0,795084.0,650698.0,120.89,650698.0,1
2024-04-18,C관(2공장),[80] 누수/규격검사,708391.0,726581.0,609677.0,116.19,609677.0,1
2024-04-18,S관(3공장),[10] 사출조립,144007.0,182296.0,183871.0,78.32,183871.0,1
2024-04-18,S관(3공장),[20] 분리,203052.0,291666.0,183871.0,110.43,183871.0,1
2024-04-18,S관(3공장),[45] 하이드레이션/전면검사,129750.0,131178.0,116759.0,111.13,116759.0,1
2024-04-18,S관(3공장),[80] 누수/규격검사,175349.0,175787.0,100645.0,174.23,100645.0,1
2024-04-19,A관(1공장),[10] 사출조립,217410.0,229200.0,197367.0,110.16,197367.0,1
2024-04-19,A관(1공장),[20] 분리,98569.0,121060.0,197367.0,49.94,197367.0,1
2024-04-19,A관(1공장),[45] 하이드레이션/전면검사,87208.0,87208.0,118500.0,73.59,118500.0,1
2024-04-19,A관(1공장),[80] 누수/규격검사,90538.0,91656.0,112903.0,80.19,112903.0,1
2024-04-19,C관(2공장),[10] 사출조립,625805.0,718792.0,742386.0,84.3,742386.0,1
2024-04-19,C관(2공장),[20] 분리,593024.0,710272.0,742386.0,79.88,742386.0,1
2024-04-19,C관(2공장),[45] 하이드레이션/전면검사,722618.0,730803.0,650698.0,111.05,650698.0,1
2024-04-19,C관(2공장),[80] 누수/규격검사,844880.0,862610.0,609677.0,138.58,609677.0,1
2024-04-19,S관(3공장),[10] 사출조립,54091.0,74840.0,183871.0,29.42,183871.0,1
2024-04-19,S관(3공장),[20] 분리,198334.0,278538.0,183871.0,107.87,183871.0,1
2024-04-19,S관(3공장),[45] 하이드레이션/전면검사,267090.0,270182.0,116759.0,228.75,116759.0,1
2024-04-19,S관(3공장),[80] 누수/규격검사,151869.0,152247.0,100645.0,150.9,100645.0,1
2024-04-20,A관(1공장),[10] 사출조립,191240.0,204960.0,197367.0,96.9,197367.0,1
2024-04-20,A관(1공장),[20] 분리,106478.0,130070.0,197367.0,53.95,197367.0,1
2024-04-20,A관(1공장),[45] 하이드레이션/전면검사,88913.0,88913.0,118500.0,75.03,118500.0,1
2024-04-20,A관(1공장),[80] 누수/규격검사,66334.0,71516.0,112903.0,58.75,112903.0,1
2024-04-20,C관(2공장),[10] 사출조립,744544.0,862662.0,742386.0,100.29,742386.0,1
2024-04-20,C관(2공장),[20] 분리,529701.0,615380.0,742386.0,71.35,742386.0,1
2024-04-20,C관(2공장),[45] 하이드레이션/전면검사,747787.0,753266.0,650698.0,114.92,650698.0,1
2024-04-20,C관(2공장),[80] 누수/규격검사,739540.0,750955.0,609677.0,121.3,609677.0,1
2024-04-20,S관(3공장),[10] 사출조립,128769.0,182545.0,183871.0,70.03,183871.0,1
2024-04-20,S관(3공장),[20] 분리,230974.0,317461.0,183871.0,125.62,183871.0,1
2024-04-20,S관(3공장),[45] 하이드레이션/전면검사,111545.0,117547.0,116759.0,95.53,116759.0,1
2024-04-20,S관(3공장),[80] 누수/규격검사,149609.0,150933.0,100645.0,148.65,100645.0,1
2024-04-21,A관(1공장),[10] 사출조립,184780.0,188640.0,197367.0,93.62,197367.0,1
2024-04-21,A관(1공장),[20] 분리,100845.0,123930.0,197367.0,51.1,197367.0,1
2024-04-21,A관(1공장),[45] 하이드레이션/전면검사,58789.0,58789.0,118500.0,49.61,118500.0,1
2024-04-21,A관(1공장),[80] 누수/규격검사,91023.0,92124.0,112903.0,80.62,112903.0,1
2024-04-21,C관(2공장),[10] 사출조립,646844.0,769892.0,742386.0,87.13,742386.0,1
2024-04-21,C관(2공장),[20] 분리,472383.0,542728.0,742386.0,63.63,742386.0,1
2024-04-21,C관(2공장),[45] 하이드레이션/전면검사,782291.0,789371.0,650698.0,120.22,650698.0,1
2024-04-21,C관(2공장),[80] 누수/규격검사,736615.0,746135.0,609677.0,120.82,609677.0,1
2024-04-21,S관(3공장),[10] 사출조립,206687.0,239287.0,183871.0,112.41,183871.0,1
2024-04-21,S관(3공장),[20] 분리,332797.0,439732.0,183871.0,180.99,183871.0,1
2024-04-21,S관(3공장),[45] 하이드레이션/전면검사,162340.0,164333.0,116759.0,139.04,116759.0,1
2024-04-21,S관(3공장),[80] 누수/규격검사,144432.0,145664.0,100645.0,143.51,100645.0,1
2024-04-22,A관(1공장),[10] 사출조립,124340.0,132920.0,197367.0,63.0,197367.0,1
2024-04-22,A관(1공장),[20] 분리,102036.0,121750.0,197367.0,51.7,197367.0,1
2024-04-22,A관(1공장),[45] 하이드레이션/전면검사,60678.0,60678.0,118500.0,51.21,118500.0,1
2024-04-22,A관(1공장),[80] 누수/규격검사,103347.0,105626.0,112903.0,91.54,112903.0,1
2024-04-22,C관(2공장),[10] 사출조립,567404.0,692146.0,742386.0,76.43,742386.0,1
2024-04-22,C관(2공장),[20] 분리,513103.0,607464.0,742386.0,69.12,742386.0,1
2024-04-22,C관(2공장),[45] 하이드레이션/전면검사,787773.0,792531.0,650698.0,121.07,650698.0,1
2024-04-22,C관(2공장),[80] 누수/규격검사,598355.0,614435.0,609677.0,98.14,609677.0,1
2024-04-22,S관(3공장),[10] 사출조립,231533.0,304550.0,183871.0,125.92,183871.0,1
2024-04-22,S관(3공장),[20] 분리,297514.0,382288.0,183871.0,161.81,183871.0,1
2024-04-22,S관(3공장),[45] 하이드레이션/전면검사,274730.0,277693.0,116759.0,235.3,116759.0,1
2024-04-22,S관(3공장),[80] 누수/규격검사,135870.0,136786.0,100645.0,135.0,100645.0,1
2024-04-23,A관(1공장),[10] 사출조립,202040.0,213120.0,197367.0,102.37,197367.0,1
2024-04-23,A관(1공장),[20] 분리,112837.0,131040.0,197367.0,57.17,197367.0,1
2024-04-23,A관(1공장),[45] 하이드레이션/전면검사,80370.0,80370.0,118500.0,67.82,118500.0,1
2024-04-23,A관(1공장),[80] 누수/규격검사,81752.0,82436.0,112903.0,72.41,112903.0,1
2024-04-23,C관(2공장),[10] 사출조립,517144.0,620309.0,742386.0,69.66,742386.0,1
2024-04-23,C관(2공장),[20] 분리,520529.0,606971.0,742386.0,70.12,742386.0,1
2024-04-23,C관(2공장),[45] 하이드레이션/전면검사,728330.0,731001.0,650698.0,111.93,650698.0,1
2024-04-23,C관(2공장),[80] 누수/규격검사,606640.0,626440.0,609677.0,99.5,609677.0,1
2024-04-23,S관(3공장),[10] 사출조립,338338.0,409592.0,183871.0,184.01,183871.0,1
2024-04-23,S관(3공장),[20] 분리,267338.0,339110.0,183871.0,145.39,183871.0,1
2024-04-23,S관(3공장),[45] 하이드레이션/전면검사,225495.0,230890.0,116759.0,193.13,116759.0,1
2024-04-23,S관(3공장),[80] 누수/규격검사,207216.0,208111.0,100645.0,205.89,100645.0,1
2024-04-24,A관(1공장),[10] 사출조립,228710.0,235120.0,197367.0,115.88,197367.0,1
2024-04-24,A관(1공장),[20] 분리,71012.0,85480.0,197367.0,35.98,197367.0,1
2024-04-24,A관(1공장),[45] 하이드레이션/전면검사,148727.0,148727.0,118500.0,125.51,118500.0,1
2024-04-24,A관(1공장),[80] 누수/규격검사,83399.0,83835.0,112903.0,73.87,112903.0,1
2024-04-24,C관(2공장),[10] 사출조립,630458.0,800616.0,742386.0,84.92,742386.0,1
2024-04-24,C관(2공장),[20] 분리,518210.0,603081.0,742386.0,69.8,742386.0,1
2024-04-24,C관(2공장),[45] 하이드레이션/전면검사,686968.0,690594.0,650698.0,105.57,650698.0,1
2024-04-24,C관(2공장),[80] 누수/규격검사,550265.0,572545.0,609677.0,90.26,609677.0,1
2024-04-24,S관(3공장),[10] 사출조립,299732.0,332248.0,183871.0,163.01,183871.0,1
2024-04-24,S관(3공장),[20] 분리,268034.0,333932.0,183871.0,145.77,183871.0,1
2024-04-24,S관(3공장),[45] 하이드레이션/전면검사,107625.0,112799.0,116759.0,92.18,116759.0,1
2024-04-24,S관(3공장),[80] 누수/규격검사,160721.0,166577.0,100645.0,159.69,100645.0,1
2024-04-25,A관(1공장),[10] 사출조립,356060.0,370810.0,197367.0,180.41,197367.0,1
2024-04-25,A관(1공장),[20] 분리,119494.0,150362.0,197367.0,60.54,197367.0,1
2024-04-25,A관(1공장),[45] 하이드레이션/전면검사,89889.0,90571.0,118500.0,75.86,118500.0,1
2024-04-25,A관(1공장),[80] 누수/규격검사,67947.0,70676.0,112903.0,60.18,112903.0,1
2024-04-25,C관(2공장),[10] 사출조립,633561.0,768022.0,742386.0,85.34,742386.0,1
2024-04-25,C관(2공장),[20] 분리,480239.0,573357.0,742386.0,64.69,742386.0,1
2024-04-25,C관(2공장),[45] 하이드레이션/전면검사,603382.0,605241.0,650698.0,92.73,650698.0,1
2024-04-25,C관(2공장),[80] 누수/규격검사,578773.0,590023.0,609677.0,94.93,609677.0,1
2024-04-25,S관(3공장),[10] 사출조립,177185.0,222819.0,183871.0,96.36,183871.0,1
2024-04-25,S관(3공장),[20] 분리,278069.0,366877.0,183871.0,151.23,183871.0,1
2024-04-25,S관(3공장),[45] 하이드레이션/전면검사,201570.0,203583.0,116759.0,172.64,116759.0,1
2024-04-25,S관(3공장),[80] 누수/규격검사,158216.0,159598.0,100645.0,157.2,100645.0,1
2024-04-26,A관(1공장),[10] 사출조립,420170.0,432010.0,197367.0,212.89,197367.0,1
2024-04-26,A관(1공장),[20] 분리,100621.0,121180.0,197367.0,50.98,197367.0,1
2024-04-26,A관(1공장),[45] 하이드레이션/전면검사,94701.0,94747.0,118500.0,79.92,118500.0,1
2024-04-26,A관(1공장),[80] 누수/규격검사,85161.0,85881.0,112903.0,75.43,112903.0,1
2024-04-26,C관(2공장),[10] 사출조립,674513.0,807090.0,742386.0,90.86,742386.0,1
2024-04-26,C관(2공장),[20] 분리,542215.0,640559.0,742386.0,73.04,742386.0,1
2024-04-26,C관(2공장),[45] 하이드레이션/전면검사,712459.0,717945.0,650698.0,109.49,650698.0,1
2024-04-26,C관(2공장),[80] 누수/규격검사,563843.0,583508.0,609677.0,92.48,609677.0,1
2024-04-26,S관(3공장),[10] 사출조립,346026.0,428002.0,183871.0,188.19,183871.0,1
2024-04-26,S관(3공장),[20] 분리,305405.0,413714.0,183871.0,166.1,183871.0,1
2024-04-26,S관(3공장),[45] 하이드레이션/전면검사,260235.0,269416.0,116759.0,222.88,116759.0,1
2024-04-26,S관(3공장),[80] 누수/규격검사,178097.0,178566.0,100645.0,176.96,100645.0,1
2024-04-27,A관(1공장),[10] 사출조립,325350.0,331980.0,197367.0,164.85,197367.0,1
2024-04-27,A관(1공장),[20] 분리,101745.0,123330.0,197367.0,51.55,197367.0,1
2024-04-27,A관(1공장),[45] 하이드레이션/전면검사,62627.0,62627.0,118500.0,52.85,118500.0,1
2024-04-27,A관(1공장),[80] 누수/규격검사,86998.0,88539.0,112903.0,77.06,112903.0,1
2024-04-27,C관(2공장),[10] 사출조립,516048.0,640281.0,742386.0,69.51,742386.0,1
2024-04-27,C관(2공장),[20] 분리,704083.0,827529.0,742386.0,94.84,742386.0,1
2024-04-27,C관(2공장),[45] 하이드레이션/전면검사,802961.0,808831.0,650698.0,123.4,650698.0,1
2024-04-27,C관(2공장),[80] 누수/규격검사,645848.0,655695.0,609677.0,105.93,609677.0,1
2024-04-27,S관(3공장),[10] 사출조립,348386.0,404770.0,183871.0,189.47,183871.0,1
2024-04-27,S관(3공장),[20] 분리,324918.0,448290.0,183871.0,176.71,183871.0,1
2024-04-27,S관(3공장),[45] 하이드레이션/전면검사,233155.0,236804.0,116759.0,199.69,116759.0,1
2024-04-27,S관(3공장),[80] 누수/규격검사,200935.0,202076.0,100645.0,199.65,100645.0,1
2024-04-28,A관(1공장),[10] 사출조립,392360.0,398190.0,197367.0,198.8,197367.0,1
2024-04-28,A관(1공장),[20] 분리,101802.0,120720.0,197367.0,51.58,197367.0,1
2024-04-28,A관(1공장),[45] 하이드레이션/전면검사,92698.0,92698.0,118500.0,78.23,118500.0,1
2024-04-28,A관(1공장),[80] 누수/규격검사,91183.0,91955.0,112903.0,80.76,112903.0,1
2024-04-28,C관(2공장),[10] 사출조립,742380.0,849673.0,742386.0,100.0,742386.0,1
2024-04-28,C관(2공장),[20] 분리,658037.0,783596.0,742386.0,88.64,742386.0,1
2024-04-28,C관(2공장),[45] 하이드레이션/전면검사,640536.0,644985.0,650698.0,98.44,650698.0,1
2024-04-28,C관(2공장),[80] 누수/규격검사,680795.0,688123.0,609677.0,111.66,609677.0,1
2024-04-28,S관(3공장),[10] 사출조립,202550.0,250035.0,183871.0,110.16,183871.0,1
2024-04-28,S관(3공장),[20] 분리,219829.0,293954.0,183871.0,119.56,183871.0,1
2024-04-28,S관(3공장),[45] 하이드레이션/전면검사,119450.0,130641.0,116759.0,102.3,116759.0,1
2024-04-28,S관(3공장),[80] 누수/규격검사,176557.0,176876.0,100645.0,175.43,100645.0,1
2024-04-29,A관(1공장),[10] 사출조립,357600.0,364870.0,197367.0,181.19,197367.0,1
2024-04-29,A관(1공장),[20] 분리,105933.0,123237.0,197367.0,53.67,197367.0,1
2024-04-29,A관(1공장),[45] 하이드레이션/전면검사,86633.0,86633.0,118500.0,73.11,118500.0,1
2024-04-29,A관(1공장),[80] 누수/규격검사,90701.0,91943.0,112903.0,80.34,112903.0,1
2024-04-29,C관(2공장),[10] 사출조립,487105.0,591323.0,742386.0,65.61,742386.0,1
2024-04-29,C관(2공장),[20] 분리,664333.0,812869.0,742386.0,89.49,742386.0,1
2024-04-29,C관(2공장),[45] 하이드레이션/전면검사,667741.0,674961.0,650698.0,102.62,650698.0,1
2024-04-29,C관(2공장),[80] 누수/규격검사,684720.0,691455.0,609677.0,112.31,609677.0,1
2024-04-29,S관(3공장),[10] 사출조립,188610.0,256284.0,183871.0,102.58,183871.0,1
2024-04-29,S관(3공장),[20] 분리,283237.0,374612.0,183871.0,154.04,183871.0,1
2024-04-29,S관(3공장),[45] 하이드레이션/전면검사,230960.0,237021.0,116759.0,197.81,116759.0,1
2024-04-29,S관(3공장),[80] 누수/규격검사,188807.0,190621.0,100645.0,187.6,100645.0,1
2024-04-30,A관(1공장),[10] 사출조립,333860.0,344430.0,197367.0,169.16,197367.0,1
2024-04-30,A관(1공장),[20] 분리,106697.0,127970.0,197367.0,54.06,197367.0,1
2024-04-30,A관(1공장),[45] 하이드레이션/전면검사,102659.0,102659.0,118500.0,86.63,118500.0,1
2024-04-30,A관(1공장),[80] 누수/규격검사,86076.0,86774.0,112903.0,76.24,112903.0,1
2024-04-30,C관(2공장),[10] 사출조립,624625.0,743906.0,742386.0,84.14,742386.0,1
2024-04-30,C관(2공장),[20] 분리,688182.0,818064.0,742386.0,92.7,742386.0,1
2024-04-30,C관(2공장),[45] 하이드레이션/전면검사,678050.0,682046.0,650698.0,104.2,650698.0,1
2024-04-30,C관(2공장),[80] 누수/규격검사,655150.0,670531.0,609677.0,107.46,609677.0,1
2024-04-30,S관(3공장),[10] 사출조립,261489.0,335960.0,183871.0,142.21,183871.0,1
2024-04-30,S관(3공장),[20] 분리,207505.0,282789.0,183871.0,112.85,183871.0,1
2024-04-30,S관(3공장),[45] 하이드레이션/전면검사,204585.0,207678.0,116759.0,175.22,116759.0,1
2024-04-30,S관(3공장),[80] 누수/규격검사,184912.0,187064.0,100645.0,183.73,100645.0,1
2024-05-01,A관(1공장),[10] 사출조립,418510.0,437830.0,197367.0,212.05,197367.0,1
2024-05-01,A관(1공장),[20] 분리,90359.0,109790.0,197367.0,45.78,197367.0,1
2024-05-01,A관(1공장),[45] 하이드레이션/전면검사,33583.0,34424.0,118500.0,28.34,118500.0,1
2024-05-01,A관(1공장),[80] 누수/규격검사,56185.0,56623.0,112903.0,49.76,112903.0,1
2024-05-01,C관(2공장),[10] 사출조립,602289.0,731849.0,742386.0,81.13,742386.0,1
2024-05-01,C관(2공장),[20] 분리,660550.0,791898.0,742386.0,88.98,742386.0,1
2024-05-01,C관(2공장),[45] 하이드레이션/전면검사,619450.0,620621.0,650698.0,95.2,650698.0,1
2024-05-01,C관(2공장),[80] 누수/규격검사,675990.0,693760.0,609677.0,110.88,609677.0,1
2024-05-01,S관(3공장),[10] 사출조립,116848.0,183382.0,183871.0,63.55,183871.0,1
2024-05-01,S관(3공장),[20] 분리,200878.0,284487.0,183871.0,109.25,183871.0,1
2024-05-01,S관(3공장),[45] 하이드레이션/전면검사,216755.0,295312.0,116759.0,185.64,116759.0,1
2024-05-01,S관(3공장),[80] 누수/규격검사,171490.0,173758.0,100645.0,170.39,100645.0,1
2024-05-02,A관(1공장),[10] 사출조립,440450.0,457380.0,197367.0,223.16,197367.0,1
2024-05-02,A관(1공장),[20] 분리,116137.0,142339.0,197367.0,58.84,197367.0,1
2024-05-02,A관(1공장),[45] 하이드레이션/전면검사,110137.0,110137.0,118500.0,92.94,118500.0,1
2024-05-02,A관(1공장),[80] 누수/규격검사,79543.0,80044.0,112903.0,70.45,112903.0,1
2024-05-02,C관(2공장),[10] 사출조립,689976.0,816175.0,742386.0,92.94,742386.0,1
2024-05-02,C관(2공장),[20] 분리,574434.0,694367.0,742386.0,77.38,742386.0,1
2024-05-02,C관(2공장),[45] 하이드레이션/전면검사,706620.0,708641.0,650698.0,108.59,650698.0,1
2024-05-02,C관(2공장),[80] 누수/규격검사,639275.0,655800.0,609677.0,104.85,609677.0,1
2024-05-02,S관(3공장),[10] 사출조립,106123.0,140880.0,183871.0,57.72,183871.0,1
2024-05-02,S관(3공장),[20] 분리,295991.0,401458.0,183871.0,160.98,183871.0,1
2024-05-02,S관(3공장),[45] 하이드레이션/전면검사,178985.0,192938.0,116759.0,153.29,116759.0,1
2024-05-02,S관(3공장),[80] 누수/규격검사,207346.0,208936.0,100645.0,206.02,100645.0,1
2024-05-03,A관(1공장),[10] 사출조립,478630.0,496750.0,197367.0,242.51,197367.0,1
2024-05-03,A관(1공장),[20] 분리,123119.0,153140.0,197367.0,62.38,197367.0,1
2024-05-03,A관(1공장),[45] 하이드레이션/전면검사,56065.0,57314.0,118500.0,47.31,118500.0,1
2024-05-03,A관(1공장),[80] 누수/규격검사,86560.0,89213.0,112903.0,76.67,112903.0,1
2024-05-03,C관(2공장),[10] 사출조립,636065.0,754306.0,742386.0,85.68,742386.0,1
2024-05-03,C관(2공장),[20] 분리,649814.0,768055.0,742386.0,87.53,742386.0,1
2024-05-03,C관(2공장),[45] 하이드레이션/전면검사,631865.0,636430.0,650698.0,97.11,650698.0,1
2024-05-03,C관(2공장),[80] 누수/규격검사,640130.0,648155.0,609677.0,104.99,609677.0,1
2024-05-03,S관(3공장),[10] 사출조립,112897.0,145920.0,183871.0,61.4,183871.0,1
2024-05-03,S관(3공장),[20] 분리,285288.0,375089.0,183871.0,155.16,183871.0,1
2024-05-03,S관(3공장),[45] 하이드레이션/전면검사,175593.0,179261.0,116759.0,150.39,116759.0,1
2024-05-03,S관(3공장),[80] 누수/규격검사,203945.0,204799.0,100645.0,202.64,100645.0,1
2024-05-04,A관(1공장),[10] 사출조립,407610.0,421490.0,197367.0,206.52,197367.0,1
2024-05-04,A관(1공장),[20] 분리,95744.0,121640.0,197367.0,48.51,197367.0,1
2024-05-04,A관(1공장),[45] 하이드레이션/전면검사,88953.0,90075.0,118500.0,75.07,118500.0,1
2024-05-04,A관(1공장),[80] 누수/규격검사,65516.0,67523.0,112903.0,58.03,112903.0,1
2024-05-04,C관(2공장),[10] 사출조립,648346.0,757048.0,742386.0,87.33,742386.0,1
2024-05-04,C관(2공장),[20] 분리,643680.0,780712.0,742386.0,86.7,742386.0,1
2024-05-04,C관(2공장),[45] 하이드레이션/전면검사,532146.0,537755.0,650698.0,81.78,650698.0,1
2024-05-04,C관(2공장),[80] 누수/규격검사,380955.0,385225.0,609677.0,62.48,609677.0,1
2024-05-04,S관(3공장),[10] 사출조립,135833.0,181728.0,183871.0,73.87,183871.0,1
2024-05-04,S관(3공장),[20] 분리,243159.0,326063.0,183871.0,132.24,183871.0,1
2024-05-04,S관(3공장),[45] 하이드레이션/전면검사,203460.0,207002.0,116759.0,174.26,116759.0,1
2024-05-04,S관(3공장),[80] 누수/규격검사,151194.0,152009.0,100645.0,150.23,100645.0,1
2024-05-05,A관(1공장),[10] 사출조립,401870.0,413460.0,197367.0,203.62,197367.0,1
2024-05-05,A관(1공장),[20] 분리,99947.0,124340.0,197367.0,50.64,197367.0,1
2024-05-05,A관(1공장),[45] 하이드레이션/전면검사,131547.0,135867.0,118500.0,111.01,118500.0,1
2024-05-05,A관(1공장),[80] 누수/규격검사,76787.0,77227.0,112903.0,68.01,112903.0,1
2024-05-05,C관(2공장),[10] 사출조립,588452.0,695779.0,742386.0,79.26,742386.0,1
2024-05-05,C관(2공장),[20] 분리,658579.0,800498.0,742386.0,88.71,742386.0,1
2024-05-05,C관(2공장),[45] 하이드레이션/전면검사,539485.0,540259.0,650698.0,82.91,650698.0,1
2024-05-05,C관(2공장),[80] 누수/규격검사,506360.0,516520.0,609677.0,83.05,609677.0,1
2024-05-05,S관(3공장),[10] 사출조립,103590.0,160216.0,183871.0,56.34,183871.0,1
2024-05-05,S관(3공장),[20] 분리,247518.0,350407.0,183871.0,134.62,183871.0,1
2024-05-05,S관(3공장),[45] 하이드레이션/전면검사,172280.0,174631.0,116759.0,147.55,116759.0,1
2024-05-05,S관(3공장),[80] 누수/규격검사,195257.0,196361.0,100645.0,194.01,100645.0,1
2024-05-06,A관(1공장),[10] 사출조립,387950.0,399670.0,197367.0,196.56,197367.0,1
2024-05-06,A관(1공장),[20] 분리,103612.0,129990.0,197367.0,52.5,197367.0,1
2024-05-06,A관(1공장),[45] 하이드레이션/전면검사,74955.0,75556.0,118500.0,63.25,118500.0,1
2024-05-06,A관(1공장),[80] 누수/규격검사,80557.0,81540.0,112903.0,71.35,112903.0,1
2024-05-06,C관(2공장),[10] 사출조립,643225.0,747615.0,742386.0,86.64,742386.0,1
2024-05-06,C관(2공장),[20] 분리,680666.0,820479.0,742386.0,91.69,742386.0,1
2024-05-06,C관(2공장),[45] 하이드레이션/전면검사,610225.0,614340.0,650698.0,93.78,650698.0,1
2024-05-06,C관(2공장),[80] 누수/규격검사,544490.0,557795.0,609677.0,89.31,609677.0,1
2024-05-06,S관(3공장),[10] 사출조립,267661.0,346032.0,183871.0,145.57,183871.0,1
2024-05-06,S관(3공장),[20] 분리,281517.0,374938.0,183871.0,153.11,183871.0,1
2024-05-06,S관(3공장),[45] 하이드레이션/전면검사,232940.0,235390.0,116759.0,199.5,116759.0,1
2024-05-06,S관(3공장),[80] 누수/규격검사,144839.0,145783.0,100645.0,143.91,100645.0,1
2024-05-07,A관(1공장),[10] 사출조립,375600.0,397340.0,197367.0,190.31,197367.0,1
2024-05-07,A관(1공장),[20] 분리,98784.0,129320.0,197367.0,50.05,197367.0,1
2024-05-07,A관(1공장),[45] 하이드레이션/전면검사,46029.0,46433.0,118500.0,38.84,118500.0,1
2024-05-07,A관(1공장),[80] 누수/규격검사,67827.0,68215.0,112903.0,60.08,112903.0,1
2024-05-07,C관(2공장),[10] 사출조립,601762.0,673306.0,742386.0,81.06,742386.0,1
2024-05-07,C관(2공장),[20] 분리,674186.0,805881.0,742386.0,90.81,742386.0,1
2024-05-07,C관(2공장),[45] 하이드레이션/전면검사,787627.0,790444.0,650698.0,121.04,650698.0,1
2024-05-07,C관(2공장),[80] 누수/규격검사,534445.0,554255.0,609677.0,87.66,609677.0,1
2024-05-07,S관(3공장),[10] 사출조립,125269.0,184262.0,183871.0,68.13,183871.0,1
2024-05-07,S관(3공장),[20] 분리,368229.0,485117.0,183871.0,200.26,183871.0,1
2024-05-07,S관(3공장),[45] 하이드레이션/전면검사,178165.0,180287.0,116759.0,152.59,116759.0,1
2024-05-07,S관(3공장),[80] 누수/규격검사,151192.0,151959.0,100645.0,150.22,100645.0,1
2024-05-08,A관(1공장),[10] 사출조립,138700.0,145460.0,197367.0,70.28,197367.0,1
2024-05-08,A관(1공장),[20] 분리,81341.0,102450.0,197367.0,41.21,197367.0,1
2024-05-08,A관(1공장),[45] 하이드레이션/전면검사,71891.0,73823.0,118500.0,60.67,118500.0,1
2024-05-08,A관(1공장),[80] 누수/규격검사,63304.0,64158.0,112903.0,56.07,112903.0,1
2024-05-08,C관(2공장),[10] 사출조립,716451.0,839252.0,742386.0,96.51,742386.0,1
2024-05-08,C관(2공장),[20] 분리,672212.0,794254.0,742386.0,90.55,742386.0,1
2024-05-08,C관(2공장),[45] 하이드레이션/전면검사,671723.0,679321.0,650698.0,103.23,650698.0,1
2024-05-08,C관(2공장),[80] 누수/규격검사,669580.0,682665.0,609677.0,109.83,609677.0,1
2024-05-08,S관(3공장),[10] 사출조립,144703.0,179352.0,183871.0,78.7,183871.0,1
2024-05-08,S관(3공장),[20] 분리,316491.0,419531.0,183871.0,172.13,183871.0,1
2024-05-08,S관(3공장),[45] 하이드레이션/전면검사,246094.0,248650.0,116759.0,210.77,116759.0,1
2024-05-08,S관(3공장),[80] 누수/규격검사,175634.0,176632.0,100645.0,174.51,100645.0,1
2024-05-09,A관(1공장),[10] 사출조립,340440.0,349790.0,197367.0,172.49,197367.0,1
2024-05-09,A관(1공장),[20] 분리,49186.0,59950.0,197367.0,24.92,197367.0,1
2024-05-09,A관(1공장),[45] 하이드레이션/전면검사,85790.0,86457.0,118500.0,72.4,118500.0,1
2024-05-09,A관(1공장),[80] 누수/규격검사,67177.0,68046.0,112903.0,59.5,112903.0,1
2024-05-09,C관(2공장),[10] 사출조립,553004.0,653156.0,742386.0,74.49,742386.0,1
2024-05-09,C관(2공장),[20] 분리,734557.0,870981.0,742386.0,98.95,742386.0,1
2024-05-09,C관(2공장),[45] 하이드레이션/전면검사,625280.0,632503.0,650698.0,96.09,650698.0,1
2024-05-09,C관(2공장),[80] 누수/규격검사,686600.0,704405.0,609677.0,112.62,609677.0,1
2024-05-09,S관(3공장),[10] 사출조립,216162.0,263856.0,183871.0,117.56,183871.0,1
2024-05-09,S관(3공장),[20] 분리,233234.0,324114.0,183871.0,126.85,183871.0,1
2024-05-09,S관(3공장),[45] 하이드레이션/전면검사,238300.0,243484.0,116759.0,204.1,116759.0,1
2024-05-09,S관(3공장),[80] 누수/규격검사,183134.0,183757.0,100645.0,181.96,100645.0,1
2024-05-10,A관(1공장),[10] 사출조립,269690.0,279590.0,197367.0,136.64,197367.0,1
2024-05-10,A관(1공장),[20] 분리,53302.0,64950.0,197367.0,27.01,197367.0,1
2024-05-10,A관(1공장),[45] 하이드레이션/전면검사,33227.0,35113.0,118500.0,28.04,118500.0,1
2024-05-10,A관(1공장),[80] 누수/규격검사,74628.0,76091.0,112903.0,66.1,112903.0,1
2024-05-10,C관(2공장),[10] 사출조립,573045.0,716802.0,742386.0,77.19,742386.0,1
2024-05-10,C관(2공장),[20] 분리,670227.0,789050.0,742386.0,90.28,742386.0,1
2024-05-10,C관(2공장),[45] 하이드레이션/전면검사,479670.0,483632.0,650698.0,73.72,650698.0,1
2024-05-10,C관(2공장),[80] 누수/규격검사,390885.0,403091.0,609677.0,64.11,609677.0,1
2024-05-10,S관(3공장),[10] 사출조립,200704.0,240912.0,183871.0,109.15,183871.0,1
2024-05-10,S관(3공장),[20] 분리,277051.0,384085.0,183871.0,150.68,183871.0,1
2024-05-10,S관(3공장),[45] 하이드레이션/전면검사,187295.0,189287.0,116759.0,160.41,116759.0,1
2024-05-10,S관(3공장),[80] 누수/규격검사,238019.0,239964.0,100645.0,236.49,100645.0,1
2024-05-11,A관(1공장),[10] 사출조립,338700.0,356110.0,197367.0,171.61,197367.0,1
2024-05-11,A관(1공장),[20] 분리,42879.0,50760.0,197367.0,21.73,197367.0,1
2024-05-11,A관(1공장),[45] 하이드레이션/전면검사,25157.0,27514.0,118500.0,21.23,118500.0,1
2024-05-11,A관(1공장),[80] 누수/규격검사,64775.0,65300.0,112903.0,57.37,112903.0,1
2024-05-11,C관(2공장),[10] 사출조립,406753.0,476651.0,742386.0,54.79,742386.0,1
2024-05-11,C관(2공장),[20] 분리,646360.0,760085.0,742386.0,87.07,742386.0,1
2024-05-11,C관(2공장),[45] 하이드레이션/전면검사,561375.0,564930.0,650698.0,86.27,650698.0,1
2024-05-11,C관(2공장),[80] 누수/규격검사,462470.0,467215.0,609677.0,75.85,609677.0,1
2024-05-11,S관(3공장),[10] 사출조립,225274.0,278810.0,183871.0,122.52,183871.0,1
2024-05-11,S관(3공장),[20] 분리,241929.0,320528.0,183871.0,131.58,183871.0,1
2024-05-11,S관(3공장),[45] 하이드레이션/전면검사,222015.0,224747.0,116759.0,190.15,116759.0,1
2024-05-11,S관(3공장),[80] 누수/규격검사,150720.0,150910.0,100645.0,149.75,100645.0,1
2024-05-12,A관(1공장),[10] 사출조립,332440.0,350420.0,197367.0,168.44,197367.0,1
2024-05-12,A관(1공장),[20] 분리,49641.0,59980.0,197367.0,25.15,197367.0,1
2024-05-12,A관(1공장),[45] 하이드레이션/전면검사,32267.0,34636.0,118500.0,27.23,118500.0,1
2024-05-12,A관(1공장),[80] 누수/규격검사,54929.0,55249.0,112903.0,48.65,112903.0,1
2024-05-12,C관(2공장),[10] 사출조립,590222.0,689408.0,742386.0,79.5,742386.0,1
2024-05-12,C관(2공장),[20] 분리,686500.0,805947.0,742386.0,92.47,742386.0,1
2024-05-12,C관(2공장),[45] 하이드레이션/전면검사,504080.0,512172.0,650698.0,77.47,650698.0,1
2024-05-12,C관(2공장),[80] 누수/규격검사,491925.0,497055.0,609677.0,80.69,609677.0,1
2024-05-12,S관(3공장),[10] 사출조립,139681.0,207940.0,183871.0,75.97,183871.0,1
2024-05-12,S관(3공장),[20] 분리,194506.0,261989.0,183871.0,105.78,183871.0,1
2024-05-12,S관(3공장),[45] 하이드레이션/전면검사,208275.0,210253.0,116759.0,178.38,116759.0,1
2024-05-12,S관(3공장),[80] 누수/규격검사,205574.0,206034.0,100645.0,204.26,100645.0,1
2024-05-13,A관(1공장),[10] 사출조립,321210.0,335740.0,197367.0,162.75,197367.0,1
2024-05-13,A관(1공장),[20] 분리,80361.0,101790.0,197367.0,40.72,197367.0,1
2024-05-13,A관(1공장),[45] 하이드레이션/전면검사,58509.0,59674.0,118500.0,49.37,118500.0,1
2024-05-13,A관(1공장),[80] 누수/규격검사,63775.0,64042.0,112903.0,56.49,112903.0,1
2024-05-13,C관(2공장),[10] 사출조립,700120.0,814510.0,742386.0,94.31,742386.0,1
2024-05-13,C관(2공장),[20] 분리,686463.0,802124.0,742386.0,92.47,742386.0,1
2024-05-13,C관(2공장),[45] 하이드레이션/전면검사,815765.0,822426.0,650698.0,125.37,650698.0,1
2024-05-13,C관(2공장),[80] 누수/규격검사,490935.0,495935.0,609677.0,80.52,609677.0,1
2024-05-13,S관(3공장),[10] 사출조립,258352.0,330738.0,183871.0,140.51,183871.0,1
2024-05-13,S관(3공장),[20] 분리,293144.0,362851.0,183871.0,159.43,183871.0,1
2024-05-13,S관(3공장),[45] 하이드레이션/전면검사,266525.0,269900.0,116759.0,228.27,116759.0,1
2024-05-13,S관(3공장),[80] 누수/규격검사,205895.0,206723.0,100645.0,204.58,100645.0,1
2024-05-14,A관(1공장),[10] 사출조립,350530.0,363340.0,197367.0,177.6,197367.0,1
2024-05-14,A관(1공장),[20] 분리,78535.0,98760.0,197367.0,39.79,197367.0,1
2024-05-14,A관(1공장),[45] 하이드레이션/전면검사,39458.0,40091.0,118500.0,33.3,118500.0,1
2024-05-14,A관(1공장),[80] 누수/규격검사,90495.0,91316.0,112903.0,80.15,112903.0,1
2024-05-14,C관(2공장),[10] 사출조립,685549.0,779875.0,742386.0,92.34,742386.0,1
2024-05-14,C관(2공장),[20] 분리,686609.0,803476.0,742386.0,92.49,742386.0,1
2024-05-14,C관(2공장),[45] 하이드레이션/전면검사,753114.0,761226.0,650698.0,115.74,650698.0,1
2024-05-14,C관(2공장),[80] 누수/규격검사,564525.0,570360.0,609677.0,92.59,609677.0,1
2024-05-14,S관(3공장),[10] 사출조립,235859.0,258718.0,183871.0,128.27,183871.0,1
2024-05-14,S관(3공장),[20] 분리,275403.0,327906.0,183871.0,149.78,183871.0,1
2024-05-14,S관(3공장),[45] 하이드레이션/전면검사,0.0,255.0,116759.0,0.0,116759.0,1
2024-05-14,S관(3공장),[80] 누수/규격검사,197854.0,198681.0,100645.0,196.59,100645.0,1
2024-05-15,A관(1공장),[10] 사출조립,255010.0,264090.0,197367.0,129.21,197367.0,1
2024-05-15,C관(2공장),[10] 사출조립,719382.0,841246.0,742386.0,96.9,742386.0,1
2024-05-15,C관(2공장),[20] 분리,681849.0,804690.0,742386.0,91.85,742386.0,1
2024-05-15,C관(2공장),[45] 하이드레이션/전면검사,813735.0,818402.0,650698.0,125.06,650698.0,1
2024-05-15,C관(2공장),[80] 누수/규격검사,781420.0,793390.0,609677.0,128.17,609677.0,1
2024-05-15,S관(3공장),[10] 사출조립,132029.0,186627.0,183871.0,71.81,183871.0,1
2024-05-15,S관(3공장),[20] 분리,56286.0,74219.0,183871.0,30.61,183871.0,1
2024-05-15,S관(3공장),[80] 누수/규격검사,1325.0,1330.0,100645.0,1.32,100645.0,1
2024-05-16,A관(1공장),[10] 사출조립,280640.0,289890.0,197367.0,142.19,197367.0,1
2024-05-16,C관(2공장),[10] 사출조립,612216.0,755254.0,742386.0,82.47,742386.0,1
2024-05-16,C관(2공장),[20] 분리,657724.0,781625.0,742386.0,88.6,742386.0,1
2024-05-16,C관(2공장),[45] 하이드레이션/전면검사,661650.0,669966.0,650698.0,101.68,650698.0,1
2024-05-16,C관(2공장),[80] 누수/규격검사,739430.0,749985.0,609677.0,121.28,609677.0,1
2024-05-16,S관(3공장),[10] 사출조립,65086.0,71992.0,183871.0,35.4,183871.0,1
2024-05-16,S관(3공장),[20] 분리,72040.0,92777.0,183871.0,39.18,183871.0,1
2024-05-17,A관(1공장),[10] 사출조립,233180.0,238580.0,197367.0,118.15,197367.0,1
2024-05-17,C관(2공장),[10] 사출조립,565858.0,662280.0,742386.0,76.22,742386.0,1
2024-05-17,C관(2공장),[20] 분리,645233.0,767596.0,742386.0,86.91,742386.0,1
2024-05-17,C관(2공장),[45] 하이드레이션/전면검사,744100.0,745325.0,650698.0,114.35,650698.0,1
2024-05-17,C관(2공장),[80] 누수/규격검사,717225.0,723675.0,609677.0,117.64,609677.0,1
2024-05-17,S관(3공장),[10] 사출조립,97733.0,162712.0,183871.0,53.15,183871.0,1
2024-05-17,S관(3공장),[20] 분리,46507.0,57837.0,183871.0,25.29,183871.0,1
2024-05-18,A관(1공장),[10] 사출조립,231490.0,240260.0,197367.0,117.29,197367.0,1
2024-05-18,C관(2공장),[10] 사출조립,612207.0,724885.0,742386.0,82.46,742386.0,1
2024-05-18,C관(2공장),[20] 분리,672439.0,788597.0,742386.0,90.58,742386.0,1
2024-05-18,C관(2공장),[45] 하이드레이션/전면검사,711360.0,713884.0,650698.0,109.32,650698.0,1
2024-05-18,C관(2공장),[80] 누수/규격검사,564350.0,574665.0,609677.0,92.57,609677.0,1
2024-05-18,S관(3공장),[10] 사출조립,109808.0,183616.0,183871.0,59.72,183871.0,1
2024-05-18,S관(3공장),[20] 분리,40422.0,52969.0,183871.0,21.98,183871.0,1
2024-05-19,A관(1공장),[10] 사출조립,270100.0,275010.0,197367.0,136.85,197367.0,1
2024-05-19,C관(2공장),[10] 사출조립,559910.0,673797.0,742386.0,75.42,742386.0,1
2024-05-19,C관(2공장),[20] 분리,642598.0,779351.0,742386.0,86.56,742386.0,1
2024-05-19,C관(2공장),[45] 하이드레이션/전면검사,313498.0,314009.0,650698.0,48.18,650698.0,1
2024-05-19,C관(2공장),[80] 누수/규격검사,762452.0,775087.0,609677.0,125.06,609677.0,1
2024-05-19,S관(3공장),[10] 사출조립,69840.0,107632.0,183871.0,37.98,183871.0,1
2024-05-19,S관(3공장),[20] 분리,83516.0,109719.0,183871.0,45.42,183871.0,1
2024-05-20,A관(1공장),[10] 사출조립,161900.0,178680.0,197367.0,82.03,197367.0,1
2024-05-20,C관(2공장),[10] 사출조립,577760.0,732709.0,742386.0,77.82,742386.0,1
2024-05-20,C관(2공장),[20] 분리,2176.0,2423.0,742386.0,0.29,742386.0,1
2024-05-20,S관(3공장),[10] 사출조립,75919.0,128128.0,183871.0,41.29,183871.0,1
2024-05-20,S관(3공장),[20] 분리,82021.0,106637.0,183871.0,44.61,183871.0,1
2024-05-21,A관(1공장),[10] 사출조립,260130.0,275940.0,197367.0,131.8,197367.0,1
2024-05-21,C관(2공장),[10] 사출조립,489334.0,612797.0,742386.0,65.91,742386.0,1
2024-05-21,S관(3공장),[10] 사출조립,91884.0,124056.0,183871.0,49.97,183871.0,1
2024-05-21,S관(3공장),[20] 분리,82053.0,102805.0,183871.0,44.63,183871.0,1
2024-05-22,A관(1공장),[10] 사출조립,69400.0,73160.0,197367.0,35.16,197367.0,1
2024-05-22,C관(2공장),[10] 사출조립,433387.0,534732.0,742386.0,58.38,742386.0,1
2024-05-22,S관(3공장),[10] 사출조립,60770.0,74280.0,183871.0,33.05,183871.0,1
2024-05-22,S관(3공장),[20] 분리,71363.0,102516.0,183871.0,38.81,183871.0,1
2024-05-23,A관(1공장),[20] 분리,0.0,3910.0,197367.0,0.0,197367.0,1
2024-05-23,S관(3공장),[20] 분리,18044.0,32376.0,183871.0,9.81,183871.0,1
2024-05-26,S관(3공장),[45] 하이드레이션/전면검사,0.0,297.0,116759.0,0.0,116759.0,1
2024-05-27,S관(3공장),[45] 하이드레이션/전면검사,0.0,86.0,116759.0,0.0,116759.0,1
2024-06-01,A관(1공장),[10] 사출조립,60575.0,66673.0,197367.0,30.69,197367.0,1
2024-06-01,A관(1공장),[20] 분리,98396.0,127951.0,197367.0,49.85,197367.0,1
2024-06-01,A관(1공장),[45] 하이드레이션/전면검사,161894.0,161894.0,118500.0,136.62,118500.0,1
2024-06-01,A관(1공장),[80] 누수/규격검사,64808.0,65352.0,112903.0,57.4,112903.0,1
2024-06-01,C관(2공장),[10] 사출조립,219502.0,295432.0,742386.0,29.57,742386.0,1
2024-06-01,C관(2공장),[20] 분리,672121.0,806376.0,742386.0,90.54,742386.0,1
2024-06-01,C관(2공장),[45] 하이드레이션/전면검사,851900.0,856818.0,650698.0,130.92,650698.0,1
2024-06-01,C관(2공장),[80] 누수/규격검사,314265.0,316455.0,609677.0,51.55,609677.0,1
2024-06-01,S관(3공장),[45] 하이드레이션/전면검사,83625.0,83936.0,116759.0,71.62,116759.0,1
2024-06-01,S관(3공장),[80] 누수/규격검사,17773.0,18550.0,100645.0,17.66,100645.0,1
2024-06-02,A관(1공장),[10] 사출조립,235303.0,249369.0,197367.0,119.22,197367.0,1
2024-06-02,A관(1공장),[20] 분리,121721.0,158359.0,197367.0,61.67,197367.0,1
2024-06-02,A관(1공장),[45] 하이드레이션/전면검사,129129.0,129129.0,118500.0,108.97,118500.0,1
2024-06-02,A관(1공장),[80] 누수/규격검사,83250.0,83969.0,112903.0,73.74,112903.0,1
2024-06-02,C관(2공장),[10] 사출조립,474585.0,584263.0,742386.0,63.93,742386.0,1
2024-06-02,C관(2공장),[20] 분리,782490.0,933902.0,742386.0,105.4,742386.0,1
2024-06-02,C관(2공장),[45] 하이드레이션/전면검사,872240.0,875957.0,650698.0,134.05,650698.0,1
2024-06-02,C관(2공장),[80] 누수/규격검사,630626.0,638292.0,609677.0,103.44,609677.0,1
2024-06-02,S관(3공장),[10] 사출조립,104076.0,139976.0,183871.0,56.6,183871.0,1
2024-06-02,S관(3공장),[20] 분리,58404.0,71347.0,183871.0,31.76,183871.0,1
2024-06-02,S관(3공장),[45] 하이드레이션/전면검사,252040.0,252963.0,116759.0,215.86,116759.0,1
2024-06-02,S관(3공장),[80] 누수/규격검사,97103.0,102100.0,100645.0,96.48,100645.0,1
2024-06-03,A관(1공장),[10] 사출조립,162429.0,175174.0,197367.0,82.3,197367.0,1
2024-06-03,A관(1공장),[20] 분리,128608.0,162576.0,197367.0,65.16,197367.0,1
2024-06-03,A관(1공장),[45] 하이드레이션/전면검사,133195.0,133195.0,118500.0,112.4,118500.0,1
2024-06-03,A관(1공장),[80] 누수/규격검사,98361.0,99756.0,112903.0,87.12,112903.0,1
2024-06-03,C관(2공장),[10] 사출조립,487484.0,637678.0,742386.0,65.66,742386.0,1
2024-06-03,C관(2공장),[20] 분리,618664.0,785482.0,742386.0,83.33,742386.0,1
2024-06-03,C관(2공장),[45] 하이드레이션/전면검사,746595.0,753178.0,650698.0,114.74,650698.0,1
2024-06-03,C관(2공장),[80] 누수/규격검사,522258.0,533654.0,609677.0,85.66,609677.0,1
2024-06-03,S관(3공장),[10] 사출조립,135064.0,184776.0,183871.0,73.46,183871.0,1
2024-06-03,S관(3공장),[20] 분리,79782.0,105724.0,183871.0,43.39,183871.0,1
2024-06-03,S관(3공장),[45] 하이드레이션/전면검사,309670.0,311552.0,116759.0,265.22,116759.0,1
2024-06-03,S관(3공장),[80] 누수/규격검사,153546.0,154720.0,100645.0,152.56,100645.0,1
2024-06-04,A관(1공장),[10] 사출조립,240678.0,249651.0,197367.0,121.94,197367.0,1
2024-06-04,A관(1공장),[20] 분리,113768.0,146429.0,197367.0,57.64,197367.0,1
2024-06-04,A관(1공장),[45] 하이드레이션/전면검사,72797.0,73747.0,118500.0,61.43,118500.0,1
2024-06-04,A관(1공장),[80] 누수/규격검사,75908.0,77865.0,112903.0,67.23,112903.0,1
2024-06-04,C관(2공장),[10] 사출조립,437140.0,533643.0,742386.0,58.88,742386.0,1
2024-06-04,C관(2공장),[20] 분리,635466.0,804386.0,742386.0,85.6,742386.0,1
2024-06-04,C관(2공장),[45] 하이드레이션/전면검사,641735.0,653508.0,650698.0,98.62,650698.0,1
2024-06-04,C관(2공장),[80] 누수/규격검사,550048.0,560103.0,609677.0,90.22,609677.0,1
2024-06-04,S관(3공장),[10] 사출조립,160511.0,186568.0,183871.0,87.3,183871.0,1
2024-06-04,S관(3공장),[20] 분리,127730.0,160018.0,183871.0,69.47,183871.0,1
2024-06-04,S관(3공장),[45] 하이드레이션/전면검사,157807.0,158854.0,116759.0,135.16,116759.0,1
2024-06-04,S관(3공장),[80] 누수/규격검사,120163.0,123890.0,100645.0,119.39,100645.0,1
2024-06-05,A관(1공장),[10] 사출조립,256784.0,265399.0,197367.0,130.1,197367.0,1
2024-06-05,A관(1공장),[20] 분리,114204.0,143011.0,197367.0,57.86,197367.0,1
2024-06-05,A관(1공장),[45] 하이드레이션/전면검사,81126.0,81425.0,118500.0,68.46,118500.0,1
2024-06-05,A관(1공장),[80] 누수/규격검사,67051.0,67238.0,112903.0,59.39,112903.0,1
2024-06-05,C관(2공장),[10] 사출조립,670467.0,821650.0,742386.0,90.31,742386.0,1
2024-06-05,C관(2공장),[20] 분리,657818.0,804798.0,742386.0,88.61,742386.0,1
2024-06-05,C관(2공장),[45] 하이드레이션/전면검사,506790.0,523035.0,650698.0,77.88,650698.0,1
2024-06-05,C관(2공장),[80] 누수/규격검사,687615.0,706820.0,609677.0,112.78,609677.0,1
2024-06-05,S관(3공장),[10] 사출조립,102167.0,103992.0,183871.0,55.56,183871.0,1
2024-06-05,S관(3공장),[20] 분리,139220.0,164729.0,183871.0,75.72,183871.0,1
2024-06-05,S관(3공장),[45] 하이드레이션/전면검사,98500.0,103769.0,116759.0,84.36,116759.0,1
2024-06-05,S관(3공장),[80] 누수/규격검사,149700.0,154881.0,100645.0,148.74,100645.0,1
2024-06-06,A관(1공장),[10] 사출조립,229247.0,236905.0,197367.0,116.15,197367.0,1
2024-06-06,A관(1공장),[20] 분리,109010.0,131909.0,197367.0,55.23,197367.0,1
2024-06-06,A관(1공장),[45] 하이드레이션/전면검사,89445.0,89445.0,118500.0,75.48,118500.0,1
2024-06-06,A관(1공장),[80] 누수/규격검사,75242.0,75656.0,112903.0,66.64,112903.0,1
2024-06-06,C관(2공장),[10] 사출조립,548633.0,670632.0,742386.0,73.9,742386.0,1
2024-06-06,C관(2공장),[20] 분리,684716.0,837269.0,742386.0,92.23,742386.0,1
2024-06-06,C관(2공장),[45] 하이드레이션/전면검사,602800.0,610039.0,650698.0,92.64,650698.0,1
2024-06-06,C관(2공장),[80] 누수/규격검사,624895.0,638905.0,609677.0,102.5,609677.0,1
2024-06-06,S관(3공장),[10] 사출조립,162860.0,225224.0,183871.0,88.57,183871.0,1
2024-06-06,S관(3공장),[20] 분리,108543.0,132569.0,183871.0,59.03,183871.0,1
2024-06-06,S관(3공장),[45] 하이드레이션/전면검사,237985.0,239285.0,116759.0,203.83,116759.0,1
2024-06-06,S관(3공장),[80] 누수/규격검사,190082.0,192682.0,100645.0,188.86,100645.0,1
2024-06-07,A관(1공장),[10] 사출조립,280977.0,291137.0,197367.0,142.36,197367.0,1
2024-06-07,A관(1공장),[20] 분리,111553.0,136721.0,197367.0,56.52,197367.0,1
2024-06-07,A관(1공장),[45] 하이드레이션/전면검사,102063.0,102109.0,118500.0,86.13,118500.0,1
2024-06-07,A관(1공장),[80] 누수/규격검사,93624.0,94440.0,112903.0,82.92,112903.0,1
2024-06-07,C관(2공장),[10] 사출조립,673391.0,789413.0,742386.0,90.71,742386.0,1
2024-06-07,C관(2공장),[20] 분리,650998.0,774995.0,742386.0,87.69,742386.0,1
2024-06-07,C관(2공장),[45] 하이드레이션/전면검사,664451.0,679926.0,650698.0,102.11,650698.0,1
2024-06-07,C관(2공장),[80] 누수/규격검사,603410.0,616420.0,609677.0,98.97,609677.0,1
2024-06-07,S관(3공장),[10] 사출조립,162675.0,179877.0,183871.0,88.47,183871.0,1
2024-06-07,S관(3공장),[20] 분리,127141.0,147906.0,183871.0,69.15,183871.0,1
2024-06-07,S관(3공장),[45] 하이드레이션/전면검사,378245.0,380292.0,116759.0,323.95,116759.0,1
2024-06-07,S관(3공장),[80] 누수/규격검사,188405.0,191726.0,100645.0,187.2,100645.0,1
2024-06-08,A관(1공장),[10] 사출조립,227124.0,235339.0,197367.0,115.08,197367.0,1
2024-06-08,A관(1공장),[20] 분리,91159.0,113744.0,197367.0,46.19,197367.0,1
2024-06-08,A관(1공장),[45] 하이드레이션/전면검사,72977.0,72977.0,118500.0,61.58,118500.0,1
2024-06-08,A관(1공장),[80] 누수/규격검사,87845.0,88443.0,112903.0,77.81,112903.0,1
2024-06-08,C관(2공장),[10] 사출조립,632255.0,750748.0,742386.0,85.17,742386.0,1
2024-06-08,C관(2공장),[20] 분리,658696.0,786911.0,742386.0,88.73,742386.0,1
2024-06-08,C관(2공장),[45] 하이드레이션/전면검사,571260.0,572335.0,650698.0,87.79,650698.0,1
2024-06-08,C관(2공장),[80] 누수/규격검사,565605.0,572425.0,609677.0,92.77,609677.0,1
2024-06-08,S관(3공장),[10] 사출조립,139385.0,166871.0,183871.0,75.81,183871.0,1
2024-06-08,S관(3공장),[20] 분리,124350.0,150965.0,183871.0,67.63,183871.0,1
2024-06-08,S관(3공장),[45] 하이드레이션/전면검사,206420.0,207457.0,116759.0,176.79,116759.0,1
2024-06-08,S관(3공장),[80] 누수/규격검사,180156.0,184652.0,100645.0,179.0,100645.0,1
2024-06-09,A관(1공장),[10] 사출조립,248134.0,262192.0,197367.0,125.72,197367.0,1
2024-06-09,A관(1공장),[20] 분리,79808.0,101306.0,197367.0,40.44,197367.0,1
2024-06-09,A관(1공장),[45] 하이드레이션/전면검사,79977.0,79977.0,118500.0,67.49,118500.0,1
2024-06-09,A관(1공장),[80] 누수/규격검사,74766.0,75109.0,112903.0,66.22,112903.0,1
2024-06-09,C관(2공장),[10] 사출조립,674858.0,802845.0,742386.0,90.9,742386.0,1
2024-06-09,C관(2공장),[20] 분리,581329.0,718031.0,742386.0,78.31,742386.0,1
2024-06-09,C관(2공장),[45] 하이드레이션/전면검사,592223.0,597276.0,650698.0,91.01,650698.0,1
2024-06-09,C관(2공장),[80] 누수/규격검사,521190.0,527690.0,609677.0,85.49,609677.0,1
2024-06-09,S관(3공장),[10] 사출조립,162523.0,180650.0,183871.0,88.39,183871.0,1
2024-06-09,S관(3공장),[20] 분리,76756.0,92590.0,183871.0,41.74,183871.0,1
2024-06-09,S관(3공장),[45] 하이드레이션/전면검사,302215.0,304280.0,116759.0,258.84,116759.0,1
2024-06-09,S관(3공장),[80] 누수/규격검사,179031.0,183329.0,100645.0,177.88,100645.0,1
2024-06-10,A관(1공장),[10] 사출조립,179406.0,182720.0,197367.0,90.9,197367.0,1
2024-06-10,A관(1공장),[20] 분리,84609.0,102875.0,197367.0,42.87,197367.0,1
2024-06-10,A관(1공장),[45] 하이드레이션/전면검사,80258.0,83081.0,118500.0,67.73,118500.0,1
2024-06-10,A관(1공장),[80] 누수/규격검사,72084.0,73810.0,112903.0,63.85,112903.0,1
2024-06-10,C관(2공장),[10] 사출조립,657077.0,765089.0,742386.0,88.51,742386.0,1
2024-06-10,C관(2공장),[20] 분리,601357.0,725809.0,742386.0,81.0,742386.0,1
2024-06-10,C관(2공장),[45] 하이드레이션/전면검사,606113.0,607239.0,650698.0,93.15,650698.0,1
2024-06-10,C관(2공장),[80] 누수/규격검사,587595.0,595450.0,609677.0,96.38,609677.0,1
2024-06-10,S관(3공장),[10] 사출조립,82159.0,95024.0,183871.0,44.68,183871.0,1
2024-06-10,S관(3공장),[20] 분리,100256.0,123590.0,183871.0,54.53,183871.0,1
2024-06-10,S관(3공장),[45] 하이드레이션/전면검사,303470.0,305863.0,116759.0,259.91,116759.0,1
2024-06-10,S관(3공장),[80] 누수/규격검사,245666.0,250140.0,100645.0,244.09,100645.0,1
2024-06-11,A관(1공장),[10] 사출조립,265762.0,269862.0,197367.0,134.65,197367.0,1
2024-06-11,A관(1공장),[20] 분리,90380.0,113262.0,197367.0,45.79,197367.0,1
2024-06-11,A관(1공장),[45] 하이드레이션/전면검사,85343.0,87638.0,118500.0,72.02,118500.0,1
2024-06-11,A관(1공장),[80] 누수/규격검사,57781.0,58235.0,112903.0,51.18,112903.0,1
2024-06-11,C관(2공장),[10] 사출조립,809434.0,950036.0,742386.0,109.03,742386.0,1
2024-06-11,C관(2공장),[20] 분리,647405.0,778193.0,742386.0,87.21,742386.0,1
2024-06-11,C관(2공장),[45] 하이드레이션/전면검사,781930.0,789954.0,650698.0,120.17,650698.0,1
2024-06-11,C관(2공장),[80] 누수/규격검사,564720.0,575820.0,609677.0,92.63,609677.0,1
2024-06-11,S관(3공장),[10] 사출조립,42872.0,42872.0,183871.0,23.32,183871.0,1
2024-06-11,S관(3공장),[20] 분리,65443.0,75999.0,183871.0,35.59,183871.0,1
2024-06-11,S관(3공장),[45] 하이드레이션/전면검사,286180.0,288203.0,116759.0,245.1,116759.0,1
2024-06-11,S관(3공장),[80] 누수/규격검사,260209.0,265226.0,100645.0,258.54,100645.0,1
2024-06-12,A관(1공장),[10] 사출조립,160710.0,173525.0,197367.0,81.43,197367.0,1
2024-06-12,A관(1공장),[20] 분리,94418.0,118336.0,197367.0,47.84,197367.0,1
2024-06-12,A관(1공장),[45] 하이드레이션/전면검사,61344.0,62079.0,118500.0,51.77,118500.0,1
2024-06-12,A관(1공장),[80] 누수/규격검사,64824.0,65037.0,112903.0,57.42,112903.0,1
2024-06-12,C관(2공장),[10] 사출조립,669352.0,811217.0,742386.0,90.16,742386.0,1
2024-06-12,C관(2공장),[20] 분리,632094.0,750098.0,742386.0,85.14,742386.0,1
2024-06-12,C관(2공장),[45] 하이드레이션/전면검사,524910.0,540646.0,650698.0,80.67,650698.0,1
2024-06-12,C관(2공장),[80] 누수/규격검사,636585.0,647875.0,609677.0,104.41,609677.0,1
2024-06-12,S관(3공장),[10] 사출조립,132177.0,153481.0,183871.0,71.89,183871.0,1
2024-06-12,S관(3공장),[20] 분리,70213.0,76472.0,183871.0,38.19,183871.0,1
2024-06-12,S관(3공장),[45] 하이드레이션/전면검사,253375.0,255001.0,116759.0,217.01,116759.0,1
2024-06-12,S관(3공장),[80] 누수/규격검사,176937.0,180035.0,100645.0,175.8,100645.0,1
2024-06-13,A관(1공장),[10] 사출조립,195489.0,202647.0,197367.0,99.05,197367.0,1
2024-06-13,A관(1공장),[20] 분리,91150.0,116443.0,197367.0,46.18,197367.0,1
2024-06-13,A관(1공장),[45] 하이드레이션/전면검사,88815.0,89234.0,118500.0,74.95,118500.0,1
2024-06-13,A관(1공장),[80] 누수/규격검사,86121.0,86950.0,112903.0,76.28,112903.0,1
2024-06-13,C관(2공장),[10] 사출조립,717079.0,827519.0,742386.0,96.59,742386.0,1
2024-06-13,C관(2공장),[20] 분리,687938.0,808112.0,742386.0,92.67,742386.0,1
2024-06-13,C관(2공장),[45] 하이드레이션/전면검사,780188.0,789319.0,650698.0,119.9,650698.0,1
2024-06-13,C관(2공장),[80] 누수/규격검사,613185.0,621305.0,609677.0,100.58,609677.0,1
2024-06-13,S관(3공장),[10] 사출조립,142635.0,182206.0,183871.0,77.57,183871.0,1
2024-06-13,S관(3공장),[20] 분리,82428.0,110672.0,183871.0,44.83,183871.0,1
2024-06-13,S관(3공장),[45] 하이드레이션/전면검사,152275.0,152872.0,116759.0,130.42,116759.0,1
2024-06-13,S관(3공장),[80] 누수/규격검사,256708.0,262620.0,100645.0,255.06,100645.0,1
2024-06-14,A관(1공장),[10] 사출조립,163806.0,176360.0,197367.0,83.0,197367.0,1
2024-06-14,A관(1공장),[20] 분리,98992.0,134121.0,197367.0,50.16,197367.0,1
2024-06-14,A관(1공장),[45] 하이드레이션/전면검사,128176.0,131326.0,118500.0,108.17,118500.0,1
2024-06-14,A관(1공장),[80] 누수/규격검사,88791.0,90065.0,112903.0,78.64,112903.0,1
2024-06-14,C관(2공장),[10] 사출조립,753172.0,861298.0,742386.0,101.45,742386.0,1
2024-06-14,C관(2공장),[20] 분리,661366.0,779884.0,742386.0,89.09,742386.0,1
2024-06-14,C관(2공장),[45] 하이드레이션/전면검사,576980.0,582725.0,650698.0,88.67,650698.0,1
2024-06-14,C관(2공장),[80] 누수/규격검사,626905.0,638975.0,609677.0,102.83,609677.0,1
2024-06-14,S관(3공장),[10] 사출조립,116641.0,145144.0,183871.0,63.44,183871.0,1
2024-06-14,S관(3공장),[20] 분리,49242.0,74530.0,183871.0,26.78,183871.0,1
2024-06-14,S관(3공장),[45] 하이드레이션/전면검사,280005.0,281981.0,116759.0,239.81,116759.0,1
2024-06-14,S관(3공장),[80] 누수/규격검사,205071.0,208619.0,100645.0,203.76,100645.0,1
2024-06-15,A관(1공장),[10] 사출조립,176380.0,192603.0,197367.0,89.37,197367.0,1
2024-06-15,A관(1공장),[20] 분리,103432.0,130565.0,197367.0,52.41,197367.0,1
2024-06-15,A관(1공장),[45] 하이드레이션/전면검사,72550.0,79924.0,118500.0,61.22,118500.0,1
2024-06-15,A관(1공장),[80] 누수/규격검사,77698.0,78296.0,112903.0,68.82,112903.0,1
2024-06-15,C관(2공장),[10] 사출조립,652857.0,727915.0,742386.0,87.94,742386.0,1
2024-06-15,C관(2공장),[20] 분리,674254.0,806987.0,742386.0,90.82,742386.0,1
2024-06-15,C관(2공장),[45] 하이드레이션/전면검사,736720.0,739768.0,650698.0,113.22,650698.0,1
2024-06-15,C관(2공장),[80] 누수/규격검사,430080.0,435210.0,609677.0,70.54,609677.0,1
2024-06-15,S관(3공장),[10] 사출조립,161562.0,200706.0,183871.0,87.87,183871.0,1
2024-06-15,S관(3공장),[20] 분리,130864.0,173097.0,183871.0,71.17,183871.0,1
2024-06-15,S관(3공장),[45] 하이드레이션/전면검사,312355.0,313926.0,116759.0,267.52,116759.0,1
2024-06-15,S관(3공장),[80] 누수/규격검사,259370.0,263999.0,100645.0,257.71,100645.0,1
2024-06-16,A관(1공장),[10] 사출조립,234319.0,241165.0,197367.0,118.72,197367.0,1
2024-06-16,A관(1공장),[20] 분리,99040.0,125193.0,197367.0,50.18,197367.0,1
2024-06-16,A관(1공장),[45] 하이드레이션/전면검사,97800.0,102662.0,118500.0,82.53,118500.0,1
2024-06-16,A관(1공장),[80] 누수/규격검사,67381.0,68487.0,112903.0,59.68,112903.0,1
2024-06-16,C관(2공장),[10] 사출조립,748046.0,836492.0,742386.0,100.76,742386.0,1
2024-06-16,C관(2공장),[20] 분리,698516.0,831172.0,742386.0,94.09,742386.0,1
2024-06-16,C관(2공장),[45] 하이드레이션/전면검사,503840.0,505731.0,650698.0,77.43,650698.0,1
2024-06-16,C관(2공장),[80] 누수/규격검사,552900.0,558340.0,609677.0,90.69,609677.0,1
2024-06-16,S관(3공장),[10] 사출조립,175730.0,200280.0,183871.0,95.57,183871.0,1
2024-06-16,S관(3공장),[20] 분리,113893.0,146129.0,183871.0,61.94,183871.0,1
2024-06-16,S관(3공장),[45] 하이드레이션/전면검사,245970.0,247949.0,116759.0,210.66,116759.0,1
2024-06-16,S관(3공장),[80] 누수/규격검사,217213.0,219262.0,100645.0,215.82,100645.0,1
2024-06-17,A관(1공장),[10] 사출조립,192866.0,200362.0,197367.0,97.72,197367.0,1
2024-06-17,A관(1공장),[20] 분리,93302.0,117652.0,197367.0,47.27,197367.0,1
2024-06-17,A관(1공장),[45] 하이드레이션/전면검사,50784.0,50964.0,118500.0,42.86,118500.0,1
2024-06-17,A관(1공장),[80] 누수/규격검사,84450.0,84903.0,112903.0,74.8,112903.0,1
2024-06-17,C관(2공장),[10] 사출조립,731384.0,843069.0,742386.0,98.52,742386.0,1
2024-06-17,C관(2공장),[20] 분리,788887.0,946835.0,742386.0,106.26,742386.0,1
2024-06-17,C관(2공장),[45] 하이드레이션/전면검사,790280.0,791643.0,650698.0,121.45,650698.0,1
2024-06-17,C관(2공장),[80] 누수/규격검사,589705.0,594945.0,609677.0,96.72,609677.0,1
2024-06-17,S관(3공장),[10] 사출조립,82744.0,85590.0,183871.0,45.0,183871.0,1
2024-06-17,S관(3공장),[20] 분리,127458.0,167643.0,183871.0,69.32,183871.0,1
2024-06-17,S관(3공장),[45] 하이드레이션/전면검사,178315.0,179542.0,116759.0,152.72,116759.0,1
2024-06-17,S관(3공장),[80] 누수/규격검사,176775.0,178793.0,100645.0,175.64,100645.0,1
2024-06-18,A관(1공장),[10] 사출조립,240059.0,250124.0,197367.0,121.63,197367.0,1
2024-06-18,A관(1공장),[20] 분리,91924.0,113970.0,197367.0,46.58,197367.0,1
2024-06-18,A관(1공장),[45] 하이드레이션/전면검사,77099.0,77102.0,118500.0,65.06,118500.0,1
2024-06-18,A관(1공장),[80] 누수/규격검사,68735.0,69010.0,112903.0,60.88,112903.0,1
2024-06-18,C관(2공장),[10] 사출조립,645199.0,761196.0,742386.0,86.91,742386.0,1
2024-06-18,C관(2공장),[20] 분리,684636.0,813716.0,742386.0,92.22,742386.0,1
2024-06-18,C관(2공장),[45] 하이드레이션/전면검사,792055.0,801960.0,650698.0,121.72,650698.0,1
2024-06-18,C관(2공장),[80] 누수/규격검사,608765.0,622950.0,609677.0,99.85,609677.0,1
2024-06-18,S관(3공장),[10] 사출조립,75816.0,88728.0,183871.0,41.23,183871.0,1
2024-06-18,S관(3공장),[20] 분리,113807.0,152705.0,183871.0,61.9,183871.0,1
2024-06-18,S관(3공장),[45] 하이드레이션/전면검사,225365.0,226907.0,116759.0,193.02,116759.0,1
2024-06-18,S관(3공장),[80] 누수/규격검사,217536.0,223087.0,100645.0,216.14,100645.0,1
2024-06-19,A관(1공장),[10] 사출조립,228798.0,238850.0,197367.0,115.93,197367.0,1
2024-06-19,A관(1공장),[20] 분리,117816.0,140379.0,197367.0,59.69,197367.0,1
2024-06-19,A관(1공장),[45] 하이드레이션/전면검사,86802.0,87013.0,118500.0,73.25,118500.0,1
2024-06-19,A관(1공장),[80] 누수/규격검사,55809.0,56403.0,112903.0,49.43,112903.0,1
2024-06-19,C관(2공장),[10] 사출조립,632186.0,733220.0,742386.0,85.16,742386.0,1
2024-06-19,C관(2공장),[20] 분리,744582.0,895692.0,742386.0,100.3,742386.0,1
2024-06-19,C관(2공장),[45] 하이드레이션/전면검사,629894.0,637632.0,650698.0,96.8,650698.0,1
2024-06-19,C관(2공장),[80] 누수/규격검사,673260.0,683725.0,609677.0,110.43,609677.0,1
2024-06-19,S관(3공장),[10] 사출조립,206260.0,229846.0,183871.0,112.18,183871.0,1
2024-06-19,S관(3공장),[20] 분리,123873.0,152982.0,183871.0,67.37,183871.0,1
2024-06-19,S관(3공장),[45] 하이드레이션/전면검사,197165.0,201665.0,116759.0,168.86,116759.0,1
2024-06-19,S관(3공장),[80] 누수/규격검사,226557.0,228794.0,100645.0,225.11,100645.0,1
2024-06-20,A관(1공장),[10] 사출조립,278484.0,294626.0,197367.0,141.1,197367.0,1
2024-06-20,A관(1공장),[20] 분리,131403.0,160206.0,197367.0,66.58,197367.0,1
2024-06-20,A관(1공장),[45] 하이드레이션/전면검사,68805.0,68991.0,118500.0,58.06,118500.0,1
2024-06-20,A관(1공장),[80] 누수/규격검사,76464.0,77224.0,112903.0,67.73,112903.0,1
2024-06-20,C관(2공장),[10] 사출조립,744398.0,868268.0,742386.0,100.27,742386.0,1
2024-06-20,C관(2공장),[20] 분리,735671.0,880999.0,742386.0,99.1,742386.0,1
2024-06-20,C관(2공장),[45] 하이드레이션/전면검사,775885.0,777267.0,650698.0,119.24,650698.0,1
2024-06-20,C관(2공장),[80] 누수/규격검사,664925.0,674610.0,609677.0,109.06,609677.0,1
2024-06-20,S관(3공장),[10] 사출조립,170809.0,220240.0,183871.0,92.9,183871.0,1
2024-06-20,S관(3공장),[20] 분리,171969.0,216401.0,183871.0,93.53,183871.0,1
2024-06-20,S관(3공장),[45] 하이드레이션/전면검사,211220.0,213563.0,116759.0,180.9,116759.0,1
2024-06-20,S관(3공장),[80] 누수/규격검사,207723.0,209285.0,100645.0,206.39,100645.0,1
2024-06-21,A관(1공장),[10] 사출조립,243786.0,257616.0,197367.0,123.52,197367.0,1
2024-06-21,A관(1공장),[20] 분리,122874.0,153183.0,197367.0,62.26,197367.0,1
2024-06-21,A관(1공장),[45] 하이드레이션/전면검사,40202.0,42052.0,118500.0,33.93,118500.0,1
2024-06-21,A관(1공장),[80] 누수/규격검사,100390.0,100875.0,112903.0,88.92,112903.0,1
2024-06-21,C관(2공장),[10] 사출조립,585649.0,716595.0,742386.0,78.89,742386.0,1
2024-06-21,C관(2공장),[20] 분리,616301.0,751322.0,742386.0,83.02,742386.0,1
2024-06-21,C관(2공장),[45] 하이드레이션/전면검사,697360.0,698515.0,650698.0,107.17,650698.0,1
2024-06-21,C관(2공장),[80] 누수/규격검사,582395.0,588620.0,609677.0,95.53,609677.0,1
2024-06-21,S관(3공장),[10] 사출조립,294553.0,342344.0,183871.0,160.2,183871.0,1
2024-06-21,S관(3공장),[20] 분리,54450.0,75571.0,183871.0,29.61,183871.0,1
2024-06-21,S관(3공장),[45] 하이드레이션/전면검사,252975.0,255650.0,116759.0,216.66,116759.0,1
2024-06-21,S관(3공장),[80] 누수/규격검사,168852.0,169141.0,100645.0,167.77,100645.0,1
2024-06-22,A관(1공장),[10] 사출조립,165223.0,178174.0,197367.0,83.71,197367.0,1
2024-06-22,A관(1공장),[20] 분리,92097.0,115025.0,197367.0,46.66,197367.0,1
2024-06-22,A관(1공장),[45] 하이드레이션/전면검사,121999.0,122199.0,118500.0,102.95,118500.0,1
2024-06-22,A관(1공장),[80] 누수/규격검사,99607.0,101188.0,112903.0,88.22,112903.0,1
2024-06-22,C관(2공장),[10] 사출조립,662501.0,802449.0,742386.0,89.24,742386.0,1
2024-06-22,C관(2공장),[20] 분리,563020.0,685573.0,742386.0,75.84,742386.0,1
2024-06-22,C관(2공장),[45] 하이드레이션/전면검사,617730.0,618569.0,650698.0,94.93,650698.0,1
2024-06-22,C관(2공장),[80] 누수/규격검사,676219.0,680534.0,609677.0,110.91,609677.0,1
2024-06-22,S관(3공장),[10] 사출조립,222367.0,240024.0,183871.0,120.94,183871.0,1
2024-06-22,S관(3공장),[20] 분리,214052.0,266356.0,183871.0,116.41,183871.0,1
2024-06-22,S관(3공장),[45] 하이드레이션/전면검사,298780.0,301887.0,116759.0,255.89,116759.0,1
2024-06-22,S관(3공장),[80] 누수/규격검사,174095.0,175150.0,100645.0,172.98,100645.0,1
2024-06-23,A관(1공장),[10] 사출조립,303889.0,331494.0,197367.0,153.97,197367.0,1
2024-06-23,A관(1공장),[20] 분리,99855.0,127821.0,197367.0,50.59,197367.0,1
2024-06-23,A관(1공장),[45] 하이드레이션/전면검사,101961.0,101961.0,118500.0,86.04,118500.0,1
2024-06-23,A관(1공장),[80] 누수/규격검사,110052.0,111957.0,112903.0,97.47,112903.0,1
2024-06-23,C관(2공장),[10] 사출조립,664212.0,782095.0,742386.0,89.47,742386.0,1
2024-06-23,C관(2공장),[20] 분리,571672.0,697604.0,742386.0,77.0,742386.0,1
2024-06-23,C관(2공장),[45] 하이드레이션/전면검사,536120.0,537158.0,650698.0,82.39,650698.0,1
2024-06-23,C관(2공장),[80] 누수/규격검사,497652.0,502303.0,609677.0,81.63,609677.0,1
2024-06-23,S관(3공장),[10] 사출조립,196227.0,209812.0,183871.0,106.72,183871.0,1
2024-06-23,S관(3공장),[20] 분리,153615.0,200332.0,183871.0,83.54,183871.0,1
2024-06-23,S관(3공장),[45] 하이드레이션/전면검사,158665.0,162954.0,116759.0,135.89,116759.0,1
2024-06-23,S관(3공장),[80] 누수/규격검사,227192.0,228527.0,100645.0,225.74,100645.0,1
2024-06-24,A관(1공장),[10] 사출조립,197088.0,207274.0,197367.0,99.86,197367.0,1
2024-06-24,A관(1공장),[20] 분리,116322.0,138797.0,197367.0,58.94,197367.0,1
2024-06-24,A관(1공장),[45] 하이드레이션/전면검사,71294.0,72737.0,118500.0,60.16,118500.0,1
2024-06-24,A관(1공장),[80] 누수/규격검사,110821.0,111227.0,112903.0,98.16,112903.0,1
2024-06-24,C관(2공장),[10] 사출조립,593422.0,703178.0,742386.0,79.93,742386.0,1
2024-06-24,C관(2공장),[20] 분리,647703.0,775772.0,742386.0,87.25,742386.0,1
2024-06-24,C관(2공장),[45] 하이드레이션/전면검사,550805.0,551598.0,650698.0,84.65,650698.0,1
2024-06-24,C관(2공장),[80] 누수/규격검사,626995.0,634200.0,609677.0,102.84,609677.0,1
2024-06-24,S관(3공장),[10] 사출조립,169251.0,192269.0,183871.0,92.05,183871.0,1
2024-06-24,S관(3공장),[20] 분리,195099.0,265422.0,183871.0,106.11,183871.0,1
2024-06-24,S관(3공장),[45] 하이드레이션/전면검사,225710.0,228935.0,116759.0,193.31,116759.0,1
2024-06-24,S관(3공장),[80] 누수/규격검사,123320.0,125237.0,100645.0,122.53,100645.0,1
2024-06-25,A관(1공장),[10] 사출조립,255296.0,270291.0,197367.0,129.35,197367.0,1
2024-06-25,A관(1공장),[20] 분리,117665.0,140342.0,197367.0,59.62,197367.0,1
2024-06-25,A관(1공장),[45] 하이드레이션/전면검사,120467.0,128768.0,118500.0,101.66,118500.0,1
2024-06-25,A관(1공장),[80] 누수/규격검사,91230.0,92902.0,112903.0,80.8,112903.0,1
2024-06-25,C관(2공장),[10] 사출조립,593637.0,739864.0,742386.0,79.96,742386.0,1
2024-06-25,C관(2공장),[20] 분리,665338.0,790854.0,742386.0,89.62,742386.0,1
2024-06-25,C관(2공장),[45] 하이드레이션/전면검사,670458.0,671377.0,650698.0,103.04,650698.0,1
2024-06-25,C관(2공장),[80] 누수/규격검사,573585.0,578640.0,609677.0,94.08,609677.0,1
2024-06-25,S관(3공장),[10] 사출조립,131290.0,169744.0,183871.0,71.4,183871.0,1
2024-06-25,S관(3공장),[20] 분리,143021.0,192885.0,183871.0,77.78,183871.0,1
2024-06-25,S관(3공장),[45] 하이드레이션/전면검사,295475.0,339388.0,116759.0,253.06,116759.0,1
2024-06-25,S관(3공장),[80] 누수/규격검사,165450.0,167570.0,100645.0,164.39,100645.0,1
2024-06-26,A관(1공장),[10] 사출조립,219457.0,229862.0,197367.0,111.19,197367.0,1
2024-06-26,A관(1공장),[20] 분리,113536.0,137948.0,197367.0,57.53,197367.0,1
2024-06-26,A관(1공장),[45] 하이드레이션/전면검사,83977.0,87494.0,118500.0,70.87,118500.0,1
2024-06-26,A관(1공장),[80] 누수/규격검사,107602.0,108262.0,112903.0,95.3,112903.0,1
2024-06-26,C관(2공장),[10] 사출조립,711881.0,845548.0,742386.0,95.89,742386.0,1
2024-06-26,C관(2공장),[20] 분리,645255.0,778496.0,742386.0,86.92,742386.0,1
2024-06-26,C관(2공장),[45] 하이드레이션/전면검사,561333.0,562341.0,650698.0,86.27,650698.0,1
2024-06-26,C관(2공장),[80] 누수/규격검사,601130.0,607865.0,609677.0,98.6,609677.0,1
2024-06-26,S관(3공장),[10] 사출조립,211871.0,265359.0,183871.0,115.23,183871.0,1
2024-06-26,S관(3공장),[20] 분리,158508.0,204226.0,183871.0,86.21,183871.0,1
2024-06-26,S관(3공장),[45] 하이드레이션/전면검사,201185.0,203743.0,116759.0,172.31,116759.0,1
2024-06-26,S관(3공장),[80] 누수/규격검사,187756.0,191133.0,100645.0,186.55,100645.0,1
2024-06-27,A관(1공장),[10] 사출조립,207149.0,221894.0,197367.0,104.96,197367.0,1
2024-06-27,A관(1공장),[20] 분리,105778.0,135173.0,197367.0,53.59,197367.0,1
2024-06-27,A관(1공장),[45] 하이드레이션/전면검사,120605.0,121107.0,118500.0,101.78,118500.0,1
2024-06-27,A관(1공장),[80] 누수/규격검사,104849.0,105169.0,112903.0,92.87,112903.0,1
2024-06-27,C관(2공장),[10] 사출조립,561354.0,664839.0,742386.0,75.61,742386.0,1
2024-06-27,C관(2공장),[20] 분리,606665.0,753698.0,742386.0,81.72,742386.0,1
2024-06-27,C관(2공장),[45] 하이드레이션/전면검사,604459.0,605392.0,650698.0,92.89,650698.0,1
2024-06-27,C관(2공장),[80] 누수/규격검사,540580.0,549285.0,609677.0,88.67,609677.0,1
2024-06-27,S관(3공장),[10] 사출조립,305347.0,338812.0,183871.0,166.07,183871.0,1
2024-06-27,S관(3공장),[20] 분리,196184.0,250906.0,183871.0,106.7,183871.0,1
2024-06-27,S관(3공장),[45] 하이드레이션/전면검사,228480.0,231224.0,116759.0,195.69,116759.0,1
2024-06-27,S관(3공장),[80] 누수/규격검사,220980.0,222101.0,100645.0,219.56,100645.0,1
2024-06-28,A관(1공장),[10] 사출조립,166684.0,174939.0,197367.0,84.45,197367.0,1
2024-06-28,A관(1공장),[20] 분리,72772.0,99084.0,197367.0,36.87,197367.0,1
2024-06-28,A관(1공장),[45] 하이드레이션/전면검사,72318.0,74180.0,118500.0,61.03,118500.0,1
2024-06-28,A관(1공장),[80] 누수/규격검사,89397.0,89902.0,112903.0,79.18,112903.0,1
2024-06-28,C관(2공장),[10] 사출조립,637872.0,794791.0,742386.0,85.92,742386.0,1
2024-06-28,C관(2공장),[20] 분리,632246.0,755426.0,742386.0,85.16,742386.0,1
2024-06-28,C관(2공장),[45] 하이드레이션/전면검사,401059.0,402528.0,650698.0,61.64,650698.0,1
2024-06-28,C관(2공장),[80] 누수/규격검사,272200.0,277660.0,609677.0,44.65,609677.0,1
2024-06-28,S관(3공장),[10] 사출조립,142428.0,189360.0,183871.0,77.46,183871.0,1
2024-06-28,S관(3공장),[20] 분리,204640.0,262995.0,183871.0,111.3,183871.0,1
2024-06-28,S관(3공장),[45] 하이드레이션/전면검사,122460.0,124784.0,116759.0,104.88,116759.0,1
2024-06-28,S관(3공장),[80] 누수/규격검사,102863.0,104913.0,100645.0,102.2,100645.0,1
2024-06-29,A관(1공장),[10] 사출조립,252687.0,271541.0,197367.0,128.03,197367.0,1
2024-06-29,A관(1공장),[20] 분리,61217.0,78395.0,197367.0,31.02,197367.0,1
2024-06-29,A관(1공장),[45] 하이드레이션/전면검사,76118.0,77005.0,118500.0,64.23,118500.0,1
2024-06-29,A관(1공장),[80] 누수/규격검사,112980.0,118725.0,112903.0,100.07,112903.0,1
2024-06-29,C관(2공장),[10] 사출조립,694905.0,844933.0,742386.0,93.6,742386.0,1
2024-06-29,C관(2공장),[20] 분리,625388.0,739214.0,742386.0,84.24,742386.0,1
2024-06-29,C관(2공장),[45] 하이드레이션/전면검사,496902.0,498022.0,650698.0,76.36,650698.0,1
2024-06-29,C관(2공장),[80] 누수/규격검사,416555.0,419555.0,609677.0,68.32,609677.0,1
2024-06-29,S관(3공장),[10] 사출조립,100144.0,115664.0,183871.0,54.46,183871.0,1
2024-06-29,S관(3공장),[20] 분리,260958.0,337199.0,183871.0,141.92,183871.0,1
2024-06-29,S관(3공장),[45] 하이드레이션/전면검사,137356.0,139061.0,116759.0,117.64,116759.0,1
2024-06-29,S관(3공장),[80] 누수/규격검사,111970.0,114986.0,100645.0,111.25,100645.0,1
2024-06-30,A관(1공장),[10] 사출조립,305100.0,320449.0,197367.0,154.59,197367.0,1
2024-06-30,A관(1공장),[20] 분리,63632.0,80576.0,197367.0,32.24,197367.0,1
2024-06-30,A관(1공장),[45] 하이드레이션/전면검사,107222.0,107222.0,118500.0,90.48,118500.0,1
2024-06-30,A관(1공장),[80] 누수/규격검사,105559.0,106635.0,112903.0,93.5,112903.0,1
2024-06-30,C관(2공장),[10] 사출조립,751833.0,882583.0,742386.0,101.27,742386.0,1
2024-06-30,C관(2공장),[20] 분리,640077.0,763324.0,742386.0,86.22,742386.0,1
2024-06-30,C관(2공장),[45] 하이드레이션/전면검사,660535.0,661394.0,650698.0,101.51,650698.0,1
2024-06-30,C관(2공장),[80] 누수/규격검사,498340.0,505145.0,609677.0,81.74,609677.0,1
2024-06-30,S관(3공장),[10] 사출조립,188263.0,220321.0,183871.0,102.39,183871.0,1
2024-06-30,S관(3공장),[20] 분리,171825.0,220334.0,183871.0,93.45,183871.0,1
2024-06-30,S관(3공장),[45] 하이드레이션/전면검사,278200.0,282575.0,116759.0,238.27,116759.0,1
2024-06-30,S관(3공장),[80] 누수/규격검사,169608.0,173178.0,100645.0,168.52,100645.0,1
2024-07-01,A관(1공장),[10] 사출조립,270002.0,283265.0,197367.0,136.8,197367.0,1
2024-07-01,A관(1공장),[20] 분리,77592.0,98674.0,197367.0,39.31,197367.0,1
2024-07-01,A관(1공장),[45] 하이드레이션/전면검사,94551.0,96544.0,118500.0,79.79,118500.0,1
2024-07-01,A관(1공장),[80] 누수/규격검사,96511.0,101673.0,112903.0,85.48,112903.0,1
2024-07-01,C관(2공장),[10] 사출조립,659200.0,763799.0,742386.0,88.79,742386.0,1
2024-07-01,C관(2공장),[20] 분리,659100.0,788651.0,742386.0,88.78,742386.0,1
2024-07-01,C관(2공장),[45] 하이드레이션/전면검사,616176.0,617016.0,650698.0,94.69,650698.0,1
2024-07-01,C관(2공장),[80] 누수/규격검사,461228.0,469437.0,609677.0,75.65,609677.0,1
2024-07-01,S관(3공장),[10] 사출조립,190812.0,225786.0,183871.0,103.77,183871.0,1
2024-07-01,S관(3공장),[20] 분리,219216.0,271930.0,183871.0,119.22,183871.0,1
2024-07-01,S관(3공장),[45] 하이드레이션/전면검사,243995.0,249460.0,116759.0,208.97,116759.0,1
2024-07-01,S관(3공장),[80] 누수/규격검사,109400.0,114684.0,100645.0,108.7,100645.0,1
2024-07-02,A관(1공장),[10] 사출조립,303153.0,311279.0,197367.0,153.6,197367.0,1
2024-07-02,A관(1공장),[20] 분리,82913.0,104656.0,197367.0,42.01,197367.0,1
2024-07-02,A관(1공장),[45] 하이드레이션/전면검사,79396.0,79718.0,118500.0,67.0,118500.0,1
2024-07-02,A관(1공장),[80] 누수/규격검사,86955.0,87614.0,112903.0,77.02,112903.0,1
2024-07-02,C관(2공장),[10] 사출조립,865192.0,1013362.0,742386.0,116.54,742386.0,1
2024-07-02,C관(2공장),[20] 분리,670620.0,798042.0,742386.0,90.33,742386.0,1
2024-07-02,C관(2공장),[45] 하이드레이션/전면검사,726769.0,729805.0,650698.0,111.69,650698.0,1
2024-07-02,C관(2공장),[80] 누수/규격검사,475722.0,484021.0,609677.0,78.03,609677.0,1
2024-07-02,S관(3공장),[10] 사출조립,171994.0,208200.0,183871.0,93.54,183871.0,1
2024-07-02,S관(3공장),[20] 분리,153491.0,196803.0,183871.0,83.48,183871.0,1
2024-07-02,S관(3공장),[45] 하이드레이션/전면검사,150280.0,153020.0,116759.0,128.71,116759.0,1
2024-07-02,S관(3공장),[80] 누수/규격검사,153438.0,154487.0,100645.0,152.45,100645.0,1
2024-07-03,A관(1공장),[10] 사출조립,268207.0,278375.0,197367.0,135.89,197367.0,1
2024-07-03,A관(1공장),[20] 분리,79483.0,101062.0,197367.0,40.27,197367.0,1
2024-07-03,A관(1공장),[45] 하이드레이션/전면검사,61970.0,64659.0,118500.0,52.3,118500.0,1
2024-07-03,A관(1공장),[80] 누수/규격검사,99582.0,100270.0,112903.0,88.2,112903.0,1
2024-07-03,C관(2공장),[10] 사출조립,838007.0,963814.0,742386.0,112.88,742386.0,1
2024-07-03,C관(2공장),[20] 분리,638223.0,778273.0,742386.0,85.97,742386.0,1
2024-07-03,C관(2공장),[45] 하이드레이션/전면검사,784578.0,788042.0,650698.0,120.57,650698.0,1
2024-07-03,C관(2공장),[80] 누수/규격검사,537297.0,545425.0,609677.0,88.13,609677.0,1
2024-07-03,S관(3공장),[10] 사출조립,209750.0,244579.0,183871.0,114.07,183871.0,1
2024-07-03,S관(3공장),[20] 분리,223332.0,270153.0,183871.0,121.46,183871.0,1
2024-07-03,S관(3공장),[45] 하이드레이션/전면검사,160170.0,163121.0,116759.0,137.18,116759.0,1
2024-07-03,S관(3공장),[80] 누수/규격검사,160012.0,161802.0,100645.0,158.99,100645.0,1
2024-07-04,A관(1공장),[10] 사출조립,339964.0,350003.0,197367.0,172.25,197367.0,1
2024-07-04,A관(1공장),[20] 분리,80691.0,107474.0,197367.0,40.88,197367.0,1
2024-07-04,A관(1공장),[45] 하이드레이션/전면검사,115851.0,115851.0,118500.0,97.76,118500.0,1
2024-07-04,A관(1공장),[80] 누수/규격검사,90567.0,91589.0,112903.0,80.22,112903.0,1
2024-07-04,C관(2공장),[10] 사출조립,702324.0,787846.0,742386.0,94.6,742386.0,1
2024-07-04,C관(2공장),[20] 분리,664162.0,797316.0,742386.0,89.46,742386.0,1
2024-07-04,C관(2공장),[45] 하이드레이션/전면검사,689119.0,693552.0,650698.0,105.9,650698.0,1
2024-07-04,C관(2공장),[80] 누수/규격검사,554475.0,558467.0,609677.0,90.95,609677.0,1
2024-07-04,S관(3공장),[10] 사출조립,179817.0,214310.0,183871.0,97.8,183871.0,1
2024-07-04,S관(3공장),[20] 분리,96187.0,131906.0,183871.0,52.31,183871.0,1
2024-07-04,S관(3공장),[45] 하이드레이션/전면검사,283980.0,286090.0,116759.0,243.22,116759.0,1
2024-07-04,S관(3공장),[80] 누수/규격검사,171334.0,172751.0,100645.0,170.24,100645.0,1
2024-07-05,A관(1공장),[10] 사출조립,365147.0,376423.0,197367.0,185.01,197367.0,1
2024-07-05,A관(1공장),[20] 분리,57241.0,75316.0,197367.0,29.0,197367.0,1
2024-07-05,A관(1공장),[45] 하이드레이션/전면검사,68660.0,70061.0,118500.0,57.94,118500.0,1
2024-07-05,A관(1공장),[80] 누수/규격검사,75256.0,78164.0,112903.0,66.66,112903.0,1
2024-07-05,C관(2공장),[10] 사출조립,725810.0,835308.0,742386.0,97.77,742386.0,1
2024-07-05,C관(2공장),[20] 분리,670606.0,792787.0,742386.0,90.33,742386.0,1
2024-07-05,C관(2공장),[45] 하이드레이션/전면검사,701803.0,703253.0,650698.0,107.85,650698.0,1
2024-07-05,C관(2공장),[80] 누수/규격검사,597630.0,600917.0,609677.0,98.02,609677.0,1
2024-07-05,S관(3공장),[10] 사출조립,233584.0,255820.0,183871.0,127.04,183871.0,1
2024-07-05,S관(3공장),[20] 분리,253749.0,330199.0,183871.0,138.0,183871.0,1
2024-07-05,S관(3공장),[45] 하이드레이션/전면검사,255565.0,257401.0,116759.0,218.88,116759.0,1
2024-07-05,S관(3공장),[80] 누수/규격검사,163302.0,166693.0,100645.0,162.26,100645.0,1
2024-07-06,A관(1공장),[10] 사출조립,291457.0,302628.0,197367.0,147.67,197367.0,1
2024-07-06,A관(1공장),[20] 분리,67839.0,89193.0,197367.0,34.37,197367.0,1
2024-07-06,A관(1공장),[45] 하이드레이션/전면검사,96085.0,96085.0,118500.0,81.08,118500.0,1
2024-07-06,A관(1공장),[80] 누수/규격검사,71298.0,72984.0,112903.0,63.15,112903.0,1
2024-07-06,C관(2공장),[10] 사출조립,723722.0,817577.0,742386.0,97.49,742386.0,1
2024-07-06,C관(2공장),[20] 분리,638116.0,753669.0,742386.0,85.95,742386.0,1
2024-07-06,C관(2공장),[45] 하이드레이션/전면검사,644780.0,646999.0,650698.0,99.09,650698.0,1
2024-07-06,C관(2공장),[80] 누수/규격검사,635360.0,646143.0,609677.0,104.21,609677.0,1
2024-07-06,S관(3공장),[10] 사출조립,216814.0,278344.0,183871.0,117.92,183871.0,1
2024-07-06,S관(3공장),[20] 분리,222604.0,278489.0,183871.0,121.07,183871.0,1
2024-07-06,S관(3공장),[45] 하이드레이션/전면검사,67551.0,68731.0,116759.0,57.86,116759.0,1
2024-07-06,S관(3공장),[80] 누수/규격검사,182781.0,186644.0,100645.0,181.61,100645.0,1
2024-07-07,A관(1공장),[10] 사출조립,287171.0,295496.0,197367.0,145.5,197367.0,1
2024-07-07,A관(1공장),[20] 분리,87816.0,114232.0,197367.0,44.49,197367.0,1
2024-07-07,A관(1공장),[45] 하이드레이션/전면검사,111776.0,113408.0,118500.0,94.33,118500.0,1
2024-07-07,A관(1공장),[80] 누수/규격검사,78624.0,79285.0,112903.0,69.64,112903.0,1
2024-07-07,C관(2공장),[10] 사출조립,599944.0,695367.0,742386.0,80.81,742386.0,1
2024-07-07,C관(2공장),[20] 분리,629105.0,770445.0,742386.0,84.74,742386.0,1
2024-07-07,C관(2공장),[45] 하이드레이션/전면검사,612685.0,613451.0,650698.0,94.16,650698.0,1
2024-07-07,C관(2공장),[80] 누수/규격검사,716663.0,719796.0,609677.0,117.55,609677.0,1
2024-07-07,S관(3공장),[10] 사출조립,360647.0,385672.0,183871.0,196.14,183871.0,1
2024-07-07,S관(3공장),[20] 분리,291950.0,357675.0,183871.0,158.78,183871.0,1
2024-07-07,S관(3공장),[45] 하이드레이션/전면검사,225490.0,228840.0,116759.0,193.12,116759.0,1
2024-07-07,S관(3공장),[80] 누수/규격검사,191242.0,195485.0,100645.0,190.02,100645.0,1
2024-07-08,A관(1공장),[10] 사출조립,205066.0,218891.0,197367.0,103.9,197367.0,1
2024-07-08,A관(1공장),[20] 분리,103402.0,133668.0,197367.0,52.39,197367.0,1
2024-07-08,A관(1공장),[45] 하이드레이션/전면검사,102105.0,109020.0,118500.0,86.16,118500.0,1
2024-07-08,A관(1공장),[80] 누수/규격검사,109132.0,110111.0,112903.0,96.66,112903.0,1
2024-07-08,C관(2공장),[10] 사출조립,851057.0,970418.0,742386.0,114.64,742386.0,1
2024-07-08,C관(2공장),[20] 분리,660390.0,795113.0,742386.0,88.96,742386.0,1
2024-07-08,C관(2공장),[45] 하이드레이션/전면검사,584095.0,584961.0,650698.0,89.76,650698.0,1
2024-07-08,C관(2공장),[80] 누수/규격검사,671480.0,678515.0,609677.0,110.14,609677.0,1
2024-07-08,S관(3공장),[10] 사출조립,208291.0,212166.0,183871.0,113.28,183871.0,1
2024-07-08,S관(3공장),[20] 분리,188059.0,229244.0,183871.0,102.28,183871.0,1
2024-07-08,S관(3공장),[45] 하이드레이션/전면검사,264340.0,266867.0,116759.0,226.4,116759.0,1
2024-07-08,S관(3공장),[80] 누수/규격검사,202871.0,207577.0,100645.0,201.57,100645.0,1
2024-07-09,A관(1공장),[10] 사출조립,192570.0,209476.0,197367.0,97.57,197367.0,1
2024-07-09,A관(1공장),[20] 분리,90213.0,118636.0,197367.0,45.71,197367.0,1
2024-07-09,A관(1공장),[45] 하이드레이션/전면검사,81114.0,83637.0,118500.0,68.45,118500.0,1
2024-07-09,A관(1공장),[80] 누수/규격검사,113412.0,116205.0,112903.0,100.45,112903.0,1
2024-07-09,C관(2공장),[10] 사출조립,705562.0,808342.0,742386.0,95.04,742386.0,1
2024-07-09,C관(2공장),[20] 분리,651975.0,789516.0,742386.0,87.82,742386.0,1
2024-07-09,C관(2공장),[45] 하이드레이션/전면검사,782369.0,784642.0,650698.0,120.24,650698.0,1
2024-07-09,C관(2공장),[80] 누수/규격검사,577604.0,579369.0,609677.0,94.74,609677.0,1
2024-07-09,S관(3공장),[10] 사출조립,230847.0,260518.0,183871.0,125.55,183871.0,1
2024-07-09,S관(3공장),[20] 분리,166461.0,218264.0,183871.0,90.53,183871.0,1
2024-07-09,S관(3공장),[45] 하이드레이션/전면검사,372395.0,376980.0,116759.0,318.94,116759.0,1
2024-07-09,S관(3공장),[80] 누수/규격검사,186161.0,194495.0,100645.0,184.97,100645.0,1
2024-07-10,A관(1공장),[10] 사출조립,187103.0,195526.0,197367.0,94.8,197367.0,1
2024-07-10,A관(1공장),[20] 분리,90684.0,118915.0,197367.0,45.95,197367.0,1
2024-07-10,A관(1공장),[45] 하이드레이션/전면검사,80622.0,82803.0,118500.0,68.04,118500.0,1
2024-07-10,A관(1공장),[80] 누수/규격검사,82493.0,83810.0,112903.0,73.07,112903.0,1
2024-07-10,C관(2공장),[10] 사출조립,584884.0,707870.0,742386.0,78.78,742386.0,1
2024-07-10,C관(2공장),[20] 분리,654471.0,786285.0,742386.0,88.16,742386.0,1
2024-07-10,C관(2공장),[45] 하이드레이션/전면검사,726654.0,728462.0,650698.0,111.67,650698.0,1
2024-07-10,C관(2공장),[80] 누수/규격검사,494287.0,502541.0,609677.0,81.07,609677.0,1
2024-07-10,S관(3공장),[10] 사출조립,156368.0,172336.0,183871.0,85.04,183871.0,1
2024-07-10,S관(3공장),[20] 분리,153544.0,196458.0,183871.0,83.51,183871.0,1
2024-07-10,S관(3공장),[45] 하이드레이션/전면검사,276995.0,279248.0,116759.0,237.24,116759.0,1
2024-07-10,S관(3공장),[80] 누수/규격검사,119814.0,121954.0,100645.0,119.05,100645.0,1
2024-07-11,A관(1공장),[10] 사출조립,210359.0,229652.0,197367.0,106.58,197367.0,1
2024-07-11,A관(1공장),[20] 분리,83371.0,106108.0,197367.0,42.24,197367.0,1
2024-07-11,A관(1공장),[45] 하이드레이션/전면검사,107286.0,113265.0,118500.0,90.54,118500.0,1
2024-07-11,A관(1공장),[80] 누수/규격검사,78548.0,83567.0,112903.0,69.57,112903.0,1
2024-07-11,C관(2공장),[10] 사출조립,771913.0,897318.0,742386.0,103.98,742386.0,1
2024-07-11,C관(2공장),[20] 분리,661647.0,790778.0,742386.0,89.12,742386.0,1
2024-07-11,C관(2공장),[45] 하이드레이션/전면검사,617895.0,621156.0,650698.0,94.96,650698.0,1
2024-07-11,C관(2공장),[80] 누수/규격검사,647212.0,651157.0,609677.0,106.16,609677.0,1
2024-07-11,S관(3공장),[10] 사출조립,197971.0,254013.0,183871.0,107.67,183871.0,1
2024-07-11,S관(3공장),[20] 분리,185153.0,237085.0,183871.0,100.7,183871.0,1
2024-07-11,S관(3공장),[45] 하이드레이션/전면검사,235845.0,237493.0,116759.0,201.99,116759.0,1
2024-07-11,S관(3공장),[80] 누수/규격검사,156324.0,160214.0,100645.0,155.32,100645.0,1
2024-07-12,A관(1공장),[10] 사출조립,182888.0,208771.0,197367.0,92.66,197367.0,1
2024-07-12,A관(1공장),[20] 분리,91718.0,121545.0,197367.0,46.47,197367.0,1
2024-07-12,A관(1공장),[45] 하이드레이션/전면검사,87269.0,87567.0,118500.0,73.64,118500.0,1
2024-07-12,A관(1공장),[80] 누수/규격검사,71072.0,74384.0,112903.0,62.95,112903.0,1
2024-07-12,C관(2공장),[10] 사출조립,555030.0,687137.0,742386.0,74.76,742386.0,1
2024-07-12,C관(2공장),[20] 분리,595851.0,740579.0,742386.0,80.26,742386.0,1
2024-07-12,C관(2공장),[45] 하이드레이션/전면검사,759167.0,761709.0,650698.0,116.67,650698.0,1
2024-07-12,C관(2공장),[80] 누수/규격검사,657592.0,663028.0,609677.0,107.86,609677.0,1
2024-07-12,S관(3공장),[10] 사출조립,170877.0,200427.0,183871.0,92.93,183871.0,1
2024-07-12,S관(3공장),[20] 분리,189517.0,244895.0,183871.0,103.07,183871.0,1
2024-07-12,S관(3공장),[45] 하이드레이션/전면검사,183600.0,184925.0,116759.0,157.25,116759.0,1
2024-07-12,S관(3공장),[80] 누수/규격검사,181654.0,185803.0,100645.0,180.49,100645.0,1
2024-07-13,A관(1공장),[10] 사출조립,328599.0,340861.0,197367.0,166.49,197367.0,1
2024-07-13,A관(1공장),[20] 분리,95327.0,131910.0,197367.0,48.3,197367.0,1
2024-07-13,A관(1공장),[45] 하이드레이션/전면검사,85891.0,88311.0,118500.0,72.48,118500.0,1
2024-07-13,A관(1공장),[80] 누수/규격검사,74993.0,93264.0,112903.0,66.42,112903.0,1
2024-07-13,C관(2공장),[10] 사출조립,605434.0,746278.0,742386.0,81.55,742386.0,1
2024-07-13,C관(2공장),[20] 분리,621159.0,774468.0,742386.0,83.67,742386.0,1
2024-07-13,C관(2공장),[45] 하이드레이션/전면검사,638251.0,639384.0,650698.0,98.09,650698.0,1
2024-07-13,C관(2공장),[80] 누수/규격검사,573151.0,579818.0,609677.0,94.01,609677.0,1
2024-07-13,S관(3공장),[10] 사출조립,341444.0,370234.0,183871.0,185.7,183871.0,1
2024-07-13,S관(3공장),[20] 분리,216577.0,280493.0,183871.0,117.79,183871.0,1
2024-07-13,S관(3공장),[45] 하이드레이션/전면검사,160540.0,162750.0,116759.0,137.5,116759.0,1
2024-07-13,S관(3공장),[80] 누수/규격검사,148221.0,152091.0,100645.0,147.27,100645.0,1
2024-07-14,A관(1공장),[10] 사출조립,256580.0,271803.0,197367.0,130.0,197367.0,1
2024-07-14,A관(1공장),[20] 분리,103083.0,140338.0,197367.0,52.23,197367.0,1
2024-07-14,A관(1공장),[45] 하이드레이션/전면검사,137453.0,138130.0,118500.0,115.99,118500.0,1
2024-07-14,A관(1공장),[80] 누수/규격검사,63600.0,69261.0,112903.0,56.33,112903.0,1
2024-07-14,C관(2공장),[10] 사출조립,583928.0,708830.0,742386.0,78.66,742386.0,1
2024-07-14,C관(2공장),[20] 분리,597907.0,744056.0,742386.0,80.54,742386.0,1
2024-07-14,C관(2공장),[45] 하이드레이션/전면검사,625494.0,626752.0,650698.0,96.13,650698.0,1
2024-07-14,C관(2공장),[80] 누수/규격검사,621680.0,629410.0,609677.0,101.97,609677.0,1
2024-07-14,S관(3공장),[10] 사출조립,169061.0,210813.0,183871.0,91.95,183871.0,1
2024-07-14,S관(3공장),[20] 분리,140906.0,180629.0,183871.0,76.63,183871.0,1
2024-07-14,S관(3공장),[45] 하이드레이션/전면검사,169010.0,170381.0,116759.0,144.75,116759.0,1
2024-07-14,S관(3공장),[80] 누수/규격검사,153496.0,156361.0,100645.0,152.51,100645.0,1
2024-07-15,A관(1공장),[10] 사출조립,329370.0,341186.0,197367.0,166.88,197367.0,1
2024-07-15,A관(1공장),[20] 분리,100521.0,135084.0,197367.0,50.93,197367.0,1
2024-07-15,A관(1공장),[45] 하이드레이션/전면검사,119212.0,137151.0,118500.0,100.6,118500.0,1
2024-07-15,A관(1공장),[80] 누수/규격검사,77139.0,82715.0,112903.0,68.32,112903.0,1
2024-07-15,C관(2공장),[10] 사출조립,695354.0,839809.0,742386.0,93.66,742386.0,1
2024-07-15,C관(2공장),[20] 분리,545405.0,677416.0,742386.0,73.47,742386.0,1
2024-07-15,C관(2공장),[45] 하이드레이션/전면검사,589254.0,593149.0,650698.0,90.56,650698.0,1
2024-07-15,C관(2공장),[80] 누수/규격검사,575241.0,579712.0,609677.0,94.35,609677.0,1
2024-07-15,S관(3공장),[10] 사출조립,164188.0,208703.0,183871.0,89.3,183871.0,1
2024-07-15,S관(3공장),[20] 분리,178407.0,227570.0,183871.0,97.03,183871.0,1
2024-07-15,S관(3공장),[45] 하이드레이션/전면검사,110345.0,114717.0,116759.0,94.51,116759.0,1
2024-07-15,S관(3공장),[80] 누수/규격검사,150699.0,155749.0,100645.0,149.73,100645.0,1
2024-07-16,A관(1공장),[10] 사출조립,269068.0,274621.0,197367.0,136.33,197367.0,1
2024-07-16,A관(1공장),[20] 분리,107995.0,133562.0,197367.0,54.72,197367.0,1
2024-07-16,A관(1공장),[45] 하이드레이션/전면검사,95250.0,95250.0,118500.0,80.38,118500.0,1
2024-07-16,A관(1공장),[80] 누수/규격검사,88624.0,89082.0,112903.0,78.5,112903.0,1
2024-07-16,C관(2공장),[10] 사출조립,657640.0,740136.0,742386.0,88.58,742386.0,1
2024-07-16,C관(2공장),[20] 분리,509528.0,622486.0,742386.0,68.63,742386.0,1
2024-07-16,C관(2공장),[45] 하이드레이션/전면검사,706415.0,710172.0,650698.0,108.56,650698.0,1
2024-07-16,C관(2공장),[80] 누수/규격검사,501104.0,507221.0,609677.0,82.19,609677.0,1
2024-07-16,S관(3공장),[10] 사출조립,70253.0,99232.0,183871.0,38.21,183871.0,1
2024-07-16,S관(3공장),[20] 분리,213962.0,309593.0,183871.0,116.37,183871.0,1
2024-07-16,S관(3공장),[45] 하이드레이션/전면검사,158710.0,159930.0,116759.0,135.93,116759.0,1
2024-07-16,S관(3공장),[80] 누수/규격검사,193796.0,197796.0,100645.0,192.55,100645.0,1
2024-07-17,A관(1공장),[10] 사출조립,320354.0,324881.0,197367.0,162.31,197367.0,1
2024-07-17,A관(1공장),[20] 분리,107381.0,141345.0,197367.0,54.41,197367.0,1
2024-07-17,A관(1공장),[45] 하이드레이션/전면검사,60808.0,61661.0,118500.0,51.31,118500.0,1
2024-07-17,A관(1공장),[80] 누수/규격검사,79292.0,81933.0,112903.0,70.23,112903.0,1
2024-07-17,C관(2공장),[10] 사출조립,734457.0,838718.0,742386.0,98.93,742386.0,1
2024-07-17,C관(2공장),[20] 분리,490017.0,591352.0,742386.0,66.01,742386.0,1
2024-07-17,C관(2공장),[45] 하이드레이션/전면검사,518620.0,521080.0,650698.0,79.7,650698.0,1
2024-07-17,C관(2공장),[80] 누수/규격검사,460917.0,474551.0,609677.0,75.6,609677.0,1
2024-07-17,S관(3공장),[10] 사출조립,74341.0,99528.0,183871.0,40.43,183871.0,1
2024-07-17,S관(3공장),[20] 분리,120272.0,165635.0,183871.0,65.41,183871.0,1
2024-07-17,S관(3공장),[45] 하이드레이션/전면검사,159320.0,160216.0,116759.0,136.45,116759.0,1
2024-07-17,S관(3공장),[80] 누수/규격검사,128019.0,132737.0,100645.0,127.2,100645.0,1
2024-07-18,A관(1공장),[10] 사출조립,259461.0,271010.0,197367.0,131.46,197367.0,1
2024-07-18,A관(1공장),[20] 분리,106545.0,138374.0,197367.0,53.98,197367.0,1
2024-07-18,A관(1공장),[45] 하이드레이션/전면검사,98595.0,103499.0,118500.0,83.2,118500.0,1
2024-07-18,A관(1공장),[80] 누수/규격검사,81219.0,81304.0,112903.0,71.94,112903.0,1
2024-07-18,C관(2공장),[10] 사출조립,647030.0,761959.0,742386.0,87.16,742386.0,1
2024-07-18,C관(2공장),[20] 분리,534717.0,643042.0,742386.0,72.03,742386.0,1
2024-07-18,C관(2공장),[45] 하이드레이션/전면검사,599345.0,601286.0,650698.0,92.11,650698.0,1
2024-07-18,C관(2공장),[80] 누수/규격검사,598057.0,605667.0,609677.0,98.09,609677.0,1
2024-07-18,S관(3공장),[10] 사출조립,178908.0,217128.0,183871.0,97.3,183871.0,1
2024-07-18,S관(3공장),[20] 분리,208355.0,297359.0,183871.0,113.32,183871.0,1
2024-07-18,S관(3공장),[45] 하이드레이션/전면검사,146090.0,146951.0,116759.0,125.12,116759.0,1
2024-07-18,S관(3공장),[80] 누수/규격검사,141889.0,146799.0,100645.0,140.98,100645.0,1
2024-07-19,A관(1공장),[10] 사출조립,332551.0,345498.0,197367.0,168.49,197367.0,1
2024-07-19,A관(1공장),[20] 분리,141689.0,178288.0,197367.0,71.79,197367.0,1
2024-07-19,A관(1공장),[45] 하이드레이션/전면검사,106673.0,107914.0,118500.0,90.02,118500.0,1
2024-07-19,A관(1공장),[80] 누수/규격검사,83709.0,84656.0,112903.0,74.14,112903.0,1
2024-07-19,C관(2공장),[10] 사출조립,715944.0,832831.0,742386.0,96.44,742386.0,1
2024-07-19,C관(2공장),[20] 분리,596459.0,724735.0,742386.0,80.34,742386.0,1
2024-07-19,C관(2공장),[45] 하이드레이션/전면검사,569607.0,570354.0,650698.0,87.54,650698.0,1
2024-07-19,C관(2공장),[80] 누수/규격검사,484998.0,492411.0,609677.0,79.55,609677.0,1
2024-07-19,S관(3공장),[10] 사출조립,108783.0,137952.0,183871.0,59.16,183871.0,1
2024-07-19,S관(3공장),[20] 분리,92047.0,130577.0,183871.0,50.06,183871.0,1
2024-07-19,S관(3공장),[45] 하이드레이션/전면검사,236045.0,236995.0,116759.0,202.16,116759.0,1
2024-07-19,S관(3공장),[80] 누수/규격검사,124105.0,128730.0,100645.0,123.31,100645.0,1
2024-07-20,A관(1공장),[10] 사출조립,337060.0,357406.0,197367.0,170.78,197367.0,1
2024-07-20,A관(1공장),[20] 분리,139544.0,176197.0,197367.0,70.7,197367.0,1
2024-07-20,A관(1공장),[45] 하이드레이션/전면검사,75840.0,76255.0,118500.0,64.0,118500.0,1
2024-07-20,A관(1공장),[80] 누수/규격검사,92084.0,94076.0,112903.0,81.56,112903.0,1
2024-07-20,C관(2공장),[10] 사출조립,755198.0,871238.0,742386.0,101.73,742386.0,1
2024-07-20,C관(2공장),[20] 분리,592663.0,719472.0,742386.0,79.83,742386.0,1
2024-07-20,C관(2공장),[45] 하이드레이션/전면검사,690340.0,691164.0,650698.0,106.09,650698.0,1
2024-07-20,C관(2공장),[80] 누수/규격검사,596530.0,603540.0,609677.0,97.84,609677.0,1
2024-07-20,S관(3공장),[10] 사출조립,112526.0,136685.0,183871.0,61.2,183871.0,1
2024-07-20,S관(3공장),[20] 분리,159721.0,209538.0,183871.0,86.87,183871.0,1
2024-07-20,S관(3공장),[45] 하이드레이션/전면검사,203765.0,204870.0,116759.0,174.52,116759.0,1
2024-07-20,S관(3공장),[80] 누수/규격검사,114650.0,125055.0,100645.0,113.92,100645.0,1
2024-07-21,A관(1공장),[10] 사출조립,330779.0,346909.0,197367.0,167.6,197367.0,1
2024-07-21,A관(1공장),[20] 분리,121379.0,150480.0,197367.0,61.5,197367.0,1
2024-07-21,A관(1공장),[45] 하이드레이션/전면검사,81558.0,81558.0,118500.0,68.83,118500.0,1
2024-07-21,A관(1공장),[80] 누수/규격검사,97565.0,98596.0,112903.0,86.41,112903.0,1
2024-07-21,C관(2공장),[10] 사출조립,642707.0,756590.0,742386.0,86.57,742386.0,1
2024-07-21,C관(2공장),[20] 분리,630295.0,771740.0,742386.0,84.9,742386.0,1
2024-07-21,C관(2공장),[45] 하이드레이션/전면검사,563592.0,564421.0,650698.0,86.61,650698.0,1
2024-07-21,C관(2공장),[80] 누수/규격검사,567160.0,573815.0,609677.0,93.03,609677.0,1
2024-07-21,S관(3공장),[10] 사출조립,90181.0,121056.0,183871.0,49.05,183871.0,1
2024-07-21,S관(3공장),[20] 분리,48343.0,63736.0,183871.0,26.29,183871.0,1
2024-07-21,S관(3공장),[45] 하이드레이션/전면검사,220715.0,222473.0,116759.0,189.03,116759.0,1
2024-07-21,S관(3공장),[80] 누수/규격검사,160185.0,162525.0,100645.0,159.16,100645.0,1
2024-07-22,A관(1공장),[10] 사출조립,293434.0,306537.0,197367.0,148.67,197367.0,1
2024-07-22,A관(1공장),[20] 분리,112552.0,140945.0,197367.0,57.03,197367.0,1
2024-07-22,A관(1공장),[45] 하이드레이션/전면검사,73434.0,73434.0,118500.0,61.97,118500.0,1
2024-07-22,A관(1공장),[80] 누수/규격검사,100994.0,102654.0,112903.0,89.45,112903.0,1
2024-07-22,C관(2공장),[10] 사출조립,560804.0,673982.0,742386.0,75.54,742386.0,1
2024-07-22,C관(2공장),[20] 분리,533734.0,660749.0,742386.0,71.89,742386.0,1
2024-07-22,C관(2공장),[45] 하이드레이션/전면검사,617651.0,622137.0,650698.0,94.92,650698.0,1
2024-07-22,C관(2공장),[80] 누수/규격검사,414683.0,420633.0,609677.0,68.02,609677.0,1
2024-07-22,S관(3공장),[10] 사출조립,167950.0,209592.0,183871.0,91.34,183871.0,1
2024-07-22,S관(3공장),[20] 분리,92279.0,123655.0,183871.0,50.19,183871.0,1
2024-07-22,S관(3공장),[45] 하이드레이션/전면검사,197545.0,198866.0,116759.0,169.19,116759.0,1
2024-07-22,S관(3공장),[80] 누수/규격검사,98839.0,99379.0,100645.0,98.21,100645.0,1
2024-07-23,A관(1공장),[10] 사출조립,347426.0,358557.0,197367.0,176.03,197367.0,1
2024-07-23,A관(1공장),[20] 분리,126122.0,154331.0,197367.0,63.9,197367.0,1
2024-07-23,A관(1공장),[45] 하이드레이션/전면검사,85282.0,95497.0,118500.0,71.97,118500.0,1
2024-07-23,A관(1공장),[80] 누수/규격검사,68903.0,69096.0,112903.0,61.03,112903.0,1
2024-07-23,C관(2공장),[10] 사출조립,830995.0,970508.0,742386.0,111.94,742386.0,1
2024-07-23,C관(2공장),[20] 분리,570931.0,689329.0,742386.0,76.9,742386.0,1
2024-07-23,C관(2공장),[45] 하이드레이션/전면검사,437370.0,447773.0,650698.0,67.22,650698.0,1
2024-07-23,C관(2공장),[80] 누수/규격검사,396575.0,405125.0,609677.0,65.05,609677.0,1
2024-07-23,S관(3공장),[10] 사출조립,120493.0,153016.0,183871.0,65.53,183871.0,1
2024-07-23,S관(3공장),[20] 분리,122623.0,166018.0,183871.0,66.69,183871.0,1
2024-07-23,S관(3공장),[45] 하이드레이션/전면검사,177920.0,178867.0,116759.0,152.38,116759.0,1
2024-07-23,S관(3공장),[80] 누수/규격검사,143646.0,145491.0,100645.0,142.73,100645.0,1
2024-07-24,A관(1공장),[10] 사출조립,373710.0,383531.0,197367.0,189.35,197367.0,1
2024-07-24,A관(1공장),[20] 분리,122330.0,154604.0,197367.0,61.98,197367.0,1
2024-07-24,A관(1공장),[45] 하이드레이션/전면검사,78652.0,82511.0,118500.0,66.37,118500.0,1
2024-07-24,A관(1공장),[80] 누수/규격검사,101996.0,103380.0,112903.0,90.34,112903.0,1
2024-07-24,C관(2공장),[10] 사출조립,583834.0,718807.0,742386.0,78.64,742386.0,1
2024-07-24,C관(2공장),[20] 분리,576575.0,708792.0,742386.0,77.67,742386.0,1
2024-07-24,C관(2공장),[45] 하이드레이션/전면검사,741900.0,747769.0,650698.0,114.02,650698.0,1
2024-07-24,C관(2공장),[80] 누수/규격검사,526147.0,527713.0,609677.0,86.3,609677.0,1
2024-07-24,S관(3공장),[10] 사출조립,81445.0,93136.0,183871.0,44.29,183871.0,1
2024-07-24,S관(3공장),[20] 분리,68923.0,106069.0,183871.0,37.48,183871.0,1
2024-07-24,S관(3공장),[45] 하이드레이션/전면검사,244651.0,246171.0,116759.0,209.54,116759.0,1
2024-07-24,S관(3공장),[80] 누수/규격검사,169980.0,171880.0,100645.0,168.89,100645.0,1
2024-07-25,A관(1공장),[10] 사출조립,313137.0,326689.0,197367.0,158.66,197367.0,1
2024-07-25,A관(1공장),[20] 분리,158170.0,196470.0,197367.0,80.14,197367.0,1
2024-07-25,A관(1공장),[45] 하이드레이션/전면검사,89234.0,95430.0,118500.0,75.3,118500.0,1
2024-07-25,A관(1공장),[80] 누수/규격검사,84035.0,85457.0,112903.0,74.43,112903.0,1
2024-07-25,C관(2공장),[10] 사출조립,664927.0,783814.0,742386.0,89.57,742386.0,1
2024-07-25,C관(2공장),[20] 분리,590166.0,726489.0,742386.0,79.5,742386.0,1
2024-07-25,C관(2공장),[45] 하이드레이션/전면검사,443040.0,446308.0,650698.0,68.09,650698.0,1
2024-07-25,C관(2공장),[80] 누수/규격검사,558445.0,565105.0,609677.0,91.6,609677.0,1
2024-07-25,S관(3공장),[10] 사출조립,108860.0,131600.0,183871.0,59.2,183871.0,1
2024-07-25,S관(3공장),[20] 분리,86720.0,118395.0,183871.0,47.16,183871.0,1
2024-07-25,S관(3공장),[45] 하이드레이션/전면검사,127340.0,127976.0,116759.0,109.06,116759.0,1
2024-07-25,S관(3공장),[80] 누수/규격검사,236485.0,240920.0,100645.0,234.97,100645.0,1
2024-07-26,A관(1공장),[10] 사출조립,364668.0,374877.0,197367.0,184.77,197367.0,1
2024-07-26,A관(1공장),[20] 분리,114523.0,140889.0,197367.0,58.03,197367.0,1
2024-07-26,A관(1공장),[45] 하이드레이션/전면검사,108320.0,109255.0,118500.0,91.41,118500.0,1
2024-07-26,A관(1공장),[80] 누수/규격검사,74941.0,76390.0,112903.0,66.38,112903.0,1
2024-07-26,C관(2공장),[10] 사출조립,634994.0,757162.0,742386.0,85.53,742386.0,1
2024-07-26,C관(2공장),[20] 분리,585669.0,712354.0,742386.0,78.89,742386.0,1
2024-07-26,C관(2공장),[45] 하이드레이션/전면검사,651305.0,654253.0,650698.0,100.09,650698.0,1
2024-07-26,C관(2공장),[80] 누수/규격검사,488060.0,494555.0,609677.0,80.05,609677.0,1
2024-07-26,S관(3공장),[10] 사출조립,155328.0,205520.0,183871.0,84.48,183871.0,1
2024-07-26,S관(3공장),[20] 분리,61732.0,81943.0,183871.0,33.57,183871.0,1
2024-07-26,S관(3공장),[45] 하이드레이션/전면검사,113315.0,113929.0,116759.0,97.05,116759.0,1
2024-07-26,S관(3공장),[80] 누수/규격검사,119069.0,121669.0,100645.0,118.31,100645.0,1
2024-07-27,A관(1공장),[10] 사출조립,348709.0,369507.0,197367.0,176.68,197367.0,1
2024-07-27,A관(1공장),[20] 분리,108324.0,134022.0,197367.0,54.88,197367.0,1
2024-07-27,A관(1공장),[45] 하이드레이션/전면검사,101010.0,101550.0,118500.0,85.24,118500.0,1
2024-07-27,A관(1공장),[80] 누수/규격검사,96655.0,97285.0,112903.0,85.61,112903.0,1
2024-07-27,C관(2공장),[10] 사출조립,621995.0,734863.0,742386.0,83.78,742386.0,1
2024-07-27,C관(2공장),[20] 분리,583665.0,717154.0,742386.0,78.62,742386.0,1
2024-07-27,C관(2공장),[45] 하이드레이션/전면검사,662569.0,664705.0,650698.0,101.82,650698.0,1
2024-07-27,C관(2공장),[80] 누수/규격검사,455100.0,461995.0,609677.0,74.65,609677.0,1
2024-07-27,S관(3공장),[10] 사출조립,188126.0,221384.0,183871.0,102.31,183871.0,1
2024-07-27,S관(3공장),[20] 분리,122769.0,161227.0,183871.0,66.77,183871.0,1
2024-07-27,S관(3공장),[45] 하이드레이션/전면검사,233500.0,234223.0,116759.0,199.98,116759.0,1
2024-07-27,S관(3공장),[80] 누수/규격검사,111245.0,112015.0,100645.0,110.53,100645.0,1
2024-07-28,A관(1공장),[10] 사출조립,377952.0,394659.0,197367.0,191.5,197367.0,1
2024-07-28,A관(1공장),[20] 분리,112279.0,138672.0,197367.0,56.89,197367.0,1
2024-07-28,A관(1공장),[45] 하이드레이션/전면검사,103807.0,104394.0,118500.0,87.6,118500.0,1
2024-07-28,A관(1공장),[80] 누수/규격검사,96381.0,96678.0,112903.0,85.37,112903.0,1
2024-07-28,C관(2공장),[10] 사출조립,574049.0,690418.0,742386.0,77.32,742386.0,1
2024-07-28,C관(2공장),[20] 분리,574733.0,708165.0,742386.0,77.42,742386.0,1
2024-07-28,C관(2공장),[45] 하이드레이션/전면검사,612756.0,622688.0,650698.0,94.17,650698.0,1
2024-07-28,C관(2공장),[80] 누수/규격검사,489915.0,493900.0,609677.0,80.36,609677.0,1
2024-07-28,S관(3공장),[10] 사출조립,70164.0,94537.0,183871.0,38.16,183871.0,1
2024-07-28,S관(3공장),[20] 분리,128577.0,160495.0,183871.0,69.93,183871.0,1
2024-07-28,S관(3공장),[45] 하이드레이션/전면검사,270800.0,272882.0,116759.0,231.93,116759.0,1
2024-07-28,S관(3공장),[80] 누수/규격검사,163255.0,163820.0,100645.0,162.21,100645.0,1
2024-07-29,A관(1공장),[10] 사출조립,384085.0,398601.0,197367.0,194.6,197367.0,1
2024-07-29,A관(1공장),[20] 분리,92491.0,110626.0,197367.0,46.86,197367.0,1
2024-07-29,A관(1공장),[45] 하이드레이션/전면검사,60212.0,60212.0,118500.0,50.81,118500.0,1
2024-07-29,A관(1공장),[80] 누수/규격검사,85568.0,88392.0,112903.0,75.79,112903.0,1
2024-07-29,C관(2공장),[10] 사출조립,673541.0,820743.0,742386.0,90.73,742386.0,1
2024-07-29,C관(2공장),[20] 분리,639604.0,757674.0,742386.0,86.16,742386.0,1
2024-07-29,C관(2공장),[45] 하이드레이션/전면검사,513528.0,516076.0,650698.0,78.92,650698.0,1
2024-07-29,C관(2공장),[80] 누수/규격검사,491000.0,494890.0,609677.0,80.53,609677.0,1
2024-07-29,S관(3공장),[10] 사출조립,86057.0,104616.0,183871.0,46.8,183871.0,1
2024-07-29,S관(3공장),[20] 분리,83872.0,113548.0,183871.0,45.61,183871.0,1
2024-07-29,S관(3공장),[45] 하이드레이션/전면검사,216620.0,236699.0,116759.0,185.53,116759.0,1
2024-07-29,S관(3공장),[80] 누수/규격검사,147045.0,148735.0,100645.0,146.1,100645.0,1
2024-07-30,A관(1공장),[10] 사출조립,316291.0,325790.0,197367.0,160.26,197367.0,1
2024-07-30,A관(1공장),[20] 분리,79736.0,95578.0,197367.0,40.4,197367.0,1
2024-07-30,A관(1공장),[45] 하이드레이션/전면검사,93950.0,94683.0,118500.0,79.28,118500.0,1
2024-07-30,A관(1공장),[80] 누수/규격검사,83398.0,84315.0,112903.0,73.87,112903.0,1
2024-07-30,C관(2공장),[10] 사출조립,655942.0,787055.0,742386.0,88.36,742386.0,1
2024-07-30,C관(2공장),[20] 분리,616017.0,727241.0,742386.0,82.98,742386.0,1
2024-07-30,C관(2공장),[45] 하이드레이션/전면검사,526045.0,529994.0,650698.0,80.84,650698.0,1
2024-07-30,C관(2공장),[80] 누수/규격검사,495110.0,498835.0,609677.0,81.21,609677.0,1
2024-07-30,S관(3공장),[10] 사출조립,88424.0,112992.0,183871.0,48.09,183871.0,1
2024-07-30,S관(3공장),[20] 분리,158454.0,206324.0,183871.0,86.18,183871.0,1
2024-07-30,S관(3공장),[45] 하이드레이션/전면검사,127585.0,128843.0,116759.0,109.27,116759.0,1
2024-07-30,S관(3공장),[80] 누수/규격검사,124895.0,126955.0,100645.0,124.09,100645.0,1
2024-07-31,A관(1공장),[10] 사출조립,470311.0,483855.0,197367.0,238.29,197367.0,1
2024-07-31,A관(1공장),[20] 분리,106470.0,126528.0,197367.0,53.95,197367.0,1
2024-07-31,A관(1공장),[45] 하이드레이션/전면검사,102203.0,102203.0,118500.0,86.25,118500.0,1
2024-07-31,A관(1공장),[80] 누수/규격검사,84531.0,84906.0,112903.0,74.87,112903.0,1
2024-07-31,C관(2공장),[10] 사출조립,637054.0,785690.0,742386.0,85.81,742386.0,1
2024-07-31,C관(2공장),[20] 분리,620263.0,739516.0,742386.0,83.55,742386.0,1
2024-07-31,C관(2공장),[45] 하이드레이션/전면검사,530766.0,533370.0,650698.0,81.57,650698.0,1
2024-07-31,C관(2공장),[80] 누수/규격검사,517625.0,525225.0,609677.0,84.9,609677.0,1
2024-07-31,S관(3공장),[10] 사출조립,93630.0,127904.0,183871.0,50.92,183871.0,1
2024-07-31,S관(3공장),[20] 분리,167107.0,217445.0,183871.0,90.88,183871.0,1
2024-07-31,S관(3공장),[45] 하이드레이션/전면검사,205675.0,207025.0,116759.0,176.15,116759.0,1
2024-07-31,S관(3공장),[80] 누수/규격검사,134495.0,140210.0,100645.0,133.63,100645.0,1
2024-08-01,A관(1공장),[10] 사출조립,305029.0,311624.0,197367.0,154.55,197367.0,1
2024-08-01,A관(1공장),[20] 분리,141166.0,173984.0,197367.0,71.52,197367.0,1
2024-08-01,A관(1공장),[45] 하이드레이션/전면검사,88852.0,88852.0,118500.0,74.98,118500.0,1
2024-08-01,A관(1공장),[80] 누수/규격검사,93057.0,93630.0,112903.0,82.42,112903.0,1
2024-08-01,C관(2공장),[10] 사출조립,797383.0,919369.0,742386.0,107.41,742386.0,1
2024-08-01,C관(2공장),[20] 분리,617958.0,733158.0,742386.0,83.24,742386.0,1
2024-08-01,C관(2공장),[45] 하이드레이션/전면검사,500501.0,504708.0,650698.0,76.92,650698.0,1
2024-08-01,C관(2공장),[80] 누수/규격검사,457175.0,463760.0,609677.0,74.99,609677.0,1
2024-08-01,S관(3공장),[10] 사출조립,125481.0,143925.0,183871.0,68.24,183871.0,1
2024-08-01,S관(3공장),[20] 분리,97237.0,128884.0,183871.0,52.88,183871.0,1
2024-08-01,S관(3공장),[45] 하이드레이션/전면검사,198665.0,200799.0,116759.0,170.15,116759.0,1
2024-08-01,S관(3공장),[80] 누수/규격검사,125460.0,131855.0,100645.0,124.66,100645.0,1
2024-08-02,A관(1공장),[10] 사출조립,316970.0,330465.0,197367.0,160.6,197367.0,1
2024-08-02,A관(1공장),[20] 분리,125916.0,153028.0,197367.0,63.8,197367.0,1
2024-08-02,A관(1공장),[45] 하이드레이션/전면검사,38212.0,39212.0,118500.0,32.25,118500.0,1
2024-08-02,A관(1공장),[80] 누수/규격검사,92705.0,94056.0,112903.0,82.11,112903.0,1
2024-08-02,C관(2공장),[10] 사출조립,575237.0,700454.0,742386.0,77.48,742386.0,1
2024-08-02,C관(2공장),[20] 분리,604159.0,724163.0,742386.0,81.38,742386.0,1
2024-08-02,C관(2공장),[45] 하이드레이션/전면검사,477725.0,479224.0,650698.0,73.42,650698.0,1
2024-08-02,C관(2공장),[80] 누수/규격검사,394145.0,398005.0,609677.0,64.65,609677.0,1
2024-08-02,S관(3공장),[10] 사출조립,104464.0,145516.0,183871.0,56.81,183871.0,1
2024-08-02,S관(3공장),[20] 분리,113533.0,155330.0,183871.0,61.75,183871.0,1
2024-08-02,S관(3공장),[45] 하이드레이션/전면검사,161130.0,162221.0,116759.0,138.0,116759.0,1
2024-08-02,S관(3공장),[80] 누수/규격검사,113735.0,118335.0,100645.0,113.01,100645.0,1
2024-08-03,A관(1공장),[10] 사출조립,342150.0,358578.0,197367.0,173.36,197367.0,1
2024-08-03,A관(1공장),[20] 분리,129999.0,155719.0,197367.0,65.87,197367.0,1
2024-08-03,A관(1공장),[45] 하이드레이션/전면검사,75549.0,75549.0,118500.0,63.75,118500.0,1
2024-08-03,A관(1공장),[80] 누수/규격검사,73487.0,74622.0,112903.0,65.09,112903.0,1
2024-08-03,C관(2공장),[10] 사출조립,661711.0,801225.0,742386.0,89.13,742386.0,1
2024-08-03,C관(2공장),[20] 분리,624023.0,743172.0,742386.0,84.06,742386.0,1
2024-08-03,C관(2공장),[45] 하이드레이션/전면검사,500847.0,501830.0,650698.0,76.97,650698.0,1
2024-08-03,C관(2공장),[80] 누수/규격검사,517255.0,525050.0,609677.0,84.84,609677.0,1
2024-08-03,S관(3공장),[10] 사출조립,142636.0,178970.0,183871.0,77.57,183871.0,1
2024-08-03,S관(3공장),[20] 분리,149143.0,193812.0,183871.0,81.11,183871.0,1
2024-08-03,S관(3공장),[45] 하이드레이션/전면검사,131420.0,131941.0,116759.0,112.56,116759.0,1
2024-08-03,S관(3공장),[80] 누수/규격검사,150645.0,154230.0,100645.0,149.68,100645.0,1
2024-08-04,A관(1공장),[10] 사출조립,439736.0,456815.0,197367.0,222.8,197367.0,1
2024-08-04,A관(1공장),[20] 분리,128915.0,153298.0,197367.0,65.32,197367.0,1
2024-08-04,A관(1공장),[45] 하이드레이션/전면검사,57224.0,57224.0,118500.0,48.29,118500.0,1
2024-08-04,A관(1공장),[80] 누수/규격검사,76923.0,77513.0,112903.0,68.13,112903.0,1
2024-08-04,C관(2공장),[10] 사출조립,596796.0,738241.0,742386.0,80.39,742386.0,1
2024-08-04,C관(2공장),[20] 분리,621497.0,740624.0,742386.0,83.72,742386.0,1
2024-08-04,C관(2공장),[45] 하이드레이션/전면검사,442210.0,444087.0,650698.0,67.96,650698.0,1
2024-08-04,C관(2공장),[80] 누수/규격검사,447680.0,453050.0,609677.0,73.43,609677.0,1
2024-08-04,S관(3공장),[10] 사출조립,69569.0,84366.0,183871.0,37.84,183871.0,1
2024-08-04,S관(3공장),[20] 분리,101593.0,133406.0,183871.0,55.25,183871.0,1
2024-08-04,S관(3공장),[45] 하이드레이션/전면검사,103375.0,105457.0,116759.0,88.54,116759.0,1
2024-08-04,S관(3공장),[80] 누수/규격검사,146620.0,148245.0,100645.0,145.68,100645.0,1
2024-08-05,A관(1공장),[10] 사출조립,319998.0,337029.0,197367.0,162.13,197367.0,1
2024-08-05,A관(1공장),[20] 분리,116485.0,136276.0,197367.0,59.02,197367.0,1
2024-08-05,A관(1공장),[45] 하이드레이션/전면검사,86845.0,86845.0,118500.0,73.29,118500.0,1
2024-08-05,A관(1공장),[80] 누수/규격검사,91361.0,92192.0,112903.0,80.92,112903.0,1
2024-08-05,C관(2공장),[10] 사출조립,436487.0,542895.0,742386.0,58.8,742386.0,1
2024-08-05,C관(2공장),[20] 분리,639035.0,751760.0,742386.0,86.08,742386.0,1
2024-08-05,C관(2공장),[45] 하이드레이션/전면검사,526571.0,529816.0,650698.0,80.92,650698.0,1
2024-08-05,C관(2공장),[80] 누수/규격검사,381624.0,386234.0,609677.0,62.59,609677.0,1
2024-08-05,S관(3공장),[10] 사출조립,242969.0,272792.0,183871.0,132.14,183871.0,1
2024-08-05,S관(3공장),[20] 분리,153719.0,195088.0,183871.0,83.6,183871.0,1
2024-08-05,S관(3공장),[45] 하이드레이션/전면검사,162350.0,165934.0,116759.0,139.05,116759.0,1
2024-08-05,S관(3공장),[80] 누수/규격검사,140418.0,141638.0,100645.0,139.52,100645.0,1
2024-08-06,A관(1공장),[10] 사출조립,449334.0,462909.0,197367.0,227.66,197367.0,1
2024-08-06,A관(1공장),[20] 분리,107073.0,135877.0,197367.0,54.25,197367.0,1
2024-08-06,A관(1공장),[45] 하이드레이션/전면검사,86593.0,86821.0,118500.0,73.07,118500.0,1
2024-08-06,A관(1공장),[80] 누수/규격검사,91717.0,92676.0,112903.0,81.24,112903.0,1
2024-08-06,C관(2공장),[10] 사출조립,624971.0,789308.0,742386.0,84.18,742386.0,1
2024-08-06,C관(2공장),[20] 분리,634159.0,741911.0,742386.0,85.42,742386.0,1
2024-08-06,C관(2공장),[45] 하이드레이션/전면검사,551855.0,553575.0,650698.0,84.81,650698.0,1
2024-08-06,C관(2공장),[80] 누수/규격검사,479856.0,487196.0,609677.0,78.71,609677.0,1
2024-08-06,S관(3공장),[10] 사출조립,102786.0,116448.0,183871.0,55.9,183871.0,1
2024-08-06,S관(3공장),[20] 분리,163104.0,211914.0,183871.0,88.71,183871.0,1
2024-08-06,S관(3공장),[45] 하이드레이션/전면검사,220100.0,225418.0,116759.0,188.51,116759.0,1
2024-08-06,S관(3공장),[80] 누수/규격검사,139105.0,141075.0,100645.0,138.21,100645.0,1
2024-08-07,A관(1공장),[10] 사출조립,354655.0,367154.0,197367.0,179.69,197367.0,1
2024-08-07,A관(1공장),[20] 분리,129260.0,160591.0,197367.0,65.49,197367.0,1
2024-08-07,A관(1공장),[45] 하이드레이션/전면검사,97865.0,97865.0,118500.0,82.59,118500.0,1
2024-08-07,A관(1공장),[80] 누수/규격검사,81911.0,83067.0,112903.0,72.55,112903.0,1
2024-08-07,C관(2공장),[10] 사출조립,778777.0,891361.0,742386.0,104.9,742386.0,1
2024-08-07,C관(2공장),[20] 분리,606878.0,720562.0,742386.0,81.75,742386.0,1
2024-08-07,C관(2공장),[45] 하이드레이션/전면검사,464865.0,468522.0,650698.0,71.44,650698.0,1
2024-08-07,C관(2공장),[80] 누수/규격검사,496094.0,502359.0,609677.0,81.37,609677.0,1
2024-08-07,S관(3공장),[10] 사출조립,167491.0,197418.0,183871.0,91.09,183871.0,1
2024-08-07,S관(3공장),[20] 분리,94411.0,137302.0,183871.0,51.35,183871.0,1
2024-08-07,S관(3공장),[45] 하이드레이션/전면검사,134925.0,147137.0,116759.0,115.56,116759.0,1
2024-08-07,S관(3공장),[80] 누수/규격검사,131905.0,134790.0,100645.0,131.06,100645.0,1
2024-08-08,A관(1공장),[10] 사출조립,377798.0,400621.0,197367.0,191.42,197367.0,1
2024-08-08,A관(1공장),[20] 분리,108341.0,135130.0,197367.0,54.89,197367.0,1
2024-08-08,A관(1공장),[45] 하이드레이션/전면검사,103724.0,104010.0,118500.0,87.53,118500.0,1
2024-08-08,A관(1공장),[80] 누수/규격검사,87523.0,89349.0,112903.0,77.52,112903.0,1
2024-08-08,C관(2공장),[10] 사출조립,635820.0,731984.0,742386.0,85.65,742386.0,1
2024-08-08,C관(2공장),[20] 분리,600957.0,728122.0,742386.0,80.95,742386.0,1
2024-08-08,C관(2공장),[45] 하이드레이션/전면검사,599770.0,601999.0,650698.0,92.17,650698.0,1
2024-08-08,C관(2공장),[80] 누수/규격검사,450944.0,458077.0,609677.0,73.96,609677.0,1
2024-08-08,S관(3공장),[10] 사출조립,126377.0,133085.0,183871.0,68.73,183871.0,1
2024-08-08,S관(3공장),[20] 분리,85909.0,137446.0,183871.0,46.72,183871.0,1
2024-08-08,S관(3공장),[45] 하이드레이션/전면검사,240810.0,243805.0,116759.0,206.25,116759.0,1
2024-08-08,S관(3공장),[80] 누수/규격검사,129590.0,131070.0,100645.0,128.76,100645.0,1
2024-08-09,A관(1공장),[10] 사출조립,239121.0,253730.0,197367.0,121.16,197367.0,1
2024-08-09,A관(1공장),[20] 분리,106283.0,127140.0,197367.0,53.85,197367.0,1
2024-08-09,A관(1공장),[45] 하이드레이션/전면검사,75556.0,76094.0,118500.0,63.76,118500.0,1
2024-08-09,A관(1공장),[80] 누수/규격검사,81201.0,82036.0,112903.0,71.92,112903.0,1
2024-08-09,C관(2공장),[10] 사출조립,755529.0,869821.0,742386.0,101.77,742386.0,1
2024-08-09,C관(2공장),[20] 분리,634896.0,749935.0,742386.0,85.52,742386.0,1
2024-08-09,C관(2공장),[45] 하이드레이션/전면검사,697360.0,699984.0,650698.0,107.17,650698.0,1
2024-08-09,C관(2공장),[80] 누수/규격검사,486259.0,490840.0,609677.0,79.76,609677.0,1
2024-08-09,S관(3공장),[10] 사출조립,175516.0,199568.0,183871.0,95.46,183871.0,1
2024-08-09,S관(3공장),[20] 분리,170055.0,206338.0,183871.0,92.49,183871.0,1
2024-08-09,S관(3공장),[45] 하이드레이션/전면검사,193115.0,194747.0,116759.0,165.4,116759.0,1
2024-08-09,S관(3공장),[80] 누수/규격검사,107295.0,107735.0,100645.0,106.61,100645.0,1
2024-08-10,A관(1공장),[10] 사출조립,268846.0,285195.0,197367.0,136.22,197367.0,1
2024-08-10,A관(1공장),[20] 분리,90486.0,112342.0,197367.0,45.85,197367.0,1
2024-08-10,A관(1공장),[45] 하이드레이션/전면검사,79797.0,80121.0,118500.0,67.34,118500.0,1
2024-08-10,A관(1공장),[80] 누수/규격검사,91386.0,91560.0,112903.0,80.94,112903.0,1
2024-08-10,C관(2공장),[10] 사출조립,773523.0,895342.0,742386.0,104.19,742386.0,1
2024-08-10,C관(2공장),[20] 분리,670674.0,776088.0,742386.0,90.34,742386.0,1
2024-08-10,C관(2공장),[45] 하이드레이션/전면검사,661560.0,663513.0,650698.0,101.67,650698.0,1
2024-08-10,C관(2공장),[80] 누수/규격검사,559408.0,566748.0,609677.0,91.75,609677.0,1
2024-08-10,S관(3공장),[10] 사출조립,105316.0,122696.0,183871.0,57.28,183871.0,1
2024-08-10,S관(3공장),[20] 분리,111547.0,148995.0,183871.0,60.67,183871.0,1
2024-08-10,S관(3공장),[45] 하이드레이션/전면검사,101955.0,102896.0,116759.0,87.32,116759.0,1
2024-08-10,S관(3공장),[80] 누수/규격검사,122148.0,123148.0,100645.0,121.37,100645.0,1
2024-08-11,A관(1공장),[10] 사출조립,440242.0,469137.0,197367.0,223.06,197367.0,1
2024-08-11,A관(1공장),[20] 분리,102904.0,126685.0,197367.0,52.14,197367.0,1
2024-08-11,A관(1공장),[45] 하이드레이션/전면검사,118112.0,118242.0,118500.0,99.67,118500.0,1
2024-08-11,A관(1공장),[80] 누수/규격검사,85814.0,86890.0,112903.0,76.01,112903.0,1
2024-08-11,C관(2공장),[10] 사출조립,814814.0,972336.0,742386.0,109.76,742386.0,1
2024-08-11,C관(2공장),[20] 분리,659727.0,760918.0,742386.0,88.87,742386.0,1
2024-08-11,C관(2공장),[45] 하이드레이션/전면검사,912435.0,916747.0,650698.0,140.22,650698.0,1
2024-08-11,C관(2공장),[80] 누수/규격검사,627512.0,633668.0,609677.0,102.93,609677.0,1
2024-08-11,S관(3공장),[10] 사출조립,193869.0,225462.0,183871.0,105.44,183871.0,1
2024-08-11,S관(3공장),[20] 분리,229167.0,277472.0,183871.0,124.63,183871.0,1
2024-08-11,S관(3공장),[45] 하이드레이션/전면검사,130600.0,131631.0,116759.0,111.85,116759.0,1
2024-08-11,S관(3공장),[80] 누수/규격검사,101492.0,102022.0,100645.0,100.84,100645.0,1
2024-08-12,A관(1공장),[10] 사출조립,316425.0,334800.0,197367.0,160.32,197367.0,1
2024-08-12,A관(1공장),[20] 분리,120148.0,149979.0,197367.0,60.88,197367.0,1
2024-08-12,A관(1공장),[45] 하이드레이션/전면검사,111183.0,114250.0,118500.0,93.83,118500.0,1
2024-08-12,A관(1공장),[80] 누수/규격검사,93214.0,94854.0,112903.0,82.56,112903.0,1
2024-08-12,C관(2공장),[10] 사출조립,783570.0,883996.0,742386.0,105.55,742386.0,1
2024-08-12,C관(2공장),[20] 분리,642474.0,744437.0,742386.0,86.54,742386.0,1
2024-08-12,C관(2공장),[45] 하이드레이션/전면검사,683590.0,688018.0,650698.0,105.05,650698.0,1
2024-08-12,C관(2공장),[80] 누수/규격검사,565601.0,574649.0,609677.0,92.77,609677.0,1
2024-08-12,S관(3공장),[10] 사출조립,152450.0,175280.0,183871.0,82.91,183871.0,1
2024-08-12,S관(3공장),[20] 분리,90918.0,123412.0,183871.0,49.45,183871.0,1
2024-08-12,S관(3공장),[45] 하이드레이션/전면검사,116725.0,119491.0,116759.0,99.97,116759.0,1
2024-08-12,S관(3공장),[80] 누수/규격검사,116616.0,118305.0,100645.0,115.87,100645.0,1
2024-08-13,A관(1공장),[10] 사출조립,343812.0,361307.0,197367.0,174.2,197367.0,1
2024-08-13,A관(1공장),[20] 분리,70669.0,93862.0,197367.0,35.81,197367.0,1
2024-08-13,A관(1공장),[45] 하이드레이션/전면검사,119727.0,119727.0,118500.0,101.04,118500.0,1
2024-08-13,A관(1공장),[80] 누수/규격검사,97140.0,98816.0,112903.0,86.04,112903.0,1
2024-08-13,C관(2공장),[10] 사출조립,791034.0,906183.0,742386.0,106.55,742386.0,1
2024-08-13,C관(2공장),[20] 분리,707883.0,826996.0,742386.0,95.35,742386.0,1
2024-08-13,C관(2공장),[45] 하이드레이션/전면검사,768727.0,769995.0,650698.0,118.14,650698.0,1
2024-08-13,C관(2공장),[80] 누수/규격검사,623650.0,628813.0,609677.0,102.29,609677.0,1
2024-08-13,S관(3공장),[10] 사출조립,161019.0,187543.0,183871.0,87.57,183871.0,1
2024-08-13,S관(3공장),[20] 분리,154841.0,195405.0,183871.0,84.21,183871.0,1
2024-08-13,S관(3공장),[45] 하이드레이션/전면검사,159590.0,163086.0,116759.0,136.68,116759.0,1
2024-08-13,S관(3공장),[80] 누수/규격검사,90802.0,91867.0,100645.0,90.22,100645.0,1
2024-08-14,A관(1공장),[10] 사출조립,255977.0,265104.0,197367.0,129.7,197367.0,1
2024-08-14,A관(1공장),[20] 분리,82567.0,109088.0,197367.0,41.83,197367.0,1
2024-08-14,A관(1공장),[45] 하이드레이션/전면검사,110871.0,110871.0,118500.0,93.56,118500.0,1
2024-08-14,A관(1공장),[80] 누수/규격검사,110418.0,111171.0,112903.0,97.8,112903.0,1
2024-08-14,C관(2공장),[10] 사출조립,857376.0,980963.0,742386.0,115.49,742386.0,1
2024-08-14,C관(2공장),[20] 분리,774608.0,906460.0,742386.0,104.34,742386.0,1
2024-08-14,C관(2공장),[45] 하이드레이션/전면검사,665865.0,666847.0,650698.0,102.33,650698.0,1
2024-08-14,C관(2공장),[80] 누수/규격검사,617395.0,623225.0,609677.0,101.27,609677.0,1
2024-08-14,S관(3공장),[10] 사출조립,100656.0,137790.0,183871.0,54.74,183871.0,1
2024-08-14,S관(3공장),[20] 분리,64263.0,78518.0,183871.0,34.95,183871.0,1
2024-08-14,S관(3공장),[45] 하이드레이션/전면검사,159680.0,160563.0,116759.0,136.76,116759.0,1
2024-08-14,S관(3공장),[80] 누수/규격검사,119322.0,120383.0,100645.0,118.56,100645.0,1
2024-08-15,A관(1공장),[10] 사출조립,385049.0,397173.0,197367.0,195.09,197367.0,1
2024-08-15,A관(1공장),[20] 분리,85833.0,115591.0,197367.0,43.49,197367.0,1
2024-08-15,A관(1공장),[45] 하이드레이션/전면검사,120233.0,120239.0,118500.0,101.46,118500.0,1
2024-08-15,A관(1공장),[80] 누수/규격검사,113629.0,114052.0,112903.0,100.64,112903.0,1
2024-08-15,C관(2공장),[10] 사출조립,598402.0,677488.0,742386.0,80.61,742386.0,1
2024-08-15,C관(2공장),[20] 분리,756237.0,891246.0,742386.0,101.87,742386.0,1
2024-08-15,C관(2공장),[45] 하이드레이션/전면검사,795930.0,796743.0,650698.0,122.32,650698.0,1
2024-08-15,C관(2공장),[80] 누수/규격검사,735950.0,737165.0,609677.0,120.71,609677.0,1
2024-08-15,S관(3공장),[10] 사출조립,128759.0,139028.0,183871.0,70.03,183871.0,1
2024-08-15,S관(3공장),[20] 분리,109841.0,144494.0,183871.0,59.74,183871.0,1
2024-08-15,S관(3공장),[45] 하이드레이션/전면검사,175190.0,180040.0,116759.0,150.04,116759.0,1
2024-08-15,S관(3공장),[80] 누수/규격검사,104495.0,104611.0,100645.0,103.83,100645.0,1
2024-08-16,A관(1공장),[10] 사출조립,339260.0,365120.0,197367.0,171.89,197367.0,1
2024-08-16,A관(1공장),[20] 분리,99880.0,136572.0,197367.0,50.61,197367.0,1
2024-08-16,A관(1공장),[45] 하이드레이션/전면검사,122910.0,122910.0,118500.0,103.72,118500.0,1
2024-08-16,A관(1공장),[80] 누수/규격검사,110849.0,111124.0,112903.0,98.18,112903.0,1
2024-08-16,C관(2공장),[10] 사출조립,661788.0,772116.0,742386.0,89.14,742386.0,1
2024-08-16,C관(2공장),[20] 분리,696587.0,822299.0,742386.0,93.83,742386.0,1
2024-08-16,C관(2공장),[45] 하이드레이션/전면검사,632255.0,632879.0,650698.0,97.17,650698.0,1
2024-08-16,C관(2공장),[80] 누수/규격검사,727470.0,730375.0,609677.0,119.32,609677.0,1
2024-08-16,S관(3공장),[10] 사출조립,205204.0,251320.0,183871.0,111.6,183871.0,1
2024-08-16,S관(3공장),[20] 분리,132202.0,170242.0,183871.0,71.9,183871.0,1
2024-08-16,S관(3공장),[45] 하이드레이션/전면검사,136465.0,137195.0,116759.0,116.88,116759.0,1
2024-08-16,S관(3공장),[80] 누수/규격검사,125486.0,125852.0,100645.0,124.68,100645.0,1
2024-08-17,A관(1공장),[10] 사출조립,438879.0,454833.0,197367.0,222.37,197367.0,1
2024-08-17,A관(1공장),[20] 분리,99978.0,136905.0,197367.0,50.66,197367.0,1
2024-08-17,A관(1공장),[45] 하이드레이션/전면검사,47523.0,47523.0,118500.0,40.1,118500.0,1
2024-08-17,A관(1공장),[80] 누수/규격검사,112534.0,114623.0,112903.0,99.67,112903.0,1
2024-08-17,C관(2공장),[10] 사출조립,860313.0,986210.0,742386.0,115.88,742386.0,1
2024-08-17,C관(2공장),[20] 분리,735014.0,866317.0,742386.0,99.01,742386.0,1
2024-08-17,C관(2공장),[45] 하이드레이션/전면검사,668395.0,669033.0,650698.0,102.72,650698.0,1
2024-08-17,C관(2공장),[80] 누수/규격검사,674710.0,680315.0,609677.0,110.67,609677.0,1
2024-08-17,S관(3공장),[10] 사출조립,153007.0,169032.0,183871.0,83.21,183871.0,1
2024-08-17,S관(3공장),[20] 분리,128854.0,162994.0,183871.0,70.08,183871.0,1
2024-08-17,S관(3공장),[45] 하이드레이션/전면검사,134910.0,137231.0,116759.0,115.55,116759.0,1
2024-08-17,S관(3공장),[80] 누수/규격검사,116976.0,117401.0,100645.0,116.23,100645.0,1
2024-08-18,A관(1공장),[10] 사출조립,349592.0,374430.0,197367.0,177.13,197367.0,1
2024-08-18,A관(1공장),[20] 분리,91816.0,128995.0,197367.0,46.52,197367.0,1
2024-08-18,A관(1공장),[45] 하이드레이션/전면검사,88461.0,88461.0,118500.0,74.65,118500.0,1
2024-08-18,A관(1공장),[80] 누수/규격검사,109550.0,110077.0,112903.0,97.03,112903.0,1
2024-08-18,C관(2공장),[10] 사출조립,749504.0,873297.0,742386.0,100.96,742386.0,1
2024-08-18,C관(2공장),[20] 분리,668339.0,798974.0,742386.0,90.03,742386.0,1
2024-08-18,C관(2공장),[45] 하이드레이션/전면검사,737973.0,738865.0,650698.0,113.41,650698.0,1
2024-08-18,C관(2공장),[80] 누수/규격검사,695135.0,702560.0,609677.0,114.02,609677.0,1
2024-08-18,S관(3공장),[10] 사출조립,182313.0,211914.0,183871.0,99.15,183871.0,1
2024-08-18,S관(3공장),[20] 분리,104497.0,129450.0,183871.0,56.83,183871.0,1
2024-08-18,S관(3공장),[45] 하이드레이션/전면검사,167365.0,168899.0,116759.0,143.34,116759.0,1
2024-08-18,S관(3공장),[80] 누수/규격검사,110957.0,111242.0,100645.0,110.25,100645.0,1
2024-08-19,A관(1공장),[10] 사출조립,268118.0,289854.0,197367.0,135.85,197367.0,1
2024-08-19,A관(1공장),[20] 분리,113612.0,148671.0,197367.0,57.56,197367.0,1
2024-08-19,A관(1공장),[45] 하이드레이션/전면검사,76862.0,78355.0,118500.0,64.86,118500.0,1
2024-08-19,A관(1공장),[80] 누수/규격검사,102552.0,104276.0,112903.0,90.83,112903.0,1
2024-08-19,C관(2공장),[10] 사출조립,604604.0,722505.0,742386.0,81.44,742386.0,1
2024-08-19,C관(2공장),[20] 분리,694009.0,855562.0,742386.0,93.48,742386.0,1
2024-08-19,C관(2공장),[45] 하이드레이션/전면검사,691945.0,696142.0,650698.0,106.34,650698.0,1
2024-08-19,C관(2공장),[80] 누수/규격검사,674100.0,679805.0,609677.0,110.57,609677.0,1
2024-08-19,S관(3공장),[10] 사출조립,121510.0,143876.0,183871.0,66.08,183871.0,1
2024-08-19,S관(3공장),[20] 분리,92130.0,125298.0,183871.0,50.11,183871.0,1
2024-08-19,S관(3공장),[45] 하이드레이션/전면검사,180355.0,182563.0,116759.0,154.47,116759.0,1
2024-08-19,S관(3공장),[80] 누수/규격검사,119855.0,124490.0,100645.0,119.09,100645.0,1
2024-08-20,A관(1공장),[10] 사출조립,347020.0,362771.0,197367.0,175.82,197367.0,1
2024-08-20,A관(1공장),[20] 분리,114004.0,150769.0,197367.0,57.76,197367.0,1
2024-08-20,A관(1공장),[45] 하이드레이션/전면검사,132488.0,132729.0,118500.0,111.8,118500.0,1
2024-08-20,A관(1공장),[80] 누수/규격검사,114418.0,114906.0,112903.0,101.34,112903.0,1
2024-08-20,C관(2공장),[10] 사출조립,635796.0,758034.0,742386.0,85.64,742386.0,1
2024-08-20,C관(2공장),[20] 분리,693088.0,847465.0,742386.0,93.36,742386.0,1
2024-08-20,C관(2공장),[45] 하이드레이션/전면검사,658105.0,658811.0,650698.0,101.14,650698.0,1
2024-08-20,C관(2공장),[80] 누수/규격검사,648260.0,651965.0,609677.0,106.33,609677.0,1
2024-08-20,S관(3공장),[10] 사출조립,172325.0,224254.0,183871.0,93.72,183871.0,1
2024-08-20,S관(3공장),[20] 분리,133759.0,168439.0,183871.0,72.75,183871.0,1
2024-08-20,S관(3공장),[45] 하이드레이션/전면검사,181735.0,182735.0,116759.0,155.65,116759.0,1
2024-08-20,S관(3공장),[80] 누수/규격검사,98268.0,99063.0,100645.0,97.64,100645.0,1
2024-08-21,A관(1공장),[10] 사출조립,309073.0,329448.0,197367.0,156.6,197367.0,1
2024-08-21,A관(1공장),[20] 분리,132442.0,175055.0,197367.0,67.1,197367.0,1
2024-08-21,A관(1공장),[45] 하이드레이션/전면검사,136017.0,136881.0,118500.0,114.78,118500.0,1
2024-08-21,A관(1공장),[80] 누수/규격검사,121747.0,122093.0,112903.0,107.83,112903.0,1
2024-08-21,C관(2공장),[10] 사출조립,631636.0,784562.0,742386.0,85.08,742386.0,1
2024-08-21,C관(2공장),[20] 분리,682668.0,836100.0,742386.0,91.96,742386.0,1
2024-08-21,C관(2공장),[45] 하이드레이션/전면검사,781700.0,782771.0,650698.0,120.13,650698.0,1
2024-08-21,C관(2공장),[80] 누수/규격검사,576540.0,581140.0,609677.0,94.56,609677.0,1
2024-08-21,S관(3공장),[10] 사출조립,136256.0,192068.0,183871.0,74.1,183871.0,1
2024-08-21,S관(3공장),[20] 분리,81424.0,124167.0,183871.0,44.28,183871.0,1
2024-08-21,S관(3공장),[45] 하이드레이션/전면검사,113045.0,114319.0,116759.0,96.82,116759.0,1
2024-08-21,S관(3공장),[80] 누수/규격검사,117526.0,120841.0,100645.0,116.77,100645.0,1
2024-08-22,A관(1공장),[10] 사출조립,384587.0,401192.0,197367.0,194.86,197367.0,1
2024-08-22,A관(1공장),[20] 분리,128867.0,168910.0,197367.0,65.29,197367.0,1
2024-08-22,A관(1공장),[45] 하이드레이션/전면검사,103824.0,103824.0,118500.0,87.62,118500.0,1
2024-08-22,A관(1공장),[80] 누수/규격검사,119881.0,120627.0,112903.0,106.18,112903.0,1
2024-08-22,C관(2공장),[10] 사출조립,828526.0,958789.0,742386.0,111.6,742386.0,1
2024-08-22,C관(2공장),[20] 분리,694719.0,847528.0,742386.0,93.58,742386.0,1
2024-08-22,C관(2공장),[45] 하이드레이션/전면검사,759905.0,760846.0,650698.0,116.78,650698.0,1
2024-08-22,C관(2공장),[80] 누수/규격검사,643875.0,645380.0,609677.0,105.61,609677.0,1
2024-08-22,S관(3공장),[10] 사출조립,259183.0,301362.0,183871.0,140.96,183871.0,1
2024-08-22,S관(3공장),[20] 분리,106535.0,146419.0,183871.0,57.94,183871.0,1
2024-08-22,S관(3공장),[45] 하이드레이션/전면검사,183940.0,185828.0,116759.0,157.54,116759.0,1
2024-08-22,S관(3공장),[80] 누수/규격검사,120314.0,120791.0,100645.0,119.54,100645.0,1
2024-08-23,A관(1공장),[10] 사출조립,330542.0,350290.0,197367.0,167.48,197367.0,1
2024-08-23,A관(1공장),[20] 분리,122103.0,161025.0,197367.0,61.87,197367.0,1
2024-08-23,A관(1공장),[45] 하이드레이션/전면검사,105194.0,106500.0,118500.0,88.77,118500.0,1
2024-08-23,A관(1공장),[80] 누수/규격검사,83106.0,85472.0,112903.0,73.61,112903.0,1
2024-08-23,C관(2공장),[10] 사출조립,830282.0,953263.0,742386.0,111.84,742386.0,1
2024-08-23,C관(2공장),[20] 분리,665289.0,797584.0,742386.0,89.61,742386.0,1
2024-08-23,C관(2공장),[45] 하이드레이션/전면검사,657475.0,658272.0,650698.0,101.04,650698.0,1
2024-08-23,C관(2공장),[80] 누수/규격검사,613700.0,619110.0,609677.0,100.66,609677.0,1
2024-08-23,S관(3공장),[10] 사출조립,178042.0,228345.0,183871.0,96.83,183871.0,1
2024-08-23,S관(3공장),[20] 분리,174528.0,243926.0,183871.0,94.92,183871.0,1
2024-08-23,S관(3공장),[45] 하이드레이션/전면검사,148075.0,149962.0,116759.0,126.82,116759.0,1
2024-08-23,S관(3공장),[80] 누수/규격검사,146240.0,147785.0,100645.0,145.3,100645.0,1
2024-08-24,A관(1공장),[10] 사출조립,241751.0,254599.0,197367.0,122.49,197367.0,1
2024-08-24,A관(1공장),[20] 분리,131374.0,171537.0,197367.0,66.56,197367.0,1
2024-08-24,A관(1공장),[45] 하이드레이션/전면검사,58421.0,58421.0,118500.0,49.3,118500.0,1
2024-08-24,A관(1공장),[80] 누수/규격검사,75146.0,75737.0,112903.0,66.56,112903.0,1
2024-08-24,C관(2공장),[10] 사출조립,863467.0,968511.0,742386.0,116.31,742386.0,1
2024-08-24,C관(2공장),[20] 분리,690240.0,829149.0,742386.0,92.98,742386.0,1
2024-08-24,C관(2공장),[45] 하이드레이션/전면검사,878830.0,879859.0,650698.0,135.06,650698.0,1
2024-08-24,C관(2공장),[80] 누수/규격검사,688395.0,696480.0,609677.0,112.91,609677.0,1
2024-08-24,S관(3공장),[10] 사출조립,222938.0,259237.0,183871.0,121.25,183871.0,1
2024-08-24,S관(3공장),[20] 분리,82580.0,90980.0,183871.0,44.91,183871.0,1
2024-08-24,S관(3공장),[45] 하이드레이션/전면검사,76115.0,76846.0,116759.0,65.19,116759.0,1
2024-08-24,S관(3공장),[80] 누수/규격검사,138329.0,140399.0,100645.0,137.44,100645.0,1
2024-08-25,A관(1공장),[10] 사출조립,353661.0,382354.0,197367.0,179.19,197367.0,1
2024-08-25,A관(1공장),[20] 분리,120438.0,158329.0,197367.0,61.02,197367.0,1
2024-08-25,A관(1공장),[45] 하이드레이션/전면검사,128659.0,128794.0,118500.0,108.57,118500.0,1
2024-08-25,A관(1공장),[80] 누수/규격검사,77284.0,78014.0,112903.0,68.45,112903.0,1
2024-08-25,C관(2공장),[10] 사출조립,803025.0,890506.0,742386.0,108.17,742386.0,1
2024-08-25,C관(2공장),[20] 분리,708643.0,859854.0,742386.0,95.45,742386.0,1
2024-08-25,C관(2공장),[45] 하이드레이션/전면검사,789485.0,791524.0,650698.0,121.33,650698.0,1
2024-08-25,C관(2공장),[80] 누수/규격검사,699020.0,704475.0,609677.0,114.65,609677.0,1
2024-08-25,S관(3공장),[10] 사출조립,338169.0,387170.0,183871.0,183.92,183871.0,1
2024-08-25,S관(3공장),[20] 분리,267374.0,324691.0,183871.0,145.41,183871.0,1
2024-08-25,S관(3공장),[45] 하이드레이션/전면검사,162640.0,163812.0,116759.0,139.3,116759.0,1
2024-08-25,S관(3공장),[80] 누수/규격검사,96803.0,97273.0,100645.0,96.18,100645.0,1
2024-08-26,A관(1공장),[10] 사출조립,303699.0,326838.0,197367.0,153.88,197367.0,1
2024-08-26,A관(1공장),[20] 분리,97641.0,131675.0,197367.0,49.47,197367.0,1
2024-08-26,A관(1공장),[45] 하이드레이션/전면검사,143514.0,143531.0,118500.0,121.11,118500.0,1
2024-08-26,A관(1공장),[80] 누수/규격검사,120388.0,121824.0,112903.0,106.63,112903.0,1
2024-08-26,C관(2공장),[10] 사출조립,735933.0,820429.0,742386.0,99.13,742386.0,1
2024-08-26,C관(2공장),[20] 분리,796563.0,975293.0,742386.0,107.3,742386.0,1
2024-08-26,C관(2공장),[45] 하이드레이션/전면검사,631635.0,632270.0,650698.0,97.07,650698.0,1
2024-08-26,C관(2공장),[80] 누수/규격검사,735515.0,741680.0,609677.0,120.64,609677.0,1
2024-08-26,S관(3공장),[10] 사출조립,152991.0,200203.0,183871.0,83.21,183871.0,1
2024-08-26,S관(3공장),[20] 분리,53313.0,82068.0,183871.0,28.99,183871.0,1
2024-08-26,S관(3공장),[45] 하이드레이션/전면검사,135715.0,136295.0,116759.0,116.24,116759.0,1
2024-08-26,S관(3공장),[80] 누수/규격검사,120970.0,122880.0,100645.0,120.19,100645.0,1
2024-08-27,A관(1공장),[10] 사출조립,268782.0,290152.0,197367.0,136.18,197367.0,1
2024-08-27,A관(1공장),[20] 분리,93908.0,124325.0,197367.0,47.58,197367.0,1
2024-08-27,A관(1공장),[45] 하이드레이션/전면검사,88444.0,88444.0,118500.0,74.64,118500.0,1
2024-08-27,A관(1공장),[80] 누수/규격검사,105029.0,105500.0,112903.0,93.03,112903.0,1
2024-08-27,C관(2공장),[10] 사출조립,726028.0,828705.0,742386.0,97.8,742386.0,1
2024-08-27,C관(2공장),[20] 분리,801159.0,973207.0,742386.0,107.92,742386.0,1
2024-08-27,C관(2공장),[45] 하이드레이션/전면검사,722590.0,726659.0,650698.0,111.05,650698.0,1
2024-08-27,C관(2공장),[80] 누수/규격검사,681450.0,687350.0,609677.0,111.77,609677.0,1
2024-08-27,S관(3공장),[10] 사출조립,172655.0,220401.0,183871.0,93.9,183871.0,1
2024-08-27,S관(3공장),[20] 분리,125516.0,171321.0,183871.0,68.26,183871.0,1
2024-08-27,S관(3공장),[45] 하이드레이션/전면검사,166585.0,167879.0,116759.0,142.67,116759.0,1
2024-08-27,S관(3공장),[80] 누수/규격검사,128864.0,131094.0,100645.0,128.04,100645.0,1
2024-08-28,A관(1공장),[10] 사출조립,355264.0,372312.0,197367.0,180.0,197367.0,1
2024-08-28,A관(1공장),[20] 분리,115399.0,144380.0,197367.0,58.47,197367.0,1
2024-08-28,A관(1공장),[45] 하이드레이션/전면검사,83157.0,83194.0,118500.0,70.17,118500.0,1
2024-08-28,A관(1공장),[80] 누수/규격검사,89788.0,89980.0,112903.0,79.53,112903.0,1
2024-08-28,C관(2공장),[10] 사출조립,616874.0,711695.0,742386.0,83.09,742386.0,1
2024-08-28,C관(2공장),[20] 분리,687059.0,813983.0,742386.0,92.55,742386.0,1
2024-08-28,C관(2공장),[45] 하이드레이션/전면검사,635070.0,635732.0,650698.0,97.6,650698.0,1
2024-08-28,C관(2공장),[80] 누수/규격검사,638055.0,639465.0,609677.0,104.65,609677.0,1
2024-08-28,S관(3공장),[10] 사출조립,263453.0,328692.0,183871.0,143.28,183871.0,1
2024-08-28,S관(3공장),[20] 분리,212738.0,286939.0,183871.0,115.7,183871.0,1
2024-08-28,S관(3공장),[45] 하이드레이션/전면검사,125005.0,125922.0,116759.0,107.06,116759.0,1
2024-08-28,S관(3공장),[80] 누수/규격검사,146040.0,146445.0,100645.0,145.1,100645.0,1
2024-08-29,A관(1공장),[10] 사출조립,250586.0,260568.0,197367.0,126.96,197367.0,1
2024-08-29,A관(1공장),[20] 분리,106016.0,136387.0,197367.0,53.72,197367.0,1
2024-08-29,A관(1공장),[45] 하이드레이션/전면검사,148564.0,148564.0,118500.0,125.37,118500.0,1
2024-08-29,A관(1공장),[80] 누수/규격검사,113266.0,114084.0,112903.0,100.32,112903.0,1
2024-08-29,C관(2공장),[10] 사출조립,708942.0,811015.0,742386.0,95.5,742386.0,1
2024-08-29,C관(2공장),[20] 분리,796871.0,956374.0,742386.0,107.34,742386.0,1
2024-08-29,C관(2공장),[45] 하이드레이션/전면검사,745910.0,751619.0,650698.0,114.63,650698.0,1
2024-08-29,C관(2공장),[80] 누수/규격검사,696300.0,701480.0,609677.0,114.21,609677.0,1
2024-08-29,S관(3공장),[10] 사출조립,181582.0,206793.0,183871.0,98.76,183871.0,1
2024-08-29,S관(3공장),[20] 분리,145047.0,207079.0,183871.0,78.89,183871.0,1
2024-08-29,S관(3공장),[45] 하이드레이션/전면검사,201205.0,202436.0,116759.0,172.33,116759.0,1
2024-08-29,S관(3공장),[80] 누수/규격검사,108509.0,108799.0,100645.0,107.81,100645.0,1
2024-08-30,A관(1공장),[10] 사출조립,162538.0,182847.0,197367.0,82.35,197367.0,1
2024-08-30,A관(1공장),[20] 분리,134469.0,175248.0,197367.0,68.13,197367.0,1
2024-08-30,A관(1공장),[45] 하이드레이션/전면검사,76186.0,76770.0,118500.0,64.29,118500.0,1
2024-08-30,A관(1공장),[80] 누수/규격검사,99190.0,101373.0,112903.0,87.85,112903.0,1
2024-08-30,C관(2공장),[10] 사출조립,773636.0,887079.0,742386.0,104.21,742386.0,1
2024-08-30,C관(2공장),[20] 분리,762469.0,928629.0,742386.0,102.71,742386.0,1
2024-08-30,C관(2공장),[45] 하이드레이션/전면검사,594391.0,596366.0,650698.0,91.35,650698.0,1
2024-08-30,C관(2공장),[80] 누수/규격검사,646790.0,651705.0,609677.0,106.09,609677.0,1
2024-08-30,S관(3공장),[10] 사출조립,95971.0,129320.0,183871.0,52.19,183871.0,1
2024-08-30,S관(3공장),[20] 분리,95248.0,141208.0,183871.0,51.8,183871.0,1
2024-08-30,S관(3공장),[45] 하이드레이션/전면검사,268330.0,270188.0,116759.0,229.82,116759.0,1
2024-08-30,S관(3공장),[80] 누수/규격검사,160093.0,161868.0,100645.0,159.07,100645.0,1
2024-08-31,A관(1공장),[10] 사출조립,243110.0,269928.0,197367.0,123.18,197367.0,1
2024-08-31,A관(1공장),[20] 분리,103166.0,133837.0,197367.0,52.27,197367.0,1
2024-08-31,A관(1공장),[45] 하이드레이션/전면검사,129030.0,129527.0,118500.0,108.89,118500.0,1
2024-08-31,A관(1공장),[80] 누수/규격검사,91954.0,96379.0,112903.0,81.45,112903.0,1
2024-08-31,C관(2공장),[10] 사출조립,719207.0,825503.0,742386.0,96.88,742386.0,1
2024-08-31,C관(2공장),[20] 분리,803636.0,967872.0,742386.0,108.25,742386.0,1
2024-08-31,C관(2공장),[45] 하이드레이션/전면검사,720895.0,723120.0,650698.0,110.79,650698.0,1
2024-08-31,C관(2공장),[80] 누수/규격검사,669960.0,673700.0,609677.0,109.89,609677.0,1
2024-08-31,S관(3공장),[10] 사출조립,177339.0,211413.0,183871.0,96.45,183871.0,1
2024-08-31,S관(3공장),[20] 분리,162378.0,206773.0,183871.0,88.31,183871.0,1
2024-08-31,S관(3공장),[45] 하이드레이션/전면검사,237910.0,239990.0,116759.0,203.76,116759.0,1
2024-08-31,S관(3공장),[80] 누수/규격검사,171995.0,175210.0,100645.0,170.89,100645.0,1
2024-09-01,A관(1공장),[10] 사출조립,226781.0,242162.0,197367.0,114.9,197367.0,1
2024-09-01,A관(1공장),[20] 분리,143840.0,183611.0,197367.0,72.88,197367.0,1
2024-09-01,A관(1공장),[45] 하이드레이션/전면검사,111424.0,111424.0,118500.0,94.03,118500.0,1
2024-09-01,A관(1공장),[80] 누수/규격검사,106136.0,107856.0,112903.0,94.01,112903.0,1
2024-09-01,C관(2공장),[10] 사출조립,754421.0,869653.0,742386.0,101.62,742386.0,1
2024-09-01,C관(2공장),[20] 분리,792337.0,968286.0,742386.0,106.73,742386.0,1
2024-09-01,C관(2공장),[45] 하이드레이션/전면검사,631251.0,638326.0,650698.0,97.01,650698.0,1
2024-09-01,C관(2공장),[80] 누수/규격검사,673441.0,679216.0,609677.0,110.46,609677.0,1
2024-09-01,S관(3공장),[10] 사출조립,153854.0,181449.0,183871.0,83.67,183871.0,1
2024-09-01,S관(3공장),[20] 분리,20665.0,28882.0,183871.0,11.24,183871.0,1
2024-09-01,S관(3공장),[45] 하이드레이션/전면검사,221910.0,223705.0,116759.0,190.06,116759.0,1
2024-09-01,S관(3공장),[80] 누수/규격검사,166665.0,167170.0,100645.0,165.6,100645.0,1
2024-09-02,A관(1공장),[10] 사출조립,219299.0,226585.0,197367.0,111.11,197367.0,1
2024-09-02,A관(1공장),[20] 분리,116996.0,147394.0,197367.0,59.28,197367.0,1
2024-09-02,A관(1공장),[45] 하이드레이션/전면검사,117947.0,117947.0,118500.0,99.53,118500.0,1
2024-09-02,A관(1공장),[80] 누수/규격검사,127544.0,130726.0,112903.0,112.97,112903.0,1
2024-09-02,C관(2공장),[10] 사출조립,844353.0,973867.0,742386.0,113.74,742386.0,1
2024-09-02,C관(2공장),[20] 분리,808930.0,972049.0,742386.0,108.96,742386.0,1
2024-09-02,C관(2공장),[45] 하이드레이션/전면검사,747770.0,752774.0,650698.0,114.92,650698.0,1
2024-09-02,C관(2공장),[80] 누수/규격검사,704142.0,710587.0,609677.0,115.49,609677.0,1
2024-09-02,S관(3공장),[10] 사출조립,219953.0,245416.0,183871.0,119.62,183871.0,1
2024-09-02,S관(3공장),[20] 분리,350748.0,434467.0,183871.0,190.76,183871.0,1
2024-09-02,S관(3공장),[45] 하이드레이션/전면검사,120885.0,122455.0,116759.0,103.53,116759.0,1
2024-09-02,S관(3공장),[80] 누수/규격검사,131015.0,131390.0,100645.0,130.18,100645.0,1
2024-09-03,A관(1공장),[10] 사출조립,223351.0,233794.0,197367.0,113.17,197367.0,1
2024-09-03,A관(1공장),[20] 분리,107916.0,139463.0,197367.0,54.68,197367.0,1
2024-09-03,A관(1공장),[45] 하이드레이션/전면검사,117041.0,117041.0,118500.0,98.77,118500.0,1
2024-09-03,A관(1공장),[80] 누수/규격검사,119351.0,119784.0,112903.0,105.71,112903.0,1
2024-09-03,C관(2공장),[10] 사출조립,835352.0,963124.0,742386.0,112.52,742386.0,1
2024-09-03,C관(2공장),[20] 분리,822139.0,988215.0,742386.0,110.74,742386.0,1
2024-09-03,C관(2공장),[45] 하이드레이션/전면검사,811855.0,818701.0,650698.0,124.77,650698.0,1
2024-09-03,C관(2공장),[80] 누수/규격검사,658365.0,668200.0,609677.0,107.99,609677.0,1
2024-09-03,S관(3공장),[10] 사출조립,117572.0,130336.0,183871.0,63.94,183871.0,1
2024-09-03,S관(3공장),[20] 분리,104217.0,146112.0,183871.0,56.68,183871.0,1
2024-09-03,S관(3공장),[45] 하이드레이션/전면검사,116595.0,117900.0,116759.0,99.86,116759.0,1
2024-09-03,S관(3공장),[80] 누수/규격검사,160302.0,160792.0,100645.0,159.27,100645.0,1
2024-09-04,A관(1공장),[10] 사출조립,208879.0,222966.0,197367.0,105.83,197367.0,1
2024-09-04,A관(1공장),[20] 분리,103445.0,138922.0,197367.0,52.41,197367.0,1
2024-09-04,A관(1공장),[45] 하이드레이션/전면검사,116093.0,116277.0,118500.0,97.97,118500.0,1
2024-09-04,A관(1공장),[80] 누수/규격검사,93209.0,93496.0,112903.0,82.56,112903.0,1
2024-09-04,C관(2공장),[10] 사출조립,706865.0,793949.0,742386.0,95.22,742386.0,1
2024-09-04,C관(2공장),[20] 분리,787421.0,938870.0,742386.0,106.07,742386.0,1
2024-09-04,C관(2공장),[45] 하이드레이션/전면검사,795415.0,803635.0,650698.0,122.24,650698.0,1
2024-09-04,C관(2공장),[80] 누수/규격검사,708380.0,719090.0,609677.0,116.19,609677.0,1
2024-09-04,S관(3공장),[10] 사출조립,200042.0,222261.0,183871.0,108.79,183871.0,1
2024-09-04,S관(3공장),[20] 분리,206639.0,260627.0,183871.0,112.38,183871.0,1
2024-09-04,S관(3공장),[45] 하이드레이션/전면검사,176490.0,177732.0,116759.0,151.16,116759.0,1
2024-09-04,S관(3공장),[80] 누수/규격검사,164955.0,166430.0,100645.0,163.9,100645.0,1
2024-09-05,A관(1공장),[10] 사출조립,252596.0,275191.0,197367.0,127.98,197367.0,1
2024-09-05,A관(1공장),[20] 분리,122164.0,145798.0,197367.0,61.9,197367.0,1
2024-09-05,A관(1공장),[45] 하이드레이션/전면검사,96867.0,102472.0,118500.0,81.74,118500.0,1
2024-09-05,A관(1공장),[80] 누수/규격검사,86912.0,87560.0,112903.0,76.98,112903.0,1
2024-09-05,C관(2공장),[10] 사출조립,731743.0,865922.0,742386.0,98.57,742386.0,1
2024-09-05,C관(2공장),[20] 분리,815988.0,947348.0,742386.0,109.91,742386.0,1
2024-09-05,C관(2공장),[45] 하이드레이션/전면검사,772505.0,773367.0,650698.0,118.72,650698.0,1
2024-09-05,C관(2공장),[80] 누수/규격검사,763535.0,768980.0,609677.0,125.24,609677.0,1
2024-09-05,S관(3공장),[10] 사출조립,198434.0,224998.0,183871.0,107.92,183871.0,1
2024-09-05,S관(3공장),[20] 분리,216058.0,274555.0,183871.0,117.51,183871.0,1
2024-09-05,S관(3공장),[45] 하이드레이션/전면검사,84490.0,85288.0,116759.0,72.36,116759.0,1
2024-09-05,S관(3공장),[80] 누수/규격검사,117087.0,117543.0,100645.0,116.34,100645.0,1
2024-09-06,A관(1공장),[10] 사출조립,304162.0,329506.0,197367.0,154.11,197367.0,1
2024-09-06,A관(1공장),[20] 분리,107567.0,131664.0,197367.0,54.5,197367.0,1
2024-09-06,A관(1공장),[45] 하이드레이션/전면검사,140999.0,141649.0,118500.0,118.99,118500.0,1
2024-09-06,A관(1공장),[80] 누수/규격검사,112636.0,113765.0,112903.0,99.76,112903.0,1
2024-09-06,C관(2공장),[10] 사출조립,773871.0,874313.0,742386.0,104.24,742386.0,1
2024-09-06,C관(2공장),[20] 분리,834901.0,979985.0,742386.0,112.46,742386.0,1
2024-09-06,C관(2공장),[45] 하이드레이션/전면검사,803359.0,804312.0,650698.0,123.46,650698.0,1
2024-09-06,C관(2공장),[80] 누수/규격검사,755165.0,764330.0,609677.0,123.86,609677.0,1
2024-09-06,S관(3공장),[10] 사출조립,105895.0,143168.0,183871.0,57.59,183871.0,1
2024-09-06,S관(3공장),[20] 분리,110259.0,140839.0,183871.0,59.97,183871.0,1
2024-09-06,S관(3공장),[45] 하이드레이션/전면검사,203185.0,204768.0,116759.0,174.02,116759.0,1
2024-09-06,S관(3공장),[80] 누수/규격검사,139964.0,140315.0,100645.0,139.07,100645.0,1
2024-09-07,A관(1공장),[10] 사출조립,261048.0,278585.0,197367.0,132.27,197367.0,1
2024-09-07,A관(1공장),[20] 분리,66375.0,87348.0,197367.0,33.63,197367.0,1
2024-09-07,A관(1공장),[45] 하이드레이션/전면검사,64317.0,64317.0,118500.0,54.28,118500.0,1
2024-09-07,A관(1공장),[80] 누수/규격검사,91588.0,91769.0,112903.0,81.12,112903.0,1
2024-09-07,C관(2공장),[10] 사출조립,601541.0,675571.0,742386.0,81.03,742386.0,1
2024-09-07,C관(2공장),[20] 분리,839903.0,1006369.0,742386.0,113.14,742386.0,1
2024-09-07,C관(2공장),[45] 하이드레이션/전면검사,1033875.0,1038876.0,650698.0,158.89,650698.0,1
2024-09-07,C관(2공장),[80] 누수/규격검사,711550.0,716955.0,609677.0,116.71,609677.0,1
2024-09-07,S관(3공장),[10] 사출조립,235502.0,248775.0,183871.0,128.08,183871.0,1
2024-09-07,S관(3공장),[20] 분리,210967.0,265186.0,183871.0,114.74,183871.0,1
2024-09-07,S관(3공장),[45] 하이드레이션/전면검사,80590.0,84014.0,116759.0,69.02,116759.0,1
2024-09-07,S관(3공장),[80] 누수/규격검사,131740.0,133965.0,100645.0,130.9,100645.0,1
2024-09-08,A관(1공장),[10] 사출조립,309725.0,332968.0,197367.0,156.93,197367.0,1
2024-09-08,A관(1공장),[20] 분리,55152.0,80176.0,197367.0,27.94,197367.0,1
2024-09-08,A관(1공장),[45] 하이드레이션/전면검사,80187.0,80187.0,118500.0,67.67,118500.0,1
2024-09-08,A관(1공장),[80] 누수/규격검사,104669.0,105095.0,112903.0,92.71,112903.0,1
2024-09-08,C관(2공장),[10] 사출조립,791650.0,912091.0,742386.0,106.64,742386.0,1
2024-09-08,C관(2공장),[20] 분리,788702.0,943544.0,742386.0,106.24,742386.0,1
2024-09-08,C관(2공장),[45] 하이드레이션/전면검사,970240.0,971388.0,650698.0,149.11,650698.0,1
2024-09-08,C관(2공장),[80] 누수/규격검사,868725.0,874435.0,609677.0,142.49,609677.0,1
2024-09-08,S관(3공장),[10] 사출조립,412949.0,443344.0,183871.0,224.59,183871.0,1
2024-09-08,S관(3공장),[20] 분리,405505.0,471722.0,183871.0,220.54,183871.0,1
2024-09-08,S관(3공장),[45] 하이드레이션/전면검사,193550.0,195076.0,116759.0,165.77,116759.0,1
2024-09-08,S관(3공장),[80] 누수/규격검사,142253.0,142693.0,100645.0,141.34,100645.0,1
2024-09-09,A관(1공장),[10] 사출조립,248929.0,261028.0,197367.0,126.12,197367.0,1
2024-09-09,A관(1공장),[20] 분리,69402.0,102835.0,197367.0,35.16,197367.0,1
2024-09-09,A관(1공장),[45] 하이드레이션/전면검사,138687.0,139087.0,118500.0,117.04,118500.0,1
2024-09-09,A관(1공장),[80] 누수/규격검사,119515.0,120682.0,112903.0,105.86,112903.0,1
2024-09-09,C관(2공장),[10] 사출조립,655236.0,763785.0,742386.0,88.26,742386.0,1
2024-09-09,C관(2공장),[20] 분리,801360.0,950758.0,742386.0,107.94,742386.0,1
2024-09-09,C관(2공장),[45] 하이드레이션/전면검사,876719.0,877771.0,650698.0,134.74,650698.0,1
2024-09-09,C관(2공장),[80] 누수/규격검사,760765.0,763705.0,609677.0,124.78,609677.0,1
2024-09-09,S관(3공장),[10] 사출조립,146562.0,186628.0,183871.0,79.71,183871.0,1
2024-09-09,S관(3공장),[20] 분리,126857.0,177690.0,183871.0,68.99,183871.0,1
2024-09-09,S관(3공장),[45] 하이드레이션/전면검사,126060.0,126504.0,116759.0,107.97,116759.0,1
2024-09-09,S관(3공장),[80] 누수/규격검사,131158.0,132284.0,100645.0,130.32,100645.0,1
2024-09-10,A관(1공장),[10] 사출조립,222241.0,240437.0,197367.0,112.6,197367.0,1
2024-09-10,A관(1공장),[20] 분리,56456.0,81844.0,197367.0,28.6,197367.0,1
2024-09-10,A관(1공장),[45] 하이드레이션/전면검사,126584.0,129653.0,118500.0,106.82,118500.0,1
2024-09-10,A관(1공장),[80] 누수/규격검사,128335.0,129143.0,112903.0,113.67,112903.0,1
2024-09-10,C관(2공장),[10] 사출조립,729678.0,828823.0,742386.0,98.29,742386.0,1
2024-09-10,C관(2공장),[20] 분리,756569.0,900785.0,742386.0,101.91,742386.0,1
2024-09-10,C관(2공장),[45] 하이드레이션/전면검사,703192.0,704007.0,650698.0,108.07,650698.0,1
2024-09-10,C관(2공장),[80] 누수/규격검사,744160.0,752400.0,609677.0,122.06,609677.0,1
2024-09-10,S관(3공장),[10] 사출조립,290958.0,333667.0,183871.0,158.24,183871.0,1
2024-09-10,S관(3공장),[20] 분리,213523.0,269009.0,183871.0,116.13,183871.0,1
2024-09-10,S관(3공장),[45] 하이드레이션/전면검사,90655.0,91159.0,116759.0,77.64,116759.0,1
2024-09-10,S관(3공장),[80] 누수/규격검사,119055.0,119405.0,100645.0,118.29,100645.0,1
2024-09-11,A관(1공장),[10] 사출조립,196788.0,209736.0,197367.0,99.71,197367.0,1
2024-09-11,A관(1공장),[20] 분리,53776.0,74218.0,197367.0,27.25,197367.0,1
2024-09-11,A관(1공장),[45] 하이드레이션/전면검사,94705.0,95805.0,118500.0,79.92,118500.0,1
2024-09-11,A관(1공장),[80] 누수/규격검사,109923.0,110192.0,112903.0,97.36,112903.0,1
2024-09-11,C관(2공장),[10] 사출조립,785265.0,924010.0,742386.0,105.78,742386.0,1
2024-09-11,C관(2공장),[20] 분리,753489.0,907163.0,742386.0,101.5,742386.0,1
2024-09-11,C관(2공장),[45] 하이드레이션/전면검사,803231.0,804748.0,650698.0,123.44,650698.0,1
2024-09-11,C관(2공장),[80] 누수/규격검사,724343.0,732901.0,609677.0,118.81,609677.0,1
2024-09-11,S관(3공장),[10] 사출조립,170453.0,186251.0,183871.0,92.7,183871.0,1
2024-09-11,S관(3공장),[20] 분리,213727.0,281161.0,183871.0,116.24,183871.0,1
2024-09-11,S관(3공장),[45] 하이드레이션/전면검사,172090.0,173011.0,116759.0,147.39,116759.0,1
2024-09-11,S관(3공장),[80] 누수/규격검사,99851.0,101498.0,100645.0,99.21,100645.0,1
2024-09-12,A관(1공장),[10] 사출조립,204987.0,219161.0,197367.0,103.86,197367.0,1
2024-09-12,A관(1공장),[20] 분리,60744.0,86873.0,197367.0,30.78,197367.0,1
2024-09-12,A관(1공장),[45] 하이드레이션/전면검사,105601.0,107112.0,118500.0,89.11,118500.0,1
2024-09-12,A관(1공장),[80] 누수/규격검사,96321.0,97629.0,112903.0,85.31,112903.0,1
2024-09-12,C관(2공장),[10] 사출조립,857269.0,985017.0,742386.0,115.47,742386.0,1
2024-09-12,C관(2공장),[20] 분리,790584.0,936574.0,742386.0,106.49,742386.0,1
2024-09-12,C관(2공장),[45] 하이드레이션/전면검사,849563.0,850921.0,650698.0,130.56,650698.0,1
2024-09-12,C관(2공장),[80] 누수/규격검사,730566.0,740302.0,609677.0,119.83,609677.0,1
2024-09-12,S관(3공장),[10] 사출조립,158216.0,169402.0,183871.0,86.05,183871.0,1
2024-09-12,S관(3공장),[20] 분리,235594.0,295292.0,183871.0,128.13,183871.0,1
2024-09-12,S관(3공장),[45] 하이드레이션/전면검사,137485.0,138048.0,116759.0,117.75,116759.0,1
2024-09-12,S관(3공장),[80] 누수/규격검사,155016.0,155540.0,100645.0,154.02,100645.0,1
2024-09-13,A관(1공장),[10] 사출조립,302326.0,328240.0,197367.0,153.18,197367.0,1
2024-09-13,A관(1공장),[20] 분리,63094.0,93608.0,197367.0,31.97,197367.0,1
2024-09-13,A관(1공장),[45] 하이드레이션/전면검사,111918.0,111918.0,118500.0,94.45,118500.0,1
2024-09-13,A관(1공장),[80] 누수/규격검사,93040.0,95005.0,112903.0,82.41,112903.0,1
2024-09-13,C관(2공장),[10] 사출조립,785270.0,908508.0,742386.0,105.78,742386.0,1
2024-09-13,C관(2공장),[20] 분리,792473.0,940815.0,742386.0,106.75,742386.0,1
2024-09-13,C관(2공장),[45] 하이드레이션/전면검사,674081.0,675651.0,650698.0,103.59,650698.0,1
2024-09-13,C관(2공장),[80] 누수/규격검사,774483.0,780156.0,609677.0,127.03,609677.0,1
2024-09-13,S관(3공장),[10] 사출조립,183377.0,219816.0,183871.0,99.73,183871.0,1
2024-09-13,S관(3공장),[20] 분리,104552.0,146547.0,183871.0,56.86,183871.0,1
2024-09-13,S관(3공장),[45] 하이드레이션/전면검사,124070.0,124827.0,116759.0,106.26,116759.0,1
2024-09-13,S관(3공장),[80] 누수/규격검사,115374.0,116422.0,100645.0,114.63,100645.0,1
2024-09-14,A관(1공장),[10] 사출조립,344924.0,365288.0,197367.0,174.76,197367.0,1
2024-09-14,A관(1공장),[20] 분리,76857.0,104890.0,197367.0,38.94,197367.0,1
2024-09-14,A관(1공장),[45] 하이드레이션/전면검사,93854.0,93916.0,118500.0,79.2,118500.0,1
2024-09-14,A관(1공장),[80] 누수/규격검사,132238.0,132618.0,112903.0,117.13,112903.0,1
2024-09-14,C관(2공장),[10] 사출조립,754384.0,891980.0,742386.0,101.62,742386.0,1
2024-09-14,C관(2공장),[20] 분리,804641.0,967411.0,742386.0,108.39,742386.0,1
2024-09-14,C관(2공장),[45] 하이드레이션/전면검사,636412.0,637941.0,650698.0,97.8,650698.0,1
2024-09-14,C관(2공장),[80] 누수/규격검사,693692.0,695566.0,609677.0,113.78,609677.0,1
2024-09-14,S관(3공장),[10] 사출조립,194893.0,220824.0,183871.0,105.99,183871.0,1
2024-09-14,S관(3공장),[20] 분리,121509.0,184947.0,183871.0,66.08,183871.0,1
2024-09-14,S관(3공장),[45] 하이드레이션/전면검사,115190.0,115749.0,116759.0,98.66,116759.0,1
2024-09-14,S관(3공장),[80] 누수/규격검사,139300.0,139722.0,100645.0,138.41,100645.0,1
2024-09-15,A관(1공장),[10] 사출조립,331846.0,352512.0,197367.0,168.14,197367.0,1
2024-09-15,A관(1공장),[20] 분리,50217.0,71231.0,197367.0,25.44,197367.0,1
2024-09-15,A관(1공장),[45] 하이드레이션/전면검사,78055.0,78055.0,118500.0,65.87,118500.0,1
2024-09-15,A관(1공장),[80] 누수/규격검사,96979.0,97337.0,112903.0,85.9,112903.0,1
2024-09-15,C관(2공장),[10] 사출조립,868053.0,999701.0,742386.0,116.93,742386.0,1
2024-09-15,C관(2공장),[20] 분리,732209.0,861822.0,742386.0,98.63,742386.0,1
2024-09-15,C관(2공장),[45] 하이드레이션/전면검사,85433.0,86212.0,650698.0,13.13,650698.0,1
2024-09-15,C관(2공장),[80] 누수/규격검사,637557.0,639195.0,609677.0,104.57,609677.0,1
2024-09-15,S관(3공장),[10] 사출조립,148090.0,202048.0,183871.0,80.54,183871.0,1
2024-09-15,S관(3공장),[20] 분리,176785.0,214605.0,183871.0,96.15,183871.0,1
2024-09-15,S관(3공장),[45] 하이드레이션/전면검사,40495.0,40642.0,116759.0,34.68,116759.0,1
2024-09-15,S관(3공장),[80] 누수/규격검사,107122.0,107363.0,100645.0,106.44,100645.0,1
2024-09-19,A관(1공장),[10] 사출조립,200735.0,208169.0,197367.0,101.71,197367.0,1
2024-09-19,A관(1공장),[20] 분리,59033.0,86584.0,197367.0,29.91,197367.0,1
2024-09-19,A관(1공장),[45] 하이드레이션/전면검사,115448.0,115448.0,118500.0,97.42,118500.0,1
2024-09-19,A관(1공장),[80] 누수/규격검사,107108.0,107620.0,112903.0,94.87,112903.0,1
2024-09-19,C관(2공장),[10] 사출조립,347289.0,417896.0,742386.0,46.78,742386.0,1
2024-09-19,C관(2공장),[20] 분리,781835.0,928131.0,742386.0,105.31,742386.0,1
2024-09-19,C관(2공장),[45] 하이드레이션/전면검사,781145.0,782825.0,650698.0,120.05,650698.0,1
2024-09-19,C관(2공장),[80] 누수/규격검사,585150.0,589860.0,609677.0,95.98,609677.0,1
2024-09-19,S관(3공장),[20] 분리,125452.0,171524.0,183871.0,68.23,183871.0,1
2024-09-19,S관(3공장),[45] 하이드레이션/전면검사,147160.0,148087.0,116759.0,126.04,116759.0,1
2024-09-19,S관(3공장),[80] 누수/규격검사,30570.0,30940.0,100645.0,30.37,100645.0,1
2024-09-20,A관(1공장),[10] 사출조립,344588.0,352608.0,197367.0,174.59,197367.0,1
2024-09-20,A관(1공장),[20] 분리,72648.0,103989.0,197367.0,36.81,197367.0,1
2024-09-20,A관(1공장),[45] 하이드레이션/전면검사,125986.0,125986.0,118500.0,106.32,118500.0,1
2024-09-20,A관(1공장),[80] 누수/규격검사,117970.0,118486.0,112903.0,104.49,112903.0,1
2024-09-20,C관(2공장),[10] 사출조립,651599.0,767197.0,742386.0,87.77,742386.0,1
2024-09-20,C관(2공장),[20] 분리,788967.0,940014.0,742386.0,106.27,742386.0,1
2024-09-20,C관(2공장),[45] 하이드레이션/전면검사,892494.0,894978.0,650698.0,137.16,650698.0,1
2024-09-20,C관(2공장),[80] 누수/규격검사,606602.0,613517.0,609677.0,99.5,609677.0,1
2024-09-20,S관(3공장),[10] 사출조립,64192.0,69872.0,183871.0,34.91,183871.0,1
2024-09-20,S관(3공장),[20] 분리,89103.0,126763.0,183871.0,48.46,183871.0,1
2024-09-20,S관(3공장),[45] 하이드레이션/전면검사,211895.0,213387.0,116759.0,181.48,116759.0,1
2024-09-20,S관(3공장),[80] 누수/규격검사,123886.0,124091.0,100645.0,123.09,100645.0,1
2024-09-21,A관(1공장),[10] 사출조립,407185.0,423723.0,197367.0,206.31,197367.0,1
2024-09-21,A관(1공장),[20] 분리,85398.0,120184.0,197367.0,43.27,197367.0,1
2024-09-21,A관(1공장),[45] 하이드레이션/전면검사,77939.0,77939.0,118500.0,65.77,118500.0,1
2024-09-21,A관(1공장),[80] 누수/규격검사,110497.0,111576.0,112903.0,97.87,112903.0,1
2024-09-21,C관(2공장),[10] 사출조립,725272.0,836084.0,742386.0,97.69,742386.0,1
2024-09-21,C관(2공장),[20] 분리,786001.0,932534.0,742386.0,105.87,742386.0,1
2024-09-21,C관(2공장),[45] 하이드레이션/전면검사,1004409.0,1005887.0,650698.0,154.36,650698.0,1
2024-09-21,C관(2공장),[80] 누수/규격검사,700795.0,707937.0,609677.0,114.95,609677.0,1
2024-09-21,S관(3공장),[10] 사출조립,206049.0,224856.0,183871.0,112.06,183871.0,1
2024-09-21,S관(3공장),[20] 분리,261544.0,337298.0,183871.0,142.24,183871.0,1
2024-09-21,S관(3공장),[45] 하이드레이션/전면검사,99850.0,100482.0,116759.0,85.52,116759.0,1
2024-09-21,S관(3공장),[80] 누수/규격검사,156438.0,156994.0,100645.0,155.44,100645.0,1
2024-09-22,A관(1공장),[10] 사출조립,340630.0,350553.0,197367.0,172.59,197367.0,1
2024-09-22,A관(1공장),[20] 분리,88892.0,120598.0,197367.0,45.04,197367.0,1
2024-09-22,A관(1공장),[45] 하이드레이션/전면검사,116521.0,116921.0,118500.0,98.33,118500.0,1
2024-09-22,A관(1공장),[80] 누수/규격검사,98918.0,99605.0,112903.0,87.61,112903.0,1
2024-09-22,C관(2공장),[10] 사출조립,642754.0,795338.0,742386.0,86.58,742386.0,1
2024-09-22,C관(2공장),[20] 분리,776614.0,928853.0,742386.0,104.61,742386.0,1
2024-09-22,C관(2공장),[45] 하이드레이션/전면검사,801651.0,802560.0,650698.0,123.2,650698.0,1
2024-09-22,C관(2공장),[80] 누수/규격검사,680270.0,684667.0,609677.0,111.58,609677.0,1
2024-09-22,S관(3공장),[10] 사출조립,181645.0,214375.0,183871.0,98.79,183871.0,1
2024-09-22,S관(3공장),[20] 분리,182279.0,246462.0,183871.0,99.13,183871.0,1
2024-09-22,S관(3공장),[45] 하이드레이션/전면검사,112750.0,113246.0,116759.0,96.57,116759.0,1
2024-09-22,S관(3공장),[80] 누수/규격검사,77201.0,77417.0,100645.0,76.71,100645.0,1
2024-09-23,A관(1공장),[10] 사출조립,428906.0,445376.0,197367.0,217.31,197367.0,1
2024-09-23,A관(1공장),[20] 분리,78148.0,109683.0,197367.0,39.6,197367.0,1
2024-09-23,A관(1공장),[45] 하이드레이션/전면검사,138888.0,142938.0,118500.0,117.21,118500.0,1
2024-09-23,A관(1공장),[80] 누수/규격검사,129249.0,131528.0,112903.0,114.48,112903.0,1
2024-09-23,C관(2공장),[10] 사출조립,592355.0,726289.0,742386.0,79.79,742386.0,1
2024-09-23,C관(2공장),[20] 분리,726760.0,898936.0,742386.0,97.9,742386.0,1
2024-09-23,C관(2공장),[45] 하이드레이션/전면검사,853206.0,859230.0,650698.0,131.12,650698.0,1
2024-09-23,C관(2공장),[80] 누수/규격검사,679430.0,687358.0,609677.0,111.44,609677.0,1
2024-09-23,S관(3공장),[10] 사출조립,271743.0,301168.0,183871.0,147.79,183871.0,1
2024-09-23,S관(3공장),[20] 분리,246468.0,315200.0,183871.0,134.04,183871.0,1
2024-09-23,S관(3공장),[45] 하이드레이션/전면검사,176610.0,177502.0,116759.0,151.26,116759.0,1
2024-09-23,S관(3공장),[80] 누수/규격검사,149501.0,150222.0,100645.0,148.54,100645.0,1
2024-09-24,A관(1공장),[10] 사출조립,313678.0,332982.0,197367.0,158.93,197367.0,1
2024-09-24,A관(1공장),[20] 분리,90551.0,122353.0,197367.0,45.88,197367.0,1
2024-09-24,A관(1공장),[45] 하이드레이션/전면검사,111065.0,111965.0,118500.0,93.73,118500.0,1
2024-09-24,A관(1공장),[80] 누수/규격검사,113238.0,114395.0,112903.0,100.3,112903.0,1
2024-09-24,C관(2공장),[10] 사출조립,638527.0,804167.0,742386.0,86.01,742386.0,1
2024-09-24,C관(2공장),[20] 분리,775821.0,949639.0,742386.0,104.5,742386.0,1
2024-09-24,C관(2공장),[45] 하이드레이션/전면검사,674586.0,678679.0,650698.0,103.67,650698.0,1
2024-09-24,C관(2공장),[80] 누수/규격검사,698438.0,705559.0,609677.0,114.56,609677.0,1
2024-09-24,S관(3공장),[10] 사출조립,166946.0,200731.0,183871.0,90.8,183871.0,1
2024-09-24,S관(3공장),[20] 분리,98339.0,117882.0,183871.0,53.48,183871.0,1
2024-09-24,S관(3공장),[45] 하이드레이션/전면검사,82710.0,83203.0,116759.0,70.84,116759.0,1
2024-09-24,S관(3공장),[80] 누수/규격검사,103916.0,104265.0,100645.0,103.25,100645.0,1
2024-09-25,A관(1공장),[10] 사출조립,342918.0,367103.0,197367.0,173.75,197367.0,1
2024-09-25,A관(1공장),[20] 분리,82513.0,114514.0,197367.0,41.81,197367.0,1
2024-09-25,A관(1공장),[45] 하이드레이션/전면검사,101404.0,101967.0,118500.0,85.57,118500.0,1
2024-09-25,A관(1공장),[80] 누수/규격검사,99916.0,101371.0,112903.0,88.5,112903.0,1
2024-09-25,C관(2공장),[10] 사출조립,732565.0,838509.0,742386.0,98.68,742386.0,1
2024-09-25,C관(2공장),[20] 분리,808607.0,981163.0,742386.0,108.92,742386.0,1
2024-09-25,C관(2공장),[45] 하이드레이션/전면검사,728096.0,733480.0,650698.0,111.89,650698.0,1
2024-09-25,C관(2공장),[80] 누수/규격검사,604206.0,607661.0,609677.0,99.1,609677.0,1
2024-09-25,S관(3공장),[10] 사출조립,147280.0,168144.0,183871.0,80.1,183871.0,1
2024-09-25,S관(3공장),[20] 분리,102013.0,144085.0,183871.0,55.48,183871.0,1
2024-09-25,S관(3공장),[45] 하이드레이션/전면검사,206315.0,208120.0,116759.0,176.7,116759.0,1
2024-09-25,S관(3공장),[80] 누수/규격검사,84292.0,85127.0,100645.0,83.75,100645.0,1
2024-09-26,A관(1공장),[10] 사출조립,349021.0,361635.0,197367.0,176.84,197367.0,1
2024-09-26,A관(1공장),[20] 분리,100693.0,135625.0,197367.0,51.02,197367.0,1
2024-09-26,A관(1공장),[45] 하이드레이션/전면검사,124181.0,125181.0,118500.0,104.79,118500.0,1
2024-09-26,A관(1공장),[80] 누수/규격검사,115269.0,116402.0,112903.0,102.1,112903.0,1
2024-09-26,C관(2공장),[10] 사출조립,618627.0,717568.0,742386.0,83.33,742386.0,1
2024-09-26,C관(2공장),[20] 분리,776050.0,947561.0,742386.0,104.53,742386.0,1
2024-09-26,C관(2공장),[45] 하이드레이션/전면검사,744696.0,754512.0,650698.0,114.45,650698.0,1
2024-09-26,C관(2공장),[80] 누수/규격검사,647319.0,652202.0,609677.0,106.17,609677.0,1
2024-09-26,S관(3공장),[10] 사출조립,143286.0,191216.0,183871.0,77.93,183871.0,1
2024-09-26,S관(3공장),[20] 분리,97151.0,125131.0,183871.0,52.84,183871.0,1
2024-09-26,S관(3공장),[45] 하이드레이션/전면검사,168245.0,169315.0,116759.0,144.1,116759.0,1
2024-09-26,S관(3공장),[80] 누수/규격검사,133264.0,133725.0,100645.0,132.41,100645.0,1
2024-09-27,A관(1공장),[10] 사출조립,305555.0,315652.0,197367.0,154.82,197367.0,1
2024-09-27,A관(1공장),[20] 분리,87099.0,117233.0,197367.0,44.13,197367.0,1
2024-09-27,A관(1공장),[45] 하이드레이션/전면검사,153337.0,153737.0,118500.0,129.4,118500.0,1
2024-09-27,A관(1공장),[80] 누수/규격검사,129609.0,132806.0,112903.0,114.8,112903.0,1
2024-09-27,C관(2공장),[10] 사출조립,806601.0,908769.0,742386.0,108.65,742386.0,1
2024-09-27,C관(2공장),[20] 분리,793536.0,964037.0,742386.0,106.89,742386.0,1
2024-09-27,C관(2공장),[45] 하이드레이션/전면검사,681205.0,683635.0,650698.0,104.69,650698.0,1
2024-09-27,C관(2공장),[80] 누수/규격검사,638234.0,644874.0,609677.0,104.68,609677.0,1
2024-09-27,S관(3공장),[10] 사출조립,79619.0,92560.0,183871.0,43.3,183871.0,1
2024-09-27,S관(3공장),[20] 분리,146103.0,196978.0,183871.0,79.46,183871.0,1
2024-09-27,S관(3공장),[45] 하이드레이션/전면검사,108090.0,108943.0,116759.0,92.58,116759.0,1
2024-09-27,S관(3공장),[80] 누수/규격검사,162571.0,164933.0,100645.0,161.53,100645.0,1
2024-09-28,A관(1공장),[10] 사출조립,349369.0,383726.0,197367.0,177.01,197367.0,1
2024-09-28,A관(1공장),[20] 분리,93177.0,127121.0,197367.0,47.21,197367.0,1
2024-09-28,A관(1공장),[45] 하이드레이션/전면검사,105806.0,105806.0,118500.0,89.29,118500.0,1
2024-09-28,A관(1공장),[80] 누수/규격검사,109748.0,110696.0,112903.0,97.21,112903.0,1
2024-09-28,C관(2공장),[10] 사출조립,749149.0,864675.0,742386.0,100.91,742386.0,1
2024-09-28,C관(2공장),[20] 분리,786496.0,946775.0,742386.0,105.94,742386.0,1
2024-09-28,C관(2공장),[45] 하이드레이션/전면검사,705785.0,707450.0,650698.0,108.47,650698.0,1
2024-09-28,C관(2공장),[80] 누수/규격검사,744015.0,752120.0,609677.0,122.03,609677.0,1
2024-09-28,S관(3공장),[10] 사출조립,75469.0,98112.0,183871.0,41.04,183871.0,1
2024-09-28,S관(3공장),[20] 분리,97612.0,138571.0,183871.0,53.09,183871.0,1
2024-09-28,S관(3공장),[45] 하이드레이션/전면검사,116870.0,117686.0,116759.0,100.1,116759.0,1
2024-09-28,S관(3공장),[80] 누수/규격검사,123596.0,125089.0,100645.0,122.8,100645.0,1
2024-09-29,A관(1공장),[10] 사출조립,262748.0,273171.0,197367.0,133.13,197367.0,1
2024-09-29,A관(1공장),[20] 분리,95934.0,124850.0,197367.0,48.61,197367.0,1
2024-09-29,A관(1공장),[45] 하이드레이션/전면검사,148299.0,148299.0,118500.0,125.15,118500.0,1
2024-09-29,A관(1공장),[80] 누수/규격검사,121356.0,121867.0,112903.0,107.49,112903.0,1
2024-09-29,C관(2공장),[10] 사출조립,679549.0,774333.0,742386.0,91.54,742386.0,1
2024-09-29,C관(2공장),[20] 분리,805679.0,971367.0,742386.0,108.53,742386.0,1
2024-09-29,C관(2공장),[45] 하이드레이션/전면검사,928351.0,929676.0,650698.0,142.67,650698.0,1
2024-09-29,C관(2공장),[80] 누수/규격검사,699435.0,708765.0,609677.0,114.72,609677.0,1
2024-09-29,S관(3공장),[10] 사출조립,145460.0,177752.0,183871.0,79.11,183871.0,1
2024-09-29,S관(3공장),[20] 분리,165589.0,221968.0,183871.0,90.06,183871.0,1
2024-09-29,S관(3공장),[45] 하이드레이션/전면검사,165640.0,166962.0,116759.0,141.86,116759.0,1
2024-09-29,S관(3공장),[80] 누수/규격검사,103984.0,104204.0,100645.0,103.32,100645.0,1
2024-09-30,A관(1공장),[10] 사출조립,228362.0,242006.0,197367.0,115.7,197367.0,1
2024-09-30,A관(1공장),[20] 분리,81796.0,107316.0,197367.0,41.44,197367.0,1
2024-09-30,A관(1공장),[45] 하이드레이션/전면검사,99288.0,99917.0,118500.0,83.79,118500.0,1
2024-09-30,A관(1공장),[80] 누수/규격검사,118113.0,119315.0,112903.0,104.61,112903.0,1
2024-09-30,C관(2공장),[10] 사출조립,782856.0,915730.0,742386.0,105.45,742386.0,1
2024-09-30,C관(2공장),[20] 분리,790920.0,955287.0,742386.0,106.54,742386.0,1
2024-09-30,C관(2공장),[45] 하이드레이션/전면검사,802570.0,803476.0,650698.0,123.34,650698.0,1
2024-09-30,C관(2공장),[80] 누수/규격검사,697680.0,700240.0,609677.0,114.43,609677.0,1
2024-09-30,S관(3공장),[10] 사출조립,149063.0,184036.0,183871.0,81.07,183871.0,1
2024-09-30,S관(3공장),[20] 분리,72290.0,99633.0,183871.0,39.32,183871.0,1
2024-09-30,S관(3공장),[45] 하이드레이션/전면검사,145620.0,147234.0,116759.0,124.72,116759.0,1
2024-09-30,S관(3공장),[80] 누수/규격검사,127915.0,129227.0,100645.0,127.1,100645.0,1
2024-10-01,A관(1공장),[10] 사출조립,316865.0,348996.0,197367.0,160.55,197367.0,1
2024-10-01,A관(1공장),[20] 분리,47068.0,64005.0,197367.0,23.85,197367.0,1
2024-10-01,A관(1공장),[45] 하이드레이션/전면검사,109507.0,111173.0,118500.0,92.41,118500.0,1
2024-10-01,A관(1공장),[80] 누수/규격검사,118971.0,120639.0,112903.0,105.37,112903.0,1
2024-10-01,C관(2공장),[10] 사출조립,673559.0,794722.0,742386.0,90.73,742386.0,1
2024-10-01,C관(2공장),[20] 분리,812080.0,987899.0,742386.0,109.39,742386.0,1
2024-10-01,C관(2공장),[45] 하이드레이션/전면검사,843805.0,849898.0,650698.0,129.68,650698.0,1
2024-10-01,C관(2공장),[80] 누수/규격검사,651241.0,657458.0,609677.0,106.82,609677.0,1
2024-10-01,S관(3공장),[10] 사출조립,170429.0,207294.0,183871.0,92.69,183871.0,1
2024-10-01,S관(3공장),[20] 분리,120486.0,164413.0,183871.0,65.53,183871.0,1
2024-10-01,S관(3공장),[45] 하이드레이션/전면검사,101855.0,102665.0,116759.0,87.24,116759.0,1
2024-10-01,S관(3공장),[80] 누수/규격검사,114997.0,115327.0,100645.0,114.26,100645.0,1
2024-10-02,A관(1공장),[10] 사출조립,367070.0,389450.0,197367.0,185.98,197367.0,1
2024-10-02,A관(1공장),[20] 분리,54816.0,83752.0,197367.0,27.77,197367.0,1
2024-10-02,A관(1공장),[45] 하이드레이션/전면검사,85449.0,93632.0,118500.0,72.11,118500.0,1
2024-10-02,A관(1공장),[80] 누수/규격검사,80521.0,81373.0,112903.0,71.32,112903.0,1
2024-10-02,C관(2공장),[10] 사출조립,655181.0,765054.0,742386.0,88.25,742386.0,1
2024-10-02,C관(2공장),[20] 분리,752774.0,935981.0,742386.0,101.4,742386.0,1
2024-10-02,C관(2공장),[45] 하이드레이션/전면검사,764307.0,770861.0,650698.0,117.46,650698.0,1
2024-10-02,C관(2공장),[80] 누수/규격검사,770349.0,779969.0,609677.0,126.35,609677.0,1
2024-10-02,S관(3공장),[10] 사출조립,114456.0,140816.0,183871.0,62.25,183871.0,1
2024-10-02,S관(3공장),[20] 분리,186657.0,234895.0,183871.0,101.52,183871.0,1
2024-10-02,S관(3공장),[45] 하이드레이션/전면검사,191010.0,192612.0,116759.0,163.59,116759.0,1
2024-10-02,S관(3공장),[80] 누수/규격검사,98811.0,99296.0,100645.0,98.18,100645.0,1
2024-10-03,A관(1공장),[10] 사출조립,283950.0,299439.0,197367.0,143.87,197367.0,1
2024-10-03,A관(1공장),[20] 분리,70131.0,94373.0,197367.0,35.53,197367.0,1
2024-10-03,A관(1공장),[45] 하이드레이션/전면검사,112318.0,115035.0,118500.0,94.78,118500.0,1
2024-10-03,A관(1공장),[80] 누수/규격검사,97708.0,99450.0,112903.0,86.54,112903.0,1
2024-10-03,C관(2공장),[10] 사출조립,624268.0,755527.0,742386.0,84.09,742386.0,1
2024-10-03,C관(2공장),[20] 분리,715929.0,863489.0,742386.0,96.44,742386.0,1
2024-10-03,C관(2공장),[45] 하이드레이션/전면검사,919237.0,924599.0,650698.0,141.27,650698.0,1
2024-10-03,C관(2공장),[80] 누수/규격검사,733610.0,741180.0,609677.0,120.33,609677.0,1
2024-10-03,S관(3공장),[10] 사출조립,200883.0,244328.0,183871.0,109.25,183871.0,1
2024-10-03,S관(3공장),[20] 분리,161168.0,211772.0,183871.0,87.65,183871.0,1
2024-10-03,S관(3공장),[45] 하이드레이션/전면검사,110085.0,113291.0,116759.0,94.28,116759.0,1
2024-10-03,S관(3공장),[80] 누수/규격검사,93262.0,95249.0,100645.0,92.66,100645.0,1
2024-10-04,A관(1공장),[10] 사출조립,217130.0,230573.0,197367.0,110.01,197367.0,1
2024-10-04,A관(1공장),[20] 분리,76358.0,104104.0,197367.0,38.69,197367.0,1
2024-10-04,A관(1공장),[45] 하이드레이션/전면검사,119296.0,120937.0,118500.0,100.67,118500.0,1
2024-10-04,A관(1공장),[80] 누수/규격검사,85885.0,91352.0,112903.0,76.07,112903.0,1
2024-10-04,C관(2공장),[10] 사출조립,686217.0,813977.0,742386.0,92.43,742386.0,1
2024-10-04,C관(2공장),[20] 분리,713274.0,860558.0,742386.0,96.08,742386.0,1
2024-10-04,C관(2공장),[45] 하이드레이션/전면검사,497580.0,505916.0,650698.0,76.47,650698.0,1
2024-10-04,C관(2공장),[80] 누수/규격검사,779470.0,787715.0,609677.0,127.85,609677.0,1
2024-10-04,S관(3공장),[10] 사출조립,201516.0,270656.0,183871.0,109.6,183871.0,1
2024-10-04,S관(3공장),[20] 분리,82453.0,108735.0,183871.0,44.84,183871.0,1
2024-10-04,S관(3공장),[45] 하이드레이션/전면검사,121540.0,122623.0,116759.0,104.09,116759.0,1
2024-10-04,S관(3공장),[80] 누수/규격검사,110946.0,112276.0,100645.0,110.23,100645.0,1
2024-10-05,A관(1공장),[10] 사출조립,235113.0,243754.0,197367.0,119.12,197367.0,1
2024-10-05,A관(1공장),[20] 분리,66503.0,92559.0,197367.0,33.7,197367.0,1
2024-10-05,A관(1공장),[45] 하이드레이션/전면검사,101361.0,102461.0,118500.0,85.54,118500.0,1
2024-10-05,A관(1공장),[80] 누수/규격검사,82985.0,86028.0,112903.0,73.5,112903.0,1
2024-10-05,C관(2공장),[10] 사출조립,807509.0,915540.0,742386.0,108.77,742386.0,1
2024-10-05,C관(2공장),[20] 분리,682550.0,871201.0,742386.0,91.94,742386.0,1
2024-10-05,C관(2공장),[45] 하이드레이션/전면검사,858194.0,862259.0,650698.0,131.89,650698.0,1
2024-10-05,C관(2공장),[80] 누수/규격검사,803190.0,812405.0,609677.0,131.74,609677.0,1
2024-10-05,S관(3공장),[10] 사출조립,138354.0,167609.0,183871.0,75.25,183871.0,1
2024-10-05,S관(3공장),[20] 분리,171017.0,230042.0,183871.0,93.01,183871.0,1
2024-10-05,S관(3공장),[45] 하이드레이션/전면검사,188070.0,189188.0,116759.0,161.08,116759.0,1
2024-10-05,S관(3공장),[80] 누수/규격검사,129393.0,130144.0,100645.0,128.56,100645.0,1
2024-10-06,A관(1공장),[10] 사출조립,263450.0,282949.0,197367.0,133.48,197367.0,1
2024-10-06,A관(1공장),[20] 분리,52921.0,77101.0,197367.0,26.81,197367.0,1
2024-10-06,A관(1공장),[45] 하이드레이션/전면검사,78974.0,78974.0,118500.0,66.64,118500.0,1
2024-10-06,A관(1공장),[80] 누수/규격검사,89066.0,90630.0,112903.0,78.89,112903.0,1
2024-10-06,C관(2공장),[10] 사출조립,769987.0,898539.0,742386.0,103.72,742386.0,1
2024-10-06,C관(2공장),[20] 분리,717787.0,891417.0,742386.0,96.69,742386.0,1
2024-10-06,C관(2공장),[45] 하이드레이션/전면검사,931655.0,933339.0,650698.0,143.18,650698.0,1
2024-10-06,C관(2공장),[80] 누수/규격검사,758005.0,761685.0,609677.0,124.33,609677.0,1
2024-10-06,S관(3공장),[10] 사출조립,136531.0,165880.0,183871.0,74.25,183871.0,1
2024-10-06,S관(3공장),[20] 분리,80362.0,106039.0,183871.0,43.71,183871.0,1
2024-10-06,S관(3공장),[45] 하이드레이션/전면검사,68630.0,69152.0,116759.0,58.78,116759.0,1
2024-10-06,S관(3공장),[80] 누수/규격검사,135179.0,137773.0,100645.0,134.31,100645.0,1
2024-10-07,A관(1공장),[10] 사출조립,302644.0,328842.0,197367.0,153.34,197367.0,1
2024-10-07,A관(1공장),[20] 분리,59166.0,80145.0,197367.0,29.98,197367.0,1
2024-10-07,A관(1공장),[45] 하이드레이션/전면검사,127181.0,129095.0,118500.0,107.33,118500.0,1
2024-10-07,A관(1공장),[80] 누수/규격검사,77301.0,79176.0,112903.0,68.47,112903.0,1
2024-10-07,C관(2공장),[10] 사출조립,589525.0,694721.0,742386.0,79.41,742386.0,1
2024-10-07,C관(2공장),[20] 분리,740983.0,888488.0,742386.0,99.81,742386.0,1
2024-10-07,C관(2공장),[45] 하이드레이션/전면검사,786910.0,810142.0,650698.0,120.93,650698.0,1
2024-10-07,C관(2공장),[80] 누수/규격검사,694005.0,699641.0,609677.0,113.83,609677.0,1
2024-10-07,S관(3공장),[10] 사출조립,74858.0,86250.0,183871.0,40.71,183871.0,1
2024-10-07,S관(3공장),[20] 분리,93256.0,133350.0,183871.0,50.72,183871.0,1
2024-10-07,S관(3공장),[45] 하이드레이션/전면검사,76745.0,77377.0,116759.0,65.73,116759.0,1
2024-10-07,S관(3공장),[80] 누수/규격검사,70988.0,71093.0,100645.0,70.53,100645.0,1
2024-10-08,A관(1공장),[10] 사출조립,360982.0,369914.0,197367.0,182.9,197367.0,1
2024-10-08,A관(1공장),[20] 분리,54702.0,76326.0,197367.0,27.72,197367.0,1
2024-10-08,A관(1공장),[45] 하이드레이션/전면검사,85268.0,87046.0,118500.0,71.96,118500.0,1
2024-10-08,A관(1공장),[80] 누수/규격검사,107883.0,110695.0,112903.0,95.55,112903.0,1
2024-10-08,C관(2공장),[10] 사출조립,664320.0,788161.0,742386.0,89.48,742386.0,1
2024-10-08,C관(2공장),[20] 분리,755661.0,901605.0,742386.0,101.79,742386.0,1
2024-10-08,C관(2공장),[45] 하이드레이션/전면검사,762881.0,766439.0,650698.0,117.24,650698.0,1
2024-10-08,C관(2공장),[80] 누수/규격검사,706980.0,715390.0,609677.0,115.96,609677.0,1
2024-10-08,S관(3공장),[10] 사출조립,80515.0,105428.0,183871.0,43.79,183871.0,1
2024-10-08,S관(3공장),[20] 분리,96685.0,142623.0,183871.0,52.58,183871.0,1
2024-10-08,S관(3공장),[45] 하이드레이션/전면검사,63715.0,64231.0,116759.0,54.57,116759.0,1
2024-10-08,S관(3공장),[80] 누수/규격검사,86927.0,87119.0,100645.0,86.37,100645.0,1
2024-10-09,A관(1공장),[10] 사출조립,338754.0,351189.0,197367.0,171.64,197367.0,1
2024-10-09,A관(1공장),[20] 분리,79780.0,100533.0,197367.0,40.42,197367.0,1
2024-10-09,A관(1공장),[45] 하이드레이션/전면검사,82239.0,89213.0,118500.0,69.4,118500.0,1
2024-10-09,A관(1공장),[80] 누수/규격검사,130400.0,131626.0,112903.0,115.5,112903.0,1
2024-10-09,C관(2공장),[10] 사출조립,676435.0,773168.0,742386.0,91.12,742386.0,1
2024-10-09,C관(2공장),[20] 분리,787080.0,918890.0,742386.0,106.02,742386.0,1
2024-10-09,C관(2공장),[45] 하이드레이션/전면검사,740014.0,751613.0,650698.0,113.73,650698.0,1
2024-10-09,C관(2공장),[80] 누수/규격검사,757270.0,766090.0,609677.0,124.21,609677.0,1
2024-10-09,S관(3공장),[10] 사출조립,229149.0,253670.0,183871.0,124.62,183871.0,1
2024-10-09,S관(3공장),[20] 분리,145301.0,202189.0,183871.0,79.02,183871.0,1
2024-10-09,S관(3공장),[45] 하이드레이션/전면검사,81215.0,82327.0,116759.0,69.56,116759.0,1
2024-10-09,S관(3공장),[80] 누수/규격검사,50202.0,50296.0,100645.0,49.88,100645.0,1
2024-10-10,A관(1공장),[10] 사출조립,291892.0,308174.0,197367.0,147.89,197367.0,1
2024-10-10,A관(1공장),[20] 분리,83830.0,112245.0,197367.0,42.47,197367.0,1
2024-10-10,A관(1공장),[45] 하이드레이션/전면검사,42656.0,42656.0,118500.0,36.0,118500.0,1
2024-10-10,A관(1공장),[80] 누수/규격검사,102220.0,103324.0,112903.0,90.54,112903.0,1
2024-10-10,C관(2공장),[10] 사출조립,718709.0,841205.0,742386.0,96.81,742386.0,1
2024-10-10,C관(2공장),[20] 분리,768937.0,910137.0,742386.0,103.58,742386.0,1
2024-10-10,C관(2공장),[45] 하이드레이션/전면검사,828550.0,839948.0,650698.0,127.33,650698.0,1
2024-10-10,C관(2공장),[80] 누수/규격검사,760145.0,766380.0,609677.0,124.68,609677.0,1
2024-10-10,S관(3공장),[10] 사출조립,115900.0,133844.0,183871.0,63.03,183871.0,1
2024-10-10,S관(3공장),[20] 분리,225765.0,302497.0,183871.0,122.78,183871.0,1
2024-10-10,S관(3공장),[45] 하이드레이션/전면검사,123880.0,124565.0,116759.0,106.1,116759.0,1
2024-10-10,S관(3공장),[80] 누수/규격검사,66081.0,66290.0,100645.0,65.66,100645.0,1
2024-10-11,A관(1공장),[10] 사출조립,392238.0,412905.0,197367.0,198.74,197367.0,1
2024-10-11,A관(1공장),[20] 분리,74800.0,98623.0,197367.0,37.9,197367.0,1
2024-10-11,A관(1공장),[45] 하이드레이션/전면검사,63885.0,63943.0,118500.0,53.91,118500.0,1
2024-10-11,A관(1공장),[80] 누수/규격검사,91894.0,93767.0,112903.0,81.39,112903.0,1
2024-10-11,C관(2공장),[10] 사출조립,732090.0,842712.0,742386.0,98.61,742386.0,1
2024-10-11,C관(2공장),[20] 분리,760642.0,908757.0,742386.0,102.46,742386.0,1
2024-10-11,C관(2공장),[45] 하이드레이션/전면검사,764515.0,769256.0,650698.0,117.49,650698.0,1
2024-10-11,C관(2공장),[80] 누수/규격검사,710715.0,714665.0,609677.0,116.57,609677.0,1
2024-10-11,S관(3공장),[10] 사출조립,159131.0,173676.0,183871.0,86.54,183871.0,1
2024-10-11,S관(3공장),[20] 분리,157238.0,224978.0,183871.0,85.52,183871.0,1
2024-10-11,S관(3공장),[45] 하이드레이션/전면검사,138295.0,139376.0,116759.0,118.44,116759.0,1
2024-10-11,S관(3공장),[80] 누수/규격검사,69756.0,70109.0,100645.0,69.31,100645.0,1
2024-10-12,A관(1공장),[10] 사출조립,255114.0,266556.0,197367.0,129.26,197367.0,1
2024-10-12,A관(1공장),[20] 분리,82087.0,109657.0,197367.0,41.59,197367.0,1
2024-10-12,A관(1공장),[45] 하이드레이션/전면검사,74178.0,76901.0,118500.0,62.6,118500.0,1
2024-10-12,A관(1공장),[80] 누수/규격검사,92872.0,95101.0,112903.0,82.26,112903.0,1
2024-10-12,C관(2공장),[10] 사출조립,738905.0,867158.0,742386.0,99.53,742386.0,1
2024-10-12,C관(2공장),[20] 분리,739576.0,883947.0,742386.0,99.62,742386.0,1
2024-10-12,C관(2공장),[45] 하이드레이션/전면검사,712292.0,720845.0,650698.0,109.47,650698.0,1
2024-10-12,C관(2공장),[80] 누수/규격검사,704830.0,707370.0,609677.0,115.61,609677.0,1
2024-10-12,S관(3공장),[10] 사출조립,156393.0,184988.0,183871.0,85.06,183871.0,1
2024-10-12,S관(3공장),[20] 분리,163846.0,224960.0,183871.0,89.11,183871.0,1
2024-10-12,S관(3공장),[45] 하이드레이션/전면검사,94255.0,94890.0,116759.0,80.73,116759.0,1
2024-10-12,S관(3공장),[80] 누수/규격검사,96525.0,96846.0,100645.0,95.91,100645.0,1
2024-10-13,A관(1공장),[10] 사출조립,332014.0,339278.0,197367.0,168.22,197367.0,1
2024-10-13,A관(1공장),[20] 분리,85667.0,109410.0,197367.0,43.4,197367.0,1
2024-10-13,A관(1공장),[45] 하이드레이션/전면검사,121257.0,121717.0,118500.0,102.33,118500.0,1
2024-10-13,A관(1공장),[80] 누수/규격검사,69201.0,70179.0,112903.0,61.29,112903.0,1
2024-10-13,C관(2공장),[10] 사출조립,785536.0,913720.0,742386.0,105.81,742386.0,1
2024-10-13,C관(2공장),[20] 분리,696480.0,835834.0,742386.0,93.82,742386.0,1
2024-10-13,C관(2공장),[45] 하이드레이션/전면검사,787990.0,791741.0,650698.0,121.1,650698.0,1
2024-10-13,C관(2공장),[80] 누수/규격검사,619000.0,622925.0,609677.0,101.53,609677.0,1
2024-10-13,S관(3공장),[10] 사출조립,112426.0,136056.0,183871.0,61.14,183871.0,1
2024-10-13,S관(3공장),[20] 분리,154152.0,225667.0,183871.0,83.84,183871.0,1
2024-10-13,S관(3공장),[45] 하이드레이션/전면검사,115510.0,116475.0,116759.0,98.93,116759.0,1
2024-10-13,S관(3공장),[80] 누수/규격검사,113686.0,114340.0,100645.0,112.96,100645.0,1
2024-10-14,A관(1공장),[10] 사출조립,275349.0,291025.0,197367.0,139.51,197367.0,1
2024-10-14,A관(1공장),[20] 분리,93730.0,120109.0,197367.0,47.49,197367.0,1
2024-10-14,A관(1공장),[45] 하이드레이션/전면검사,56767.0,56872.0,118500.0,47.9,118500.0,1
2024-10-14,A관(1공장),[80] 누수/규격검사,77194.0,79920.0,112903.0,68.37,112903.0,1
2024-10-14,C관(2공장),[10] 사출조립,609669.0,707257.0,742386.0,82.12,742386.0,1
2024-10-14,C관(2공장),[20] 분리,667366.0,804222.0,742386.0,89.89,742386.0,1
2024-10-14,C관(2공장),[45] 하이드레이션/전면검사,733011.0,737426.0,650698.0,112.65,650698.0,1
2024-10-14,C관(2공장),[80] 누수/규격검사,730905.0,732235.0,609677.0,119.88,609677.0,1
2024-10-14,S관(3공장),[10] 사출조립,143173.0,166888.0,183871.0,77.87,183871.0,1
2024-10-14,S관(3공장),[20] 분리,111067.0,170350.0,183871.0,60.4,183871.0,1
2024-10-14,S관(3공장),[45] 하이드레이션/전면검사,109220.0,109912.0,116759.0,93.54,116759.0,1
2024-10-14,S관(3공장),[80] 누수/규격검사,102612.0,102752.0,100645.0,101.95,100645.0,1
2024-10-15,A관(1공장),[10] 사출조립,292435.0,311837.0,197367.0,148.17,197367.0,1
2024-10-15,A관(1공장),[20] 분리,101815.0,127713.0,197367.0,51.59,197367.0,1
2024-10-15,A관(1공장),[45] 하이드레이션/전면검사,75655.0,75655.0,118500.0,63.84,118500.0,1
2024-10-15,A관(1공장),[80] 누수/규격검사,103669.0,105147.0,112903.0,91.82,112903.0,1
2024-10-15,C관(2공장),[10] 사출조립,659651.0,761289.0,742386.0,88.86,742386.0,1
2024-10-15,C관(2공장),[20] 분리,754055.0,895126.0,742386.0,101.57,742386.0,1
2024-10-15,C관(2공장),[45] 하이드레이션/전면검사,782772.0,790772.0,650698.0,120.3,650698.0,1
2024-10-15,C관(2공장),[80] 누수/규격검사,696556.0,699321.0,609677.0,114.25,609677.0,1
2024-10-15,S관(3공장),[10] 사출조립,204453.0,234471.0,183871.0,111.19,183871.0,1
2024-10-15,S관(3공장),[20] 분리,194952.0,270927.0,183871.0,106.03,183871.0,1
2024-10-15,S관(3공장),[45] 하이드레이션/전면검사,84460.0,84839.0,116759.0,72.34,116759.0,1
2024-10-15,S관(3공장),[80] 누수/규격검사,113143.0,113205.0,100645.0,112.42,100645.0,1
2024-10-16,A관(1공장),[10] 사출조립,360877.0,379495.0,197367.0,182.85,197367.0,1
2024-10-16,A관(1공장),[20] 분리,96920.0,119649.0,197367.0,49.11,197367.0,1
2024-10-16,A관(1공장),[45] 하이드레이션/전면검사,128206.0,128206.0,118500.0,108.19,118500.0,1
2024-10-16,A관(1공장),[80] 누수/규격검사,111847.0,112601.0,112903.0,99.06,112903.0,1
2024-10-16,C관(2공장),[10] 사출조립,705409.0,806110.0,742386.0,95.02,742386.0,1
2024-10-16,C관(2공장),[20] 분리,734138.0,868339.0,742386.0,98.89,742386.0,1
2024-10-16,C관(2공장),[45] 하이드레이션/전면검사,792651.0,795025.0,650698.0,121.82,650698.0,1
2024-10-16,C관(2공장),[80] 누수/규격검사,653895.0,659225.0,609677.0,107.25,609677.0,1
2024-10-16,S관(3공장),[10] 사출조립,234030.0,263653.0,183871.0,127.28,183871.0,1
2024-10-16,S관(3공장),[20] 분리,142099.0,192537.0,183871.0,77.28,183871.0,1
2024-10-16,S관(3공장),[45] 하이드레이션/전면검사,133095.0,134223.0,116759.0,113.99,116759.0,1
2024-10-16,S관(3공장),[80] 누수/규격검사,83530.0,83890.0,100645.0,82.99,100645.0,1
2024-10-17,A관(1공장),[10] 사출조립,349011.0,362617.0,197367.0,176.83,197367.0,1
2024-10-17,A관(1공장),[20] 분리,106205.0,128984.0,197367.0,53.81,197367.0,1
2024-10-17,A관(1공장),[45] 하이드레이션/전면검사,96427.0,97523.0,118500.0,81.37,118500.0,1
2024-10-17,A관(1공장),[80] 누수/규격검사,80905.0,81842.0,112903.0,71.66,112903.0,1
2024-10-17,C관(2공장),[10] 사출조립,683398.0,771443.0,742386.0,92.05,742386.0,1
2024-10-17,C관(2공장),[20] 분리,729158.0,874195.0,742386.0,98.22,742386.0,1
2024-10-17,C관(2공장),[45] 하이드레이션/전면검사,830275.0,837063.0,650698.0,127.6,650698.0,1
2024-10-17,C관(2공장),[80] 누수/규격검사,675660.0,680140.0,609677.0,110.82,609677.0,1
2024-10-17,S관(3공장),[10] 사출조립,150732.0,179224.0,183871.0,81.98,183871.0,1
2024-10-17,S관(3공장),[20] 분리,199399.0,288686.0,183871.0,108.45,183871.0,1
2024-10-17,S관(3공장),[45] 하이드레이션/전면검사,125605.0,126413.0,116759.0,107.58,116759.0,1
2024-10-17,S관(3공장),[80] 누수/규격검사,98200.0,99422.0,100645.0,97.57,100645.0,1
2024-10-18,A관(1공장),[10] 사출조립,272360.0,297643.0,197367.0,138.0,197367.0,1
2024-10-18,A관(1공장),[20] 분리,92022.0,111805.0,197367.0,46.62,197367.0,1
2024-10-18,A관(1공장),[45] 하이드레이션/전면검사,52515.0,52515.0,118500.0,44.32,118500.0,1
2024-10-18,A관(1공장),[80] 누수/규격검사,90769.0,91719.0,112903.0,80.4,112903.0,1
2024-10-18,C관(2공장),[10] 사출조립,674737.0,772283.0,742386.0,90.89,742386.0,1
2024-10-18,C관(2공장),[20] 분리,720673.0,860957.0,742386.0,97.08,742386.0,1
2024-10-18,C관(2공장),[45] 하이드레이션/전면검사,756361.0,760009.0,650698.0,116.24,650698.0,1
2024-10-18,C관(2공장),[80] 누수/규격검사,702137.0,711478.0,609677.0,115.17,609677.0,1
2024-10-18,S관(3공장),[10] 사출조립,188370.0,205449.0,183871.0,102.45,183871.0,1
2024-10-18,S관(3공장),[20] 분리,136218.0,185221.0,183871.0,74.08,183871.0,1
2024-10-18,S관(3공장),[45] 하이드레이션/전면검사,99495.0,99993.0,116759.0,85.21,116759.0,1
2024-10-18,S관(3공장),[80] 누수/규격검사,121262.0,121476.0,100645.0,120.48,100645.0,1
2024-10-19,A관(1공장),[10] 사출조립,398738.0,410660.0,197367.0,202.03,197367.0,1
2024-10-19,A관(1공장),[20] 분리,105136.0,125613.0,197367.0,53.27,197367.0,1
2024-10-19,A관(1공장),[45] 하이드레이션/전면검사,91281.0,91790.0,118500.0,77.03,118500.0,1
2024-10-19,A관(1공장),[80] 누수/규격검사,78248.0,78572.0,112903.0,69.31,112903.0,1
2024-10-19,C관(2공장),[10] 사출조립,665442.0,796281.0,742386.0,89.64,742386.0,1
2024-10-19,C관(2공장),[20] 분리,522331.0,628984.0,742386.0,70.36,742386.0,1
2024-10-19,C관(2공장),[45] 하이드레이션/전면검사,800470.0,801513.0,650698.0,123.02,650698.0,1
2024-10-19,C관(2공장),[80] 누수/규격검사,679367.0,684722.0,609677.0,111.43,609677.0,1
2024-10-19,S관(3공장),[10] 사출조립,245544.0,264666.0,183871.0,133.54,183871.0,1
2024-10-19,S관(3공장),[20] 분리,176273.0,257490.0,183871.0,95.87,183871.0,1
2024-10-19,S관(3공장),[45] 하이드레이션/전면검사,105305.0,106102.0,116759.0,90.19,116759.0,1
2024-10-19,S관(3공장),[80] 누수/규격검사,100459.0,100611.0,100645.0,99.82,100645.0,1
2024-10-20,A관(1공장),[10] 사출조립,324618.0,337961.0,197367.0,164.47,197367.0,1
2024-10-20,A관(1공장),[20] 분리,96292.0,117688.0,197367.0,48.79,197367.0,1
2024-10-20,A관(1공장),[45] 하이드레이션/전면검사,79746.0,80337.0,118500.0,67.3,118500.0,1
2024-10-20,A관(1공장),[80] 누수/규격검사,69746.0,70399.0,112903.0,61.78,112903.0,1
2024-10-20,C관(2공장),[10] 사출조립,661539.0,783050.0,742386.0,89.11,742386.0,1
2024-10-20,C관(2공장),[20] 분리,662773.0,800151.0,742386.0,89.28,742386.0,1
2024-10-20,C관(2공장),[45] 하이드레이션/전면검사,622735.0,624628.0,650698.0,95.7,650698.0,1
2024-10-20,C관(2공장),[80] 누수/규격검사,694060.0,704184.0,609677.0,113.84,609677.0,1
2024-10-20,S관(3공장),[10] 사출조립,191436.0,213868.0,183871.0,104.11,183871.0,1
2024-10-20,S관(3공장),[20] 분리,84868.0,134714.0,183871.0,46.16,183871.0,1
2024-10-20,S관(3공장),[45] 하이드레이션/전면검사,94115.0,94769.0,116759.0,80.61,116759.0,1
2024-10-20,S관(3공장),[80] 누수/규격검사,68689.0,68737.0,100645.0,68.25,100645.0,1
2024-10-21,A관(1공장),[10] 사출조립,355289.0,365396.0,197367.0,180.01,197367.0,1
2024-10-21,A관(1공장),[20] 분리,101312.0,131118.0,197367.0,51.33,197367.0,1
2024-10-21,A관(1공장),[45] 하이드레이션/전면검사,104370.0,104370.0,118500.0,88.08,118500.0,1
2024-10-21,A관(1공장),[80] 누수/규격검사,112368.0,114413.0,112903.0,99.53,112903.0,1
2024-10-21,C관(2공장),[10] 사출조립,713601.0,814717.0,742386.0,96.12,742386.0,1
2024-10-21,C관(2공장),[20] 분리,783896.0,931756.0,742386.0,105.59,742386.0,1
2024-10-21,C관(2공장),[45] 하이드레이션/전면검사,781189.0,783518.0,650698.0,120.05,650698.0,1
2024-10-21,C관(2공장),[80] 누수/규격검사,653550.0,660010.0,609677.0,107.2,609677.0,1
2024-10-21,S관(3공장),[10] 사출조립,120561.0,135046.0,183871.0,65.57,183871.0,1
2024-10-21,S관(3공장),[20] 분리,131812.0,184890.0,183871.0,71.69,183871.0,1
2024-10-21,S관(3공장),[45] 하이드레이션/전면검사,131060.0,133227.0,116759.0,112.25,116759.0,1
2024-10-21,S관(3공장),[80] 누수/규격검사,87087.0,87327.0,100645.0,86.53,100645.0,1
2024-10-22,A관(1공장),[10] 사출조립,231370.0,250195.0,197367.0,117.23,197367.0,1
2024-10-22,A관(1공장),[20] 분리,89649.0,111925.0,197367.0,45.42,197367.0,1
2024-10-22,A관(1공장),[45] 하이드레이션/전면검사,123054.0,125695.0,118500.0,103.84,118500.0,1
2024-10-22,A관(1공장),[80] 누수/규격검사,85570.0,85819.0,112903.0,75.79,112903.0,1
2024-10-22,C관(2공장),[10] 사출조립,700385.0,810052.0,742386.0,94.34,742386.0,1
2024-10-22,C관(2공장),[20] 분리,748456.0,894687.0,742386.0,100.82,742386.0,1
2024-10-22,C관(2공장),[45] 하이드레이션/전면검사,829435.0,839402.0,650698.0,127.47,650698.0,1
2024-10-22,C관(2공장),[80] 누수/규격검사,631415.0,635025.0,609677.0,103.57,609677.0,1
2024-10-22,S관(3공장),[10] 사출조립,121491.0,131368.0,183871.0,66.07,183871.0,1
2024-10-22,S관(3공장),[20] 분리,135074.0,206157.0,183871.0,73.46,183871.0,1
2024-10-22,S관(3공장),[45] 하이드레이션/전면검사,201000.0,204060.0,116759.0,172.15,116759.0,1
2024-10-22,S관(3공장),[80] 누수/규격검사,142457.0,143040.0,100645.0,141.54,100645.0,1
2024-10-23,A관(1공장),[10] 사출조립,360668.0,373451.0,197367.0,182.74,197367.0,1
2024-10-23,A관(1공장),[20] 분리,97909.0,121327.0,197367.0,49.61,197367.0,1
2024-10-23,A관(1공장),[45] 하이드레이션/전면검사,76679.0,80419.0,118500.0,64.71,118500.0,1
2024-10-23,A관(1공장),[80] 누수/규격검사,70446.0,72544.0,112903.0,62.4,112903.0,1
2024-10-23,C관(2공장),[10] 사출조립,711559.0,848023.0,742386.0,95.85,742386.0,1
2024-10-23,C관(2공장),[20] 분리,715690.0,882954.0,742386.0,96.4,742386.0,1
2024-10-23,C관(2공장),[45] 하이드레이션/전면검사,690421.0,691222.0,650698.0,106.1,650698.0,1
2024-10-23,C관(2공장),[80] 누수/규격검사,708522.0,716479.0,609677.0,116.21,609677.0,1
2024-10-23,S관(3공장),[10] 사출조립,233324.0,261389.0,183871.0,126.9,183871.0,1
2024-10-23,S관(3공장),[20] 분리,167827.0,228854.0,183871.0,91.27,183871.0,1
2024-10-23,S관(3공장),[45] 하이드레이션/전면검사,144320.0,145417.0,116759.0,123.61,116759.0,1
2024-10-23,S관(3공장),[80] 누수/규격검사,121571.0,121989.0,100645.0,120.79,100645.0,1
2024-10-24,A관(1공장),[10] 사출조립,236768.0,246393.0,197367.0,119.96,197367.0,1
2024-10-24,A관(1공장),[20] 분리,74234.0,91487.0,197367.0,37.61,197367.0,1
2024-10-24,A관(1공장),[45] 하이드레이션/전면검사,85605.0,85605.0,118500.0,72.24,118500.0,1
2024-10-24,A관(1공장),[80] 누수/규격검사,84829.0,86757.0,112903.0,75.13,112903.0,1
2024-10-24,C관(2공장),[10] 사출조립,667477.0,820195.0,742386.0,89.91,742386.0,1
2024-10-24,C관(2공장),[20] 분리,760897.0,902769.0,742386.0,102.49,742386.0,1
2024-10-24,C관(2공장),[45] 하이드레이션/전면검사,745169.0,755087.0,650698.0,114.52,650698.0,1
2024-10-24,C관(2공장),[80] 누수/규격검사,662880.0,669471.0,609677.0,108.73,609677.0,1
2024-10-24,S관(3공장),[10] 사출조립,296109.0,345875.0,183871.0,161.04,183871.0,1
2024-10-24,S관(3공장),[20] 분리,183925.0,232295.0,183871.0,100.03,183871.0,1
2024-10-24,S관(3공장),[45] 하이드레이션/전면검사,130885.0,132426.0,116759.0,112.1,116759.0,1
2024-10-24,S관(3공장),[80] 누수/규격검사,145703.0,146435.0,100645.0,144.77,100645.0,1
2024-10-25,A관(1공장),[10] 사출조립,331181.0,338331.0,197367.0,167.8,197367.0,1
2024-10-25,A관(1공장),[20] 분리,68762.0,89871.0,197367.0,34.84,197367.0,1
2024-10-25,A관(1공장),[45] 하이드레이션/전면검사,83889.0,84126.0,118500.0,70.79,118500.0,1
2024-10-25,A관(1공장),[80] 누수/규격검사,81970.0,83351.0,112903.0,72.6,112903.0,1
2024-10-25,C관(2공장),[10] 사출조립,599865.0,709638.0,742386.0,80.8,742386.0,1
2024-10-25,C관(2공장),[20] 분리,604207.0,742046.0,742386.0,81.39,742386.0,1
2024-10-25,C관(2공장),[45] 하이드레이션/전면검사,705205.0,707354.0,650698.0,108.38,650698.0,1
2024-10-25,C관(2공장),[80] 누수/규격검사,572690.0,577890.0,609677.0,93.93,609677.0,1
2024-10-25,S관(3공장),[10] 사출조립,138131.0,178201.0,183871.0,75.12,183871.0,1
2024-10-25,S관(3공장),[20] 분리,143966.0,193649.0,183871.0,78.3,183871.0,1
2024-10-25,S관(3공장),[45] 하이드레이션/전면검사,94125.0,94756.0,116759.0,80.61,116759.0,1
2024-10-25,S관(3공장),[80] 누수/규격검사,97576.0,98021.0,100645.0,96.95,100645.0,1
2024-10-26,A관(1공장),[10] 사출조립,271561.0,284131.0,197367.0,137.59,197367.0,1
2024-10-26,A관(1공장),[20] 분리,73051.0,89048.0,197367.0,37.01,197367.0,1
2024-10-26,A관(1공장),[45] 하이드레이션/전면검사,85029.0,85029.0,118500.0,71.75,118500.0,1
2024-10-26,A관(1공장),[80] 누수/규격검사,90654.0,93519.0,112903.0,80.29,112903.0,1
2024-10-26,C관(2공장),[10] 사출조립,587943.0,691206.0,742386.0,79.2,742386.0,1
2024-10-26,C관(2공장),[20] 분리,537927.0,663499.0,742386.0,72.46,742386.0,1
2024-10-26,C관(2공장),[45] 하이드레이션/전면검사,675310.0,678654.0,650698.0,103.78,650698.0,1
2024-10-26,C관(2공장),[80] 누수/규격검사,653860.0,658970.0,609677.0,107.25,609677.0,1
2024-10-26,S관(3공장),[10] 사출조립,124720.0,135798.0,183871.0,67.83,183871.0,1
2024-10-26,S관(3공장),[20] 분리,104448.0,158439.0,183871.0,56.81,183871.0,1
2024-10-26,S관(3공장),[45] 하이드레이션/전면검사,91285.0,93531.0,116759.0,78.18,116759.0,1
2024-10-26,S관(3공장),[80] 누수/규격검사,111802.0,111984.0,100645.0,111.09,100645.0,1
2024-10-27,A관(1공장),[10] 사출조립,323341.0,333271.0,197367.0,163.83,197367.0,1
2024-10-27,A관(1공장),[20] 분리,107887.0,138356.0,197367.0,54.66,197367.0,1
2024-10-27,A관(1공장),[45] 하이드레이션/전면검사,125659.0,125659.0,118500.0,106.04,118500.0,1
2024-10-27,A관(1공장),[80] 누수/규격검사,112738.0,113568.0,112903.0,99.85,112903.0,1
2024-10-27,C관(2공장),[10] 사출조립,566333.0,655298.0,742386.0,76.29,742386.0,1
2024-10-27,C관(2공장),[20] 분리,704493.0,839387.0,742386.0,94.9,742386.0,1
2024-10-27,C관(2공장),[45] 하이드레이션/전면검사,639055.0,639748.0,650698.0,98.21,650698.0,1
2024-10-27,C관(2공장),[80] 누수/규격검사,611595.0,616130.0,609677.0,100.31,609677.0,1
2024-10-27,S관(3공장),[10] 사출조립,224140.0,263400.0,183871.0,121.9,183871.0,1
2024-10-27,S관(3공장),[20] 분리,112930.0,161306.0,183871.0,61.42,183871.0,1
2024-10-27,S관(3공장),[45] 하이드레이션/전면검사,143980.0,144602.0,116759.0,123.31,116759.0,1
2024-10-27,S관(3공장),[80] 누수/규격검사,71981.0,72308.0,100645.0,71.52,100645.0,1
2024-10-28,A관(1공장),[10] 사출조립,352059.0,357099.0,197367.0,178.38,197367.0,1
2024-10-28,A관(1공장),[20] 분리,91141.0,114881.0,197367.0,46.18,197367.0,1
2024-10-28,A관(1공장),[45] 하이드레이션/전면검사,99766.0,100239.0,118500.0,84.19,118500.0,1
2024-10-28,A관(1공장),[80] 누수/규격검사,115035.0,116812.0,112903.0,101.89,112903.0,1
2024-10-28,C관(2공장),[10] 사출조립,598714.0,700359.0,742386.0,80.65,742386.0,1
2024-10-28,C관(2공장),[20] 분리,784381.0,903542.0,742386.0,105.66,742386.0,1
2024-10-28,C관(2공장),[45] 하이드레이션/전면검사,665555.0,667540.0,650698.0,102.28,650698.0,1
2024-10-28,C관(2공장),[80] 누수/규격검사,508755.0,515285.0,609677.0,83.45,609677.0,1
2024-10-28,S관(3공장),[10] 사출조립,168501.0,184359.0,183871.0,91.64,183871.0,1
2024-10-28,S관(3공장),[20] 분리,151328.0,212358.0,183871.0,82.3,183871.0,1
2024-10-28,S관(3공장),[45] 하이드레이션/전면검사,101890.0,103012.0,116759.0,87.27,116759.0,1
2024-10-28,S관(3공장),[80] 누수/규격검사,131287.0,131852.0,100645.0,130.45,100645.0,1
2024-10-29,A관(1공장),[10] 사출조립,332585.0,343229.0,197367.0,168.51,197367.0,1
2024-10-29,A관(1공장),[20] 분리,67754.0,88203.0,197367.0,34.33,197367.0,1
2024-10-29,A관(1공장),[45] 하이드레이션/전면검사,90836.0,90836.0,118500.0,76.65,118500.0,1
2024-10-29,A관(1공장),[80] 누수/규격검사,82193.0,84098.0,112903.0,72.8,112903.0,1
2024-10-29,C관(2공장),[10] 사출조립,720566.0,825574.0,742386.0,97.06,742386.0,1
2024-10-29,C관(2공장),[20] 분리,769432.0,901855.0,742386.0,103.64,742386.0,1
2024-10-29,C관(2공장),[45] 하이드레이션/전면검사,766166.0,766963.0,650698.0,117.75,650698.0,1
2024-10-29,C관(2공장),[80] 누수/규격검사,669590.0,673600.0,609677.0,109.83,609677.0,1
2024-10-29,S관(3공장),[10] 사출조립,208321.0,234668.0,183871.0,113.3,183871.0,1
2024-10-29,S관(3공장),[20] 분리,158693.0,215295.0,183871.0,86.31,183871.0,1
2024-10-29,S관(3공장),[45] 하이드레이션/전면검사,131995.0,132959.0,116759.0,113.05,116759.0,1
2024-10-29,S관(3공장),[80] 누수/규격검사,98116.0,98793.0,100645.0,97.49,100645.0,1
2024-10-30,A관(1공장),[10] 사출조립,352494.0,357572.0,197367.0,178.6,197367.0,1
2024-10-30,A관(1공장),[20] 분리,73382.0,91628.0,197367.0,37.18,197367.0,1
2024-10-30,A관(1공장),[45] 하이드레이션/전면검사,104147.0,104464.0,118500.0,87.89,118500.0,1
2024-10-30,A관(1공장),[80] 누수/규격검사,68080.0,71674.0,112903.0,60.3,112903.0,1
2024-10-30,C관(2공장),[10] 사출조립,695342.0,786142.0,742386.0,93.66,742386.0,1
2024-10-30,C관(2공장),[20] 분리,760237.0,899545.0,742386.0,102.4,742386.0,1
2024-10-30,C관(2공장),[45] 하이드레이션/전면검사,827897.0,830161.0,650698.0,127.23,650698.0,1
2024-10-30,C관(2공장),[80] 누수/규격검사,645010.0,650425.0,609677.0,105.8,609677.0,1
2024-10-30,S관(3공장),[10] 사출조립,242540.0,276752.0,183871.0,131.91,183871.0,1
2024-10-30,S관(3공장),[20] 분리,107721.0,146591.0,183871.0,58.59,183871.0,1
2024-10-30,S관(3공장),[45] 하이드레이션/전면검사,166895.0,167821.0,116759.0,142.94,116759.0,1
2024-10-30,S관(3공장),[80] 누수/규격검사,120049.0,121030.0,100645.0,119.28,100645.0,1
2024-10-31,A관(1공장),[10] 사출조립,221482.0,226018.0,197367.0,112.22,197367.0,1
2024-10-31,A관(1공장),[20] 분리,60696.0,77713.0,197367.0,30.75,197367.0,1
2024-10-31,A관(1공장),[45] 하이드레이션/전면검사,107482.0,107482.0,118500.0,90.7,118500.0,1
2024-10-31,A관(1공장),[80] 누수/규격검사,75324.0,78073.0,112903.0,66.72,112903.0,1
2024-10-31,C관(2공장),[10] 사출조립,593752.0,684136.0,742386.0,79.98,742386.0,1
2024-10-31,C관(2공장),[20] 분리,764970.0,906006.0,742386.0,103.04,742386.0,1
2024-10-31,C관(2공장),[45] 하이드레이션/전면검사,792450.0,794440.0,650698.0,121.78,650698.0,1
2024-10-31,C관(2공장),[80] 누수/규격검사,644685.0,649020.0,609677.0,105.74,609677.0,1
2024-10-31,S관(3공장),[10] 사출조립,89514.0,108682.0,183871.0,48.68,183871.0,1
2024-10-31,S관(3공장),[20] 분리,79092.0,115103.0,183871.0,43.01,183871.0,1
2024-10-31,S관(3공장),[45] 하이드레이션/전면검사,99525.0,100055.0,116759.0,85.24,116759.0,1
2024-10-31,S관(3공장),[80] 누수/규격검사,128516.0,128828.0,100645.0,127.69,100645.0,1
2024-11-01,A관(1공장),[10] 사출조립,287746.0,295786.0,197367.0,145.79,197367.0,1
2024-11-01,A관(1공장),[20] 분리,41056.0,57919.0,197367.0,20.8,197367.0,1
2024-11-01,A관(1공장),[45] 하이드레이션/전면검사,67444.0,67447.0,118500.0,56.91,118500.0,1
2024-11-01,A관(1공장),[80] 누수/규격검사,81035.0,83540.0,112903.0,71.77,112903.0,1
2024-11-01,C관(2공장),[10] 사출조립,728546.0,826018.0,742386.0,98.14,742386.0,1
2024-11-01,C관(2공장),[20] 분리,645435.0,772601.0,742386.0,86.94,742386.0,1
2024-11-01,C관(2공장),[45] 하이드레이션/전면검사,714114.0,715355.0,650698.0,109.75,650698.0,1
2024-11-01,C관(2공장),[80] 누수/규격검사,683075.0,690335.0,609677.0,112.04,609677.0,1
2024-11-01,S관(3공장),[10] 사출조립,201384.0,238762.0,183871.0,109.52,183871.0,1
2024-11-01,S관(3공장),[20] 분리,177667.0,256021.0,183871.0,96.63,183871.0,1
2024-11-01,S관(3공장),[45] 하이드레이션/전면검사,98040.0,99567.0,116759.0,83.97,116759.0,1
2024-11-01,S관(3공장),[80] 누수/규격검사,98552.0,98597.0,100645.0,97.92,100645.0,1
2024-11-02,A관(1공장),[10] 사출조립,310642.0,315360.0,197367.0,157.39,197367.0,1
2024-11-02,A관(1공장),[20] 분리,66635.0,86368.0,197367.0,33.76,197367.0,1
2024-11-02,A관(1공장),[45] 하이드레이션/전면검사,74051.0,74051.0,118500.0,62.49,118500.0,1
2024-11-02,A관(1공장),[80] 누수/규격검사,65310.0,67184.0,112903.0,57.85,112903.0,1
2024-11-02,C관(2공장),[10] 사출조립,595777.0,654932.0,742386.0,80.25,742386.0,1
2024-11-02,C관(2공장),[20] 분리,618144.0,718709.0,742386.0,83.26,742386.0,1
2024-11-02,C관(2공장),[45] 하이드레이션/전면검사,581015.0,581569.0,650698.0,89.29,650698.0,1
2024-11-02,C관(2공장),[80] 누수/규격검사,655310.0,660510.0,609677.0,107.48,609677.0,1
2024-11-02,S관(3공장),[10] 사출조립,195628.0,224856.0,183871.0,106.39,183871.0,1
2024-11-02,S관(3공장),[20] 분리,144896.0,212112.0,183871.0,78.8,183871.0,1
2024-11-02,S관(3공장),[45] 하이드레이션/전면검사,102585.0,102906.0,116759.0,87.86,116759.0,1
2024-11-02,S관(3공장),[80] 누수/규격검사,102710.0,105469.0,100645.0,102.05,100645.0,1
2024-11-03,A관(1공장),[10] 사출조립,330266.0,340191.0,197367.0,167.34,197367.0,1
2024-11-03,A관(1공장),[20] 분리,46400.0,59160.0,197367.0,23.51,197367.0,1
2024-11-03,A관(1공장),[45] 하이드레이션/전면검사,34556.0,34556.0,118500.0,29.16,118500.0,1
2024-11-03,A관(1공장),[80] 누수/규격검사,64681.0,69307.0,112903.0,57.29,112903.0,1
2024-11-03,C관(2공장),[10] 사출조립,659744.0,730378.0,742386.0,88.87,742386.0,1
2024-11-03,C관(2공장),[20] 분리,732417.0,858186.0,742386.0,98.66,742386.0,1
2024-11-03,C관(2공장),[45] 하이드레이션/전면검사,604965.0,605988.0,650698.0,92.97,650698.0,1
2024-11-03,C관(2공장),[80] 누수/규격검사,655340.0,660435.0,609677.0,107.49,609677.0,1
2024-11-03,S관(3공장),[10] 사출조립,138676.0,184104.0,183871.0,75.42,183871.0,1
2024-11-03,S관(3공장),[20] 분리,158586.0,230505.0,183871.0,86.25,183871.0,1
2024-11-03,S관(3공장),[45] 하이드레이션/전면검사,111920.0,112634.0,116759.0,95.86,116759.0,1
2024-11-03,S관(3공장),[80] 누수/규격검사,85011.0,85783.0,100645.0,84.47,100645.0,1
2024-11-04,A관(1공장),[10] 사출조립,284442.0,293172.0,197367.0,144.12,197367.0,1
2024-11-04,A관(1공장),[20] 분리,48795.0,65063.0,197367.0,24.72,197367.0,1
2024-11-04,A관(1공장),[45] 하이드레이션/전면검사,85658.0,85658.0,118500.0,72.29,118500.0,1
2024-11-04,A관(1공장),[80] 누수/규격검사,82765.0,84862.0,112903.0,73.31,112903.0,1
2024-11-04,C관(2공장),[10] 사출조립,833929.0,902879.0,742386.0,112.33,742386.0,1
2024-11-04,C관(2공장),[20] 분리,719995.0,844836.0,742386.0,96.98,742386.0,1
2024-11-04,C관(2공장),[45] 하이드레이션/전면검사,662295.0,664760.0,650698.0,101.78,650698.0,1
2024-11-04,C관(2공장),[80] 누수/규격검사,565320.0,566780.0,609677.0,92.72,609677.0,1
2024-11-04,S관(3공장),[10] 사출조립,251184.0,285250.0,183871.0,136.61,183871.0,1
2024-11-04,S관(3공장),[20] 분리,65843.0,103356.0,183871.0,35.81,183871.0,1
2024-11-04,S관(3공장),[45] 하이드레이션/전면검사,96825.0,97501.0,116759.0,82.93,116759.0,1
2024-11-04,S관(3공장),[80] 누수/규격검사,77492.0,77645.0,100645.0,77.0,100645.0,1
2024-11-05,A관(1공장),[10] 사출조립,386991.0,397804.0,197367.0,196.08,197367.0,1
2024-11-05,A관(1공장),[20] 분리,51363.0,66386.0,197367.0,26.02,197367.0,1
2024-11-05,A관(1공장),[45] 하이드레이션/전면검사,95227.0,95227.0,118500.0,80.36,118500.0,1
2024-11-05,A관(1공장),[80] 누수/규격검사,73864.0,75574.0,112903.0,65.42,112903.0,1
2024-11-05,C관(2공장),[10] 사출조립,692940.0,791438.0,742386.0,93.34,742386.0,1
2024-11-05,C관(2공장),[20] 분리,701463.0,820284.0,742386.0,94.49,742386.0,1
2024-11-05,C관(2공장),[45] 하이드레이션/전면검사,688175.0,690983.0,650698.0,105.76,650698.0,1
2024-11-05,C관(2공장),[80] 누수/규격검사,462130.0,462820.0,609677.0,75.8,609677.0,1
2024-11-05,S관(3공장),[10] 사출조립,183354.0,216539.0,183871.0,99.72,183871.0,1
2024-11-05,S관(3공장),[20] 분리,139466.0,192173.0,183871.0,75.85,183871.0,1
2024-11-05,S관(3공장),[45] 하이드레이션/전면검사,115310.0,116482.0,116759.0,98.76,116759.0,1
2024-11-05,S관(3공장),[80] 누수/규격검사,80752.0,81199.0,100645.0,80.23,100645.0,1
2024-11-06,A관(1공장),[10] 사출조립,327712.0,330284.0,197367.0,166.04,197367.0,1
2024-11-06,A관(1공장),[20] 분리,73966.0,95390.0,197367.0,37.48,197367.0,1
2024-11-06,A관(1공장),[45] 하이드레이션/전면검사,117548.0,117548.0,118500.0,99.2,118500.0,1
2024-11-06,A관(1공장),[80] 누수/규격검사,89317.0,90888.0,112903.0,79.11,112903.0,1
2024-11-06,C관(2공장),[10] 사출조립,682067.0,787220.0,742386.0,91.87,742386.0,1
2024-11-06,C관(2공장),[20] 분리,747512.0,891435.0,742386.0,100.69,742386.0,1
2024-11-06,C관(2공장),[45] 하이드레이션/전면검사,635555.0,636199.0,650698.0,97.67,650698.0,1
2024-11-06,C관(2공장),[80] 누수/규격검사,639570.0,642050.0,609677.0,104.9,609677.0,1
2024-11-06,S관(3공장),[10] 사출조립,226680.0,263223.0,183871.0,123.28,183871.0,1
2024-11-06,S관(3공장),[20] 분리,129535.0,174793.0,183871.0,70.45,183871.0,1
2024-11-06,S관(3공장),[45] 하이드레이션/전면검사,106090.0,106971.0,116759.0,90.86,116759.0,1
2024-11-06,S관(3공장),[80] 누수/규격검사,93889.0,93967.0,100645.0,93.29,100645.0,1
2024-11-07,A관(1공장),[10] 사출조립,320564.0,328953.0,197367.0,162.42,197367.0,1
2024-11-07,A관(1공장),[20] 분리,88949.0,119916.0,197367.0,45.07,197367.0,1
2024-11-07,A관(1공장),[45] 하이드레이션/전면검사,89362.0,89762.0,118500.0,75.41,118500.0,1
2024-11-07,A관(1공장),[80] 누수/규격검사,79376.0,84806.0,112903.0,70.3,112903.0,1
2024-11-07,C관(2공장),[10] 사출조립,738119.0,858879.0,742386.0,99.43,742386.0,1
2024-11-07,C관(2공장),[20] 분리,686659.0,836044.0,742386.0,92.49,742386.0,1
2024-11-07,C관(2공장),[45] 하이드레이션/전면검사,687296.0,688216.0,650698.0,105.62,650698.0,1
2024-11-07,C관(2공장),[80] 누수/규격검사,536257.0,539592.0,609677.0,87.96,609677.0,1
2024-11-07,S관(3공장),[10] 사출조립,199929.0,207655.0,183871.0,108.73,183871.0,1
2024-11-07,S관(3공장),[20] 분리,174049.0,224934.0,183871.0,94.66,183871.0,1
2024-11-07,S관(3공장),[45] 하이드레이션/전면검사,129010.0,129788.0,116759.0,110.49,116759.0,1
2024-11-07,S관(3공장),[80] 누수/규격검사,117983.0,118269.0,100645.0,117.23,100645.0,1
2024-11-08,A관(1공장),[10] 사출조립,386415.0,389428.0,197367.0,195.79,197367.0,1
2024-11-08,A관(1공장),[20] 분리,99425.0,127813.0,197367.0,50.38,197367.0,1
2024-11-08,A관(1공장),[45] 하이드레이션/전면검사,113929.0,113929.0,118500.0,96.14,118500.0,1
2024-11-08,A관(1공장),[80] 누수/규격검사,85210.0,87643.0,112903.0,75.47,112903.0,1
2024-11-08,C관(2공장),[10] 사출조립,631465.0,734468.0,742386.0,85.06,742386.0,1
2024-11-08,C관(2공장),[20] 분리,674922.0,795461.0,742386.0,90.91,742386.0,1
2024-11-08,C관(2공장),[45] 하이드레이션/전면검사,671715.0,672373.0,650698.0,103.23,650698.0,1
2024-11-08,C관(2공장),[80] 누수/규격검사,587745.0,591245.0,609677.0,96.4,609677.0,1
2024-11-08,S관(3공장),[10] 사출조립,100369.0,109828.0,183871.0,54.59,183871.0,1
2024-11-08,S관(3공장),[20] 분리,178772.0,245893.0,183871.0,97.23,183871.0,1
2024-11-08,S관(3공장),[45] 하이드레이션/전면검사,62075.0,62475.0,116759.0,53.17,116759.0,1
2024-11-08,S관(3공장),[80] 누수/규격검사,102439.0,102814.0,100645.0,101.78,100645.0,1
2024-11-09,A관(1공장),[10] 사출조립,332254.0,342979.0,197367.0,168.34,197367.0,1
2024-11-09,A관(1공장),[20] 분리,89215.0,121115.0,197367.0,45.2,197367.0,1
2024-11-09,A관(1공장),[45] 하이드레이션/전면검사,70485.0,70575.0,118500.0,59.48,118500.0,1
2024-11-09,A관(1공장),[80] 누수/규격검사,96300.0,104628.0,112903.0,85.29,112903.0,1
2024-11-09,C관(2공장),[10] 사출조립,622199.0,743832.0,742386.0,83.81,742386.0,1
2024-11-09,C관(2공장),[20] 분리,582580.0,691549.0,742386.0,78.47,742386.0,1
2024-11-09,C관(2공장),[45] 하이드레이션/전면검사,557030.0,560325.0,650698.0,85.6,650698.0,1
2024-11-09,C관(2공장),[80] 누수/규격검사,650365.0,651940.0,609677.0,106.67,609677.0,1
2024-11-09,S관(3공장),[10] 사출조립,142278.0,177432.0,183871.0,77.38,183871.0,1
2024-11-09,S관(3공장),[20] 분리,67143.0,107276.0,183871.0,36.52,183871.0,1
2024-11-09,S관(3공장),[45] 하이드레이션/전면검사,146080.0,147210.0,116759.0,125.11,116759.0,1
2024-11-09,S관(3공장),[80] 누수/규격검사,78056.0,78211.0,100645.0,77.56,100645.0,1
2024-11-10,A관(1공장),[10] 사출조립,357350.0,361740.0,197367.0,181.06,197367.0,1
2024-11-10,A관(1공장),[20] 분리,91002.0,127110.0,197367.0,46.11,197367.0,1
2024-11-10,A관(1공장),[45] 하이드레이션/전면검사,98843.0,98843.0,118500.0,83.41,118500.0,1
2024-11-10,A관(1공장),[80] 누수/규격검사,84115.0,84625.0,112903.0,74.5,112903.0,1
2024-11-10,C관(2공장),[10] 사출조립,825891.0,944115.0,742386.0,111.25,742386.0,1
2024-11-10,C관(2공장),[20] 분리,579818.0,699205.0,742386.0,78.1,742386.0,1
2024-11-10,C관(2공장),[45] 하이드레이션/전면검사,559056.0,559874.0,650698.0,85.92,650698.0,1
2024-11-10,C관(2공장),[80] 누수/규격검사,464170.0,466225.0,609677.0,76.13,609677.0,1
2024-11-10,S관(3공장),[10] 사출조립,162693.0,219832.0,183871.0,88.48,183871.0,1
2024-11-10,S관(3공장),[20] 분리,137132.0,202356.0,183871.0,74.58,183871.0,1
2024-11-10,S관(3공장),[45] 하이드레이션/전면검사,88930.0,89146.0,116759.0,76.17,116759.0,1
2024-11-10,S관(3공장),[80] 누수/규격검사,93971.0,94373.0,100645.0,93.37,100645.0,1
2024-11-11,A관(1공장),[10] 사출조립,292395.0,297402.0,197367.0,148.15,197367.0,1
2024-11-11,A관(1공장),[20] 분리,83605.0,112126.0,197367.0,42.36,197367.0,1
2024-11-11,A관(1공장),[45] 하이드레이션/전면검사,83127.0,83522.0,118500.0,70.15,118500.0,1
2024-11-11,A관(1공장),[80] 누수/규격검사,66468.0,67622.0,112903.0,58.87,112903.0,1
2024-11-11,C관(2공장),[10] 사출조립,698571.0,818406.0,742386.0,94.1,742386.0,1
2024-11-11,C관(2공장),[20] 분리,607347.0,717459.0,742386.0,81.81,742386.0,1
2024-11-11,C관(2공장),[45] 하이드레이션/전면검사,738278.0,739185.0,650698.0,113.46,650698.0,1
2024-11-11,C관(2공장),[80] 누수/규격검사,495530.0,499360.0,609677.0,81.28,609677.0,1
2024-11-11,S관(3공장),[10] 사출조립,218944.0,241833.0,183871.0,119.07,183871.0,1
2024-11-11,S관(3공장),[20] 분리,158141.0,197769.0,183871.0,86.01,183871.0,1
2024-11-11,S관(3공장),[45] 하이드레이션/전면검사,99870.0,100514.0,116759.0,85.54,116759.0,1
2024-11-11,S관(3공장),[80] 누수/규격검사,103493.0,104028.0,100645.0,102.83,100645.0,1
2024-11-12,A관(1공장),[10] 사출조립,348690.0,355832.0,197367.0,176.67,197367.0,1
2024-11-12,A관(1공장),[20] 분리,107014.0,137999.0,197367.0,54.22,197367.0,1
2024-11-12,A관(1공장),[45] 하이드레이션/전면검사,70173.0,70338.0,118500.0,59.22,118500.0,1
2024-11-12,A관(1공장),[80] 누수/규격검사,78850.0,83325.0,112903.0,69.84,112903.0,1
2024-11-12,C관(2공장),[10] 사출조립,735965.0,832137.0,742386.0,99.14,742386.0,1
2024-11-12,C관(2공장),[20] 분리,652440.0,776378.0,742386.0,87.88,742386.0,1
2024-11-12,C관(2공장),[45] 하이드레이션/전면검사,612390.0,613173.0,650698.0,94.11,650698.0,1
2024-11-12,C관(2공장),[80] 누수/규격검사,616780.0,619700.0,609677.0,101.17,609677.0,1
2024-11-12,S관(3공장),[10] 사출조립,288142.0,327304.0,183871.0,156.71,183871.0,1
2024-11-12,S관(3공장),[20] 분리,57167.0,88673.0,183871.0,31.09,183871.0,1
2024-11-12,S관(3공장),[45] 하이드레이션/전면검사,98055.0,99897.0,116759.0,83.98,116759.0,1
2024-11-12,S관(3공장),[80] 누수/규격검사,72702.0,72928.0,100645.0,72.24,100645.0,1
2024-11-13,A관(1공장),[10] 사출조립,225973.0,240704.0,197367.0,114.49,197367.0,1
2024-11-13,A관(1공장),[20] 분리,99595.0,123295.0,197367.0,50.46,197367.0,1
2024-11-13,A관(1공장),[45] 하이드레이션/전면검사,64042.0,64042.0,118500.0,54.04,118500.0,1
2024-11-13,A관(1공장),[80] 누수/규격검사,67573.0,70121.0,112903.0,59.85,112903.0,1
2024-11-13,C관(2공장),[10] 사출조립,666713.0,771923.0,742386.0,89.81,742386.0,1
2024-11-13,C관(2공장),[20] 분리,645216.0,763998.0,742386.0,86.91,742386.0,1
2024-11-13,C관(2공장),[45] 하이드레이션/전면검사,618110.0,618873.0,650698.0,94.99,650698.0,1
2024-11-13,C관(2공장),[80] 누수/규격검사,560760.0,564390.0,609677.0,91.98,609677.0,1
2024-11-13,S관(3공장),[10] 사출조립,195989.0,202236.0,183871.0,106.59,183871.0,1
2024-11-13,S관(3공장),[20] 분리,117481.0,155900.0,183871.0,63.89,183871.0,1
2024-11-13,S관(3공장),[45] 하이드레이션/전면검사,101500.0,104108.0,116759.0,86.93,116759.0,1
2024-11-13,S관(3공장),[80] 누수/규격검사,99438.0,100024.0,100645.0,98.8,100645.0,1
2024-11-14,A관(1공장),[10] 사출조립,314657.0,319431.0,197367.0,159.43,197367.0,1
2024-11-14,A관(1공장),[20] 분리,106623.0,131316.0,197367.0,54.02,197367.0,1
2024-11-14,A관(1공장),[45] 하이드레이션/전면검사,50320.0,50320.0,118500.0,42.46,118500.0,1
2024-11-14,A관(1공장),[80] 누수/규격검사,66274.0,69547.0,112903.0,58.7,112903.0,1
2024-11-14,C관(2공장),[10] 사출조립,453276.0,519252.0,742386.0,61.06,742386.0,1
2024-11-14,C관(2공장),[20] 분리,691146.0,824015.0,742386.0,93.1,742386.0,1
2024-11-14,C관(2공장),[45] 하이드레이션/전면검사,644360.0,645008.0,650698.0,99.03,650698.0,1
2024-11-14,C관(2공장),[80] 누수/규격검사,530690.0,534380.0,609677.0,87.04,609677.0,1
2024-11-14,S관(3공장),[10] 사출조립,130909.0,137838.0,183871.0,71.2,183871.0,1
2024-11-14,S관(3공장),[20] 분리,100475.0,145613.0,183871.0,54.64,183871.0,1
2024-11-14,S관(3공장),[45] 하이드레이션/전면검사,106850.0,107266.0,116759.0,91.51,116759.0,1
2024-11-14,S관(3공장),[80] 누수/규격검사,65347.0,66432.0,100645.0,64.93,100645.0,1
2024-11-15,A관(1공장),[10] 사출조립,352828.0,359317.0,197367.0,178.77,197367.0,1
2024-11-15,A관(1공장),[20] 분리,83607.0,104899.0,197367.0,42.36,197367.0,1
2024-11-15,A관(1공장),[45] 하이드레이션/전면검사,70571.0,70571.0,118500.0,59.55,118500.0,1
2024-11-15,A관(1공장),[80] 누수/규격검사,62550.0,64943.0,112903.0,55.4,112903.0,1
2024-11-15,C관(2공장),[10] 사출조립,713078.0,829973.0,742386.0,96.05,742386.0,1
2024-11-15,C관(2공장),[20] 분리,666427.0,784655.0,742386.0,89.77,742386.0,1
2024-11-15,C관(2공장),[45] 하이드레이션/전면검사,634965.0,635739.0,650698.0,97.58,650698.0,1
2024-11-15,C관(2공장),[80] 누수/규격검사,626050.0,629425.0,609677.0,102.69,609677.0,1
2024-11-15,S관(3공장),[10] 사출조립,158236.0,227672.0,183871.0,86.06,183871.0,1
2024-11-15,S관(3공장),[20] 분리,129542.0,188769.0,183871.0,70.45,183871.0,1
2024-11-15,S관(3공장),[45] 하이드레이션/전면검사,113025.0,113648.0,116759.0,96.8,116759.0,1
2024-11-15,S관(3공장),[80] 누수/규격검사,72140.0,73028.0,100645.0,71.68,100645.0,1
2024-11-16,A관(1공장),[10] 사출조립,347584.0,350909.0,197367.0,176.11,197367.0,1
2024-11-16,A관(1공장),[20] 분리,106756.0,130980.0,197367.0,54.09,197367.0,1
2024-11-16,A관(1공장),[45] 하이드레이션/전면검사,54312.0,54312.0,118500.0,45.83,118500.0,1
2024-11-16,A관(1공장),[80] 누수/규격검사,72805.0,73726.0,112903.0,64.48,112903.0,1
2024-11-16,C관(2공장),[10] 사출조립,636595.0,727478.0,742386.0,85.75,742386.0,1
2024-11-16,C관(2공장),[20] 분리,649598.0,762160.0,742386.0,87.5,742386.0,1
2024-11-16,C관(2공장),[45] 하이드레이션/전면검사,755355.0,758104.0,650698.0,116.08,650698.0,1
2024-11-16,C관(2공장),[80] 누수/규격검사,599180.0,602520.0,609677.0,98.28,609677.0,1
2024-11-16,S관(3공장),[10] 사출조립,194994.0,222679.0,183871.0,106.05,183871.0,1
2024-11-16,S관(3공장),[20] 분리,112890.0,150184.0,183871.0,61.4,183871.0,1
2024-11-16,S관(3공장),[45] 하이드레이션/전면검사,96015.0,96627.0,116759.0,82.23,116759.0,1
2024-11-16,S관(3공장),[80] 누수/규격검사,102678.0,103345.0,100645.0,102.02,100645.0,1
2024-11-17,A관(1공장),[10] 사출조립,348688.0,362648.0,197367.0,176.67,197367.0,1
2024-11-17,A관(1공장),[20] 분리,85124.0,110779.0,197367.0,43.13,197367.0,1
2024-11-17,A관(1공장),[45] 하이드레이션/전면검사,121967.0,121967.0,118500.0,102.93,118500.0,1
2024-11-17,A관(1공장),[80] 누수/규격검사,76315.0,79252.0,112903.0,67.59,112903.0,1
2024-11-17,C관(2공장),[10] 사출조립,534846.0,621683.0,742386.0,72.04,742386.0,1
2024-11-17,C관(2공장),[20] 분리,511433.0,606198.0,742386.0,68.89,742386.0,1
2024-11-17,C관(2공장),[45] 하이드레이션/전면검사,556935.0,557504.0,650698.0,85.59,650698.0,1
2024-11-17,C관(2공장),[80] 누수/규격검사,580520.0,584720.0,609677.0,95.22,609677.0,1
2024-11-17,S관(3공장),[10] 사출조립,160681.0,176716.0,183871.0,87.39,183871.0,1
2024-11-17,S관(3공장),[20] 분리,63255.0,91180.0,183871.0,34.4,183871.0,1
2024-11-17,S관(3공장),[45] 하이드레이션/전면검사,46970.0,47175.0,116759.0,40.23,116759.0,1
2024-11-17,S관(3공장),[80] 누수/규격검사,57362.0,57647.0,100645.0,56.99,100645.0,1
2024-11-18,A관(1공장),[10] 사출조립,316751.0,321500.0,197367.0,160.49,197367.0,1
2024-11-18,A관(1공장),[20] 분리,88470.0,114932.0,197367.0,44.83,197367.0,1
2024-11-18,A관(1공장),[45] 하이드레이션/전면검사,131739.0,131739.0,118500.0,111.17,118500.0,1
2024-11-18,A관(1공장),[80] 누수/규격검사,115589.0,118176.0,112903.0,102.38,112903.0,1
2024-11-18,C관(2공장),[10] 사출조립,494246.0,577314.0,742386.0,66.58,742386.0,1
2024-11-18,C관(2공장),[20] 분리,618006.0,741222.0,742386.0,83.25,742386.0,1
2024-11-18,C관(2공장),[45] 하이드레이션/전면검사,684370.0,685830.0,650698.0,105.17,650698.0,1
2024-11-18,C관(2공장),[80] 누수/규격검사,520200.0,524045.0,609677.0,85.32,609677.0,1
2024-11-18,S관(3공장),[10] 사출조립,289373.0,298455.0,183871.0,157.38,183871.0,1
2024-11-18,S관(3공장),[20] 분리,68232.0,89616.0,183871.0,37.11,183871.0,1
2024-11-18,S관(3공장),[45] 하이드레이션/전면검사,66585.0,67026.0,116759.0,57.03,116759.0,1
2024-11-18,S관(3공장),[80] 누수/규격검사,55314.0,55486.0,100645.0,54.96,100645.0,1
2024-11-19,A관(1공장),[10] 사출조립,286602.0,290532.0,197367.0,145.21,197367.0,1
2024-11-19,A관(1공장),[20] 분리,94477.0,118911.0,197367.0,47.87,197367.0,1
2024-11-19,A관(1공장),[45] 하이드레이션/전면검사,91148.0,91703.0,118500.0,76.92,118500.0,1
2024-11-19,A관(1공장),[80] 누수/규격검사,80450.0,82371.0,112903.0,71.26,112903.0,1
2024-11-19,C관(2공장),[10] 사출조립,642775.0,740622.0,742386.0,86.58,742386.0,1
2024-11-19,C관(2공장),[20] 분리,691618.0,833271.0,742386.0,93.16,742386.0,1
2024-11-19,C관(2공장),[45] 하이드레이션/전면검사,570000.0,570866.0,650698.0,87.6,650698.0,1
2024-11-19,C관(2공장),[80] 누수/규격검사,473815.0,477200.0,609677.0,77.72,609677.0,1
2024-11-19,S관(3공장),[10] 사출조립,231698.0,233483.0,183871.0,126.01,183871.0,1
2024-11-19,S관(3공장),[20] 분리,110044.0,147739.0,183871.0,59.85,183871.0,1
2024-11-19,S관(3공장),[45] 하이드레이션/전면검사,45410.0,45609.0,116759.0,38.89,116759.0,1
2024-11-19,S관(3공장),[80] 누수/규격검사,42676.0,42686.0,100645.0,42.4,100645.0,1
2024-11-20,A관(1공장),[10] 사출조립,239514.0,243356.0,197367.0,121.35,197367.0,1
2024-11-20,A관(1공장),[20] 분리,78483.0,91630.0,197367.0,39.77,197367.0,1
2024-11-20,A관(1공장),[45] 하이드레이션/전면검사,73741.0,73741.0,118500.0,62.23,118500.0,1
2024-11-20,A관(1공장),[80] 누수/규격검사,90616.0,91747.0,112903.0,80.26,112903.0,1
2024-11-20,C관(2공장),[10] 사출조립,549668.0,621682.0,742386.0,74.04,742386.0,1
2024-11-20,C관(2공장),[20] 분리,748280.0,881400.0,742386.0,100.79,742386.0,1
2024-11-20,C관(2공장),[45] 하이드레이션/전면검사,715050.0,719234.0,650698.0,109.89,650698.0,1
2024-11-20,C관(2공장),[80] 누수/규격검사,537020.0,542725.0,609677.0,88.08,609677.0,1
2024-11-20,S관(3공장),[10] 사출조립,210305.0,226794.0,183871.0,114.38,183871.0,1
2024-11-20,S관(3공장),[20] 분리,47214.0,68346.0,183871.0,25.68,183871.0,1
2024-11-20,S관(3공장),[45] 하이드레이션/전면검사,32255.0,32653.0,116759.0,27.63,116759.0,1
2024-11-20,S관(3공장),[80] 누수/규격검사,15373.0,15383.0,100645.0,15.27,100645.0,1
2024-11-21,A관(1공장),[10] 사출조립,291862.0,298824.0,197367.0,147.88,197367.0,1
2024-11-21,A관(1공장),[20] 분리,88331.0,110581.0,197367.0,44.75,197367.0,1
2024-11-21,A관(1공장),[45] 하이드레이션/전면검사,50637.0,50667.0,118500.0,42.73,118500.0,1
2024-11-21,A관(1공장),[80] 누수/규격검사,85892.0,86339.0,112903.0,76.08,112903.0,1
2024-11-21,C관(2공장),[10] 사출조립,826119.0,942896.0,742386.0,111.28,742386.0,1
2024-11-21,C관(2공장),[20] 분리,679548.0,809651.0,742386.0,91.54,742386.0,1
2024-11-21,C관(2공장),[45] 하이드레이션/전면검사,658715.0,664522.0,650698.0,101.23,650698.0,1
2024-11-21,C관(2공장),[80] 누수/규격검사,587230.0,593755.0,609677.0,96.32,609677.0,1
2024-11-21,S관(3공장),[10] 사출조립,213387.0,238134.0,183871.0,116.05,183871.0,1
2024-11-21,S관(3공장),[20] 분리,104749.0,147866.0,183871.0,56.97,183871.0,1
2024-11-21,S관(3공장),[45] 하이드레이션/전면검사,41375.0,41697.0,116759.0,35.44,116759.0,1
2024-11-21,S관(3공장),[80] 누수/규격검사,13643.0,13693.0,100645.0,13.56,100645.0,1
2024-11-22,A관(1공장),[10] 사출조립,257636.0,268907.0,197367.0,130.54,197367.0,1
2024-11-22,A관(1공장),[20] 분리,55229.0,75472.0,197367.0,27.98,197367.0,1
2024-11-22,A관(1공장),[45] 하이드레이션/전면검사,64374.0,64374.0,118500.0,54.32,118500.0,1
2024-11-22,A관(1공장),[80] 누수/규격검사,79697.0,80706.0,112903.0,70.59,112903.0,1
2024-11-22,C관(2공장),[10] 사출조립,751696.0,837751.0,742386.0,101.25,742386.0,1
2024-11-22,C관(2공장),[20] 분리,694960.0,839768.0,742386.0,93.61,742386.0,1
2024-11-22,C관(2공장),[45] 하이드레이션/전면검사,873687.0,877948.0,650698.0,134.27,650698.0,1
2024-11-22,C관(2공장),[80] 누수/규격검사,600455.0,607750.0,609677.0,98.49,609677.0,1
2024-11-22,S관(3공장),[10] 사출조립,315344.0,369269.0,183871.0,171.5,183871.0,1
2024-11-22,S관(3공장),[20] 분리,183737.0,264180.0,183871.0,99.93,183871.0,1
2024-11-22,S관(3공장),[45] 하이드레이션/전면검사,97075.0,97973.0,116759.0,83.14,116759.0,1
2024-11-22,S관(3공장),[80] 누수/규격검사,44509.0,44594.0,100645.0,44.22,100645.0,1
2024-11-23,A관(1공장),[10] 사출조립,278243.0,284984.0,197367.0,140.98,197367.0,1
2024-11-23,A관(1공장),[20] 분리,65423.0,84751.0,197367.0,33.15,197367.0,1
2024-11-23,A관(1공장),[45] 하이드레이션/전면검사,41456.0,41497.0,118500.0,34.98,118500.0,1
2024-11-23,A관(1공장),[80] 누수/규격검사,53382.0,54617.0,112903.0,47.28,112903.0,1
2024-11-23,C관(2공장),[10] 사출조립,677497.0,744599.0,742386.0,91.26,742386.0,1
2024-11-23,C관(2공장),[20] 분리,663311.0,796012.0,742386.0,89.35,742386.0,1
2024-11-23,C관(2공장),[45] 하이드레이션/전면검사,747067.0,754068.0,650698.0,114.81,650698.0,1
2024-11-23,C관(2공장),[80] 누수/규격검사,599870.0,607325.0,609677.0,98.39,609677.0,1
2024-11-23,S관(3공장),[10] 사출조립,258447.0,282450.0,183871.0,140.56,183871.0,1
2024-11-23,S관(3공장),[20] 분리,4554.0,7731.0,183871.0,2.48,183871.0,1
2024-11-23,S관(3공장),[45] 하이드레이션/전면검사,117535.0,118645.0,116759.0,100.66,116759.0,1
2024-11-23,S관(3공장),[80] 누수/규격검사,45760.0,45862.0,100645.0,45.47,100645.0,1
2024-11-24,A관(1공장),[10] 사출조립,296884.0,304980.0,197367.0,150.42,197367.0,1
2024-11-24,A관(1공장),[20] 분리,74466.0,93320.0,197367.0,37.73,197367.0,1
2024-11-24,A관(1공장),[45] 하이드레이션/전면검사,71199.0,71199.0,118500.0,60.08,118500.0,1
2024-11-24,A관(1공장),[80] 누수/규격검사,61983.0,64425.0,112903.0,54.9,112903.0,1
2024-11-24,C관(2공장),[10] 사출조립,757579.0,843821.0,742386.0,102.05,742386.0,1
2024-11-24,C관(2공장),[20] 분리,724492.0,861195.0,742386.0,97.59,742386.0,1
2024-11-24,C관(2공장),[45] 하이드레이션/전면검사,585260.0,594323.0,650698.0,89.94,650698.0,1
2024-11-24,C관(2공장),[80] 누수/규격검사,671055.0,678225.0,609677.0,110.07,609677.0,1
2024-11-24,S관(3공장),[10] 사출조립,209414.0,211939.0,183871.0,113.89,183871.0,1
2024-11-24,S관(3공장),[20] 분리,211055.0,307813.0,183871.0,114.78,183871.0,1
2024-11-24,S관(3공장),[45] 하이드레이션/전면검사,80575.0,81569.0,116759.0,69.01,116759.0,1
2024-11-24,S관(3공장),[80] 누수/규격검사,49268.0,49354.0,100645.0,48.95,100645.0,1
2024-11-25,A관(1공장),[10] 사출조립,193661.0,200988.0,197367.0,98.12,197367.0,1
2024-11-25,A관(1공장),[20] 분리,78755.0,101764.0,197367.0,39.9,197367.0,1
2024-11-25,A관(1공장),[45] 하이드레이션/전면검사,115798.0,115798.0,118500.0,97.72,118500.0,1
2024-11-25,A관(1공장),[80] 누수/규격검사,108169.0,110625.0,112903.0,95.81,112903.0,1
2024-11-25,C관(2공장),[10] 사출조립,553233.0,636621.0,742386.0,74.52,742386.0,1
2024-11-25,C관(2공장),[20] 분리,746498.0,888197.0,742386.0,100.55,742386.0,1
2024-11-25,C관(2공장),[45] 하이드레이션/전면검사,668665.0,674360.0,650698.0,102.76,650698.0,1
2024-11-25,C관(2공장),[80] 누수/규격검사,684470.0,691145.0,609677.0,112.27,609677.0,1
2024-11-25,S관(3공장),[10] 사출조립,117429.0,121687.0,183871.0,63.86,183871.0,1
2024-11-25,S관(3공장),[20] 분리,103115.0,165760.0,183871.0,56.08,183871.0,1
2024-11-25,S관(3공장),[45] 하이드레이션/전면검사,86735.0,88149.0,116759.0,74.29,116759.0,1
2024-11-25,S관(3공장),[80] 누수/규격검사,35054.0,35125.0,100645.0,34.83,100645.0,1
2024-11-26,A관(1공장),[10] 사출조립,167732.0,173428.0,197367.0,84.98,197367.0,1
2024-11-26,A관(1공장),[20] 분리,74275.0,96686.0,197367.0,37.63,197367.0,1
2024-11-26,A관(1공장),[45] 하이드레이션/전면검사,97802.0,97802.0,118500.0,82.53,118500.0,1
2024-11-26,A관(1공장),[80] 누수/규격검사,87408.0,87797.0,112903.0,77.42,112903.0,1
2024-11-26,C관(2공장),[10] 사출조립,621509.0,703091.0,742386.0,83.72,742386.0,1
2024-11-26,C관(2공장),[20] 분리,750221.0,885682.0,742386.0,101.06,742386.0,1
2024-11-26,C관(2공장),[45] 하이드레이션/전면검사,676495.0,680597.0,650698.0,103.96,650698.0,1
2024-11-26,C관(2공장),[80] 누수/규격검사,628240.0,633560.0,609677.0,103.04,609677.0,1
2024-11-26,S관(3공장),[10] 사출조립,135866.0,146375.0,183871.0,73.89,183871.0,1
2024-11-26,S관(3공장),[20] 분리,125553.0,175857.0,183871.0,68.28,183871.0,1
2024-11-26,S관(3공장),[45] 하이드레이션/전면검사,106550.0,107643.0,116759.0,91.26,116759.0,1
2024-11-26,S관(3공장),[80] 누수/규격검사,157407.0,158095.0,100645.0,156.4,100645.0,1
2024-11-27,A관(1공장),[10] 사출조립,143531.0,154173.0,197367.0,72.72,197367.0,1
2024-11-27,A관(1공장),[20] 분리,76409.0,96320.0,197367.0,38.71,197367.0,1
2024-11-27,A관(1공장),[45] 하이드레이션/전면검사,86543.0,86578.0,118500.0,73.03,118500.0,1
2024-11-27,A관(1공장),[80] 누수/규격검사,76212.0,77325.0,112903.0,67.5,112903.0,1
2024-11-27,C관(2공장),[10] 사출조립,475815.0,530312.0,742386.0,64.09,742386.0,1
2024-11-27,C관(2공장),[20] 분리,644184.0,777880.0,742386.0,86.77,742386.0,1
2024-11-27,C관(2공장),[45] 하이드레이션/전면검사,608760.0,609303.0,650698.0,93.55,650698.0,1
2024-11-27,C관(2공장),[80] 누수/규격검사,521270.0,525440.0,609677.0,85.5,609677.0,1
2024-11-27,S관(3공장),[10] 사출조립,169667.0,188554.0,183871.0,92.28,183871.0,1
2024-11-27,S관(3공장),[20] 분리,180639.0,262165.0,183871.0,98.24,183871.0,1
2024-11-27,S관(3공장),[45] 하이드레이션/전면검사,81360.0,82998.0,116759.0,69.68,116759.0,1
2024-11-27,S관(3공장),[80] 누수/규격검사,54299.0,54532.0,100645.0,53.95,100645.0,1
2024-11-28,A관(1공장),[10] 사출조립,94793.0,100256.0,197367.0,48.03,197367.0,1
2024-11-28,A관(1공장),[20] 분리,65577.0,86034.0,197367.0,33.23,197367.0,1
2024-11-28,A관(1공장),[45] 하이드레이션/전면검사,81018.0,81018.0,118500.0,68.37,118500.0,1
2024-11-28,A관(1공장),[80] 누수/규격검사,53887.0,54287.0,112903.0,47.73,112903.0,1
2024-11-28,C관(2공장),[10] 사출조립,436389.0,497951.0,742386.0,58.78,742386.0,1
2024-11-28,C관(2공장),[20] 분리,582127.0,713452.0,742386.0,78.41,742386.0,1
2024-11-28,C관(2공장),[45] 하이드레이션/전면검사,575140.0,579747.0,650698.0,88.39,650698.0,1
2024-11-28,C관(2공장),[80] 누수/규격검사,508305.0,512975.0,609677.0,83.37,609677.0,1
2024-11-28,S관(3공장),[10] 사출조립,123365.0,128760.0,183871.0,67.09,183871.0,1
2024-11-28,S관(3공장),[20] 분리,111666.0,168349.0,183871.0,60.73,183871.0,1
2024-11-28,S관(3공장),[45] 하이드레이션/전면검사,108075.0,109848.0,116759.0,92.56,116759.0,1
2024-11-28,S관(3공장),[80] 누수/규격검사,57215.0,57302.0,100645.0,56.85,100645.0,1
2024-11-29,A관(1공장),[10] 사출조립,106171.0,119729.0,197367.0,53.79,197367.0,1
2024-11-29,A관(1공장),[20] 분리,93042.0,123487.0,197367.0,47.14,197367.0,1
2024-11-29,A관(1공장),[45] 하이드레이션/전면검사,106465.0,106465.0,118500.0,89.84,118500.0,1
2024-11-29,A관(1공장),[80] 누수/규격검사,93567.0,94661.0,112903.0,82.87,112903.0,1
2024-11-29,C관(2공장),[10] 사출조립,664564.0,748907.0,742386.0,89.52,742386.0,1
2024-11-29,C관(2공장),[20] 분리,576823.0,704950.0,742386.0,77.7,742386.0,1
2024-11-29,C관(2공장),[45] 하이드레이션/전면검사,608544.0,613477.0,650698.0,93.52,650698.0,1
2024-11-29,C관(2공장),[80] 누수/규격검사,556970.0,561530.0,609677.0,91.35,609677.0,1
2024-11-29,S관(3공장),[10] 사출조립,71972.0,74360.0,183871.0,39.14,183871.0,1
2024-11-29,S관(3공장),[20] 분리,125315.0,186837.0,183871.0,68.15,183871.0,1
2024-11-29,S관(3공장),[45] 하이드레이션/전면검사,91370.0,92310.0,116759.0,78.26,116759.0,1
2024-11-29,S관(3공장),[80] 누수/규격검사,61956.0,62094.0,100645.0,61.56,100645.0,1
2024-11-30,A관(1공장),[10] 사출조립,96617.0,103640.0,197367.0,48.95,197367.0,1
2024-11-30,A관(1공장),[20] 분리,94997.0,126248.0,197367.0,48.13,197367.0,1
2024-11-30,A관(1공장),[45] 하이드레이션/전면검사,59654.0,59654.0,118500.0,50.34,118500.0,1
2024-11-30,A관(1공장),[80] 누수/규격검사,75970.0,77048.0,112903.0,67.29,112903.0,1
2024-11-30,C관(2공장),[10] 사출조립,504120.0,570962.0,742386.0,67.91,742386.0,1
2024-11-30,C관(2공장),[20] 분리,547724.0,697096.0,742386.0,73.78,742386.0,1
2024-11-30,C관(2공장),[45] 하이드레이션/전면검사,587410.0,589601.0,650698.0,90.27,650698.0,1
2024-11-30,C관(2공장),[80] 누수/규격검사,571310.0,573330.0,609677.0,93.71,609677.0,1
2024-11-30,S관(3공장),[10] 사출조립,81524.0,81524.0,183871.0,44.34,183871.0,1
2024-11-30,S관(3공장),[20] 분리,155432.0,226306.0,183871.0,84.53,183871.0,1
2024-11-30,S관(3공장),[45] 하이드레이션/전면검사,81110.0,81967.0,116759.0,69.47,116759.0,1
2024-11-30,S관(3공장),[80] 누수/규격검사,49761.0,49926.0,100645.0,49.44,100645.0,1
2024-12-01,A관(1공장),[10] 사출조립,120086.0,126301.0,197367.0,60.84,197367.0,1
2024-12-01,A관(1공장),[20] 분리,96402.0,127564.0,197367.0,48.84,197367.0,1
2024-12-01,A관(1공장),[45] 하이드레이션/전면검사,79030.0,79030.0,118500.0,66.69,118500.0,1
2024-12-01,A관(1공장),[80] 누수/규격검사,72685.0,74271.0,112903.0,64.38,112903.0,1
2024-12-01,C관(2공장),[10] 사출조립,621168.0,695125.0,742386.0,83.67,742386.0,1
2024-12-01,C관(2공장),[20] 분리,501559.0,616725.0,742386.0,67.56,742386.0,1
2024-12-01,C관(2공장),[45] 하이드레이션/전면검사,507315.0,508017.0,650698.0,77.96,650698.0,1
2024-12-01,C관(2공장),[80] 누수/규격검사,501055.0,505325.0,609677.0,82.18,609677.0,1
2024-12-01,S관(3공장),[10] 사출조립,50017.0,52237.0,183871.0,27.2,183871.0,1
2024-12-01,S관(3공장),[20] 분리,155155.0,234257.0,183871.0,84.38,183871.0,1
2024-12-01,S관(3공장),[45] 하이드레이션/전면검사,137230.0,138544.0,116759.0,117.53,116759.0,1
2024-12-01,S관(3공장),[80] 누수/규격검사,48857.0,49000.0,100645.0,48.54,100645.0,1
2024-12-02,A관(1공장),[10] 사출조립,93901.0,106055.0,197367.0,47.58,197367.0,1
2024-12-02,A관(1공장),[20] 분리,97203.0,131801.0,197367.0,49.25,197367.0,1
2024-12-02,A관(1공장),[45] 하이드레이션/전면검사,69285.0,69285.0,118500.0,58.47,118500.0,1
2024-12-02,A관(1공장),[80] 누수/규격검사,85151.0,85506.0,112903.0,75.42,112903.0,1
2024-12-02,C관(2공장),[10] 사출조립,479050.0,528274.0,742386.0,64.53,742386.0,1
2024-12-02,C관(2공장),[20] 분리,670570.0,789369.0,742386.0,90.33,742386.0,1
2024-12-02,C관(2공장),[45] 하이드레이션/전면검사,569730.0,570312.0,650698.0,87.56,650698.0,1
2024-12-02,C관(2공장),[80] 누수/규격검사,439315.0,442545.0,609677.0,72.06,609677.0,1
2024-12-02,S관(3공장),[10] 사출조립,40107.0,40107.0,183871.0,21.81,183871.0,1
2024-12-02,S관(3공장),[20] 분리,157882.0,236548.0,183871.0,85.87,183871.0,1
2024-12-02,S관(3공장),[45] 하이드레이션/전면검사,45885.0,46568.0,116759.0,39.3,116759.0,1
2024-12-02,S관(3공장),[80] 누수/규격검사,62746.0,63239.0,100645.0,62.34,100645.0,1
2024-12-03,A관(1공장),[10] 사출조립,145111.0,158194.0,197367.0,73.52,197367.0,1
2024-12-03,A관(1공장),[20] 분리,103012.0,134446.0,197367.0,52.19,197367.0,1
2024-12-03,A관(1공장),[45] 하이드레이션/전면검사,135210.0,135210.0,118500.0,114.1,118500.0,1
2024-12-03,A관(1공장),[80] 누수/규격검사,85233.0,86604.0,112903.0,75.49,112903.0,1
2024-12-03,C관(2공장),[10] 사출조립,595186.0,643101.0,742386.0,80.17,742386.0,1
2024-12-03,C관(2공장),[20] 분리,545148.0,648524.0,742386.0,73.43,742386.0,1
2024-12-03,C관(2공장),[45] 하이드레이션/전면검사,549435.0,550021.0,650698.0,84.44,650698.0,1
2024-12-03,C관(2공장),[80] 누수/규격검사,471120.0,473485.0,609677.0,77.27,609677.0,1
2024-12-03,S관(3공장),[10] 사출조립,80738.0,83134.0,183871.0,43.91,183871.0,1
2024-12-03,S관(3공장),[20] 분리,116910.0,181176.0,183871.0,63.58,183871.0,1
2024-12-03,S관(3공장),[45] 하이드레이션/전면검사,42540.0,42811.0,116759.0,36.43,116759.0,1
2024-12-03,S관(3공장),[80] 누수/규격검사,53321.0,53375.0,100645.0,52.98,100645.0,1
2024-12-04,A관(1공장),[10] 사출조립,130514.0,140073.0,197367.0,66.13,197367.0,1
2024-12-04,A관(1공장),[20] 분리,76266.0,97686.0,197367.0,38.64,197367.0,1
2024-12-04,A관(1공장),[45] 하이드레이션/전면검사,96664.0,96664.0,118500.0,81.57,118500.0,1
2024-12-04,A관(1공장),[80] 누수/규격검사,97389.0,99479.0,112903.0,86.26,112903.0,1
2024-12-04,C관(2공장),[10] 사출조립,470960.0,527166.0,742386.0,63.44,742386.0,1
2024-12-04,C관(2공장),[20] 분리,423616.0,504239.0,742386.0,57.06,742386.0,1
2024-12-04,C관(2공장),[45] 하이드레이션/전면검사,559517.0,560242.0,650698.0,85.99,650698.0,1
2024-12-04,C관(2공장),[80] 누수/규격검사,477085.0,480755.0,609677.0,78.25,609677.0,1
2024-12-04,S관(3공장),[10] 사출조립,109793.0,113295.0,183871.0,59.71,183871.0,1
2024-12-04,S관(3공장),[20] 분리,121647.0,182006.0,183871.0,66.16,183871.0,1
2024-12-04,S관(3공장),[45] 하이드레이션/전면검사,27585.0,28542.0,116759.0,23.63,116759.0,1
2024-12-04,S관(3공장),[80] 누수/규격검사,116106.0,116973.0,100645.0,115.36,100645.0,1
2024-12-05,A관(1공장),[10] 사출조립,136087.0,145372.0,197367.0,68.95,197367.0,1
2024-12-05,A관(1공장),[20] 분리,85606.0,109510.0,197367.0,43.37,197367.0,1
2024-12-05,A관(1공장),[45] 하이드레이션/전면검사,76054.0,76054.0,118500.0,64.18,118500.0,1
2024-12-05,A관(1공장),[80] 누수/규격검사,71409.0,74243.0,112903.0,63.25,112903.0,1
2024-12-05,C관(2공장),[10] 사출조립,455909.0,535333.0,742386.0,61.41,742386.0,1
2024-12-05,C관(2공장),[20] 분리,563460.0,661569.0,742386.0,75.9,742386.0,1
2024-12-05,C관(2공장),[45] 하이드레이션/전면검사,517885.0,518396.0,650698.0,79.59,650698.0,1
2024-12-05,C관(2공장),[80] 누수/규격검사,480965.0,485475.0,609677.0,78.89,609677.0,1
2024-12-05,S관(3공장),[10] 사출조립,66756.0,66756.0,183871.0,36.31,183871.0,1
2024-12-05,S관(3공장),[20] 분리,140733.0,196120.0,183871.0,76.54,183871.0,1
2024-12-05,S관(3공장),[45] 하이드레이션/전면검사,60320.0,61331.0,116759.0,51.66,116759.0,1
2024-12-05,S관(3공장),[80] 누수/규격검사,22995.0,23739.0,100645.0,22.85,100645.0,1
2024-12-06,A관(1공장),[10] 사출조립,111069.0,118452.0,197367.0,56.28,197367.0,1
2024-12-06,A관(1공장),[20] 분리,95078.0,125191.0,197367.0,48.17,197367.0,1
2024-12-06,A관(1공장),[45] 하이드레이션/전면검사,75349.0,75349.0,118500.0,63.59,118500.0,1
2024-12-06,A관(1공장),[80] 누수/규격검사,79032.0,80446.0,112903.0,70.0,112903.0,1
2024-12-06,C관(2공장),[10] 사출조립,567942.0,679536.0,742386.0,76.5,742386.0,1
2024-12-06,C관(2공장),[20] 분리,498150.0,604379.0,742386.0,67.1,742386.0,1
2024-12-06,C관(2공장),[45] 하이드레이션/전면검사,571420.0,572102.0,650698.0,87.82,650698.0,1
2024-12-06,C관(2공장),[80] 누수/규격검사,505275.0,506830.0,609677.0,82.88,609677.0,1
2024-12-06,S관(3공장),[10] 사출조립,48351.0,48351.0,183871.0,26.3,183871.0,1
2024-12-06,S관(3공장),[20] 분리,120477.0,177061.0,183871.0,65.52,183871.0,1
2024-12-06,S관(3공장),[45] 하이드레이션/전면검사,32090.0,32588.0,116759.0,27.48,116759.0,1
2024-12-06,S관(3공장),[80] 누수/규격검사,40991.0,41075.0,100645.0,40.73,100645.0,1
2024-12-07,A관(1공장),[10] 사출조립,123009.0,132102.0,197367.0,62.33,197367.0,1
2024-12-07,A관(1공장),[20] 분리,91398.0,121548.0,197367.0,46.31,197367.0,1
2024-12-07,A관(1공장),[45] 하이드레이션/전면검사,102656.0,102656.0,118500.0,86.63,118500.0,1
2024-12-07,A관(1공장),[80] 누수/규격검사,66140.0,67263.0,112903.0,58.58,112903.0,1
2024-12-07,C관(2공장),[10] 사출조립,544016.0,637999.0,742386.0,73.28,742386.0,1
2024-12-07,C관(2공장),[20] 분리,370553.0,455736.0,742386.0,49.91,742386.0,1
2024-12-07,C관(2공장),[45] 하이드레이션/전면검사,401163.0,407176.0,650698.0,61.65,650698.0,1
2024-12-07,C관(2공장),[80] 누수/규격검사,444480.0,447685.0,609677.0,72.9,609677.0,1
2024-12-07,S관(3공장),[10] 사출조립,70048.0,74842.0,183871.0,38.1,183871.0,1
2024-12-07,S관(3공장),[20] 분리,61713.0,94896.0,183871.0,33.56,183871.0,1
2024-12-07,S관(3공장),[45] 하이드레이션/전면검사,11634.0,20526.0,116759.0,9.96,116759.0,1
2024-12-07,S관(3공장),[80] 누수/규격검사,42246.0,42607.0,100645.0,41.98,100645.0,1
2024-12-08,A관(1공장),[10] 사출조립,125511.0,135545.0,197367.0,63.59,197367.0,1
2024-12-08,A관(1공장),[20] 분리,98975.0,124063.0,197367.0,50.15,197367.0,1
2024-12-08,A관(1공장),[45] 하이드레이션/전면검사,31156.0,31156.0,118500.0,26.29,118500.0,1
2024-12-08,A관(1공장),[80] 누수/규격검사,77633.0,78822.0,112903.0,68.76,112903.0,1
2024-12-08,C관(2공장),[10] 사출조립,666496.0,739287.0,742386.0,89.78,742386.0,1
2024-12-08,C관(2공장),[20] 분리,462172.0,562886.0,742386.0,62.25,742386.0,1
2024-12-08,C관(2공장),[45] 하이드레이션/전면검사,377925.0,378335.0,650698.0,58.08,650698.0,1
2024-12-08,C관(2공장),[80] 누수/규격검사,343515.0,350285.0,609677.0,56.34,609677.0,1
2024-12-08,S관(3공장),[10] 사출조립,74726.0,82850.0,183871.0,40.64,183871.0,1
2024-12-08,S관(3공장),[20] 분리,68780.0,94586.0,183871.0,37.41,183871.0,1
2024-12-08,S관(3공장),[45] 하이드레이션/전면검사,21980.0,22197.0,116759.0,18.83,116759.0,1
2024-12-08,S관(3공장),[80] 누수/규격검사,14738.0,14763.0,100645.0,14.64,100645.0,1
2024-12-09,A관(1공장),[10] 사출조립,153388.0,165093.0,197367.0,77.72,197367.0,1
2024-12-09,A관(1공장),[20] 분리,97701.0,123823.0,197367.0,49.5,197367.0,1
2024-12-09,A관(1공장),[45] 하이드레이션/전면검사,70753.0,71753.0,118500.0,59.71,118500.0,1
2024-12-09,A관(1공장),[80] 누수/규격검사,74081.0,77493.0,112903.0,65.61,112903.0,1
2024-12-09,C관(2공장),[10] 사출조립,533651.0,604874.0,742386.0,71.88,742386.0,1
2024-12-09,C관(2공장),[20] 분리,493989.0,589316.0,742386.0,66.54,742386.0,1
2024-12-09,C관(2공장),[45] 하이드레이션/전면검사,415140.0,419708.0,650698.0,63.8,650698.0,1
2024-12-09,C관(2공장),[80] 누수/규격검사,282835.0,286895.0,609677.0,46.39,609677.0,1
2024-12-09,S관(3공장),[10] 사출조립,79654.0,79654.0,183871.0,43.32,183871.0,1
2024-12-09,S관(3공장),[20] 분리,75895.0,113155.0,183871.0,41.28,183871.0,1
2024-12-09,S관(3공장),[45] 하이드레이션/전면검사,28880.0,28999.0,116759.0,24.73,116759.0,1
2024-12-09,S관(3공장),[80] 누수/규격검사,17455.0,17489.0,100645.0,17.34,100645.0,1
2024-12-10,A관(1공장),[10] 사출조립,126898.0,134553.0,197367.0,64.3,197367.0,1
2024-12-10,A관(1공장),[20] 분리,71460.0,95566.0,197367.0,36.21,197367.0,1
2024-12-10,A관(1공장),[45] 하이드레이션/전면검사,46467.0,46467.0,118500.0,39.21,118500.0,1
2024-12-10,A관(1공장),[80] 누수/규격검사,95051.0,99869.0,112903.0,84.19,112903.0,1
2024-12-10,C관(2공장),[10] 사출조립,681809.0,772362.0,742386.0,91.84,742386.0,1
2024-12-10,C관(2공장),[20] 분리,576881.0,688537.0,742386.0,77.71,742386.0,1
2024-12-10,C관(2공장),[45] 하이드레이션/전면검사,537530.0,538105.0,650698.0,82.61,650698.0,1
2024-12-10,C관(2공장),[80] 누수/규격검사,386580.0,388135.0,609677.0,63.41,609677.0,1
2024-12-10,S관(3공장),[10] 사출조립,82294.0,86806.0,183871.0,44.76,183871.0,1
2024-12-10,S관(3공장),[20] 분리,46863.0,76847.0,183871.0,25.49,183871.0,1
2024-12-10,S관(3공장),[45] 하이드레이션/전면검사,14295.0,14415.0,116759.0,12.24,116759.0,1
2024-12-10,S관(3공장),[80] 누수/규격검사,10366.0,10384.0,100645.0,10.3,100645.0,1
2024-12-11,A관(1공장),[10] 사출조립,125307.0,135099.0,197367.0,63.49,197367.0,1
2024-12-11,A관(1공장),[20] 분리,76611.0,102293.0,197367.0,38.82,197367.0,1
2024-12-11,A관(1공장),[45] 하이드레이션/전면검사,75590.0,75590.0,118500.0,63.79,118500.0,1
2024-12-11,A관(1공장),[80] 누수/규격검사,87388.0,91351.0,112903.0,77.4,112903.0,1
2024-12-11,C관(2공장),[10] 사출조립,759018.0,846872.0,742386.0,102.24,742386.0,1
2024-12-11,C관(2공장),[20] 분리,594104.0,703174.0,742386.0,80.03,742386.0,1
2024-12-11,C관(2공장),[45] 하이드레이션/전면검사,465180.0,465753.0,650698.0,71.49,650698.0,1
2024-12-11,C관(2공장),[80] 누수/규격검사,505215.0,510195.0,609677.0,82.87,609677.0,1
2024-12-11,S관(3공장),[10] 사출조립,96446.0,96446.0,183871.0,52.45,183871.0,1
2024-12-11,S관(3공장),[20] 분리,44232.0,54162.0,183871.0,24.06,183871.0,1
2024-12-11,S관(3공장),[45] 하이드레이션/전면검사,5445.0,5470.0,116759.0,4.66,116759.0,1
2024-12-11,S관(3공장),[80] 누수/규격검사,19287.0,19493.0,100645.0,19.16,100645.0,1
2024-12-12,A관(1공장),[10] 사출조립,109387.0,118539.0,197367.0,55.42,197367.0,1
2024-12-12,A관(1공장),[20] 분리,85604.0,117054.0,197367.0,43.37,197367.0,1
2024-12-12,A관(1공장),[45] 하이드레이션/전면검사,51162.0,51162.0,118500.0,43.17,118500.0,1
2024-12-12,A관(1공장),[80] 누수/규격검사,79791.0,81090.0,112903.0,70.67,112903.0,1
2024-12-12,C관(2공장),[10] 사출조립,453450.0,507694.0,742386.0,61.08,742386.0,1
2024-12-12,C관(2공장),[20] 분리,550676.0,669179.0,742386.0,74.18,742386.0,1
2024-12-12,C관(2공장),[45] 하이드레이션/전면검사,529130.0,530089.0,650698.0,81.32,650698.0,1
2024-12-12,C관(2공장),[80] 누수/규격검사,483215.0,487440.0,609677.0,79.26,609677.0,1
2024-12-12,S관(3공장),[10] 사출조립,48593.0,50847.0,183871.0,26.43,183871.0,1
2024-12-12,S관(3공장),[20] 분리,79885.0,118445.0,183871.0,43.45,183871.0,1
2024-12-12,S관(3공장),[45] 하이드레이션/전면검사,1980.0,3775.0,116759.0,1.7,116759.0,1
2024-12-12,S관(3공장),[80] 누수/규격검사,5365.0,5365.0,100645.0,5.33,100645.0,1
2024-12-13,A관(1공장),[10] 사출조립,109669.0,117107.0,197367.0,55.57,197367.0,1
2024-12-13,A관(1공장),[20] 분리,69896.0,93456.0,197367.0,35.41,197367.0,1
2024-12-13,A관(1공장),[45] 하이드레이션/전면검사,60019.0,60019.0,118500.0,50.65,118500.0,1
2024-12-13,A관(1공장),[80] 누수/규격검사,63907.0,64467.0,112903.0,56.6,112903.0,1
2024-12-13,C관(2공장),[10] 사출조립,846603.0,968676.0,742386.0,114.04,742386.0,1
2024-12-13,C관(2공장),[20] 분리,607979.0,744197.0,742386.0,81.9,742386.0,1
2024-12-13,C관(2공장),[45] 하이드레이션/전면검사,538050.0,538728.0,650698.0,82.69,650698.0,1
2024-12-13,C관(2공장),[80] 누수/규격검사,449095.0,452635.0,609677.0,73.66,609677.0,1
2024-12-13,S관(3공장),[10] 사출조립,70605.0,75245.0,183871.0,38.4,183871.0,1
2024-12-13,S관(3공장),[20] 분리,53859.0,75791.0,183871.0,29.29,183871.0,1
2024-12-13,S관(3공장),[45] 하이드레이션/전면검사,150.0,200.0,116759.0,0.13,116759.0,1
2024-12-13,S관(3공장),[80] 누수/규격검사,1605.0,1605.0,100645.0,1.59,100645.0,1
2024-12-14,A관(1공장),[10] 사출조립,121833.0,133591.0,197367.0,61.73,197367.0,1
2024-12-14,A관(1공장),[20] 분리,49109.0,57873.0,197367.0,24.88,197367.0,1
2024-12-14,A관(1공장),[45] 하이드레이션/전면검사,47431.0,47431.0,118500.0,40.03,118500.0,1
2024-12-14,A관(1공장),[80] 누수/규격검사,41965.0,43984.0,112903.0,37.17,112903.0,1
2024-12-14,C관(2공장),[10] 사출조립,689634.0,787977.0,742386.0,92.89,742386.0,1
2024-12-14,C관(2공장),[20] 분리,679139.0,807374.0,742386.0,91.48,742386.0,1
2024-12-14,C관(2공장),[45] 하이드레이션/전면검사,773485.0,775189.0,650698.0,118.87,650698.0,1
2024-12-14,C관(2공장),[80] 누수/규격검사,468570.0,469995.0,609677.0,76.86,609677.0,1
2024-12-14,S관(3공장),[10] 사출조립,23475.0,30863.0,183871.0,12.77,183871.0,1
2024-12-14,S관(3공장),[20] 분리,43999.0,69624.0,183871.0,23.93,183871.0,1
2024-12-14,S관(3공장),[45] 하이드레이션/전면검사,9540.0,10074.0,116759.0,8.17,116759.0,1
2024-12-14,S관(3공장),[80] 누수/규격검사,5890.0,5895.0,100645.0,5.85,100645.0,1
2024-12-15,A관(1공장),[10] 사출조립,111921.0,121481.0,197367.0,56.71,197367.0,1
2024-12-15,A관(1공장),[20] 분리,38815.0,45428.0,197367.0,19.67,197367.0,1
2024-12-15,A관(1공장),[45] 하이드레이션/전면검사,72294.0,72294.0,118500.0,61.01,118500.0,1
2024-12-15,A관(1공장),[80] 누수/규격검사,59861.0,61221.0,112903.0,53.02,112903.0,1
2024-12-15,C관(2공장),[10] 사출조립,777299.0,877854.0,742386.0,104.7,742386.0,1
2024-12-15,C관(2공장),[20] 분리,727021.0,867357.0,742386.0,97.93,742386.0,1
2024-12-15,C관(2공장),[45] 하이드레이션/전면검사,619535.0,620378.0,650698.0,95.21,650698.0,1
2024-12-15,C관(2공장),[80] 누수/규격검사,547835.0,553785.0,609677.0,89.86,609677.0,1
2024-12-15,S관(3공장),[10] 사출조립,87011.0,108716.0,183871.0,47.32,183871.0,1
2024-12-15,S관(3공장),[20] 분리,24836.0,41646.0,183871.0,13.51,183871.0,1
2024-12-15,S관(3공장),[45] 하이드레이션/전면검사,32800.0,33012.0,116759.0,28.09,116759.0,1
2024-12-15,S관(3공장),[80] 누수/규격검사,19210.0,19260.0,100645.0,19.09,100645.0,1
2024-12-16,A관(1공장),[10] 사출조립,87677.0,101999.0,197367.0,44.42,197367.0,1
2024-12-16,A관(1공장),[20] 분리,3021.0,3762.0,197367.0,1.53,197367.0,1
2024-12-16,A관(1공장),[45] 하이드레이션/전면검사,12732.0,12732.0,118500.0,10.74,118500.0,1
2024-12-16,A관(1공장),[80] 누수/규격검사,54824.0,55782.0,112903.0,48.56,112903.0,1
2024-12-16,C관(2공장),[10] 사출조립,823896.0,914309.0,742386.0,110.98,742386.0,1
2024-12-16,C관(2공장),[20] 분리,628215.0,755462.0,742386.0,84.62,742386.0,1
2024-12-16,C관(2공장),[45] 하이드레이션/전면검사,642845.0,644405.0,650698.0,98.79,650698.0,1
2024-12-16,C관(2공장),[80] 누수/규격검사,473690.0,479445.0,609677.0,77.7,609677.0,1
2024-12-16,S관(3공장),[10] 사출조립,137325.0,153439.0,183871.0,74.69,183871.0,1
2024-12-16,S관(3공장),[20] 분리,111644.0,152559.0,183871.0,60.72,183871.0,1
2024-12-16,S관(3공장),[45] 하이드레이션/전면검사,17630.0,17819.0,116759.0,15.1,116759.0,1
2024-12-16,S관(3공장),[80] 누수/규격검사,12806.0,12864.0,100645.0,12.72,100645.0,1
2024-12-17,A관(1공장),[10] 사출조립,68969.0,72692.0,197367.0,34.94,197367.0,1
2024-12-17,A관(1공장),[20] 분리,2183.0,2793.0,197367.0,1.11,197367.0,1
2024-12-17,A관(1공장),[45] 하이드레이션/전면검사,10120.0,11470.0,118500.0,8.54,118500.0,1
2024-12-17,A관(1공장),[80] 누수/규격검사,22113.0,23067.0,112903.0,19.59,112903.0,1
2024-12-17,C관(2공장),[10] 사출조립,680884.0,750864.0,742386.0,91.72,742386.0,1
2024-12-17,C관(2공장),[20] 분리,608319.0,715226.0,742386.0,81.94,742386.0,1
2024-12-17,C관(2공장),[45] 하이드레이션/전면검사,703805.0,710656.0,650698.0,108.16,650698.0,1
2024-12-17,C관(2공장),[80] 누수/규격검사,558555.0,564845.0,609677.0,91.61,609677.0,1
2024-12-17,S관(3공장),[10] 사출조립,114095.0,125331.0,183871.0,62.05,183871.0,1
2024-12-17,S관(3공장),[20] 분리,53030.0,79086.0,183871.0,28.84,183871.0,1
2024-12-17,S관(3공장),[45] 하이드레이션/전면검사,3845.0,3870.0,116759.0,3.29,116759.0,1
2024-12-17,S관(3공장),[80] 누수/규격검사,11135.0,11200.0,100645.0,11.06,100645.0,1
2024-12-18,A관(1공장),[10] 사출조립,63044.0,69840.0,197367.0,31.94,197367.0,1
2024-12-18,A관(1공장),[20] 분리,986.0,1064.0,197367.0,0.5,197367.0,1
2024-12-18,A관(1공장),[45] 하이드레이션/전면검사,15673.0,15673.0,118500.0,13.23,118500.0,1
2024-12-18,A관(1공장),[80] 누수/규격검사,23204.0,24569.0,112903.0,20.55,112903.0,1
2024-12-18,C관(2공장),[10] 사출조립,715630.0,795849.0,742386.0,96.4,742386.0,1
2024-12-18,C관(2공장),[20] 분리,558509.0,664098.0,742386.0,75.23,742386.0,1
2024-12-18,C관(2공장),[45] 하이드레이션/전면검사,519995.0,522662.0,650698.0,79.91,650698.0,1
2024-12-18,C관(2공장),[80] 누수/규격검사,750805.0,757860.0,609677.0,123.15,609677.0,1
2024-12-18,S관(3공장),[10] 사출조립,39026.0,46622.0,183871.0,21.22,183871.0,1
2024-12-18,S관(3공장),[20] 분리,83756.0,115181.0,183871.0,45.55,183871.0,1
2024-12-18,S관(3공장),[45] 하이드레이션/전면검사,5360.0,5389.0,116759.0,4.59,116759.0,1
2024-12-18,S관(3공장),[80] 누수/규격검사,4533.0,4553.0,100645.0,4.5,100645.0,1
2024-12-19,A관(1공장),[10] 사출조립,63915.0,67029.0,197367.0,32.38,197367.0,1
2024-12-19,A관(1공장),[20] 분리,766.0,6557.0,197367.0,0.39,197367.0,1
2024-12-19,A관(1공장),[45] 하이드레이션/전면검사,20432.0,21057.0,118500.0,17.24,118500.0,1
2024-12-19,A관(1공장),[80] 누수/규격검사,17714.0,18951.0,112903.0,15.69,112903.0,1
2024-12-19,C관(2공장),[10] 사출조립,762761.0,822628.0,742386.0,102.74,742386.0,1
2024-12-19,C관(2공장),[20] 분리,569786.0,689243.0,742386.0,76.75,742386.0,1
2024-12-19,C관(2공장),[45] 하이드레이션/전면검사,489725.0,490413.0,650698.0,75.26,650698.0,1
2024-12-19,C관(2공장),[80] 누수/규격검사,506055.0,512555.0,609677.0,83.0,609677.0,1
2024-12-19,S관(3공장),[10] 사출조립,41368.0,41368.0,183871.0,22.5,183871.0,1
2024-12-19,S관(3공장),[20] 분리,59655.0,75047.0,183871.0,32.44,183871.0,1
2024-12-19,S관(3공장),[45] 하이드레이션/전면검사,16620.0,16787.0,116759.0,14.23,116759.0,1
2024-12-19,S관(3공장),[80] 누수/규격검사,14031.0,14042.0,100645.0,13.94,100645.0,1
2024-12-20,A관(1공장),[10] 사출조립,87203.0,94744.0,197367.0,44.18,197367.0,1
2024-12-20,A관(1공장),[45] 하이드레이션/전면검사,23882.0,29605.0,118500.0,20.15,118500.0,1
2024-12-20,A관(1공장),[80] 누수/규격검사,25373.0,37831.0,112903.0,22.47,112903.0,1
2024-12-20,C관(2공장),[10] 사출조립,723454.0,754665.0,742386.0,97.45,742386.0,1
2024-12-20,C관(2공장),[20] 분리,624212.0,732751.0,742386.0,84.08,742386.0,1
2024-12-20,C관(2공장),[45] 하이드레이션/전면검사,595020.0,595652.0,650698.0,91.44,650698.0,1
2024-12-20,C관(2공장),[80] 누수/규격검사,417335.0,424120.0,609677.0,68.45,609677.0,1
2024-12-20,S관(3공장),[10] 사출조립,28752.0,33670.0,183871.0,15.64,183871.0,1
2024-12-20,S관(3공장),[20] 분리,39825.0,64435.0,183871.0,21.66,183871.0,1
2024-12-20,S관(3공장),[45] 하이드레이션/전면검사,26155.0,34641.0,116759.0,22.4,116759.0,1
2024-12-20,S관(3공장),[80] 누수/규격검사,11620.0,11645.0,100645.0,11.55,100645.0,1
2024-12-21,A관(1공장),[10] 사출조립,69641.0,80152.0,197367.0,35.29,197367.0,1
2024-12-21,A관(1공장),[45] 하이드레이션/전면검사,59965.0,59965.0,118500.0,50.6,118500.0,1
2024-12-21,A관(1공장),[80] 누수/규격검사,31485.0,31668.0,112903.0,27.89,112903.0,1
2024-12-21,C관(2공장),[10] 사출조립,840037.0,913730.0,742386.0,113.15,742386.0,1
2024-12-21,C관(2공장),[20] 분리,581768.0,684825.0,742386.0,78.36,742386.0,1
2024-12-21,C관(2공장),[45] 하이드레이션/전면검사,606920.0,607520.0,650698.0,93.27,650698.0,1
2024-12-21,C관(2공장),[80] 누수/규격검사,531775.0,538325.0,609677.0,87.22,609677.0,1
2024-12-21,S관(3공장),[10] 사출조립,35280.0,37264.0,183871.0,19.19,183871.0,1
2024-12-21,S관(3공장),[20] 분리,39295.0,49288.0,183871.0,21.37,183871.0,1
2024-12-21,S관(3공장),[45] 하이드레이션/전면검사,8975.0,8993.0,116759.0,7.69,116759.0,1
2024-12-21,S관(3공장),[80] 누수/규격검사,27969.0,28044.0,100645.0,27.79,100645.0,1
2024-12-22,A관(1공장),[10] 사출조립,37766.0,42959.0,197367.0,19.13,197367.0,1
2024-12-22,A관(1공장),[45] 하이드레이션/전면검사,10605.0,10605.0,118500.0,8.95,118500.0,1
2024-12-22,A관(1공장),[80] 누수/규격검사,50834.0,52179.0,112903.0,45.02,112903.0,1
2024-12-22,C관(2공장),[10] 사출조립,564105.0,600120.0,742386.0,75.99,742386.0,1
2024-12-22,C관(2공장),[20] 분리,209895.0,249544.0,742386.0,28.27,742386.0,1
2024-12-22,C관(2공장),[45] 하이드레이션/전면검사,188180.0,190715.0,650698.0,28.92,650698.0,1
2024-12-22,C관(2공장),[80] 누수/규격검사,496275.0,510565.0,609677.0,81.4,609677.0,1
2024-12-22,S관(3공장),[10] 사출조립,107179.0,111268.0,183871.0,58.29,183871.0,1
2024-12-22,S관(3공장),[20] 분리,78442.0,120292.0,183871.0,42.66,183871.0,1
2024-12-23,C관(2공장),[20] 분리,0.0,550.0,742386.0,0.0,742386.0,1
2024-12-23,S관(3공장),[10] 사출조립,8472.0,16944.0,183871.0,4.61,183871.0,1
2024-12-23,S관(3공장),[20] 분리,20752.0,53234.0,183871.0,11.29,183871.0,1
2025-01-07,A관(1공장),[45] 하이드레이션/전면검사,93108.0,93108.0,118500.0,78.57,118500.0,1
2025-01-08,A관(1공장),[10] 사출조립,106492.0,115886.0,197367.0,53.96,197367.0,1
2025-01-08,A관(1공장),[45] 하이드레이션/전면검사,221636.0,221636.0,118500.0,187.03,118500.0,1
2025-01-08,A관(1공장),[80] 누수/규격검사,121857.0,125907.0,112903.0,107.93,112903.0,1
2025-01-08,C관(2공장),[10] 사출조립,1506016.0,1716528.0,742386.0,202.86,742386.0,1
2025-01-08,C관(2공장),[20] 분리,1075348.0,1299758.0,742386.0,144.85,742386.0,1
2025-01-08,C관(2공장),[45] 하이드레이션/전면검사,966226.0,974122.0,650698.0,148.49,650698.0,1
2025-01-08,C관(2공장),[80] 누수/규격검사,444460.0,445750.0,609677.0,72.9,609677.0,1
2025-01-08,S관(3공장),[20] 분리,28264.0,38726.0,183871.0,15.37,183871.0,1
2025-01-08,S관(3공장),[45] 하이드레이션/전면검사,181418.0,181820.0,116759.0,155.38,116759.0,1
2025-01-08,S관(3공장),[80] 누수/규격검사,4230.0,4710.0,100645.0,4.2,100645.0,1
2025-01-09,A관(1공장),[10] 사출조립,514088.0,535580.0,197367.0,260.47,197367.0,1
2025-01-09,A관(1공장),[20] 분리,67954.0,94560.0,197367.0,34.43,197367.0,1
2025-01-09,A관(1공장),[45] 하이드레이션/전면검사,208002.0,208010.0,118500.0,175.53,118500.0,1
2025-01-09,A관(1공장),[80] 누수/규격검사,139712.0,145954.0,112903.0,123.75,112903.0,1
2025-01-09,C관(2공장),[10] 사출조립,1850146.0,1994418.0,742386.0,249.22,742386.0,1
2025-01-09,C관(2공장),[20] 분리,1195276.0,1449688.0,742386.0,161.0,742386.0,1
2025-01-09,C관(2공장),[45] 하이드레이션/전면검사,742600.0,743436.0,650698.0,114.12,650698.0,1
2025-01-09,C관(2공장),[80] 누수/규격검사,716210.0,717490.0,609677.0,117.47,609677.0,1
2025-01-09,S관(3공장),[10] 사출조립,68992.0,68992.0,183871.0,37.52,183871.0,1
2025-01-09,S관(3공장),[20] 분리,29570.0,43532.0,183871.0,16.08,183871.0,1
2025-01-09,S관(3공장),[45] 하이드레이션/전면검사,84060.0,84364.0,116759.0,71.99,116759.0,1
2025-01-09,S관(3공장),[80] 누수/규격검사,101330.0,107180.0,100645.0,100.68,100645.0,1
2025-01-10,A관(1공장),[10] 사출조립,469474.0,500340.0,197367.0,237.87,197367.0,1
2025-01-10,A관(1공장),[20] 분리,133716.0,175480.0,197367.0,67.75,197367.0,1
2025-01-10,A관(1공장),[45] 하이드레이션/전면검사,182118.0,182118.0,118500.0,153.69,118500.0,1
2025-01-10,A관(1공장),[80] 누수/규격검사,140008.0,154179.0,112903.0,124.01,112903.0,1
2025-01-10,C관(2공장),[10] 사출조립,1483578.0,1624332.0,742386.0,199.84,742386.0,1
2025-01-10,C관(2공장),[20] 분리,1248108.0,1493768.0,742386.0,168.12,742386.0,1
2025-01-10,C관(2공장),[45] 하이드레이션/전면검사,1160230.0,1161508.0,650698.0,178.31,650698.0,1
2025-01-10,C관(2공장),[80] 누수/규격검사,763560.0,772390.0,609677.0,125.24,609677.0,1
2025-01-10,S관(3공장),[10] 사출조립,186748.0,199688.0,183871.0,101.56,183871.0,1
2025-01-10,S관(3공장),[20] 분리,132848.0,178068.0,183871.0,72.25,183871.0,1
2025-01-10,S관(3공장),[45] 하이드레이션/전면검사,152960.0,153188.0,116759.0,131.0,116759.0,1
2025-01-10,S관(3공장),[80] 누수/규격검사,98500.0,103660.0,100645.0,97.87,100645.0,1
2025-01-11,A관(1공장),[10] 사출조립,590504.0,616730.0,197367.0,299.19,197367.0,1
2025-01-11,A관(1공장),[20] 분리,169038.0,226414.0,197367.0,85.65,197367.0,1
2025-01-11,A관(1공장),[45] 하이드레이션/전면검사,257246.0,257246.0,118500.0,217.09,118500.0,1
2025-01-11,A관(1공장),[80] 누수/규격검사,137660.0,139086.0,112903.0,121.93,112903.0,1
2025-01-11,C관(2공장),[10] 사출조립,1381298.0,1516960.0,742386.0,186.06,742386.0,1
2025-01-11,C관(2공장),[20] 분리,1239628.0,1505568.0,742386.0,166.98,742386.0,1
2025-01-11,C관(2공장),[45] 하이드레이션/전면검사,1049630.0,1058408.0,650698.0,161.31,650698.0,1
2025-01-11,C관(2공장),[80] 누수/규격검사,929830.0,938390.0,609677.0,152.51,609677.0,1
2025-01-11,S관(3공장),[10] 사출조립,126394.0,145994.0,183871.0,68.74,183871.0,1
2025-01-11,S관(3공장),[20] 분리,170238.0,220676.0,183871.0,92.59,183871.0,1
2025-01-11,S관(3공장),[45] 하이드레이션/전면검사,107100.0,107434.0,116759.0,91.73,116759.0,1
2025-01-11,S관(3공장),[80] 누수/규격검사,123370.0,124030.0,100645.0,122.58,100645.0,1
2025-01-12,A관(1공장),[10] 사출조립,697076.0,737618.0,197367.0,353.19,197367.0,1
2025-01-12,A관(1공장),[20] 분리,179706.0,230622.0,197367.0,91.05,197367.0,1
2025-01-12,A관(1공장),[45] 하이드레이션/전면검사,196328.0,196328.0,118500.0,165.68,118500.0,1
2025-01-12,A관(1공장),[80] 누수/규격검사,182722.0,190132.0,112903.0,161.84,112903.0,1
2025-01-12,C관(2공장),[10] 사출조립,1256610.0,1403354.0,742386.0,169.27,742386.0,1
2025-01-12,C관(2공장),[20] 분리,1061250.0,1286522.0,742386.0,142.95,742386.0,1
2025-01-12,C관(2공장),[45] 하이드레이션/전면검사,947330.0,948414.0,650698.0,145.59,650698.0,1
2025-01-12,C관(2공장),[80] 누수/규격검사,950770.0,957980.0,609677.0,155.95,609677.0,1
2025-01-12,S관(3공장),[10] 사출조립,244886.0,249408.0,183871.0,133.18,183871.0,1
2025-01-12,S관(3공장),[20] 분리,206564.0,253370.0,183871.0,112.34,183871.0,1
2025-01-12,S관(3공장),[45] 하이드레이션/전면검사,11110.0,11262.0,116759.0,9.52,116759.0,1
2025-01-12,S관(3공장),[80] 누수/규격검사,63926.0,64916.0,100645.0,63.52,100645.0,1
2025-01-13,A관(1공장),[10] 사출조립,666108.0,735280.0,197367.0,337.5,197367.0,1
2025-01-13,A관(1공장),[20] 분리,110988.0,135928.0,197367.0,56.23,197367.0,1
2025-01-13,A관(1공장),[45] 하이드레이션/전면검사,215484.0,215484.0,118500.0,181.84,118500.0,1
2025-01-13,A관(1공장),[80] 누수/규격검사,152703.0,154355.0,112903.0,135.25,112903.0,1
2025-01-13,C관(2공장),[10] 사출조립,1163810.0,1326886.0,742386.0,156.77,742386.0,1
2025-01-13,C관(2공장),[20] 분리,938922.0,1117314.0,742386.0,126.47,742386.0,1
2025-01-13,C관(2공장),[45] 하이드레이션/전면검사,814626.0,822950.0,650698.0,125.19,650698.0,1
2025-01-13,C관(2공장),[80] 누수/규격검사,866814.0,872304.0,609677.0,142.18,609677.0,1
2025-01-13,S관(3공장),[10] 사출조립,91816.0,111976.0,183871.0,49.94,183871.0,1
2025-01-13,S관(3공장),[20] 분리,115190.0,173148.0,183871.0,62.65,183871.0,1
2025-01-13,S관(3공장),[45] 하이드레이션/전면검사,1900.0,85992.0,116759.0,1.63,116759.0,1
2025-01-13,S관(3공장),[80] 누수/규격검사,5802.0,5832.0,100645.0,5.76,100645.0,1
2025-01-14,A관(1공장),[10] 사출조립,658132.0,697174.0,197367.0,333.46,197367.0,1
2025-01-14,A관(1공장),[20] 분리,133331.0,173500.0,197367.0,67.55,197367.0,1
2025-01-14,A관(1공장),[45] 하이드레이션/전면검사,167928.0,173442.0,118500.0,141.71,118500.0,1
2025-01-14,A관(1공장),[80] 누수/규격검사,148219.0,155695.0,112903.0,131.28,112903.0,1
2025-01-14,C관(2공장),[10] 사출조립,1666974.0,1867772.0,742386.0,224.54,742386.0,1
2025-01-14,C관(2공장),[20] 분리,995978.0,1167856.0,742386.0,134.16,742386.0,1
2025-01-14,C관(2공장),[45] 하이드레이션/전면검사,915788.0,916486.0,650698.0,140.74,650698.0,1
2025-01-14,C관(2공장),[80] 누수/규격검사,730508.0,731418.0,609677.0,119.82,609677.0,1
2025-01-14,S관(3공장),[10] 사출조립,131702.0,136602.0,183871.0,71.63,183871.0,1
2025-01-14,S관(3공장),[20] 분리,169407.0,264468.0,183871.0,92.13,183871.0,1
2025-01-14,S관(3공장),[45] 하이드레이션/전면검사,115070.0,128622.0,116759.0,98.55,116759.0,1
2025-01-14,S관(3공장),[80] 누수/규격검사,23550.0,26930.0,100645.0,23.4,100645.0,1
2025-01-15,A관(1공장),[10] 사출조립,664150.0,709316.0,197367.0,336.51,197367.0,1
2025-01-15,A관(1공장),[20] 분리,169578.0,220718.0,197367.0,85.92,197367.0,1
2025-01-15,A관(1공장),[45] 하이드레이션/전면검사,177316.0,177694.0,118500.0,149.63,118500.0,1
2025-01-15,A관(1공장),[80] 누수/규격검사,178741.0,187785.0,112903.0,158.31,112903.0,1
2025-01-15,C관(2공장),[10] 사출조립,1396740.0,1556516.0,742386.0,188.14,742386.0,1
2025-01-15,C관(2공장),[20] 분리,1051204.0,1242596.0,742386.0,141.6,742386.0,1
2025-01-15,C관(2공장),[45] 하이드레이션/전면검사,988020.0,994640.0,650698.0,151.84,650698.0,1
2025-01-15,C관(2공장),[80] 누수/규격검사,806750.0,813960.0,609677.0,132.32,609677.0,1
2025-01-15,S관(3공장),[10] 사출조립,262730.0,281426.0,183871.0,142.89,183871.0,1
2025-01-15,S관(3공장),[20] 분리,166400.0,208854.0,183871.0,90.5,183871.0,1
2025-01-15,S관(3공장),[45] 하이드레이션/전면검사,93940.0,120708.0,116759.0,80.46,116759.0,1
2025-01-15,S관(3공장),[80] 누수/규격검사,40230.0,41510.0,100645.0,39.97,100645.0,1
2025-01-16,A관(1공장),[10] 사출조립,614766.0,656150.0,197367.0,311.48,197367.0,1
2025-01-16,A관(1공장),[20] 분리,214303.0,274338.0,197367.0,108.58,197367.0,1
2025-01-16,A관(1공장),[45] 하이드레이션/전면검사,260684.0,262164.0,118500.0,219.99,118500.0,1
2025-01-16,A관(1공장),[80] 누수/규격검사,205239.0,215641.0,112903.0,181.78,112903.0,1
2025-01-16,C관(2공장),[10] 사출조립,1668788.0,1839440.0,742386.0,224.79,742386.0,1
2025-01-16,C관(2공장),[20] 분리,1236512.0,1459402.0,742386.0,166.56,742386.0,1
2025-01-16,C관(2공장),[45] 하이드레이션/전면검사,1344674.0,1346944.0,650698.0,206.65,650698.0,1
2025-01-16,C관(2공장),[80] 누수/규격검사,934340.0,935500.0,609677.0,153.25,609677.0,1
2025-01-16,S관(3공장),[10] 사출조립,389858.0,420436.0,183871.0,212.03,183871.0,1
2025-01-16,S관(3공장),[20] 분리,313953.0,392450.0,183871.0,170.75,183871.0,1
2025-01-16,S관(3공장),[45] 하이드레이션/전면검사,126730.0,139868.0,116759.0,108.54,116759.0,1
2025-01-16,S관(3공장),[80] 누수/규격검사,59250.0,60740.0,100645.0,58.87,100645.0,1
2025-01-17,A관(1공장),[10] 사출조립,519166.0,570060.0,197367.0,263.05,197367.0,1
2025-01-17,A관(1공장),[20] 분리,146657.0,201209.0,197367.0,74.31,197367.0,1
2025-01-17,A관(1공장),[45] 하이드레이션/전면검사,169392.0,169392.0,118500.0,142.95,118500.0,1
2025-01-17,A관(1공장),[80] 누수/규격검사,169038.0,180794.0,112903.0,149.72,112903.0,1
2025-01-17,C관(2공장),[10] 사출조립,1492452.0,1637190.0,742386.0,201.03,742386.0,1
2025-01-17,C관(2공장),[20] 분리,1192524.0,1464362.0,742386.0,160.63,742386.0,1
2025-01-17,C관(2공장),[45] 하이드레이션/전면검사,1011410.0,1012444.0,650698.0,155.43,650698.0,1
2025-01-17,C관(2공장),[80] 누수/규격검사,1107610.0,1114790.0,609677.0,181.67,609677.0,1
2025-01-17,S관(3공장),[10] 사출조립,162324.0,165164.0,183871.0,88.28,183871.0,1
2025-01-17,S관(3공장),[20] 분리,172319.0,221887.0,183871.0,93.72,183871.0,1
2025-01-17,S관(3공장),[45] 하이드레이션/전면검사,30980.0,49086.0,116759.0,26.53,116759.0,1
2025-01-17,S관(3공장),[80] 누수/규격검사,61870.0,62710.0,100645.0,61.47,100645.0,1
2025-01-18,A관(1공장),[10] 사출조립,527452.0,570500.0,197367.0,267.24,197367.0,1
2025-01-18,A관(1공장),[20] 분리,203857.0,256436.0,197367.0,103.29,197367.0,1
2025-01-18,A관(1공장),[45] 하이드레이션/전면검사,129798.0,134322.0,118500.0,109.53,118500.0,1
2025-01-18,A관(1공장),[80] 누수/규격검사,176192.0,181676.0,112903.0,156.06,112903.0,1
2025-01-18,C관(2공장),[10] 사출조립,1792118.0,1977292.0,742386.0,241.4,742386.0,1
2025-01-18,C관(2공장),[20] 분리,1295510.0,1567972.0,742386.0,174.51,742386.0,1
2025-01-18,C관(2공장),[45] 하이드레이션/전면검사,1136340.0,1137566.0,650698.0,174.63,650698.0,1
2025-01-18,C관(2공장),[80] 누수/규격검사,955400.0,964230.0,609677.0,156.71,609677.0,1
2025-01-18,S관(3공장),[10] 사출조립,328302.0,339468.0,183871.0,178.55,183871.0,1
2025-01-18,S관(3공장),[20] 분리,298565.0,371330.0,183871.0,162.38,183871.0,1
2025-01-18,S관(3공장),[45] 하이드레이션/전면검사,56392.0,73092.0,116759.0,48.3,116759.0,1
2025-01-18,S관(3공장),[80] 누수/규격검사,55630.0,56060.0,100645.0,55.27,100645.0,1
2025-01-19,A관(1공장),[10] 사출조립,466440.0,519372.0,197367.0,236.33,197367.0,1
2025-01-19,A관(1공장),[20] 분리,196598.0,249241.0,197367.0,99.61,197367.0,1
2025-01-19,A관(1공장),[45] 하이드레이션/전면검사,202260.0,203338.0,118500.0,170.68,118500.0,1
2025-01-19,A관(1공장),[80] 누수/규격검사,218584.0,226777.0,112903.0,193.6,112903.0,1
2025-01-19,C관(2공장),[10] 사출조립,1541560.0,1626188.0,742386.0,207.65,742386.0,1
2025-01-19,C관(2공장),[20] 분리,1310892.0,1539074.0,742386.0,176.58,742386.0,1
2025-01-19,C관(2공장),[45] 하이드레이션/전면검사,1135530.0,1137348.0,650698.0,174.51,650698.0,1
2025-01-19,C관(2공장),[80] 누수/규격검사,937660.0,943460.0,609677.0,153.8,609677.0,1
2025-01-19,S관(3공장),[10] 사출조립,276340.0,291240.0,183871.0,150.29,183871.0,1
2025-01-19,S관(3공장),[20] 분리,148646.0,197169.0,183871.0,80.84,183871.0,1
2025-01-19,S관(3공장),[45] 하이드레이션/전면검사,32990.0,46126.0,116759.0,28.25,116759.0,1
2025-01-19,S관(3공장),[80] 누수/규격검사,34390.0,34400.0,100645.0,34.17,100645.0,1
2025-01-20,A관(1공장),[10] 사출조립,325984.0,348990.0,197367.0,165.17,197367.0,1
2025-01-20,A관(1공장),[20] 분리,173803.0,236885.0,197367.0,88.06,197367.0,1
2025-01-20,A관(1공장),[45] 하이드레이션/전면검사,237906.0,241734.0,118500.0,200.76,118500.0,1
2025-01-20,A관(1공장),[80] 누수/규격검사,173154.0,183612.0,112903.0,153.37,112903.0,1
2025-01-20,C관(2공장),[10] 사출조립,1589944.0,1752618.0,742386.0,214.17,742386.0,1
2025-01-20,C관(2공장),[20] 분리,1305850.0,1533860.0,742386.0,175.9,742386.0,1
2025-01-20,C관(2공장),[45] 하이드레이션/전면검사,1310820.0,1318086.0,650698.0,201.45,650698.0,1
2025-01-20,C관(2공장),[80] 누수/규격검사,999420.0,1011360.0,609677.0,163.93,609677.0,1
2025-01-20,S관(3공장),[10] 사출조립,448726.0,464298.0,183871.0,244.04,183871.0,1
2025-01-20,S관(3공장),[20] 분리,349177.0,462631.0,183871.0,189.9,183871.0,1
2025-01-20,S관(3공장),[45] 하이드레이션/전면검사,97800.0,114112.0,116759.0,83.76,116759.0,1
2025-01-20,S관(3공장),[80] 누수/규격검사,32980.0,33320.0,100645.0,32.77,100645.0,1
2025-01-21,A관(1공장),[10] 사출조립,659950.0,713436.0,197367.0,334.38,197367.0,1
2025-01-21,A관(1공장),[20] 분리,199674.0,267964.0,197367.0,101.17,197367.0,1
2025-01-21,A관(1공장),[45] 하이드레이션/전면검사,183932.0,186818.0,118500.0,155.22,118500.0,1
2025-01-21,A관(1공장),[80] 누수/규격검사,183594.0,187506.0,112903.0,162.61,112903.0,1
2025-01-21,C관(2공장),[10] 사출조립,1514544.0,1649116.0,742386.0,204.01,742386.0,1
2025-01-21,C관(2공장),[20] 분리,1292978.0,1523422.0,742386.0,174.17,742386.0,1
2025-01-21,C관(2공장),[45] 하이드레이션/전면검사,1337220.0,1338174.0,650698.0,205.51,650698.0,1
2025-01-21,C관(2공장),[80] 누수/규격검사,1074550.0,1076770.0,609677.0,176.25,609677.0,1
2025-01-21,S관(3공장),[10] 사출조립,141300.0,176294.0,183871.0,76.85,183871.0,1
2025-01-21,S관(3공장),[20] 분리,124088.0,189010.0,183871.0,67.49,183871.0,1
2025-01-21,S관(3공장),[45] 하이드레이션/전면검사,60570.0,77998.0,116759.0,51.88,116759.0,1
2025-01-21,S관(3공장),[80] 누수/규격검사,24420.0,24900.0,100645.0,24.26,100645.0,1
2025-01-22,A관(1공장),[10] 사출조립,532418.0,579798.0,197367.0,269.76,197367.0,1
2025-01-22,A관(1공장),[20] 분리,164239.0,208665.0,197367.0,83.22,197367.0,1
2025-01-22,A관(1공장),[45] 하이드레이션/전면검사,135576.0,135576.0,118500.0,114.41,118500.0,1
2025-01-22,A관(1공장),[80] 누수/규격검사,118948.0,121288.0,112903.0,105.35,112903.0,1
2025-01-22,C관(2공장),[10] 사출조립,1315530.0,1430682.0,742386.0,177.2,742386.0,1
2025-01-22,C관(2공장),[20] 분리,1263672.0,1500178.0,742386.0,170.22,742386.0,1
2025-01-22,C관(2공장),[45] 하이드레이션/전면검사,964566.0,965296.0,650698.0,148.24,650698.0,1
2025-01-22,C관(2공장),[80] 누수/규격검사,1204280.0,1206130.0,609677.0,197.53,609677.0,1
2025-01-22,S관(3공장),[10] 사출조립,262938.0,283380.0,183871.0,143.0,183871.0,1
2025-01-22,S관(3공장),[20] 분리,194797.0,239013.0,183871.0,105.94,183871.0,1
2025-01-22,S관(3공장),[45] 하이드레이션/전면검사,92950.0,102756.0,116759.0,79.61,116759.0,1
2025-01-22,S관(3공장),[80] 누수/규격검사,84140.0,88170.0,100645.0,83.6,100645.0,1
2025-01-23,A관(1공장),[10] 사출조립,632428.0,695206.0,197367.0,320.43,197367.0,1
2025-01-23,A관(1공장),[20] 분리,139913.0,192935.0,197367.0,70.89,197367.0,1
2025-01-23,A관(1공장),[45] 하이드레이션/전면검사,203210.0,203916.0,118500.0,171.49,118500.0,1
2025-01-23,A관(1공장),[80] 누수/규격검사,216749.0,222203.0,112903.0,191.98,112903.0,1
2025-01-23,C관(2공장),[10] 사출조립,1703966.0,1872508.0,742386.0,229.53,742386.0,1
2025-01-23,C관(2공장),[20] 분리,1193356.0,1436400.0,742386.0,160.75,742386.0,1
2025-01-23,C관(2공장),[45] 하이드레이션/전면검사,1191620.0,1192688.0,650698.0,183.13,650698.0,1
2025-01-23,C관(2공장),[80] 누수/규격검사,986690.0,994180.0,609677.0,161.84,609677.0,1
2025-01-23,S관(3공장),[10] 사출조립,391322.0,457758.0,183871.0,212.82,183871.0,1
2025-01-23,S관(3공장),[20] 분리,202061.0,271969.0,183871.0,109.89,183871.0,1
2025-01-23,S관(3공장),[45] 하이드레이션/전면검사,144830.0,153864.0,116759.0,124.04,116759.0,1
2025-01-23,S관(3공장),[80] 누수/규격검사,72970.0,74250.0,100645.0,72.5,100645.0,1
2025-01-24,A관(1공장),[10] 사출조립,460356.0,513848.0,197367.0,233.25,197367.0,1
2025-01-24,A관(1공장),[20] 분리,135004.0,160962.0,197367.0,68.4,197367.0,1
2025-01-24,A관(1공장),[45] 하이드레이션/전면검사,222060.0,222302.0,118500.0,187.39,118500.0,1
2025-01-24,A관(1공장),[80] 누수/규격검사,191650.0,200744.0,112903.0,169.75,112903.0,1
2025-01-24,C관(2공장),[10] 사출조립,1273482.0,1393012.0,742386.0,171.54,742386.0,1
2025-01-24,C관(2공장),[20] 분리,1282478.0,1530386.0,742386.0,172.75,742386.0,1
2025-01-24,C관(2공장),[45] 하이드레이션/전면검사,990234.0,991034.0,650698.0,152.18,650698.0,1
2025-01-24,C관(2공장),[80] 누수/규격검사,1005510.0,1008140.0,609677.0,164.93,609677.0,1
2025-01-24,S관(3공장),[10] 사출조립,512586.0,578796.0,183871.0,278.77,183871.0,1
2025-01-24,S관(3공장),[20] 분리,319588.0,415306.0,183871.0,173.81,183871.0,1
2025-01-24,S관(3공장),[45] 하이드레이션/전면검사,160320.0,184448.0,116759.0,137.31,116759.0,1
2025-01-24,S관(3공장),[80] 누수/규격검사,103760.0,105910.0,100645.0,103.1,100645.0,1
2025-01-25,A관(1공장),[10] 사출조립,673112.0,726918.0,197367.0,341.05,197367.0,1
2025-01-25,A관(1공장),[20] 분리,103046.0,127816.0,197367.0,52.21,197367.0,1
2025-01-25,A관(1공장),[45] 하이드레이션/전면검사,157106.0,157106.0,118500.0,132.58,118500.0,1
2025-01-25,A관(1공장),[80] 누수/규격검사,147682.0,153134.0,112903.0,130.8,112903.0,1
2025-01-25,C관(2공장),[10] 사출조립,1723444.0,1906124.0,742386.0,232.15,742386.0,1
2025-01-25,C관(2공장),[20] 분리,1291510.0,1526006.0,742386.0,173.97,742386.0,1
2025-01-25,C관(2공장),[45] 하이드레이션/전면검사,873494.0,874250.0,650698.0,134.24,650698.0,1
2025-01-25,C관(2공장),[80] 누수/규격검사,892380.0,893690.0,609677.0,146.37,609677.0,1
2025-01-25,S관(3공장),[10] 사출조립,223230.0,277498.0,183871.0,121.41,183871.0,1
2025-01-25,S관(3공장),[20] 분리,149520.0,227830.0,183871.0,81.32,183871.0,1
2025-01-25,S관(3공장),[45] 하이드레이션/전면검사,137350.0,147736.0,116759.0,117.64,116759.0,1
2025-01-25,S관(3공장),[80] 누수/규격검사,43030.0,43630.0,100645.0,42.75,100645.0,1
2025-01-26,A관(1공장),[10] 사출조립,551460.0,626414.0,197367.0,279.41,197367.0,1
2025-01-26,A관(1공장),[20] 분리,48602.0,68748.0,197367.0,24.63,197367.0,1
2025-01-26,A관(1공장),[45] 하이드레이션/전면검사,194278.0,194278.0,118500.0,163.95,118500.0,1
2025-01-26,A관(1공장),[80] 누수/규격검사,178282.0,182854.0,112903.0,157.91,112903.0,1
2025-01-26,C관(2공장),[10] 사출조립,1779028.0,1929994.0,742386.0,239.64,742386.0,1
2025-01-26,C관(2공장),[20] 분리,1165368.0,1391104.0,742386.0,156.98,742386.0,1
2025-01-26,C관(2공장),[45] 하이드레이션/전면검사,534450.0,534926.0,650698.0,82.13,650698.0,1
2025-01-26,C관(2공장),[80] 누수/규격검사,711940.0,718720.0,609677.0,116.77,609677.0,1
2025-01-26,S관(3공장),[10] 사출조립,297128.0,384374.0,183871.0,161.6,183871.0,1
2025-01-26,S관(3공장),[20] 분리,145234.0,199028.0,183871.0,78.99,183871.0,1
2025-01-26,S관(3공장),[45] 하이드레이션/전면검사,149100.0,160008.0,116759.0,127.7,116759.0,1
2025-01-26,S관(3공장),[80] 누수/규격검사,55120.0,56380.0,100645.0,54.77,100645.0,1
2025-01-27,S관(3공장),[10] 사출조립,35282.0,63940.0,183871.0,19.19,183871.0,1
2025-01-27,S관(3공장),[20] 분리,24620.0,37942.0,183871.0,13.39,183871.0,1
2025-01-27,S관(3공장),[45] 하이드레이션/전면검사,23730.0,28592.0,116759.0,20.32,116759.0,1
2025-01-28,S관(3공장),[10] 사출조립,98848.0,140852.0,183871.0,53.76,183871.0,1
2025-01-28,S관(3공장),[20] 분리,46052.0,70442.0,183871.0,25.05,183871.0,1
2025-01-28,S관(3공장),[45] 하이드레이션/전면검사,39460.0,41736.0,116759.0,33.8,116759.0,1
2025-01-28,S관(3공장),[80] 누수/규격검사,13460.0,15130.0,100645.0,13.37,100645.0,1
2025-01-29,S관(3공장),[20] 분리,27512.0,47209.0,183871.0,14.96,183871.0,1
2025-01-30,S관(3공장),[80] 누수/규격검사,15940.0,16015.0,100645.0,15.84,100645.0,1
2025-01-31,A관(1공장),[10] 사출조립,61785.0,71302.0,197367.0,31.3,197367.0,1
2025-01-31,A관(1공장),[20] 분리,48017.0,60842.0,197367.0,24.33,197367.0,1
2025-01-31,A관(1공장),[45] 하이드레이션/전면검사,96422.0,96681.0,118500.0,81.37,118500.0,1
2025-01-31,A관(1공장),[80] 누수/규격검사,104634.0,107066.0,112903.0,92.68,112903.0,1
2025-01-31,C관(2공장),[10] 사출조립,372076.0,433759.0,742386.0,50.12,742386.0,1
2025-01-31,C관(2공장),[20] 분리,615800.0,723280.0,742386.0,82.95,742386.0,1
2025-01-31,C관(2공장),[45] 하이드레이션/전면검사,685195.0,685763.0,650698.0,105.3,650698.0,1
2025-01-31,C관(2공장),[80] 누수/규격검사,336855.0,339385.0,609677.0,55.25,609677.0,1
2025-01-31,S관(3공장),[10] 사출조립,31179.0,64956.0,183871.0,16.96,183871.0,1
2025-01-31,S관(3공장),[20] 분리,43251.0,65398.0,183871.0,23.52,183871.0,1
2025-01-31,S관(3공장),[45] 하이드레이션/전면검사,51995.0,54392.0,116759.0,44.53,116759.0,1
2025-01-31,S관(3공장),[80] 누수/규격검사,69965.0,72225.0,100645.0,69.52,100645.0,1
2025-02-01,A관(1공장),[10] 사출조립,340584.0,414766.0,197367.0,172.56,197367.0,1
2025-02-01,A관(1공장),[20] 분리,89690.0,112282.0,197367.0,45.44,197367.0,1
2025-02-01,A관(1공장),[45] 하이드레이션/전면검사,117060.0,117060.0,118500.0,98.78,118500.0,1
2025-02-01,A관(1공장),[80] 누수/규격검사,151794.0,158244.0,112903.0,134.45,112903.0,1
2025-02-01,C관(2공장),[10] 사출조립,1415222.0,1588032.0,742386.0,190.63,742386.0,1
2025-02-01,C관(2공장),[20] 분리,1316946.0,1545730.0,742386.0,177.39,742386.0,1
2025-02-01,C관(2공장),[45] 하이드레이션/전면검사,1317230.0,1321506.0,650698.0,202.43,650698.0,1
2025-02-01,C관(2공장),[80] 누수/규격검사,919970.0,920730.0,609677.0,150.89,609677.0,1
2025-02-01,S관(3공장),[10] 사출조립,263136.0,295388.0,183871.0,143.11,183871.0,1
2025-02-01,S관(3공장),[20] 분리,151892.0,224080.0,183871.0,82.61,183871.0,1
2025-02-01,S관(3공장),[45] 하이드레이션/전면검사,136918.0,140372.0,116759.0,117.27,116759.0,1
2025-02-01,S관(3공장),[80] 누수/규격검사,96520.0,99260.0,100645.0,95.9,100645.0,1
2025-02-02,A관(1공장),[10] 사출조립,404138.0,456386.0,197367.0,204.76,197367.0,1
2025-02-02,A관(1공장),[20] 분리,114040.0,142209.0,197367.0,57.78,197367.0,1
2025-02-02,A관(1공장),[45] 하이드레이션/전면검사,98468.0,98468.0,118500.0,83.1,118500.0,1
2025-02-02,A관(1공장),[80] 누수/규격검사,169970.0,173208.0,112903.0,150.55,112903.0,1
2025-02-02,C관(2공장),[10] 사출조립,1599822.0,1815924.0,742386.0,215.5,742386.0,1
2025-02-02,C관(2공장),[20] 분리,1321564.0,1543348.0,742386.0,178.02,742386.0,1
2025-02-02,C관(2공장),[45] 하이드레이션/전면검사,1029750.0,1040808.0,650698.0,158.25,650698.0,1
2025-02-02,C관(2공장),[80] 누수/규격검사,1165930.0,1167980.0,609677.0,191.24,609677.0,1
2025-02-02,S관(3공장),[10] 사출조립,258820.0,290384.0,183871.0,140.76,183871.0,1
2025-02-02,S관(3공장),[20] 분리,157818.0,202187.0,183871.0,85.83,183871.0,1
2025-02-02,S관(3공장),[45] 하이드레이션/전면검사,93890.0,97286.0,116759.0,80.41,116759.0,1
2025-02-02,S관(3공장),[80] 누수/규격검사,78100.0,80300.0,100645.0,77.6,100645.0,1
2025-02-03,A관(1공장),[10] 사출조립,275524.0,317238.0,197367.0,139.6,197367.0,1
2025-02-03,A관(1공장),[20] 분리,105413.0,132416.0,197367.0,53.41,197367.0,1
2025-02-03,A관(1공장),[45] 하이드레이션/전면검사,167870.0,167870.0,118500.0,141.66,118500.0,1
2025-02-03,A관(1공장),[80] 누수/규격검사,127392.0,132652.0,112903.0,112.83,112903.0,1
2025-02-03,C관(2공장),[10] 사출조립,1419168.0,1567396.0,742386.0,191.16,742386.0,1
2025-02-03,C관(2공장),[20] 분리,1289148.0,1512526.0,742386.0,173.65,742386.0,1
2025-02-03,C관(2공장),[45] 하이드레이션/전면검사,1330528.0,1334770.0,650698.0,204.48,650698.0,1
2025-02-03,C관(2공장),[80] 누수/규격검사,1014362.0,1015134.0,609677.0,166.38,609677.0,1
2025-02-03,S관(3공장),[10] 사출조립,315880.0,380022.0,183871.0,171.79,183871.0,1
2025-02-03,S관(3공장),[20] 분리,169885.0,227128.0,183871.0,92.39,183871.0,1
2025-02-03,S관(3공장),[45] 하이드레이션/전면검사,110790.0,114244.0,116759.0,94.89,116759.0,1
2025-02-03,S관(3공장),[80] 누수/규격검사,90080.0,91530.0,100645.0,89.5,100645.0,1
2025-02-04,A관(1공장),[10] 사출조립,395460.0,438592.0,197367.0,200.37,197367.0,1
2025-02-04,A관(1공장),[20] 분리,112992.0,142913.0,197367.0,57.25,197367.0,1
2025-02-04,A관(1공장),[45] 하이드레이션/전면검사,177322.0,177322.0,118500.0,149.64,118500.0,1
2025-02-04,A관(1공장),[80] 누수/규격검사,154744.0,162972.0,112903.0,137.06,112903.0,1
2025-02-04,C관(2공장),[10] 사출조립,1379234.0,1546952.0,742386.0,185.78,742386.0,1
2025-02-04,C관(2공장),[20] 분리,1206292.0,1451438.0,742386.0,162.49,742386.0,1
2025-02-04,C관(2공장),[45] 하이드레이션/전면검사,1219670.0,1238334.0,650698.0,187.44,650698.0,1
2025-02-04,C관(2공장),[80] 누수/규격검사,1090522.0,1091612.0,609677.0,178.87,609677.0,1
2025-02-04,S관(3공장),[10] 사출조립,418950.0,468234.0,183871.0,227.85,183871.0,1
2025-02-04,S관(3공장),[20] 분리,163108.0,227527.0,183871.0,88.71,183871.0,1
2025-02-04,S관(3공장),[45] 하이드레이션/전면검사,94710.0,97700.0,116759.0,81.12,116759.0,1
2025-02-04,S관(3공장),[80] 누수/규격검사,88340.0,90340.0,100645.0,87.77,100645.0,1
2025-02-05,A관(1공장),[10] 사출조립,294020.0,327726.0,197367.0,148.97,197367.0,1
2025-02-05,A관(1공장),[20] 분리,119596.0,151271.0,197367.0,60.6,197367.0,1
2025-02-05,A관(1공장),[45] 하이드레이션/전면검사,288752.0,288752.0,118500.0,243.67,118500.0,1
2025-02-05,A관(1공장),[80] 누수/규격검사,143895.0,148537.0,112903.0,127.45,112903.0,1
2025-02-05,C관(2공장),[10] 사출조립,1418152.0,1568740.0,742386.0,191.03,742386.0,1
2025-02-05,C관(2공장),[20] 분리,1266802.0,1506252.0,742386.0,170.64,742386.0,1
2025-02-05,C관(2공장),[45] 하이드레이션/전면검사,1089480.0,1090514.0,650698.0,167.43,650698.0,1
2025-02-05,C관(2공장),[80] 누수/규격검사,1156930.0,1159540.0,609677.0,189.76,609677.0,1
2025-02-05,S관(3공장),[10] 사출조립,458122.0,527632.0,183871.0,249.15,183871.0,1
2025-02-05,S관(3공장),[20] 분리,391166.0,505057.0,183871.0,212.74,183871.0,1
2025-02-05,S관(3공장),[45] 하이드레이션/전면검사,162540.0,167172.0,116759.0,139.21,116759.0,1
2025-02-05,S관(3공장),[80] 누수/규격검사,116730.0,117470.0,100645.0,115.98,100645.0,1
2025-02-06,A관(1공장),[10] 사출조립,357490.0,392744.0,197367.0,181.13,197367.0,1
2025-02-06,A관(1공장),[20] 분리,97219.0,124449.0,197367.0,49.26,197367.0,1
2025-02-06,A관(1공장),[45] 하이드레이션/전면검사,283600.0,283846.0,118500.0,239.32,118500.0,1
2025-02-06,A관(1공장),[80] 누수/규격검사,244525.0,260433.0,112903.0,216.58,112903.0,1
2025-02-06,C관(2공장),[10] 사출조립,1130876.0,1264680.0,742386.0,152.33,742386.0,1
2025-02-06,C관(2공장),[20] 분리,1195032.0,1416566.0,742386.0,160.97,742386.0,1
2025-02-06,C관(2공장),[45] 하이드레이션/전면검사,1323096.0,1324196.0,650698.0,203.33,650698.0,1
2025-02-06,C관(2공장),[80] 누수/규격검사,1181750.0,1183830.0,609677.0,193.83,609677.0,1
2025-02-06,S관(3공장),[10] 사출조립,148632.0,216596.0,183871.0,80.83,183871.0,1
2025-02-06,S관(3공장),[20] 분리,188513.0,274245.0,183871.0,102.52,183871.0,1
2025-02-06,S관(3공장),[45] 하이드레이션/전면검사,164510.0,166784.0,116759.0,140.9,116759.0,1
2025-02-06,S관(3공장),[80] 누수/규격검사,96240.0,97560.0,100645.0,95.62,100645.0,1
2025-02-07,A관(1공장),[10] 사출조립,514824.0,550234.0,197367.0,260.85,197367.0,1
2025-02-07,A관(1공장),[20] 분리,142526.0,190388.0,197367.0,72.21,197367.0,1
2025-02-07,A관(1공장),[45] 하이드레이션/전면검사,197226.0,197226.0,118500.0,166.44,118500.0,1
2025-02-07,A관(1공장),[80] 누수/규격검사,202607.0,206645.0,112903.0,179.45,112903.0,1
2025-02-07,C관(2공장),[10] 사출조립,1308876.0,1448826.0,742386.0,176.31,742386.0,1
2025-02-07,C관(2공장),[20] 분리,1288208.0,1514366.0,742386.0,173.52,742386.0,1
2025-02-07,C관(2공장),[45] 하이드레이션/전면검사,1288068.0,1294836.0,650698.0,197.95,650698.0,1
2025-02-07,C관(2공장),[80] 누수/규격검사,1001280.0,1004480.0,609677.0,164.23,609677.0,1
2025-02-07,S관(3공장),[10] 사출조립,61336.0,96432.0,183871.0,33.36,183871.0,1
2025-02-07,S관(3공장),[20] 분리,179728.0,279054.0,183871.0,97.75,183871.0,1
2025-02-07,S관(3공장),[45] 하이드레이션/전면검사,136500.0,137720.0,116759.0,116.91,116759.0,1
2025-02-07,S관(3공장),[80] 누수/규격검사,60440.0,60660.0,100645.0,60.05,100645.0,1
2025-02-08,A관(1공장),[10] 사출조립,411050.0,439540.0,197367.0,208.27,197367.0,1
2025-02-08,A관(1공장),[20] 분리,137389.0,176423.0,197367.0,69.61,197367.0,1
2025-02-08,A관(1공장),[45] 하이드레이션/전면검사,181834.0,184512.0,118500.0,153.45,118500.0,1
2025-02-08,A관(1공장),[80] 누수/규격검사,193149.0,195659.0,112903.0,171.08,112903.0,1
2025-02-08,C관(2공장),[10] 사출조립,1384526.0,1554068.0,742386.0,186.5,742386.0,1
2025-02-08,C관(2공장),[20] 분리,1266452.0,1512112.0,742386.0,170.59,742386.0,1
2025-02-08,C관(2공장),[45] 하이드레이션/전면검사,1217770.0,1225454.0,650698.0,187.15,650698.0,1
2025-02-08,C관(2공장),[80] 누수/규격검사,1002460.0,1003130.0,609677.0,164.42,609677.0,1
2025-02-08,S관(3공장),[10] 사출조립,279148.0,328882.0,183871.0,151.82,183871.0,1
2025-02-08,S관(3공장),[20] 분리,174835.0,254109.0,183871.0,95.09,183871.0,1
2025-02-08,S관(3공장),[45] 하이드레이션/전면검사,153980.0,156242.0,116759.0,131.88,116759.0,1
2025-02-08,S관(3공장),[80] 누수/규격검사,70950.0,71070.0,100645.0,70.5,100645.0,1
2025-02-09,A관(1공장),[10] 사출조립,497876.0,528446.0,197367.0,252.26,197367.0,1
2025-02-09,A관(1공장),[20] 분리,149428.0,194097.0,197367.0,75.71,197367.0,1
2025-02-09,A관(1공장),[45] 하이드레이션/전면검사,201478.0,205326.0,118500.0,170.02,118500.0,1
2025-02-09,A관(1공장),[80] 누수/규격검사,183743.0,185983.0,112903.0,162.74,112903.0,1
2025-02-09,C관(2공장),[10] 사출조립,1288104.0,1459090.0,742386.0,173.51,742386.0,1
2025-02-09,C관(2공장),[20] 분리,1185716.0,1406694.0,742386.0,159.72,742386.0,1
2025-02-09,C관(2공장),[45] 하이드레이션/전면검사,922310.0,933042.0,650698.0,141.74,650698.0,1
2025-02-09,C관(2공장),[80] 누수/규격검사,1106390.0,1107910.0,609677.0,181.47,609677.0,1
2025-02-09,S관(3공장),[10] 사출조립,243260.0,280398.0,183871.0,132.3,183871.0,1
2025-02-09,S관(3공장),[20] 분리,112300.0,172253.0,183871.0,61.08,183871.0,1
2025-02-09,S관(3공장),[45] 하이드레이션/전면검사,118280.0,119354.0,116759.0,101.3,116759.0,1
2025-02-09,S관(3공장),[80] 누수/규격검사,138030.0,138980.0,100645.0,137.15,100645.0,1
2025-02-10,A관(1공장),[10] 사출조립,251694.0,272624.0,197367.0,127.53,197367.0,1
2025-02-10,A관(1공장),[20] 분리,126919.0,165429.0,197367.0,64.31,197367.0,1
2025-02-10,A관(1공장),[45] 하이드레이션/전면검사,197434.0,209184.0,118500.0,166.61,118500.0,1
2025-02-10,A관(1공장),[80] 누수/규격검사,202062.0,207576.0,112903.0,178.97,112903.0,1
2025-02-10,C관(2공장),[10] 사출조립,1365030.0,1525624.0,742386.0,183.87,742386.0,1
2025-02-10,C관(2공장),[20] 분리,1201436.0,1450066.0,742386.0,161.83,742386.0,1
2025-02-10,C관(2공장),[45] 하이드레이션/전면검사,1111930.0,1117148.0,650698.0,170.88,650698.0,1
2025-02-10,C관(2공장),[80] 누수/규격검사,859680.0,860730.0,609677.0,141.01,609677.0,1
2025-02-10,S관(3공장),[10] 사출조립,214978.0,247734.0,183871.0,116.92,183871.0,1
2025-02-10,S관(3공장),[20] 분리,166403.0,241651.0,183871.0,90.5,183871.0,1
2025-02-10,S관(3공장),[45] 하이드레이션/전면검사,78700.0,79502.0,116759.0,67.4,116759.0,1
2025-02-10,S관(3공장),[80] 누수/규격검사,75150.0,75230.0,100645.0,74.67,100645.0,1
2025-02-11,A관(1공장),[10] 사출조립,338004.0,363170.0,197367.0,171.26,197367.0,1
2025-02-11,A관(1공장),[20] 분리,61150.0,78344.0,197367.0,30.98,197367.0,1
2025-02-11,A관(1공장),[45] 하이드레이션/전면검사,176230.0,179522.0,118500.0,148.72,118500.0,1
2025-02-11,A관(1공장),[80] 누수/규격검사,159464.0,165100.0,112903.0,141.24,112903.0,1
2025-02-11,C관(2공장),[10] 사출조립,1449192.0,1594050.0,742386.0,195.21,742386.0,1
2025-02-11,C관(2공장),[20] 분리,1138572.0,1345074.0,742386.0,153.37,742386.0,1
2025-02-11,C관(2공장),[45] 하이드레이션/전면검사,1117440.0,1124420.0,650698.0,171.73,650698.0,1
2025-02-11,C관(2공장),[80] 누수/규격검사,1045270.0,1048760.0,609677.0,171.45,609677.0,1
2025-02-11,S관(3공장),[10] 사출조립,216866.0,305344.0,183871.0,117.94,183871.0,1
2025-02-11,S관(3공장),[20] 분리,223366.0,325850.0,183871.0,121.48,183871.0,1
2025-02-11,S관(3공장),[45] 하이드레이션/전면검사,175900.0,177918.0,116759.0,150.65,116759.0,1
2025-02-11,S관(3공장),[80] 누수/규격검사,67790.0,67900.0,100645.0,67.36,100645.0,1
2025-02-12,A관(1공장),[10] 사출조립,293896.0,326682.0,197367.0,148.91,197367.0,1
2025-02-12,A관(1공장),[20] 분리,99226.0,123228.0,197367.0,50.27,197367.0,1
2025-02-12,A관(1공장),[45] 하이드레이션/전면검사,187292.0,189638.0,118500.0,158.05,118500.0,1
2025-02-12,A관(1공장),[80] 누수/규격검사,194628.0,200928.0,112903.0,172.39,112903.0,1
2025-02-12,C관(2공장),[10] 사출조립,1450438.0,1574964.0,742386.0,195.38,742386.0,1
2025-02-12,C관(2공장),[20] 분리,1286214.0,1506434.0,742386.0,173.25,742386.0,1
2025-02-12,C관(2공장),[45] 하이드레이션/전면검사,1156574.0,1163674.0,650698.0,177.74,650698.0,1
2025-02-12,C관(2공장),[80] 누수/규격검사,1015090.0,1016430.0,609677.0,166.5,609677.0,1
2025-02-12,S관(3공장),[10] 사출조립,271286.0,321136.0,183871.0,147.54,183871.0,1
2025-02-12,S관(3공장),[20] 분리,160834.0,246112.0,183871.0,87.47,183871.0,1
2025-02-12,S관(3공장),[45] 하이드레이션/전면검사,131890.0,132732.0,116759.0,112.96,116759.0,1
2025-02-12,S관(3공장),[80] 누수/규격검사,84260.0,84690.0,100645.0,83.72,100645.0,1
2025-02-13,A관(1공장),[10] 사출조립,362804.0,403372.0,197367.0,183.82,197367.0,1
2025-02-13,A관(1공장),[20] 분리,83090.0,106209.0,197367.0,42.1,197367.0,1
2025-02-13,A관(1공장),[45] 하이드레이션/전면검사,190834.0,191402.0,118500.0,161.04,118500.0,1
2025-02-13,A관(1공장),[80] 누수/규격검사,217187.0,225777.0,112903.0,192.37,112903.0,1
2025-02-13,C관(2공장),[10] 사출조립,1463698.0,1605538.0,742386.0,197.16,742386.0,1
2025-02-13,C관(2공장),[20] 분리,1182076.0,1403016.0,742386.0,159.23,742386.0,1
2025-02-13,C관(2공장),[45] 하이드레이션/전면검사,1275092.0,1279122.0,650698.0,195.96,650698.0,1
2025-02-13,C관(2공장),[80] 누수/규격검사,924230.0,925280.0,609677.0,151.59,609677.0,1
2025-02-13,S관(3공장),[10] 사출조립,208864.0,264276.0,183871.0,113.59,183871.0,1
2025-02-13,S관(3공장),[20] 분리,280200.0,372671.0,183871.0,152.39,183871.0,1
2025-02-13,S관(3공장),[45] 하이드레이션/전면검사,119850.0,120936.0,116759.0,102.65,116759.0,1
2025-02-13,S관(3공장),[80] 누수/규격검사,131140.0,131470.0,100645.0,130.3,100645.0,1
2025-02-14,A관(1공장),[10] 사출조립,333748.0,362518.0,197367.0,169.1,197367.0,1
2025-02-14,A관(1공장),[20] 분리,106516.0,129432.0,197367.0,53.97,197367.0,1
2025-02-14,A관(1공장),[45] 하이드레이션/전면검사,157354.0,160950.0,118500.0,132.79,118500.0,1
2025-02-14,A관(1공장),[80] 누수/규격검사,171918.0,180673.0,112903.0,152.27,112903.0,1
2025-02-14,C관(2공장),[10] 사출조립,1515086.0,1640732.0,742386.0,204.08,742386.0,1
2025-02-14,C관(2공장),[20] 분리,1254610.0,1504494.0,742386.0,169.0,742386.0,1
2025-02-14,C관(2공장),[45] 하이드레이션/전면검사,1345490.0,1353742.0,650698.0,206.78,650698.0,1
2025-02-14,C관(2공장),[80] 누수/규격검사,1036650.0,1038440.0,609677.0,170.03,609677.0,1
2025-02-14,S관(3공장),[10] 사출조립,264004.0,291728.0,183871.0,143.58,183871.0,1
2025-02-14,S관(3공장),[20] 분리,239646.0,318436.0,183871.0,130.33,183871.0,1
2025-02-14,S관(3공장),[45] 하이드레이션/전면검사,143090.0,149514.0,116759.0,122.55,116759.0,1
2025-02-14,S관(3공장),[80] 누수/규격검사,139110.0,140710.0,100645.0,138.22,100645.0,1
2025-02-15,A관(1공장),[10] 사출조립,265192.0,297332.0,197367.0,134.36,197367.0,1
2025-02-15,A관(1공장),[20] 분리,128989.0,154630.0,197367.0,65.35,197367.0,1
2025-02-15,A관(1공장),[45] 하이드레이션/전면검사,187948.0,187948.0,118500.0,158.61,118500.0,1
2025-02-15,A관(1공장),[80] 누수/규격검사,166030.0,172354.0,112903.0,147.06,112903.0,1
2025-02-15,C관(2공장),[10] 사출조립,1513320.0,1678516.0,742386.0,203.85,742386.0,1
2025-02-15,C관(2공장),[20] 분리,1335290.0,1585246.0,742386.0,179.86,742386.0,1
2025-02-15,C관(2공장),[45] 하이드레이션/전면검사,1366060.0,1367304.0,650698.0,209.94,650698.0,1
2025-02-15,C관(2공장),[80] 누수/규격검사,1084170.0,1089270.0,609677.0,177.83,609677.0,1
2025-02-15,S관(3공장),[10] 사출조립,219102.0,257044.0,183871.0,119.16,183871.0,1
2025-02-15,S관(3공장),[20] 분리,208165.0,260976.0,183871.0,113.21,183871.0,1
2025-02-15,S관(3공장),[45] 하이드레이션/전면검사,82670.0,88268.0,116759.0,70.8,116759.0,1
2025-02-15,S관(3공장),[80] 누수/규격검사,85120.0,85180.0,100645.0,84.57,100645.0,1
2025-02-16,A관(1공장),[10] 사출조립,253264.0,293502.0,197367.0,128.32,197367.0,1
2025-02-16,A관(1공장),[20] 분리,98678.0,126643.0,197367.0,50.0,197367.0,1
2025-02-16,A관(1공장),[45] 하이드레이션/전면검사,247726.0,248964.0,118500.0,209.05,118500.0,1
2025-02-16,A관(1공장),[80] 누수/규격검사,173987.0,175897.0,112903.0,154.1,112903.0,1
2025-02-16,C관(2공장),[10] 사출조립,1592866.0,1741728.0,742386.0,214.56,742386.0,1
2025-02-16,C관(2공장),[20] 분리,1324862.0,1579858.0,742386.0,178.46,742386.0,1
2025-02-16,C관(2공장),[45] 하이드레이션/전면검사,1323080.0,1324204.0,650698.0,203.33,650698.0,1
2025-02-16,C관(2공장),[80] 누수/규격검사,1246000.0,1251910.0,609677.0,204.37,609677.0,1
2025-02-16,S관(3공장),[10] 사출조립,230972.0,255976.0,183871.0,125.62,183871.0,1
2025-02-16,S관(3공장),[20] 분리,194186.0,243227.0,183871.0,105.61,183871.0,1
2025-02-16,S관(3공장),[45] 하이드레이션/전면검사,101320.0,108790.0,116759.0,86.78,116759.0,1
2025-02-16,S관(3공장),[80] 누수/규격검사,39650.0,41200.0,100645.0,39.4,100645.0,1
2025-02-17,A관(1공장),[10] 사출조립,313218.0,351416.0,197367.0,158.7,197367.0,1
2025-02-17,A관(1공장),[20] 분리,52970.0,73291.0,197367.0,26.84,197367.0,1
2025-02-17,A관(1공장),[45] 하이드레이션/전면검사,169244.0,171466.0,118500.0,142.82,118500.0,1
2025-02-17,A관(1공장),[80] 누수/규격검사,198940.0,204174.0,112903.0,176.2,112903.0,1
2025-02-17,C관(2공장),[10] 사출조립,1462402.0,1565454.0,742386.0,196.99,742386.0,1
2025-02-17,C관(2공장),[20] 분리,1306774.0,1565098.0,742386.0,176.02,742386.0,1
2025-02-17,C관(2공장),[45] 하이드레이션/전면검사,1181138.0,1182074.0,650698.0,181.52,650698.0,1
2025-02-17,C관(2공장),[80] 누수/규격검사,1268248.0,1275400.0,609677.0,208.02,609677.0,1
2025-02-17,S관(3공장),[10] 사출조립,204304.0,217866.0,183871.0,111.11,183871.0,1
2025-02-17,S관(3공장),[20] 분리,293784.0,371719.0,183871.0,159.78,183871.0,1
2025-02-17,S관(3공장),[45] 하이드레이션/전면검사,104310.0,106412.0,116759.0,89.34,116759.0,1
2025-02-17,S관(3공장),[80] 누수/규격검사,88520.0,88670.0,100645.0,87.95,100645.0,1
2025-02-18,A관(1공장),[10] 사출조립,325830.0,351574.0,197367.0,165.09,197367.0,1
2025-02-18,A관(1공장),[20] 분리,76037.0,105276.0,197367.0,38.53,197367.0,1
2025-02-18,A관(1공장),[45] 하이드레이션/전면검사,205260.0,205260.0,118500.0,173.22,118500.0,1
2025-02-18,A관(1공장),[80] 누수/규격검사,230927.0,234257.0,112903.0,204.54,112903.0,1
2025-02-18,C관(2공장),[10] 사출조립,1375456.0,1579956.0,742386.0,185.28,742386.0,1
2025-02-18,C관(2공장),[20] 분리,1329678.0,1563118.0,742386.0,179.11,742386.0,1
2025-02-18,C관(2공장),[45] 하이드레이션/전면검사,1157470.0,1158532.0,650698.0,177.88,650698.0,1
2025-02-18,C관(2공장),[80] 누수/규격검사,1282770.0,1283870.0,609677.0,210.4,609677.0,1
2025-02-18,S관(3공장),[10] 사출조립,308890.0,331892.0,183871.0,167.99,183871.0,1
2025-02-18,S관(3공장),[20] 분리,299017.0,392806.0,183871.0,162.62,183871.0,1
2025-02-18,S관(3공장),[45] 하이드레이션/전면검사,108210.0,114448.0,116759.0,92.68,116759.0,1
2025-02-18,S관(3공장),[80] 누수/규격검사,62610.0,62750.0,100645.0,62.21,100645.0,1
2025-02-19,A관(1공장),[10] 사출조립,262772.0,279244.0,197367.0,133.14,197367.0,1
2025-02-19,A관(1공장),[20] 분리,93887.0,124982.0,197367.0,47.57,197367.0,1
2025-02-19,A관(1공장),[45] 하이드레이션/전면검사,172066.0,172666.0,118500.0,145.2,118500.0,1
2025-02-19,A관(1공장),[80] 누수/규격검사,171247.0,172225.0,112903.0,151.68,112903.0,1
2025-02-19,C관(2공장),[10] 사출조립,1017990.0,1139694.0,742386.0,137.12,742386.0,1
2025-02-19,C관(2공장),[20] 분리,1287938.0,1532518.0,742386.0,173.49,742386.0,1
2025-02-19,C관(2공장),[45] 하이드레이션/전면검사,1256100.0,1257306.0,650698.0,193.04,650698.0,1
2025-02-19,C관(2공장),[80] 누수/규격검사,1017770.0,1022300.0,609677.0,166.94,609677.0,1
2025-02-19,S관(3공장),[10] 사출조립,419598.0,451900.0,183871.0,228.2,183871.0,1
2025-02-19,S관(3공장),[20] 분리,315869.0,411738.0,183871.0,171.79,183871.0,1
2025-02-19,S관(3공장),[45] 하이드레이션/전면검사,171250.0,236264.0,116759.0,146.67,116759.0,1
2025-02-19,S관(3공장),[80] 누수/규격검사,122030.0,122300.0,100645.0,121.25,100645.0,1
2025-02-20,A관(1공장),[10] 사출조립,324802.0,349412.0,197367.0,164.57,197367.0,1
2025-02-20,A관(1공장),[20] 분리,80946.0,115694.0,197367.0,41.01,197367.0,1
2025-02-20,A관(1공장),[45] 하이드레이션/전면검사,137298.0,137698.0,118500.0,115.86,118500.0,1
2025-02-20,A관(1공장),[80] 누수/규격검사,137775.0,143141.0,112903.0,122.03,112903.0,1
2025-02-20,C관(2공장),[10] 사출조립,1465154.0,1630348.0,742386.0,197.36,742386.0,1
2025-02-20,C관(2공장),[20] 분리,1229718.0,1501766.0,742386.0,165.64,742386.0,1
2025-02-20,C관(2공장),[45] 하이드레이션/전면검사,1239310.0,1240392.0,650698.0,190.46,650698.0,1
2025-02-20,C관(2공장),[80] 누수/규격검사,1114520.0,1120190.0,609677.0,182.8,609677.0,1
2025-02-20,S관(3공장),[10] 사출조립,322942.0,362700.0,183871.0,175.64,183871.0,1
2025-02-20,S관(3공장),[20] 분리,244912.0,339674.0,183871.0,133.2,183871.0,1
2025-02-20,S관(3공장),[45] 하이드레이션/전면검사,217600.0,221292.0,116759.0,186.37,116759.0,1
2025-02-20,S관(3공장),[80] 누수/규격검사,169860.0,170380.0,100645.0,168.77,100645.0,1
2025-02-21,A관(1공장),[10] 사출조립,273580.0,292974.0,197367.0,138.61,197367.0,1
2025-02-21,A관(1공장),[20] 분리,93034.0,124970.0,197367.0,47.14,197367.0,1
2025-02-21,A관(1공장),[45] 하이드레이션/전면검사,210364.0,212192.0,118500.0,177.52,118500.0,1
2025-02-21,A관(1공장),[80] 누수/규격검사,185684.0,190622.0,112903.0,164.46,112903.0,1
2025-02-21,C관(2공장),[10] 사출조립,1537688.0,1673070.0,742386.0,207.13,742386.0,1
2025-02-21,C관(2공장),[20] 분리,1303170.0,1551746.0,742386.0,175.54,742386.0,1
2025-02-21,C관(2공장),[45] 하이드레이션/전면검사,1039340.0,1040494.0,650698.0,159.73,650698.0,1
2025-02-21,C관(2공장),[80] 누수/규격검사,1139140.0,1142000.0,609677.0,186.84,609677.0,1
2025-02-21,S관(3공장),[10] 사출조립,329986.0,346032.0,183871.0,179.47,183871.0,1
2025-02-21,S관(3공장),[20] 분리,232154.0,316816.0,183871.0,126.26,183871.0,1
2025-02-21,S관(3공장),[45] 하이드레이션/전면검사,132400.0,136952.0,116759.0,113.4,116759.0,1
2025-02-21,S관(3공장),[80] 누수/규격검사,198510.0,198770.0,100645.0,197.24,100645.0,1
2025-02-22,A관(1공장),[10] 사출조립,321344.0,347322.0,197367.0,162.82,197367.0,1
2025-02-22,A관(1공장),[20] 분리,81280.0,105891.0,197367.0,41.18,197367.0,1
2025-02-22,A관(1공장),[45] 하이드레이션/전면검사,167124.0,167124.0,118500.0,141.03,118500.0,1
2025-02-22,A관(1공장),[80] 누수/규격검사,144862.0,148748.0,112903.0,128.31,112903.0,1
2025-02-22,C관(2공장),[10] 사출조립,1412894.0,1541390.0,742386.0,190.32,742386.0,1
2025-02-22,C관(2공장),[20] 분리,1342214.0,1597806.0,742386.0,180.8,742386.0,1
2025-02-22,C관(2공장),[45] 하이드레이션/전면검사,1424250.0,1425688.0,650698.0,218.88,650698.0,1
2025-02-22,C관(2공장),[80] 누수/규격검사,1007680.0,1012450.0,609677.0,165.28,609677.0,1
2025-02-22,S관(3공장),[10] 사출조립,285456.0,324156.0,183871.0,155.25,183871.0,1
2025-02-22,S관(3공장),[20] 분리,244854.0,322643.0,183871.0,133.17,183871.0,1
2025-02-22,S관(3공장),[45] 하이드레이션/전면검사,142350.0,149876.0,116759.0,121.92,116759.0,1
2025-02-22,S관(3공장),[80] 누수/규격검사,124620.0,126320.0,100645.0,123.82,100645.0,1
2025-02-23,A관(1공장),[10] 사출조립,304188.0,325922.0,197367.0,154.12,197367.0,1
2025-02-23,A관(1공장),[20] 분리,127359.0,154899.0,197367.0,64.53,197367.0,1
2025-02-23,A관(1공장),[45] 하이드레이션/전면검사,125634.0,128274.0,118500.0,106.02,118500.0,1
2025-02-23,A관(1공장),[80] 누수/규격검사,186688.0,190782.0,112903.0,165.35,112903.0,1
2025-02-23,C관(2공장),[10] 사출조립,1236720.0,1351156.0,742386.0,166.59,742386.0,1
2025-02-23,C관(2공장),[20] 분리,1353504.0,1591462.0,742386.0,182.32,742386.0,1
2025-02-23,C관(2공장),[45] 하이드레이션/전면검사,1091950.0,1092946.0,650698.0,167.81,650698.0,1
2025-02-23,C관(2공장),[80] 누수/규격검사,1162000.0,1165360.0,609677.0,190.59,609677.0,1
2025-02-23,S관(3공장),[10] 사출조립,365898.0,400918.0,183871.0,199.0,183871.0,1
2025-02-23,S관(3공장),[20] 분리,250807.0,317923.0,183871.0,136.4,183871.0,1
2025-02-23,S관(3공장),[45] 하이드레이션/전면검사,172200.0,181700.0,116759.0,147.48,116759.0,1
2025-02-23,S관(3공장),[80] 누수/규격검사,139330.0,140970.0,100645.0,138.44,100645.0,1
2025-02-24,A관(1공장),[10] 사출조립,241732.0,260898.0,197367.0,122.48,197367.0,1
2025-02-24,A관(1공장),[20] 분리,114346.0,136807.0,197367.0,57.94,197367.0,1
2025-02-24,A관(1공장),[45] 하이드레이션/전면검사,177352.0,177352.0,118500.0,149.66,118500.0,1
2025-02-24,A관(1공장),[80] 누수/규격검사,167355.0,168755.0,112903.0,148.23,112903.0,1
2025-02-24,C관(2공장),[10] 사출조립,1518724.0,1691106.0,742386.0,204.57,742386.0,1
2025-02-24,C관(2공장),[20] 분리,1293276.0,1527616.0,742386.0,174.21,742386.0,1
2025-02-24,C관(2공장),[45] 하이드레이션/전면검사,1176786.0,1177968.0,650698.0,180.85,650698.0,1
2025-02-24,C관(2공장),[80] 누수/규격검사,1085484.0,1087794.0,609677.0,178.04,609677.0,1
2025-02-24,S관(3공장),[10] 사출조립,168772.0,230528.0,183871.0,91.79,183871.0,1
2025-02-24,S관(3공장),[20] 분리,258086.0,344979.0,183871.0,140.36,183871.0,1
2025-02-24,S관(3공장),[45] 하이드레이션/전면검사,104350.0,114396.0,116759.0,89.37,116759.0,1
2025-02-24,S관(3공장),[80] 누수/규격검사,97860.0,99310.0,100645.0,97.23,100645.0,1
2025-02-25,A관(1공장),[10] 사출조립,283938.0,299018.0,197367.0,143.86,197367.0,1
2025-02-25,A관(1공장),[20] 분리,103542.0,131132.0,197367.0,52.46,197367.0,1
2025-02-25,A관(1공장),[45] 하이드레이션/전면검사,205008.0,205008.0,118500.0,173.0,118500.0,1
2025-02-25,A관(1공장),[80] 누수/규격검사,174093.0,174728.0,112903.0,154.2,112903.0,1
2025-02-25,C관(2공장),[10] 사출조립,1365280.0,1587348.0,742386.0,183.9,742386.0,1
2025-02-25,C관(2공장),[20] 분리,1341252.0,1561608.0,742386.0,180.67,742386.0,1
2025-02-25,C관(2공장),[45] 하이드레이션/전면검사,1030298.0,1031456.0,650698.0,158.34,650698.0,1
2025-02-25,C관(2공장),[80] 누수/규격검사,969458.0,974244.0,609677.0,159.01,609677.0,1
2025-02-25,S관(3공장),[10] 사출조립,118732.0,139684.0,183871.0,64.57,183871.0,1
2025-02-25,S관(3공장),[20] 분리,277188.0,386208.0,183871.0,150.75,183871.0,1
2025-02-25,S관(3공장),[45] 하이드레이션/전면검사,119300.0,139848.0,116759.0,102.18,116759.0,1
2025-02-25,S관(3공장),[80] 누수/규격검사,38090.0,42440.0,100645.0,37.85,100645.0,1
2025-02-26,A관(1공장),[10] 사출조립,324308.0,339276.0,197367.0,164.32,197367.0,1
2025-02-26,A관(1공장),[20] 분리,100633.0,132997.0,197367.0,50.99,197367.0,1
2025-02-26,A관(1공장),[45] 하이드레이션/전면검사,204414.0,204414.0,118500.0,172.5,118500.0,1
2025-02-26,A관(1공장),[80] 누수/규격검사,156856.0,160062.0,112903.0,138.93,112903.0,1
2025-02-26,C관(2공장),[10] 사출조립,1055170.0,1144774.0,742386.0,142.13,742386.0,1
2025-02-26,C관(2공장),[20] 분리,1245072.0,1468216.0,742386.0,167.71,742386.0,1
2025-02-26,C관(2공장),[45] 하이드레이션/전면검사,1187350.0,1188468.0,650698.0,182.47,650698.0,1
2025-02-26,C관(2공장),[80] 누수/규격검사,881860.0,883220.0,609677.0,144.64,609677.0,1
2025-02-26,S관(3공장),[10] 사출조립,250816.0,298146.0,183871.0,136.41,183871.0,1
2025-02-26,S관(3공장),[20] 분리,232245.0,338903.0,183871.0,126.31,183871.0,1
2025-02-26,S관(3공장),[45] 하이드레이션/전면검사,161220.0,170392.0,116759.0,138.08,116759.0,1
2025-02-26,S관(3공장),[80] 누수/규격검사,69540.0,69650.0,100645.0,69.09,100645.0,1
2025-02-27,A관(1공장),[10] 사출조립,420014.0,449202.0,197367.0,212.81,197367.0,1
2025-02-27,A관(1공장),[20] 분리,140913.0,181671.0,197367.0,71.4,197367.0,1
2025-02-27,A관(1공장),[45] 하이드레이션/전면검사,208258.0,208258.0,118500.0,175.75,118500.0,1
2025-02-27,A관(1공장),[80] 누수/규격검사,181228.0,182934.0,112903.0,160.52,112903.0,1
2025-02-27,C관(2공장),[10] 사출조립,1285748.0,1453782.0,742386.0,173.19,742386.0,1
2025-02-27,C관(2공장),[20] 분리,1245752.0,1484108.0,742386.0,167.8,742386.0,1
2025-02-27,C관(2공장),[45] 하이드레이션/전면검사,1528814.0,1530314.0,650698.0,234.95,650698.0,1
2025-02-27,C관(2공장),[80] 누수/규격검사,1076930.0,1081240.0,609677.0,176.64,609677.0,1
2025-02-27,S관(3공장),[10] 사출조립,121646.0,158372.0,183871.0,66.16,183871.0,1
2025-02-27,S관(3공장),[20] 분리,198917.0,300783.0,183871.0,108.18,183871.0,1
2025-02-27,S관(3공장),[45] 하이드레이션/전면검사,17220.0,29590.0,116759.0,14.75,116759.0,1
2025-02-27,S관(3공장),[80] 누수/규격검사,48310.0,48380.0,100645.0,48.0,100645.0,1
2025-02-28,A관(1공장),[10] 사출조립,418668.0,460932.0,197367.0,212.13,197367.0,1
2025-02-28,A관(1공장),[20] 분리,143366.0,182540.0,197367.0,72.64,197367.0,1
2025-02-28,A관(1공장),[45] 하이드레이션/전면검사,221818.0,221818.0,118500.0,187.19,118500.0,1
2025-02-28,A관(1공장),[80] 누수/규격검사,146248.0,149521.0,112903.0,129.53,112903.0,1
2025-02-28,C관(2공장),[10] 사출조립,1399034.0,1574592.0,742386.0,188.45,742386.0,1
2025-02-28,C관(2공장),[20] 분리,1199416.0,1464620.0,742386.0,161.56,742386.0,1
2025-02-28,C관(2공장),[45] 하이드레이션/전면검사,1609770.0,1611482.0,650698.0,247.39,650698.0,1
2025-02-28,C관(2공장),[80] 누수/규격검사,1319160.0,1322060.0,609677.0,216.37,609677.0,1
2025-02-28,S관(3공장),[10] 사출조립,233442.0,254988.0,183871.0,126.96,183871.0,1
2025-02-28,S관(3공장),[20] 분리,253016.0,354298.0,183871.0,137.61,183871.0,1
2025-02-28,S관(3공장),[45] 하이드레이션/전면검사,74100.0,82016.0,116759.0,63.46,116759.0,1
2025-02-28,S관(3공장),[80] 누수/규격검사,40190.0,40270.0,100645.0,39.93,100645.0,1
2025-03-01,A관(1공장),[10] 사출조립,423108.0,444074.0,197367.0,214.38,197367.0,1
2025-03-01,A관(1공장),[20] 분리,157727.0,197386.0,197367.0,79.92,197367.0,1
2025-03-01,A관(1공장),[45] 하이드레이션/전면검사,167326.0,167718.0,118500.0,141.2,118500.0,1
2025-03-01,A관(1공장),[80] 누수/규격검사,160856.0,164218.0,112903.0,142.47,112903.0,1
2025-03-01,C관(2공장),[10] 사출조립,1145348.0,1310500.0,742386.0,154.28,742386.0,1
2025-03-01,C관(2공장),[20] 분리,1213028.0,1490556.0,742386.0,163.4,742386.0,1
2025-03-01,C관(2공장),[45] 하이드레이션/전면검사,2014260.0,2016450.0,650698.0,309.55,650698.0,1
2025-03-01,C관(2공장),[80] 누수/규격검사,1304850.0,1306370.0,609677.0,214.02,609677.0,1
2025-03-01,S관(3공장),[10] 사출조립,177328.0,188400.0,183871.0,96.44,183871.0,1
2025-03-01,S관(3공장),[20] 분리,251587.0,358952.0,183871.0,136.83,183871.0,1
2025-03-01,S관(3공장),[45] 하이드레이션/전면검사,26510.0,36366.0,116759.0,22.7,116759.0,1
2025-03-01,S관(3공장),[80] 누수/규격검사,65200.0,65200.0,100645.0,64.78,100645.0,1
2025-03-02,A관(1공장),[10] 사출조립,314626.0,334970.0,197367.0,159.41,197367.0,1
2025-03-02,A관(1공장),[20] 분리,150441.0,196972.0,197367.0,76.22,197367.0,1
2025-03-02,A관(1공장),[45] 하이드레이션/전면검사,123082.0,124756.0,118500.0,103.87,118500.0,1
2025-03-02,A관(1공장),[80] 누수/규격검사,172973.0,173923.0,112903.0,153.2,112903.0,1
2025-03-02,C관(2공장),[10] 사출조립,1401892.0,1569248.0,742386.0,188.84,742386.0,1
2025-03-02,C관(2공장),[20] 분리,1240612.0,1487842.0,742386.0,167.11,742386.0,1
2025-03-02,C관(2공장),[45] 하이드레이션/전면검사,1403760.0,1405488.0,650698.0,215.73,650698.0,1
2025-03-02,C관(2공장),[80] 누수/규격검사,1328710.0,1330510.0,609677.0,217.94,609677.0,1
2025-03-02,S관(3공장),[10] 사출조립,137790.0,142264.0,183871.0,74.94,183871.0,1
2025-03-02,S관(3공장),[20] 분리,239145.0,343266.0,183871.0,130.06,183871.0,1
2025-03-02,S관(3공장),[45] 하이드레이션/전면검사,29060.0,39714.0,116759.0,24.89,116759.0,1
2025-03-02,S관(3공장),[80] 누수/규격검사,36440.0,36540.0,100645.0,36.21,100645.0,1
2025-03-03,A관(1공장),[10] 사출조립,442960.0,471984.0,197367.0,224.43,197367.0,1
2025-03-03,A관(1공장),[20] 분리,151517.0,205569.0,197367.0,76.77,197367.0,1
2025-03-03,A관(1공장),[45] 하이드레이션/전면검사,221176.0,221176.0,118500.0,186.65,118500.0,1
2025-03-03,A관(1공장),[80] 누수/규격검사,164061.0,167185.0,112903.0,145.31,112903.0,1
2025-03-03,C관(2공장),[10] 사출조립,1392214.0,1520368.0,742386.0,187.53,742386.0,1
2025-03-03,C관(2공장),[20] 분리,1217884.0,1486034.0,742386.0,164.05,742386.0,1
2025-03-03,C관(2공장),[45] 하이드레이션/전면검사,1184340.0,1185746.0,650698.0,182.01,650698.0,1
2025-03-03,C관(2공장),[80] 누수/규격검사,1352670.0,1353940.0,609677.0,221.87,609677.0,1
2025-03-03,S관(3공장),[10] 사출조립,209852.0,239906.0,183871.0,114.13,183871.0,1
2025-03-03,S관(3공장),[20] 분리,307261.0,442705.0,183871.0,167.11,183871.0,1
2025-03-03,S관(3공장),[45] 하이드레이션/전면검사,37240.0,49082.0,116759.0,31.89,116759.0,1
2025-03-03,S관(3공장),[80] 누수/규격검사,28650.0,28650.0,100645.0,28.47,100645.0,1
2025-03-04,A관(1공장),[10] 사출조립,443000.0,452014.0,197367.0,224.45,197367.0,1
2025-03-04,A관(1공장),[20] 분리,204956.0,258799.0,197367.0,103.85,197367.0,1
2025-03-04,A관(1공장),[45] 하이드레이션/전면검사,121496.0,121496.0,118500.0,102.53,118500.0,1
2025-03-04,A관(1공장),[80] 누수/규격검사,198327.0,203017.0,112903.0,175.66,112903.0,1
2025-03-04,C관(2공장),[10] 사출조립,1407896.0,1629436.0,742386.0,189.64,742386.0,1
2025-03-04,C관(2공장),[20] 분리,1133374.0,1429266.0,742386.0,152.67,742386.0,1
2025-03-04,C관(2공장),[45] 하이드레이션/전면검사,1339740.0,1341416.0,650698.0,205.89,650698.0,1
2025-03-04,C관(2공장),[80] 누수/규격검사,1449630.0,1450340.0,609677.0,237.77,609677.0,1
2025-03-04,S관(3공장),[10] 사출조립,102624.0,124774.0,183871.0,55.81,183871.0,1
2025-03-04,S관(3공장),[20] 분리,168252.0,257333.0,183871.0,91.51,183871.0,1
2025-03-04,S관(3공장),[45] 하이드레이션/전면검사,53700.0,76208.0,116759.0,45.99,116759.0,1
2025-03-04,S관(3공장),[80] 누수/규격검사,15720.0,15730.0,100645.0,15.62,100645.0,1
2025-03-05,A관(1공장),[10] 사출조립,479498.0,499214.0,197367.0,242.95,197367.0,1
2025-03-05,A관(1공장),[20] 분리,211016.0,258336.0,197367.0,106.92,197367.0,1
2025-03-05,A관(1공장),[45] 하이드레이션/전면검사,202158.0,205484.0,118500.0,170.6,118500.0,1
2025-03-05,A관(1공장),[80] 누수/규격검사,195917.0,198419.0,112903.0,173.53,112903.0,1
2025-03-05,C관(2공장),[10] 사출조립,1435650.0,1576742.0,742386.0,193.38,742386.0,1
2025-03-05,C관(2공장),[20] 분리,1110882.0,1344114.0,742386.0,149.64,742386.0,1
2025-03-05,C관(2공장),[45] 하이드레이션/전면검사,1355080.0,1356694.0,650698.0,208.25,650698.0,1
2025-03-05,C관(2공장),[80] 누수/규격검사,1445130.0,1445870.0,609677.0,237.03,609677.0,1
2025-03-05,S관(3공장),[10] 사출조립,269026.0,351872.0,183871.0,146.31,183871.0,1
2025-03-05,S관(3공장),[20] 분리,182196.0,263804.0,183871.0,99.09,183871.0,1
2025-03-05,S관(3공장),[45] 하이드레이션/전면검사,132570.0,155974.0,116759.0,113.54,116759.0,1
2025-03-05,S관(3공장),[80] 누수/규격검사,58290.0,58450.0,100645.0,57.92,100645.0,1
2025-03-06,A관(1공장),[10] 사출조립,442220.0,456298.0,197367.0,224.06,197367.0,1
2025-03-06,A관(1공장),[20] 분리,166916.0,199033.0,197367.0,84.57,197367.0,1
2025-03-06,A관(1공장),[45] 하이드레이션/전면검사,346390.0,346390.0,118500.0,292.31,118500.0,1
2025-03-06,A관(1공장),[80] 누수/규격검사,240721.0,245889.0,112903.0,213.21,112903.0,1
2025-03-06,C관(2공장),[10] 사출조립,1486856.0,1681482.0,742386.0,200.28,742386.0,1
2025-03-06,C관(2공장),[20] 분리,1224328.0,1492984.0,742386.0,164.92,742386.0,1
2025-03-06,C관(2공장),[45] 하이드레이션/전면검사,1509630.0,1511444.0,650698.0,232.0,650698.0,1
2025-03-06,C관(2공장),[80] 누수/규격검사,1343780.0,1345030.0,609677.0,220.41,609677.0,1
2025-03-06,S관(3공장),[10] 사출조립,272314.0,335612.0,183871.0,148.1,183871.0,1
2025-03-06,S관(3공장),[20] 분리,178418.0,250001.0,183871.0,97.03,183871.0,1
2025-03-06,S관(3공장),[45] 하이드레이션/전면검사,92970.0,120066.0,116759.0,79.63,116759.0,1
2025-03-06,S관(3공장),[80] 누수/규격검사,87930.0,88330.0,100645.0,87.37,100645.0,1
2025-03-07,A관(1공장),[10] 사출조립,286542.0,301778.0,197367.0,145.18,197367.0,1
2025-03-07,A관(1공장),[20] 분리,154925.0,197552.0,197367.0,78.5,197367.0,1
2025-03-07,A관(1공장),[45] 하이드레이션/전면검사,223432.0,223432.0,118500.0,188.55,118500.0,1
2025-03-07,A관(1공장),[80] 누수/규격검사,221027.0,224593.0,112903.0,195.77,112903.0,1
2025-03-07,C관(2공장),[10] 사출조립,1365638.0,1481810.0,742386.0,183.95,742386.0,1
2025-03-07,C관(2공장),[20] 분리,1178460.0,1462328.0,742386.0,158.74,742386.0,1
2025-03-07,C관(2공장),[45] 하이드레이션/전면검사,1387360.0,1389078.0,650698.0,213.21,650698.0,1
2025-03-07,C관(2공장),[80] 누수/규격검사,1307310.0,1308060.0,609677.0,214.43,609677.0,1
2025-03-07,S관(3공장),[10] 사출조립,155404.0,165750.0,183871.0,84.52,183871.0,1
2025-03-07,S관(3공장),[20] 분리,205901.0,281374.0,183871.0,111.98,183871.0,1
2025-03-07,S관(3공장),[45] 하이드레이션/전면검사,163460.0,171446.0,116759.0,140.0,116759.0,1
2025-03-07,S관(3공장),[80] 누수/규격검사,79910.0,79960.0,100645.0,79.4,100645.0,1
2025-03-08,A관(1공장),[10] 사출조립,391916.0,409614.0,197367.0,198.57,197367.0,1
2025-03-08,A관(1공장),[20] 분리,226618.0,280862.0,197367.0,114.82,197367.0,1
2025-03-08,A관(1공장),[45] 하이드레이션/전면검사,222156.0,222156.0,118500.0,187.47,118500.0,1
2025-03-08,A관(1공장),[80] 누수/규격검사,205377.0,209294.0,112903.0,181.91,112903.0,1
2025-03-08,C관(2공장),[10] 사출조립,1679880.0,1857670.0,742386.0,226.28,742386.0,1
2025-03-08,C관(2공장),[20] 분리,1251170.0,1520818.0,742386.0,168.53,742386.0,1
2025-03-08,C관(2공장),[45] 하이드레이션/전면검사,1189990.0,1191448.0,650698.0,182.88,650698.0,1
2025-03-08,C관(2공장),[80] 누수/규격검사,1239810.0,1243420.0,609677.0,203.36,609677.0,1
2025-03-08,S관(3공장),[10] 사출조립,142748.0,145128.0,183871.0,77.63,183871.0,1
2025-03-08,S관(3공장),[20] 분리,210602.0,282984.0,183871.0,114.54,183871.0,1
2025-03-08,S관(3공장),[45] 하이드레이션/전면검사,113830.0,121588.0,116759.0,97.49,116759.0,1
2025-03-08,S관(3공장),[80] 누수/규격검사,83380.0,83680.0,100645.0,82.85,100645.0,1
2025-03-09,A관(1공장),[10] 사출조립,395234.0,412994.0,197367.0,200.25,197367.0,1
2025-03-09,A관(1공장),[20] 분리,250188.0,309603.0,197367.0,126.76,197367.0,1
2025-03-09,A관(1공장),[45] 하이드레이션/전면검사,242642.0,244380.0,118500.0,204.76,118500.0,1
2025-03-09,A관(1공장),[80] 누수/규격검사,209494.0,214754.0,112903.0,185.55,112903.0,1
2025-03-09,C관(2공장),[10] 사출조립,1310136.0,1551610.0,742386.0,176.48,742386.0,1
2025-03-09,C관(2공장),[20] 분리,1236448.0,1509776.0,742386.0,166.55,742386.0,1
2025-03-09,C관(2공장),[45] 하이드레이션/전면검사,1162030.0,1163574.0,650698.0,178.58,650698.0,1
2025-03-09,C관(2공장),[80] 누수/규격검사,1055110.0,1056930.0,609677.0,173.06,609677.0,1
2025-03-09,S관(3공장),[10] 사출조립,150768.0,188286.0,183871.0,82.0,183871.0,1
2025-03-09,S관(3공장),[20] 분리,198838.0,275005.0,183871.0,108.14,183871.0,1
2025-03-09,S관(3공장),[45] 하이드레이션/전면검사,43710.0,55072.0,116759.0,37.44,116759.0,1
2025-03-09,S관(3공장),[80] 누수/규격검사,80730.0,82940.0,100645.0,80.21,100645.0,1
2025-03-10,A관(1공장),[10] 사출조립,382788.0,404028.0,197367.0,193.95,197367.0,1
2025-03-10,A관(1공장),[20] 분리,301715.0,367560.0,197367.0,152.87,197367.0,1
2025-03-10,A관(1공장),[45] 하이드레이션/전면검사,166910.0,166910.0,118500.0,140.85,118500.0,1
2025-03-10,A관(1공장),[80] 누수/규격검사,181660.0,186913.0,112903.0,160.9,112903.0,1
2025-03-10,C관(2공장),[10] 사출조립,1727126.0,1923466.0,742386.0,232.65,742386.0,1
2025-03-10,C관(2공장),[20] 분리,1136676.0,1381886.0,742386.0,153.11,742386.0,1
2025-03-10,C관(2공장),[45] 하이드레이션/전면검사,1152680.0,1154116.0,650698.0,177.15,650698.0,1
2025-03-10,C관(2공장),[80] 누수/규격검사,1093040.0,1095680.0,609677.0,179.28,609677.0,1
2025-03-10,S관(3공장),[10] 사출조립,360746.0,402856.0,183871.0,196.2,183871.0,1
2025-03-10,S관(3공장),[20] 분리,274239.0,373460.0,183871.0,149.15,183871.0,1
2025-03-10,S관(3공장),[45] 하이드레이션/전면검사,54750.0,60664.0,116759.0,46.89,116759.0,1
2025-03-10,S관(3공장),[80] 누수/규격검사,65010.0,69170.0,100645.0,64.59,100645.0,1
2025-03-11,A관(1공장),[10] 사출조립,270376.0,285132.0,197367.0,136.99,197367.0,1
2025-03-11,A관(1공장),[20] 분리,269338.0,326524.0,197367.0,136.47,197367.0,1
2025-03-11,A관(1공장),[45] 하이드레이션/전면검사,193768.0,193768.0,118500.0,163.52,118500.0,1
2025-03-11,A관(1공장),[80] 누수/규격검사,156264.0,159807.0,112903.0,138.41,112903.0,1
2025-03-11,C관(2공장),[10] 사출조립,1441954.0,1632748.0,742386.0,194.23,742386.0,1
2025-03-11,C관(2공장),[20] 분리,1212934.0,1468162.0,742386.0,163.38,742386.0,1
2025-03-11,C관(2공장),[45] 하이드레이션/전면검사,1356780.0,1359574.0,650698.0,208.51,650698.0,1
2025-03-11,C관(2공장),[80] 누수/규격검사,1057140.0,1064790.0,609677.0,173.39,609677.0,1
2025-03-11,S관(3공장),[10] 사출조립,176924.0,191252.0,183871.0,96.22,183871.0,1
2025-03-11,S관(3공장),[20] 분리,266486.0,352308.0,183871.0,144.93,183871.0,1
2025-03-11,S관(3공장),[45] 하이드레이션/전면검사,100800.0,101110.0,116759.0,86.33,116759.0,1
2025-03-11,S관(3공장),[80] 누수/규격검사,45110.0,46930.0,100645.0,44.82,100645.0,1
2025-03-12,A관(1공장),[10] 사출조립,311854.0,330232.0,197367.0,158.01,197367.0,1
2025-03-12,A관(1공장),[20] 분리,219930.0,270160.0,197367.0,111.43,197367.0,1
2025-03-12,A관(1공장),[45] 하이드레이션/전면검사,203058.0,203654.0,118500.0,171.36,118500.0,1
2025-03-12,A관(1공장),[80] 누수/규격검사,181829.0,189225.0,112903.0,161.05,112903.0,1
2025-03-12,C관(2공장),[10] 사출조립,1901042.0,2077484.0,742386.0,256.07,742386.0,1
2025-03-12,C관(2공장),[20] 분리,1084914.0,1302866.0,742386.0,146.14,742386.0,1
2025-03-12,C관(2공장),[45] 하이드레이션/전면검사,1369480.0,1370974.0,650698.0,210.46,650698.0,1
2025-03-12,C관(2공장),[80] 누수/규격검사,1260750.0,1266570.0,609677.0,206.79,609677.0,1
2025-03-12,S관(3공장),[10] 사출조립,151020.0,174668.0,183871.0,82.13,183871.0,1
2025-03-12,S관(3공장),[20] 분리,124560.0,182242.0,183871.0,67.74,183871.0,1
2025-03-12,S관(3공장),[45] 하이드레이션/전면검사,116280.0,120540.0,116759.0,99.59,116759.0,1
2025-03-12,S관(3공장),[80] 누수/규격검사,50990.0,51070.0,100645.0,50.66,100645.0,1
2025-03-13,A관(1공장),[10] 사출조립,302956.0,320312.0,197367.0,153.5,197367.0,1
2025-03-13,A관(1공장),[20] 분리,161182.0,213460.0,197367.0,81.67,197367.0,1
2025-03-13,A관(1공장),[45] 하이드레이션/전면검사,194486.0,200282.0,118500.0,164.12,118500.0,1
2025-03-13,A관(1공장),[80] 누수/규격검사,198907.0,207099.0,112903.0,176.18,112903.0,1
2025-03-13,C관(2공장),[10] 사출조립,1424032.0,1584096.0,742386.0,191.82,742386.0,1
2025-03-13,C관(2공장),[20] 분리,1202358.0,1426534.0,742386.0,161.96,742386.0,1
2025-03-13,C관(2공장),[45] 하이드레이션/전면검사,1405890.0,1411512.0,650698.0,216.06,650698.0,1
2025-03-13,C관(2공장),[80] 누수/규격검사,1223380.0,1224280.0,609677.0,200.66,609677.0,1
2025-03-13,S관(3공장),[10] 사출조립,358388.0,383200.0,183871.0,194.91,183871.0,1
2025-03-13,S관(3공장),[20] 분리,210064.0,288784.0,183871.0,114.25,183871.0,1
2025-03-13,S관(3공장),[45] 하이드레이션/전면검사,150430.0,151300.0,116759.0,128.84,116759.0,1
2025-03-13,S관(3공장),[80] 누수/규격검사,91880.0,92010.0,100645.0,91.29,100645.0,1
2025-03-14,A관(1공장),[10] 사출조립,445404.0,472160.0,197367.0,225.67,197367.0,1
2025-03-14,A관(1공장),[20] 분리,203622.0,261948.0,197367.0,103.17,197367.0,1
2025-03-14,A관(1공장),[45] 하이드레이션/전면검사,251000.0,256514.0,118500.0,211.81,118500.0,1
2025-03-14,A관(1공장),[80] 누수/규격검사,213746.0,220735.0,112903.0,189.32,112903.0,1
2025-03-14,C관(2공장),[10] 사출조립,1351502.0,1495456.0,742386.0,182.05,742386.0,1
2025-03-14,C관(2공장),[20] 분리,1319856.0,1543934.0,742386.0,177.79,742386.0,1
2025-03-14,C관(2공장),[45] 하이드레이션/전면검사,1117240.0,1118256.0,650698.0,171.7,650698.0,1
2025-03-14,C관(2공장),[80] 누수/규격검사,1261120.0,1266500.0,609677.0,206.85,609677.0,1
2025-03-14,S관(3공장),[10] 사출조립,171726.0,216476.0,183871.0,93.39,183871.0,1
2025-03-14,S관(3공장),[20] 분리,169446.0,250920.0,183871.0,92.15,183871.0,1
2025-03-14,S관(3공장),[45] 하이드레이션/전면검사,196390.0,199506.0,116759.0,168.2,116759.0,1
2025-03-14,S관(3공장),[80] 누수/규격검사,63214.0,64650.0,100645.0,62.81,100645.0,1
2025-03-15,A관(1공장),[10] 사출조립,538108.0,557150.0,197367.0,272.64,197367.0,1
2025-03-15,A관(1공장),[20] 분리,212212.0,273958.0,197367.0,107.52,197367.0,1
2025-03-15,A관(1공장),[45] 하이드레이션/전면검사,170390.0,170390.0,118500.0,143.79,118500.0,1
2025-03-15,A관(1공장),[80] 누수/규격검사,215838.0,217796.0,112903.0,191.17,112903.0,1
2025-03-15,C관(2공장),[10] 사출조립,1095238.0,1229582.0,742386.0,147.53,742386.0,1
2025-03-15,C관(2공장),[20] 분리,1284974.0,1489934.0,742386.0,173.09,742386.0,1
2025-03-15,C관(2공장),[45] 하이드레이션/전면검사,1233570.0,1234488.0,650698.0,189.58,650698.0,1
2025-03-15,C관(2공장),[80] 누수/규격검사,1063620.0,1074920.0,609677.0,174.46,609677.0,1
2025-03-15,S관(3공장),[10] 사출조립,272964.0,320342.0,183871.0,148.45,183871.0,1
2025-03-15,S관(3공장),[20] 분리,162232.0,221036.0,183871.0,88.23,183871.0,1
2025-03-15,S관(3공장),[45] 하이드레이션/전면검사,187860.0,192620.0,116759.0,160.9,116759.0,1
2025-03-15,S관(3공장),[80] 누수/규격검사,152240.0,152630.0,100645.0,151.26,100645.0,1
2025-03-16,A관(1공장),[10] 사출조립,434690.0,460842.0,197367.0,220.24,197367.0,1
2025-03-16,A관(1공장),[20] 분리,185966.0,235342.0,197367.0,94.22,197367.0,1
2025-03-16,A관(1공장),[45] 하이드레이션/전면검사,202462.0,205230.0,118500.0,170.85,118500.0,1
2025-03-16,A관(1공장),[80] 누수/규격검사,155484.0,160626.0,112903.0,137.71,112903.0,1
2025-03-16,C관(2공장),[10] 사출조립,1657550.0,1823500.0,742386.0,223.27,742386.0,1
2025-03-16,C관(2공장),[20] 분리,1215604.0,1431262.0,742386.0,163.74,742386.0,1
2025-03-16,C관(2공장),[45] 하이드레이션/전면검사,1337570.0,1338762.0,650698.0,205.56,650698.0,1
2025-03-16,C관(2공장),[80] 누수/규격검사,1188910.0,1193380.0,609677.0,195.01,609677.0,1
2025-03-16,S관(3공장),[10] 사출조립,195876.0,225982.0,183871.0,106.53,183871.0,1
2025-03-16,S관(3공장),[20] 분리,121004.0,188550.0,183871.0,65.81,183871.0,1
2025-03-16,S관(3공장),[45] 하이드레이션/전면검사,202940.0,206476.0,116759.0,173.81,116759.0,1
2025-03-16,S관(3공장),[80] 누수/규격검사,174210.0,174860.0,100645.0,173.09,100645.0,1
2025-03-17,A관(1공장),[10] 사출조립,336362.0,354362.0,197367.0,170.42,197367.0,1
2025-03-17,A관(1공장),[20] 분리,173226.0,215446.0,197367.0,87.77,197367.0,1
2025-03-17,A관(1공장),[45] 하이드레이션/전면검사,102916.0,116696.0,118500.0,86.85,118500.0,1
2025-03-17,A관(1공장),[80] 누수/규격검사,188750.0,192452.0,112903.0,167.18,112903.0,1
2025-03-17,C관(2공장),[10] 사출조립,1619706.0,1769472.0,742386.0,218.18,742386.0,1
2025-03-17,C관(2공장),[20] 분리,1195846.0,1425914.0,742386.0,161.08,742386.0,1
2025-03-17,C관(2공장),[45] 하이드레이션/전면검사,1280440.0,1284934.0,650698.0,196.78,650698.0,1
2025-03-17,C관(2공장),[80] 누수/규격검사,1179040.0,1186330.0,609677.0,193.39,609677.0,1
2025-03-17,S관(3공장),[10] 사출조립,207478.0,261552.0,183871.0,112.84,183871.0,1
2025-03-17,S관(3공장),[20] 분리,151276.0,226898.0,183871.0,82.27,183871.0,1
2025-03-17,S관(3공장),[45] 하이드레이션/전면검사,205420.0,208520.0,116759.0,175.94,116759.0,1
2025-03-17,S관(3공장),[80] 누수/규격검사,159220.0,159570.0,100645.0,158.2,100645.0,1
2025-03-18,A관(1공장),[10] 사출조립,313480.0,332616.0,197367.0,158.83,197367.0,1
2025-03-18,A관(1공장),[20] 분리,200336.0,250654.0,197367.0,101.5,197367.0,1
2025-03-18,A관(1공장),[45] 하이드레이션/전면검사,228280.0,228280.0,118500.0,192.64,118500.0,1
2025-03-18,A관(1공장),[80] 누수/규격검사,190960.0,201630.0,112903.0,169.14,112903.0,1
2025-03-18,C관(2공장),[10] 사출조립,1410926.0,1509754.0,742386.0,190.05,742386.0,1
2025-03-18,C관(2공장),[20] 분리,1226976.0,1437692.0,742386.0,165.27,742386.0,1
2025-03-18,C관(2공장),[45] 하이드레이션/전면검사,1124560.0,1125686.0,650698.0,172.82,650698.0,1
2025-03-18,C관(2공장),[80] 누수/규격검사,1114760.0,1127630.0,609677.0,182.84,609677.0,1
2025-03-18,S관(3공장),[10] 사출조립,147860.0,214266.0,183871.0,80.42,183871.0,1
2025-03-18,S관(3공장),[20] 분리,187218.0,262110.0,183871.0,101.82,183871.0,1
2025-03-18,S관(3공장),[45] 하이드레이션/전면검사,147300.0,149150.0,116759.0,126.16,116759.0,1
2025-03-18,S관(3공장),[80] 누수/규격검사,119750.0,121000.0,100645.0,118.98,100645.0,1
2025-03-19,A관(1공장),[10] 사출조립,280066.0,292416.0,197367.0,141.9,197367.0,1
2025-03-19,A관(1공장),[20] 분리,151944.0,190166.0,197367.0,76.99,197367.0,1
2025-03-19,A관(1공장),[45] 하이드레이션/전면검사,192152.0,195086.0,118500.0,162.15,118500.0,1
2025-03-19,A관(1공장),[80] 누수/규격검사,154512.0,160274.0,112903.0,136.85,112903.0,1
2025-03-19,C관(2공장),[10] 사출조립,1480986.0,1613644.0,742386.0,199.49,742386.0,1
2025-03-19,C관(2공장),[20] 분리,1044160.0,1228272.0,742386.0,140.65,742386.0,1
2025-03-19,C관(2공장),[45] 하이드레이션/전면검사,1152252.0,1153390.0,650698.0,177.08,650698.0,1
2025-03-19,C관(2공장),[80] 누수/규격검사,711766.0,718626.0,609677.0,116.74,609677.0,1
2025-03-19,S관(3공장),[10] 사출조립,155266.0,225860.0,183871.0,84.44,183871.0,1
2025-03-19,S관(3공장),[20] 분리,150610.0,240148.0,183871.0,81.91,183871.0,1
2025-03-19,S관(3공장),[45] 하이드레이션/전면검사,85760.0,86670.0,116759.0,73.45,116759.0,1
2025-03-19,S관(3공장),[80] 누수/규격검사,124660.0,128170.0,100645.0,123.86,100645.0,1
2025-03-20,A관(1공장),[10] 사출조립,303608.0,324270.0,197367.0,153.83,197367.0,1
2025-03-20,A관(1공장),[20] 분리,162340.0,200682.0,197367.0,82.25,197367.0,1
2025-03-20,A관(1공장),[45] 하이드레이션/전면검사,201332.0,203234.0,118500.0,169.9,118500.0,1
2025-03-20,A관(1공장),[80] 누수/규격검사,179881.0,187338.0,112903.0,159.32,112903.0,1
2025-03-20,C관(2공장),[10] 사출조립,1655488.0,1812410.0,742386.0,223.0,742386.0,1
2025-03-20,C관(2공장),[20] 분리,1142986.0,1344142.0,742386.0,153.96,742386.0,1
2025-03-20,C관(2공장),[45] 하이드레이션/전면검사,1178586.0,1179664.0,650698.0,181.13,650698.0,1
2025-03-20,C관(2공장),[80] 누수/규격검사,863536.0,869356.0,609677.0,141.64,609677.0,1
2025-03-20,S관(3공장),[10] 사출조립,184624.0,217932.0,183871.0,100.41,183871.0,1
2025-03-20,S관(3공장),[20] 분리,144860.0,233360.0,183871.0,78.78,183871.0,1
2025-03-20,S관(3공장),[45] 하이드레이션/전면검사,145166.0,147722.0,116759.0,124.33,116759.0,1
2025-03-20,S관(3공장),[80] 누수/규격검사,46690.0,47490.0,100645.0,46.39,100645.0,1
2025-03-21,A관(1공장),[10] 사출조립,355084.0,383450.0,197367.0,179.91,197367.0,1
2025-03-21,A관(1공장),[20] 분리,149854.0,185712.0,197367.0,75.93,197367.0,1
2025-03-21,A관(1공장),[45] 하이드레이션/전면검사,161660.0,163374.0,118500.0,136.42,118500.0,1
2025-03-21,A관(1공장),[80] 누수/규격검사,157142.0,159143.0,112903.0,139.18,112903.0,1
2025-03-21,C관(2공장),[10] 사출조립,1442726.0,1528680.0,742386.0,194.34,742386.0,1
2025-03-21,C관(2공장),[20] 분리,1167888.0,1379210.0,742386.0,157.32,742386.0,1
2025-03-21,C관(2공장),[45] 하이드레이션/전면검사,1205850.0,1206936.0,650698.0,185.32,650698.0,1
2025-03-21,C관(2공장),[80] 누수/규격검사,1138440.0,1145020.0,609677.0,186.73,609677.0,1
2025-03-21,S관(3공장),[10] 사출조립,293040.0,380370.0,183871.0,159.37,183871.0,1
2025-03-21,S관(3공장),[20] 분리,116952.0,189288.0,183871.0,63.61,183871.0,1
2025-03-21,S관(3공장),[45] 하이드레이션/전면검사,167288.0,169408.0,116759.0,143.28,116759.0,1
2025-03-21,S관(3공장),[80] 누수/규격검사,99800.0,100060.0,100645.0,99.16,100645.0,1
2025-03-22,A관(1공장),[10] 사출조립,475776.0,488242.0,197367.0,241.06,197367.0,1
2025-03-22,A관(1공장),[20] 분리,154910.0,182036.0,197367.0,78.49,197367.0,1
2025-03-22,A관(1공장),[45] 하이드레이션/전면검사,190772.0,194958.0,118500.0,160.99,118500.0,1
2025-03-22,A관(1공장),[80] 누수/규격검사,140710.0,144082.0,112903.0,124.63,112903.0,1
2025-03-22,C관(2공장),[10] 사출조립,1448246.0,1646658.0,742386.0,195.08,742386.0,1
2025-03-22,C관(2공장),[20] 분리,1254510.0,1458420.0,742386.0,168.98,742386.0,1
2025-03-22,C관(2공장),[45] 하이드레이션/전면검사,1036740.0,1037844.0,650698.0,159.33,650698.0,1
2025-03-22,C관(2공장),[80] 누수/규격검사,1327910.0,1332430.0,609677.0,217.81,609677.0,1
2025-03-22,S관(3공장),[10] 사출조립,207158.0,293452.0,183871.0,112.66,183871.0,1
2025-03-22,S관(3공장),[20] 분리,191410.0,301932.0,183871.0,104.1,183871.0,1
2025-03-22,S관(3공장),[45] 하이드레이션/전면검사,89510.0,90802.0,116759.0,76.66,116759.0,1
2025-03-22,S관(3공장),[80] 누수/규격검사,153020.0,154020.0,100645.0,152.04,100645.0,1
2025-03-23,A관(1공장),[10] 사출조립,412488.0,435872.0,197367.0,209.0,197367.0,1
2025-03-23,A관(1공장),[20] 분리,151272.0,173890.0,197367.0,76.65,197367.0,1
2025-03-23,A관(1공장),[45] 하이드레이션/전면검사,147210.0,153046.0,118500.0,124.23,118500.0,1
2025-03-23,A관(1공장),[80] 누수/규격검사,168000.0,175950.0,112903.0,148.8,112903.0,1
2025-03-23,C관(2공장),[10] 사출조립,1357962.0,1529892.0,742386.0,182.92,742386.0,1
2025-03-23,C관(2공장),[20] 분리,1273068.0,1477944.0,742386.0,171.48,742386.0,1
2025-03-23,C관(2공장),[45] 하이드레이션/전면검사,1492490.0,1493792.0,650698.0,229.37,650698.0,1
2025-03-23,C관(2공장),[80] 누수/규격검사,1248220.0,1251660.0,609677.0,204.73,609677.0,1
2025-03-23,S관(3공장),[10] 사출조립,124158.0,168796.0,183871.0,67.52,183871.0,1
2025-03-23,S관(3공장),[20] 분리,139582.0,228436.0,183871.0,75.91,183871.0,1
2025-03-23,S관(3공장),[45] 하이드레이션/전면검사,31160.0,31436.0,116759.0,26.69,116759.0,1
2025-03-23,S관(3공장),[80] 누수/규격검사,65620.0,66240.0,100645.0,65.2,100645.0,1
2025-03-24,A관(1공장),[10] 사출조립,488056.0,511882.0,197367.0,247.28,197367.0,1
2025-03-24,A관(1공장),[20] 분리,149740.0,181126.0,197367.0,75.87,197367.0,1
2025-03-24,A관(1공장),[45] 하이드레이션/전면검사,279816.0,283620.0,118500.0,236.13,118500.0,1
2025-03-24,A관(1공장),[80] 누수/규격검사,162039.0,165725.0,112903.0,143.52,112903.0,1
2025-03-24,C관(2공장),[10] 사출조립,1315210.0,1499866.0,742386.0,177.16,742386.0,1
2025-03-24,C관(2공장),[20] 분리,1236248.0,1451104.0,742386.0,166.52,742386.0,1
2025-03-24,C관(2공장),[45] 하이드레이션/전면검사,1401870.0,1403336.0,650698.0,215.44,650698.0,1
2025-03-24,C관(2공장),[80] 누수/규격검사,1110230.0,1127400.0,609677.0,182.1,609677.0,1
2025-03-24,S관(3공장),[10] 사출조립,90728.0,106252.0,183871.0,49.34,183871.0,1
2025-03-24,S관(3공장),[20] 분리,159922.0,255198.0,183871.0,86.98,183871.0,1
2025-03-24,S관(3공장),[45] 하이드레이션/전면검사,41150.0,41642.0,116759.0,35.24,116759.0,1
2025-03-24,S관(3공장),[80] 누수/규격검사,17080.0,17210.0,100645.0,16.97,100645.0,1
2025-03-25,A관(1공장),[10] 사출조립,498666.0,517958.0,197367.0,252.66,197367.0,1
2025-03-25,A관(1공장),[20] 분리,152276.0,178214.0,197367.0,77.15,197367.0,1
2025-03-25,A관(1공장),[45] 하이드레이션/전면검사,196066.0,202372.0,118500.0,165.46,118500.0,1
2025-03-25,A관(1공장),[80] 누수/규격검사,184640.0,192824.0,112903.0,163.54,112903.0,1
2025-03-25,C관(2공장),[10] 사출조립,1558762.0,1733514.0,742386.0,209.97,742386.0,1
2025-03-25,C관(2공장),[20] 분리,1230494.0,1429442.0,742386.0,165.75,742386.0,1
2025-03-25,C관(2공장),[45] 하이드레이션/전면검사,1369920.0,1377260.0,650698.0,210.53,650698.0,1
2025-03-25,C관(2공장),[80] 누수/규격검사,1266310.0,1267230.0,609677.0,207.7,609677.0,1
2025-03-25,S관(3공장),[10] 사출조립,163226.0,172716.0,183871.0,88.77,183871.0,1
2025-03-25,S관(3공장),[20] 분리,217084.0,328510.0,183871.0,118.06,183871.0,1
2025-03-25,S관(3공장),[45] 하이드레이션/전면검사,120640.0,122252.0,116759.0,103.32,116759.0,1
2025-03-25,S관(3공장),[80] 누수/규격검사,46730.0,47650.0,100645.0,46.43,100645.0,1
2025-03-26,A관(1공장),[10] 사출조립,391040.0,403174.0,197367.0,198.13,197367.0,1
2025-03-26,A관(1공장),[20] 분리,155808.0,183348.0,197367.0,78.94,197367.0,1
2025-03-26,A관(1공장),[45] 하이드레이션/전면검사,250588.0,252778.0,118500.0,211.47,118500.0,1
2025-03-26,A관(1공장),[80] 누수/규격검사,121265.0,131827.0,112903.0,107.41,112903.0,1
2025-03-26,C관(2공장),[10] 사출조립,1324966.0,1463472.0,742386.0,178.47,742386.0,1
2025-03-26,C관(2공장),[20] 분리,1296136.0,1494468.0,742386.0,174.59,742386.0,1
2025-03-26,C관(2공장),[45] 하이드레이션/전면검사,1409930.0,1411336.0,650698.0,216.68,650698.0,1
2025-03-26,C관(2공장),[80] 누수/규격검사,1257570.0,1258410.0,609677.0,206.27,609677.0,1
2025-03-26,S관(3공장),[10] 사출조립,90966.0,118652.0,183871.0,49.47,183871.0,1
2025-03-26,S관(3공장),[20] 분리,134840.0,204218.0,183871.0,73.33,183871.0,1
2025-03-26,S관(3공장),[45] 하이드레이션/전면검사,215180.0,224202.0,116759.0,184.29,116759.0,1
2025-03-26,S관(3공장),[80] 누수/규격검사,79038.0,80146.0,100645.0,78.53,100645.0,1
2025-03-27,A관(1공장),[10] 사출조립,513354.0,540072.0,197367.0,260.1,197367.0,1
2025-03-27,A관(1공장),[20] 분리,112908.0,148662.0,197367.0,57.21,197367.0,1
2025-03-27,A관(1공장),[45] 하이드레이션/전면검사,143974.0,146130.0,118500.0,121.5,118500.0,1
2025-03-27,A관(1공장),[80] 누수/규격검사,129390.0,132352.0,112903.0,114.6,112903.0,1
2025-03-27,C관(2공장),[10] 사출조립,1093478.0,1206742.0,742386.0,147.29,742386.0,1
2025-03-27,C관(2공장),[20] 분리,1232254.0,1419538.0,742386.0,165.99,742386.0,1
2025-03-27,C관(2공장),[45] 하이드레이션/전면검사,1223670.0,1224830.0,650698.0,188.05,650698.0,1
2025-03-27,C관(2공장),[80] 누수/규격검사,1193690.0,1199490.0,609677.0,195.79,609677.0,1
2025-03-27,S관(3공장),[10] 사출조립,41736.0,53716.0,183871.0,22.7,183871.0,1
2025-03-27,S관(3공장),[20] 분리,132028.0,194484.0,183871.0,71.8,183871.0,1
2025-03-27,S관(3공장),[45] 하이드레이션/전면검사,195310.0,197018.0,116759.0,167.28,116759.0,1
2025-03-27,S관(3공장),[80] 누수/규격검사,153920.0,154522.0,100645.0,152.93,100645.0,1
2025-03-28,A관(1공장),[10] 사출조립,370968.0,396198.0,197367.0,187.96,197367.0,1
2025-03-28,A관(1공장),[20] 분리,144594.0,188998.0,197367.0,73.26,197367.0,1
2025-03-28,A관(1공장),[45] 하이드레이션/전면검사,116492.0,117698.0,118500.0,98.31,118500.0,1
2025-03-28,A관(1공장),[80] 누수/규격검사,149944.0,152889.0,112903.0,132.81,112903.0,1
2025-03-28,C관(2공장),[10] 사출조립,1361582.0,1459720.0,742386.0,183.41,742386.0,1
2025-03-28,C관(2공장),[20] 분리,1221596.0,1407132.0,742386.0,164.55,742386.0,1
2025-03-28,C관(2공장),[45] 하이드레이션/전면검사,1324280.0,1325586.0,650698.0,203.52,650698.0,1
2025-03-28,C관(2공장),[80] 누수/규격검사,1225460.0,1231680.0,609677.0,201.0,609677.0,1
2025-03-28,S관(3공장),[10] 사출조립,162418.0,185586.0,183871.0,88.33,183871.0,1
2025-03-28,S관(3공장),[20] 분리,115118.0,149082.0,183871.0,62.61,183871.0,1
2025-03-28,S관(3공장),[45] 하이드레이션/전면검사,118690.0,119766.0,116759.0,101.65,116759.0,1
2025-03-28,S관(3공장),[80] 누수/규격검사,152630.0,155662.0,100645.0,151.65,100645.0,1
2025-03-29,A관(1공장),[10] 사출조립,437586.0,451490.0,197367.0,221.71,197367.0,1
2025-03-29,A관(1공장),[20] 분리,134540.0,184120.0,197367.0,68.17,197367.0,1
2025-03-29,A관(1공장),[45] 하이드레이션/전면검사,223534.0,230272.0,118500.0,188.64,118500.0,1
2025-03-29,A관(1공장),[80] 누수/규격검사,157918.0,159048.0,112903.0,139.87,112903.0,1
2025-03-29,C관(2공장),[10] 사출조립,1341272.0,1481822.0,742386.0,180.67,742386.0,1
2025-03-29,C관(2공장),[20] 분리,1233408.0,1412656.0,742386.0,166.14,742386.0,1
2025-03-29,C관(2공장),[45] 하이드레이션/전면검사,1206340.0,1207536.0,650698.0,185.39,650698.0,1
2025-03-29,C관(2공장),[80] 누수/규격검사,1165220.0,1165650.0,609677.0,191.12,609677.0,1
2025-03-29,S관(3공장),[10] 사출조립,138636.0,157424.0,183871.0,75.4,183871.0,1
2025-03-29,S관(3공장),[20] 분리,117040.0,171120.0,183871.0,63.65,183871.0,1
2025-03-29,S관(3공장),[45] 하이드레이션/전면검사,57460.0,66968.0,116759.0,49.21,116759.0,1
2025-03-29,S관(3공장),[80] 누수/규격검사,137120.0,140940.0,100645.0,136.24,100645.0,1
2025-03-30,A관(1공장),[10] 사출조립,515724.0,526566.0,197367.0,261.3,197367.0,1
2025-03-30,A관(1공장),[20] 분리,128464.0,165818.0,197367.0,65.09,197367.0,1
2025-03-30,A관(1공장),[45] 하이드레이션/전면검사,157686.0,164230.0,118500.0,133.07,118500.0,1
2025-03-30,A관(1공장),[80] 누수/규격검사,167188.0,173274.0,112903.0,148.08,112903.0,1
2025-03-30,C관(2공장),[10] 사출조립,1540782.0,1647372.0,742386.0,207.54,742386.0,1
2025-03-30,C관(2공장),[20] 분리,1271260.0,1479644.0,742386.0,171.24,742386.0,1
2025-03-30,C관(2공장),[45] 하이드레이션/전면검사,1216670.0,1218016.0,650698.0,186.98,650698.0,1
2025-03-30,C관(2공장),[80] 누수/규격검사,1040310.0,1046480.0,609677.0,170.63,609677.0,1
2025-03-30,S관(3공장),[10] 사출조립,208804.0,236214.0,183871.0,113.56,183871.0,1
2025-03-30,S관(3공장),[20] 분리,114978.0,174034.0,183871.0,62.53,183871.0,1
2025-03-30,S관(3공장),[45] 하이드레이션/전면검사,86940.0,97868.0,116759.0,74.46,116759.0,1
2025-03-30,S관(3공장),[80] 누수/규격검사,54900.0,55670.0,100645.0,54.55,100645.0,1
2025-03-31,A관(1공장),[10] 사출조립,372318.0,389010.0,197367.0,188.64,197367.0,1
2025-03-31,A관(1공장),[20] 분리,146530.0,189598.0,197367.0,74.24,197367.0,1
2025-03-31,A관(1공장),[45] 하이드레이션/전면검사,138752.0,148564.0,118500.0,117.09,118500.0,1
2025-03-31,A관(1공장),[80] 누수/규격검사,169663.0,182721.0,112903.0,150.27,112903.0,1
2025-03-31,C관(2공장),[10] 사출조립,1294872.0,1399000.0,742386.0,174.42,742386.0,1
2025-03-31,C관(2공장),[20] 분리,1323924.0,1513728.0,742386.0,178.33,742386.0,1
2025-03-31,C관(2공장),[45] 하이드레이션/전면검사,1292000.0,1293152.0,650698.0,198.56,650698.0,1
2025-03-31,C관(2공장),[80] 누수/규격검사,1111660.0,1118010.0,609677.0,182.34,609677.0,1
2025-03-31,S관(3공장),[10] 사출조립,353008.0,427602.0,183871.0,191.99,183871.0,1
2025-03-31,S관(3공장),[20] 분리,158038.0,225096.0,183871.0,85.95,183871.0,1
2025-03-31,S관(3공장),[45] 하이드레이션/전면검사,31400.0,41068.0,116759.0,26.89,116759.0,1
2025-03-31,S관(3공장),[80] 누수/규격검사,33670.0,33820.0,100645.0,33.45,100645.0,1
2025-04-01,A관(1공장),[10] 사출조립,420714.0,433084.0,197367.0,213.16,197367.0,1
2025-04-01,A관(1공장),[20] 분리,159876.0,192532.0,197367.0,81.0,197367.0,1
2025-04-01,A관(1공장),[45] 하이드레이션/전면검사,107910.0,116676.0,118500.0,91.06,118500.0,1
2025-04-01,A관(1공장),[80] 누수/규격검사,147068.0,150830.0,112903.0,130.26,112903.0,1
2025-04-01,C관(2공장),[10] 사출조립,1193326.0,1308256.0,742386.0,160.74,742386.0,1
2025-04-01,C관(2공장),[20] 분리,1241488.0,1398252.0,742386.0,167.23,742386.0,1
2025-04-01,C관(2공장),[45] 하이드레이션/전면검사,1232340.0,1233372.0,650698.0,189.39,650698.0,1
2025-04-01,C관(2공장),[80] 누수/규격검사,1134140.0,1134970.0,609677.0,186.02,609677.0,1
2025-04-01,S관(3공장),[10] 사출조립,141282.0,169794.0,183871.0,76.84,183871.0,1
2025-04-01,S관(3공장),[20] 분리,178152.0,276200.0,183871.0,96.89,183871.0,1
2025-04-01,S관(3공장),[45] 하이드레이션/전면검사,116420.0,130920.0,116759.0,99.71,116759.0,1
2025-04-01,S관(3공장),[80] 누수/규격검사,56830.0,59120.0,100645.0,56.47,100645.0,1
2025-04-02,A관(1공장),[10] 사출조립,357916.0,376628.0,197367.0,181.35,197367.0,1
2025-04-02,A관(1공장),[20] 분리,149384.0,182980.0,197367.0,75.69,197367.0,1
2025-04-02,A관(1공장),[45] 하이드레이션/전면검사,183602.0,192804.0,118500.0,154.94,118500.0,1
2025-04-02,A관(1공장),[80] 누수/규격검사,127504.0,129828.0,112903.0,112.93,112903.0,1
2025-04-02,C관(2공장),[10] 사출조립,1377774.0,1478138.0,742386.0,185.59,742386.0,1
2025-04-02,C관(2공장),[20] 분리,1264500.0,1424868.0,742386.0,170.33,742386.0,1
2025-04-02,C관(2공장),[45] 하이드레이션/전면검사,1246960.0,1248114.0,650698.0,191.63,650698.0,1
2025-04-02,C관(2공장),[80] 누수/규격검사,1119180.0,1124250.0,609677.0,183.57,609677.0,1
2025-04-02,S관(3공장),[10] 사출조립,227884.0,273112.0,183871.0,123.94,183871.0,1
2025-04-02,S관(3공장),[20] 분리,174396.0,264766.0,183871.0,94.85,183871.0,1
2025-04-02,S관(3공장),[45] 하이드레이션/전면검사,110370.0,115442.0,116759.0,94.53,116759.0,1
2025-04-02,S관(3공장),[80] 누수/규격검사,53100.0,53320.0,100645.0,52.76,100645.0,1
2025-04-03,A관(1공장),[10] 사출조립,527656.0,548316.0,197367.0,267.35,197367.0,1
2025-04-03,A관(1공장),[20] 분리,124431.0,160152.0,197367.0,63.05,197367.0,1
2025-04-03,A관(1공장),[45] 하이드레이션/전면검사,125520.0,140436.0,118500.0,105.92,118500.0,1
2025-04-03,A관(1공장),[80] 누수/규격검사,147773.0,153438.0,112903.0,130.88,112903.0,1
2025-04-03,C관(2공장),[10] 사출조립,862702.0,963470.0,742386.0,116.21,742386.0,1
2025-04-03,C관(2공장),[20] 분리,1224476.0,1380396.0,742386.0,164.94,742386.0,1
2025-04-03,C관(2공장),[45] 하이드레이션/전면검사,1168400.0,1169380.0,650698.0,179.56,650698.0,1
2025-04-03,C관(2공장),[80] 누수/규격검사,1127610.0,1128270.0,609677.0,184.95,609677.0,1
2025-04-03,S관(3공장),[10] 사출조립,223510.0,250528.0,183871.0,121.56,183871.0,1
2025-04-03,S관(3공장),[20] 분리,173353.0,259376.0,183871.0,94.28,183871.0,1
2025-04-03,S관(3공장),[45] 하이드레이션/전면검사,128080.0,136768.0,116759.0,109.7,116759.0,1
2025-04-03,S관(3공장),[80] 누수/규격검사,92034.0,92114.0,100645.0,91.44,100645.0,1
2025-04-04,A관(1공장),[10] 사출조립,560492.0,578526.0,197367.0,283.98,197367.0,1
2025-04-04,A관(1공장),[20] 분리,154499.0,191320.0,197367.0,78.28,197367.0,1
2025-04-04,A관(1공장),[45] 하이드레이션/전면검사,156960.0,175138.0,118500.0,132.46,118500.0,1
2025-04-04,A관(1공장),[80] 누수/규격검사,165956.0,173280.0,112903.0,146.99,112903.0,1
2025-04-04,C관(2공장),[10] 사출조립,662388.0,720580.0,742386.0,89.22,742386.0,1
2025-04-04,C관(2공장),[20] 분리,1255596.0,1414958.0,742386.0,169.13,742386.0,1
2025-04-04,C관(2공장),[45] 하이드레이션/전면검사,1197690.0,1198704.0,650698.0,184.06,650698.0,1
2025-04-04,C관(2공장),[80] 누수/규격검사,1006510.0,1010670.0,609677.0,165.09,609677.0,1
2025-04-04,S관(3공장),[10] 사출조립,220362.0,281180.0,183871.0,119.85,183871.0,1
2025-04-04,S관(3공장),[20] 분리,149931.0,226848.0,183871.0,81.54,183871.0,1
2025-04-04,S관(3공장),[45] 하이드레이션/전면검사,132124.0,134566.0,116759.0,113.16,116759.0,1
2025-04-04,S관(3공장),[80] 누수/규격검사,139650.0,140270.0,100645.0,138.76,100645.0,1
2025-04-05,A관(1공장),[10] 사출조립,477064.0,494482.0,197367.0,241.71,197367.0,1
2025-04-05,A관(1공장),[20] 분리,139240.0,169803.0,197367.0,70.55,197367.0,1
2025-04-05,A관(1공장),[45] 하이드레이션/전면검사,186694.0,196236.0,118500.0,157.55,118500.0,1
2025-04-05,A관(1공장),[80] 누수/규격검사,139888.0,143726.0,112903.0,123.9,112903.0,1
2025-04-05,C관(2공장),[10] 사출조립,614016.0,680388.0,742386.0,82.71,742386.0,1
2025-04-05,C관(2공장),[20] 분리,1227024.0,1401776.0,742386.0,165.28,742386.0,1
2025-04-05,C관(2공장),[45] 하이드레이션/전면검사,1174880.0,1181114.0,650698.0,180.56,650698.0,1
2025-04-05,C관(2공장),[80] 누수/규격검사,1158030.0,1159260.0,609677.0,189.94,609677.0,1
2025-04-05,S관(3공장),[10] 사출조립,153754.0,199042.0,183871.0,83.62,183871.0,1
2025-04-05,S관(3공장),[20] 분리,181654.0,247711.0,183871.0,98.79,183871.0,1
2025-04-05,S관(3공장),[45] 하이드레이션/전면검사,153072.0,155656.0,116759.0,131.1,116759.0,1
2025-04-05,S관(3공장),[80] 누수/규격검사,131294.0,131384.0,100645.0,130.45,100645.0,1
2025-04-06,A관(1공장),[10] 사출조립,472120.0,484182.0,197367.0,239.21,197367.0,1
2025-04-06,A관(1공장),[20] 분리,141818.0,170664.0,197367.0,71.85,197367.0,1
2025-04-06,A관(1공장),[45] 하이드레이션/전면검사,201472.0,210984.0,118500.0,170.02,118500.0,1
2025-04-06,A관(1공장),[80] 누수/규격검사,172437.0,177401.0,112903.0,152.73,112903.0,1
2025-04-06,C관(2공장),[10] 사출조립,734484.0,786552.0,742386.0,98.94,742386.0,1
2025-04-06,C관(2공장),[20] 분리,1222392.0,1405710.0,742386.0,164.66,742386.0,1
2025-04-06,C관(2공장),[45] 하이드레이션/전면검사,1127190.0,1129092.0,650698.0,173.23,650698.0,1
2025-04-06,C관(2공장),[80] 누수/규격검사,1095610.0,1100510.0,609677.0,179.7,609677.0,1
2025-04-06,S관(3공장),[10] 사출조립,87662.0,104066.0,183871.0,47.68,183871.0,1
2025-04-06,S관(3공장),[20] 분리,120932.0,176552.0,183871.0,65.77,183871.0,1
2025-04-06,S관(3공장),[45] 하이드레이션/전면검사,74112.0,74860.0,116759.0,63.47,116759.0,1
2025-04-06,S관(3공장),[80] 누수/규격검사,95384.0,95414.0,100645.0,94.77,100645.0,1
2025-04-07,A관(1공장),[10] 사출조립,599862.0,611098.0,197367.0,303.93,197367.0,1
2025-04-07,A관(1공장),[20] 분리,160434.0,197020.0,197367.0,81.29,197367.0,1
2025-04-07,A관(1공장),[45] 하이드레이션/전면검사,161036.0,163614.0,118500.0,135.9,118500.0,1
2025-04-07,A관(1공장),[80] 누수/규격검사,152906.0,157822.0,112903.0,135.43,112903.0,1
2025-04-07,C관(2공장),[10] 사출조립,842532.0,919082.0,742386.0,113.49,742386.0,1
2025-04-07,C관(2공장),[20] 분리,1194826.0,1355786.0,742386.0,160.94,742386.0,1
2025-04-07,C관(2공장),[45] 하이드레이션/전면검사,1058730.0,1068452.0,650698.0,162.71,650698.0,1
2025-04-07,C관(2공장),[80] 누수/규격검사,975970.0,982990.0,609677.0,160.08,609677.0,1
2025-04-07,S관(3공장),[10] 사출조립,173332.0,191840.0,183871.0,94.27,183871.0,1
2025-04-07,S관(3공장),[20] 분리,220046.0,315990.0,183871.0,119.67,183871.0,1
2025-04-07,S관(3공장),[45] 하이드레이션/전면검사,61880.0,65352.0,116759.0,53.0,116759.0,1
2025-04-07,S관(3공장),[80] 누수/규격검사,55150.0,55330.0,100645.0,54.8,100645.0,1
2025-04-08,A관(1공장),[10] 사출조립,468276.0,481574.0,197367.0,237.26,197367.0,1
2025-04-08,A관(1공장),[20] 분리,159594.0,193546.0,197367.0,80.86,197367.0,1
2025-04-08,A관(1공장),[45] 하이드레이션/전면검사,165916.0,166356.0,118500.0,140.01,118500.0,1
2025-04-08,A관(1공장),[80] 누수/규격검사,149845.0,153279.0,112903.0,132.72,112903.0,1
2025-04-08,C관(2공장),[10] 사출조립,755692.0,846616.0,742386.0,101.79,742386.0,1
2025-04-08,C관(2공장),[20] 분리,1215954.0,1363802.0,742386.0,163.79,742386.0,1
2025-04-08,C관(2공장),[45] 하이드레이션/전면검사,1116680.0,1123062.0,650698.0,171.61,650698.0,1
2025-04-08,C관(2공장),[80] 누수/규격검사,877040.0,883320.0,609677.0,143.85,609677.0,1
2025-04-08,S관(3공장),[10] 사출조립,134010.0,145626.0,183871.0,72.88,183871.0,1
2025-04-08,S관(3공장),[20] 분리,125430.0,195072.0,183871.0,68.22,183871.0,1
2025-04-08,S관(3공장),[45] 하이드레이션/전면검사,68440.0,73880.0,116759.0,58.62,116759.0,1
2025-04-08,S관(3공장),[80] 누수/규격검사,34352.0,35692.0,100645.0,34.13,100645.0,1
2025-04-09,A관(1공장),[10] 사출조립,544146.0,551048.0,197367.0,275.7,197367.0,1
2025-04-09,A관(1공장),[20] 분리,141882.0,171303.0,197367.0,71.89,197367.0,1
2025-04-09,A관(1공장),[45] 하이드레이션/전면검사,201170.0,205788.0,118500.0,169.76,118500.0,1
2025-04-09,A관(1공장),[80] 누수/규격검사,169556.0,173574.0,112903.0,150.18,112903.0,1
2025-04-09,C관(2공장),[10] 사출조립,818716.0,918264.0,742386.0,110.28,742386.0,1
2025-04-09,C관(2공장),[20] 분리,1213028.0,1369992.0,742386.0,163.4,742386.0,1
2025-04-09,C관(2공장),[45] 하이드레이션/전면검사,1067952.0,1069036.0,650698.0,164.12,650698.0,1
2025-04-09,C관(2공장),[80] 누수/규격검사,980080.0,980420.0,609677.0,160.75,609677.0,1
2025-04-09,S관(3공장),[10] 사출조립,75760.0,80354.0,183871.0,41.2,183871.0,1
2025-04-09,S관(3공장),[20] 분리,154400.0,209485.0,183871.0,83.97,183871.0,1
2025-04-09,S관(3공장),[45] 하이드레이션/전면검사,138430.0,142200.0,116759.0,118.56,116759.0,1
2025-04-09,S관(3공장),[80] 누수/규격검사,73742.0,74502.0,100645.0,73.27,100645.0,1
2025-04-10,A관(1공장),[10] 사출조립,425298.0,448684.0,197367.0,215.49,197367.0,1
2025-04-10,A관(1공장),[20] 분리,134980.0,156681.0,197367.0,68.39,197367.0,1
2025-04-10,A관(1공장),[45] 하이드레이션/전면검사,198442.0,208910.0,118500.0,167.46,118500.0,1
2025-04-10,A관(1공장),[80] 누수/규격검사,149198.0,156192.0,112903.0,132.15,112903.0,1
2025-04-10,C관(2공장),[10] 사출조립,972956.0,1092920.0,742386.0,131.06,742386.0,1
2025-04-10,C관(2공장),[20] 분리,1200554.0,1347482.0,742386.0,161.72,742386.0,1
2025-04-10,C관(2공장),[45] 하이드레이션/전면검사,1167670.0,1168992.0,650698.0,179.45,650698.0,1
2025-04-10,C관(2공장),[80] 누수/규격검사,1103830.0,1105550.0,609677.0,181.05,609677.0,1
2025-04-10,S관(3공장),[10] 사출조립,212012.0,222270.0,183871.0,115.3,183871.0,1
2025-04-10,S관(3공장),[20] 분리,141622.0,202031.0,183871.0,77.02,183871.0,1
2025-04-10,S관(3공장),[45] 하이드레이션/전면검사,176684.0,178544.0,116759.0,151.32,116759.0,1
2025-04-10,S관(3공장),[80] 누수/규격검사,100630.0,104060.0,100645.0,99.99,100645.0,1
2025-04-11,A관(1공장),[10] 사출조립,485500.0,499136.0,197367.0,245.99,197367.0,1
2025-04-11,A관(1공장),[20] 분리,142641.0,168929.0,197367.0,72.27,197367.0,1
2025-04-11,A관(1공장),[45] 하이드레이션/전면검사,103350.0,113608.0,118500.0,87.22,118500.0,1
2025-04-11,A관(1공장),[80] 누수/규격검사,167064.0,169554.0,112903.0,147.97,112903.0,1
2025-04-11,C관(2공장),[10] 사출조립,692850.0,769794.0,742386.0,93.33,742386.0,1
2025-04-11,C관(2공장),[20] 분리,1100496.0,1273178.0,742386.0,148.24,742386.0,1
2025-04-11,C관(2공장),[45] 하이드레이션/전면검사,1149200.0,1150582.0,650698.0,176.61,650698.0,1
2025-04-11,C관(2공장),[80] 누수/규격검사,1023150.0,1023870.0,609677.0,167.82,609677.0,1
2025-04-11,S관(3공장),[10] 사출조립,129650.0,142594.0,183871.0,70.51,183871.0,1
2025-04-11,S관(3공장),[20] 분리,199229.0,255105.0,183871.0,108.35,183871.0,1
2025-04-11,S관(3공장),[45] 하이드레이션/전면검사,114600.0,115456.0,116759.0,98.15,116759.0,1
2025-04-11,S관(3공장),[80] 누수/규격검사,63366.0,68036.0,100645.0,62.96,100645.0,1
2025-04-12,A관(1공장),[10] 사출조립,384372.0,406872.0,197367.0,194.75,197367.0,1
2025-04-12,A관(1공장),[20] 분리,144570.0,179914.0,197367.0,73.25,197367.0,1
2025-04-12,A관(1공장),[45] 하이드레이션/전면검사,194192.0,203152.0,118500.0,163.88,118500.0,1
2025-04-12,A관(1공장),[80] 누수/규격검사,153878.0,157125.0,112903.0,136.29,112903.0,1
2025-04-12,C관(2공장),[10] 사출조립,1065306.0,1182298.0,742386.0,143.5,742386.0,1
2025-04-12,C관(2공장),[20] 분리,1149354.0,1327966.0,742386.0,154.82,742386.0,1
2025-04-12,C관(2공장),[45] 하이드레이션/전면검사,947000.0,947870.0,650698.0,145.54,650698.0,1
2025-04-12,C관(2공장),[80] 누수/규격검사,922420.0,923360.0,609677.0,151.3,609677.0,1
2025-04-12,S관(3공장),[10] 사출조립,267400.0,295454.0,183871.0,145.43,183871.0,1
2025-04-12,S관(3공장),[20] 분리,170568.0,241862.0,183871.0,92.77,183871.0,1
2025-04-12,S관(3공장),[45] 하이드레이션/전면검사,109750.0,116274.0,116759.0,94.0,116759.0,1
2025-04-12,S관(3공장),[80] 누수/규격검사,80630.0,88530.0,100645.0,80.11,100645.0,1
2025-04-13,A관(1공장),[10] 사출조립,457384.0,480660.0,197367.0,231.74,197367.0,1
2025-04-13,A관(1공장),[20] 분리,183546.0,222384.0,197367.0,93.0,197367.0,1
2025-04-13,A관(1공장),[45] 하이드레이션/전면검사,243030.0,250552.0,118500.0,205.09,118500.0,1
2025-04-13,A관(1공장),[80] 누수/규격검사,225874.0,228582.0,112903.0,200.06,112903.0,1
2025-04-13,C관(2공장),[10] 사출조립,1071264.0,1206596.0,742386.0,144.3,742386.0,1
2025-04-13,C관(2공장),[20] 분리,1168850.0,1338258.0,742386.0,157.45,742386.0,1
2025-04-13,C관(2공장),[45] 하이드레이션/전면검사,961180.0,968064.0,650698.0,147.72,650698.0,1
2025-04-13,C관(2공장),[80] 누수/규격검사,884750.0,885160.0,609677.0,145.12,609677.0,1
2025-04-13,S관(3공장),[10] 사출조립,48326.0,62030.0,183871.0,26.28,183871.0,1
2025-04-13,S관(3공장),[20] 분리,150430.0,226092.0,183871.0,81.81,183871.0,1
2025-04-13,S관(3공장),[45] 하이드레이션/전면검사,59260.0,63254.0,116759.0,50.75,116759.0,1
2025-04-13,S관(3공장),[80] 누수/규격검사,109790.0,113600.0,100645.0,109.09,100645.0,1
2025-04-14,A관(1공장),[10] 사출조립,486184.0,506558.0,197367.0,246.34,197367.0,1
2025-04-14,A관(1공장),[20] 분리,177128.0,213768.0,197367.0,89.75,197367.0,1
2025-04-14,A관(1공장),[45] 하이드레이션/전면검사,177370.0,184952.0,118500.0,149.68,118500.0,1
2025-04-14,A관(1공장),[80] 누수/규격검사,175866.0,178132.0,112903.0,155.77,112903.0,1
2025-04-14,C관(2공장),[10] 사출조립,1105444.0,1203588.0,742386.0,148.9,742386.0,1
2025-04-14,C관(2공장),[20] 분리,1089740.0,1258532.0,742386.0,146.79,742386.0,1
2025-04-14,C관(2공장),[45] 하이드레이션/전면검사,1012610.0,1019352.0,650698.0,155.62,650698.0,1
2025-04-14,C관(2공장),[80] 누수/규격검사,841160.0,842580.0,609677.0,137.97,609677.0,1
2025-04-14,S관(3공장),[10] 사출조립,217872.0,234256.0,183871.0,118.49,183871.0,1
2025-04-14,S관(3공장),[20] 분리,193278.0,261758.0,183871.0,105.12,183871.0,1
2025-04-14,S관(3공장),[45] 하이드레이션/전면검사,245990.0,248838.0,116759.0,210.68,116759.0,1
2025-04-14,S관(3공장),[80] 누수/규격검사,108438.0,110762.0,100645.0,107.74,100645.0,1
2025-04-15,A관(1공장),[10] 사출조립,371938.0,384006.0,197367.0,188.45,197367.0,1
2025-04-15,A관(1공장),[20] 분리,203279.0,244329.0,197367.0,103.0,197367.0,1
2025-04-15,A관(1공장),[45] 하이드레이션/전면검사,266112.0,274524.0,118500.0,224.57,118500.0,1
2025-04-15,A관(1공장),[80] 누수/규격검사,211616.0,217071.0,112903.0,187.43,112903.0,1
2025-04-15,C관(2공장),[10] 사출조립,1217102.0,1433138.0,742386.0,163.94,742386.0,1
2025-04-15,C관(2공장),[20] 분리,1035928.0,1196798.0,742386.0,139.54,742386.0,1
2025-04-15,C관(2공장),[45] 하이드레이션/전면검사,898850.0,905152.0,650698.0,138.14,650698.0,1
2025-04-15,C관(2공장),[80] 누수/규격검사,726570.0,729080.0,609677.0,119.17,609677.0,1
2025-04-15,S관(3공장),[10] 사출조립,188980.0,210550.0,183871.0,102.78,183871.0,1
2025-04-15,S관(3공장),[20] 분리,163491.0,215473.0,183871.0,88.92,183871.0,1
2025-04-15,S관(3공장),[45] 하이드레이션/전면검사,16800.0,19874.0,116759.0,14.39,116759.0,1
2025-04-15,S관(3공장),[80] 누수/규격검사,115120.0,118560.0,100645.0,114.38,100645.0,1
2025-04-16,A관(1공장),[10] 사출조립,348236.0,362872.0,197367.0,176.44,197367.0,1
2025-04-16,A관(1공장),[20] 분리,214008.0,251034.0,197367.0,108.43,197367.0,1
2025-04-16,A관(1공장),[45] 하이드레이션/전면검사,147576.0,149854.0,118500.0,124.54,118500.0,1
2025-04-16,A관(1공장),[80] 누수/규격검사,193229.0,202585.0,112903.0,171.15,112903.0,1
2025-04-16,C관(2공장),[10] 사출조립,1079806.0,1186126.0,742386.0,145.45,742386.0,1
2025-04-16,C관(2공장),[20] 분리,1041452.0,1193786.0,742386.0,140.28,742386.0,1
2025-04-16,C관(2공장),[45] 하이드레이션/전면검사,939240.0,940258.0,650698.0,144.34,650698.0,1
2025-04-16,C관(2공장),[80] 누수/규격검사,842640.0,845390.0,609677.0,138.21,609677.0,1
2025-04-16,S관(3공장),[10] 사출조립,114018.0,114018.0,183871.0,62.01,183871.0,1
2025-04-16,S관(3공장),[20] 분리,131044.0,184122.0,183871.0,71.27,183871.0,1
2025-04-16,S관(3공장),[45] 하이드레이션/전면검사,64870.0,68328.0,116759.0,55.56,116759.0,1
2025-04-16,S관(3공장),[80] 누수/규격검사,87208.0,89378.0,100645.0,86.65,100645.0,1
2025-04-17,A관(1공장),[10] 사출조립,360492.0,374902.0,197367.0,182.65,197367.0,1
2025-04-17,A관(1공장),[20] 분리,170927.0,222612.0,197367.0,86.6,197367.0,1
2025-04-17,A관(1공장),[45] 하이드레이션/전면검사,133878.0,139482.0,118500.0,112.98,118500.0,1
2025-04-17,A관(1공장),[80] 누수/규격검사,178529.0,183496.0,112903.0,158.13,112903.0,1
2025-04-17,C관(2공장),[10] 사출조립,1269142.0,1377234.0,742386.0,170.95,742386.0,1
2025-04-17,C관(2공장),[20] 분리,1120558.0,1310304.0,742386.0,150.94,742386.0,1
2025-04-17,C관(2공장),[45] 하이드레이션/전면검사,1121040.0,1124796.0,650698.0,172.28,650698.0,1
2025-04-17,C관(2공장),[80] 누수/규격검사,732180.0,732720.0,609677.0,120.09,609677.0,1
2025-04-17,S관(3공장),[10] 사출조립,236924.0,255844.0,183871.0,128.85,183871.0,1
2025-04-17,S관(3공장),[20] 분리,132989.0,201016.0,183871.0,72.33,183871.0,1
2025-04-17,S관(3공장),[45] 하이드레이션/전면검사,101080.0,101974.0,116759.0,86.57,116759.0,1
2025-04-17,S관(3공장),[80] 누수/규격검사,67416.0,68226.0,100645.0,66.98,100645.0,1
2025-04-18,A관(1공장),[10] 사출조립,345218.0,355402.0,197367.0,174.91,197367.0,1
2025-04-18,A관(1공장),[20] 분리,173395.0,216746.0,197367.0,87.85,197367.0,1
2025-04-18,A관(1공장),[45] 하이드레이션/전면검사,128466.0,133350.0,118500.0,108.41,118500.0,1
2025-04-18,A관(1공장),[80] 누수/규격검사,177582.0,183762.0,112903.0,157.29,112903.0,1
2025-04-18,C관(2공장),[10] 사출조립,1339138.0,1470318.0,742386.0,180.38,742386.0,1
2025-04-18,C관(2공장),[20] 분리,1182848.0,1418354.0,742386.0,159.33,742386.0,1
2025-04-18,C관(2공장),[45] 하이드레이션/전면검사,918660.0,923766.0,650698.0,141.18,650698.0,1
2025-04-18,C관(2공장),[80] 누수/규격검사,877110.0,882400.0,609677.0,143.86,609677.0,1
2025-04-18,S관(3공장),[10] 사출조립,238344.0,289680.0,183871.0,129.63,183871.0,1
2025-04-18,S관(3공장),[20] 분리,225439.0,315880.0,183871.0,122.61,183871.0,1
2025-04-18,S관(3공장),[45] 하이드레이션/전면검사,27960.0,28204.0,116759.0,23.95,116759.0,1
2025-04-18,S관(3공장),[80] 누수/규격검사,86156.0,87194.0,100645.0,85.6,100645.0,1
2025-04-19,A관(1공장),[10] 사출조립,406638.0,424900.0,197367.0,206.03,197367.0,1
2025-04-19,A관(1공장),[20] 분리,187666.0,245590.0,197367.0,95.08,197367.0,1
2025-04-19,A관(1공장),[45] 하이드레이션/전면검사,187540.0,197146.0,118500.0,158.26,118500.0,1
2025-04-19,A관(1공장),[80] 누수/규격검사,234344.0,237218.0,112903.0,207.56,112903.0,1
2025-04-19,C관(2공장),[10] 사출조립,1648128.0,1841352.0,742386.0,222.0,742386.0,1
2025-04-19,C관(2공장),[20] 분리,1286718.0,1507410.0,742386.0,173.32,742386.0,1
2025-04-19,C관(2공장),[45] 하이드레이션/전면검사,1100830.0,1108236.0,650698.0,169.18,650698.0,1
2025-04-19,C관(2공장),[80] 누수/규격검사,1053430.0,1056300.0,609677.0,172.78,609677.0,1
2025-04-19,S관(3공장),[10] 사출조립,67716.0,67716.0,183871.0,36.83,183871.0,1
2025-04-19,S관(3공장),[20] 분리,46634.0,64408.0,183871.0,25.36,183871.0,1
2025-04-19,S관(3공장),[45] 하이드레이션/전면검사,62740.0,64378.0,116759.0,53.73,116759.0,1
2025-04-19,S관(3공장),[80] 누수/규격검사,39986.0,40168.0,100645.0,39.73,100645.0,1
2025-04-20,A관(1공장),[10] 사출조립,379614.0,397636.0,197367.0,192.34,197367.0,1
2025-04-20,A관(1공장),[20] 분리,136992.0,175516.0,197367.0,69.41,197367.0,1
2025-04-20,A관(1공장),[45] 하이드레이션/전면검사,135900.0,139740.0,118500.0,114.68,118500.0,1
2025-04-20,A관(1공장),[80] 누수/규격검사,201682.0,204110.0,112903.0,178.63,112903.0,1
2025-04-20,C관(2공장),[10] 사출조립,1666714.0,1790212.0,742386.0,224.51,742386.0,1
2025-04-20,C관(2공장),[20] 분리,1302094.0,1548132.0,742386.0,175.39,742386.0,1
2025-04-20,C관(2공장),[45] 하이드레이션/전면검사,1229984.0,1232546.0,650698.0,189.03,650698.0,1
2025-04-20,C관(2공장),[80] 누수/규격검사,929590.0,936166.0,609677.0,152.47,609677.0,1
2025-04-20,S관(3공장),[10] 사출조립,301338.0,350154.0,183871.0,163.89,183871.0,1
2025-04-20,S관(3공장),[20] 분리,109924.0,164492.0,183871.0,59.78,183871.0,1
2025-04-20,S관(3공장),[45] 하이드레이션/전면검사,108300.0,114944.0,116759.0,92.76,116759.0,1
2025-04-20,S관(3공장),[80] 누수/규격검사,49110.0,49760.0,100645.0,48.8,100645.0,1
2025-04-21,A관(1공장),[10] 사출조립,385564.0,404096.0,197367.0,195.35,197367.0,1
2025-04-21,A관(1공장),[20] 분리,184094.0,237210.0,197367.0,93.27,197367.0,1
2025-04-21,A관(1공장),[45] 하이드레이션/전면검사,218656.0,220488.0,118500.0,184.52,118500.0,1
2025-04-21,A관(1공장),[80] 누수/규격검사,264576.0,269804.0,112903.0,234.34,112903.0,1
2025-04-21,C관(2공장),[10] 사출조립,1477986.0,1600614.0,742386.0,199.09,742386.0,1
2025-04-21,C관(2공장),[20] 분리,1228676.0,1453786.0,742386.0,165.5,742386.0,1
2025-04-21,C관(2공장),[45] 하이드레이션/전면검사,1038440.0,1042696.0,650698.0,159.59,650698.0,1
2025-04-21,C관(2공장),[80] 누수/규격검사,1067600.0,1072650.0,609677.0,175.11,609677.0,1
2025-04-21,S관(3공장),[10] 사출조립,297648.0,325066.0,183871.0,161.88,183871.0,1
2025-04-21,S관(3공장),[20] 분리,193474.0,260132.0,183871.0,105.22,183871.0,1
2025-04-21,S관(3공장),[45] 하이드레이션/전면검사,92070.0,99510.0,116759.0,78.85,116759.0,1
2025-04-21,S관(3공장),[80] 누수/규격검사,32730.0,32780.0,100645.0,32.52,100645.0,1
2025-04-22,A관(1공장),[10] 사출조립,380150.0,393994.0,197367.0,192.61,197367.0,1
2025-04-22,A관(1공장),[20] 분리,188662.0,230560.0,197367.0,95.59,197367.0,1
2025-04-22,A관(1공장),[45] 하이드레이션/전면검사,113402.0,124356.0,118500.0,95.7,118500.0,1
2025-04-22,A관(1공장),[80] 누수/규격검사,230595.0,236080.0,112903.0,204.24,112903.0,1
2025-04-22,C관(2공장),[10] 사출조립,1530684.0,1655838.0,742386.0,206.18,742386.0,1
2025-04-22,C관(2공장),[20] 분리,1332880.0,1594432.0,742386.0,179.54,742386.0,1
2025-04-22,C관(2공장),[45] 하이드레이션/전면검사,1280980.0,1285884.0,650698.0,196.86,650698.0,1
2025-04-22,C관(2공장),[80] 누수/규격검사,1031420.0,1036740.0,609677.0,169.17,609677.0,1
2025-04-22,S관(3공장),[10] 사출조립,271626.0,308808.0,183871.0,147.73,183871.0,1
2025-04-22,S관(3공장),[20] 분리,223558.0,316464.0,183871.0,121.58,183871.0,1
2025-04-22,S관(3공장),[45] 하이드레이션/전면검사,158940.0,161950.0,116759.0,136.13,116759.0,1
2025-04-22,S관(3공장),[80] 누수/규격검사,174374.0,175636.0,100645.0,173.26,100645.0,1
2025-04-23,A관(1공장),[10] 사출조립,360980.0,373240.0,197367.0,182.9,197367.0,1
2025-04-23,A관(1공장),[20] 분리,202066.0,245964.0,197367.0,102.38,197367.0,1
2025-04-23,A관(1공장),[45] 하이드레이션/전면검사,129128.0,137648.0,118500.0,108.97,118500.0,1
2025-04-23,A관(1공장),[80] 누수/규격검사,261458.0,265774.0,112903.0,231.58,112903.0,1
2025-04-23,C관(2공장),[10] 사출조립,1201744.0,1325364.0,742386.0,161.88,742386.0,1
2025-04-23,C관(2공장),[20] 분리,1384512.0,1634046.0,742386.0,186.49,742386.0,1
2025-04-23,C관(2공장),[45] 하이드레이션/전면검사,1411450.0,1426406.0,650698.0,216.91,650698.0,1
2025-04-23,C관(2공장),[80] 누수/규격검사,1087540.0,1094820.0,609677.0,178.38,609677.0,1
2025-04-23,S관(3공장),[10] 사출조립,208874.0,263808.0,183871.0,113.6,183871.0,1
2025-04-23,S관(3공장),[20] 분리,254764.0,352826.0,183871.0,138.56,183871.0,1
2025-04-23,S관(3공장),[45] 하이드레이션/전면검사,46020.0,48942.0,116759.0,39.41,116759.0,1
2025-04-23,S관(3공장),[80] 누수/규격검사,112738.0,112966.0,100645.0,112.02,100645.0,1
2025-04-24,A관(1공장),[10] 사출조립,363438.0,377200.0,197367.0,184.14,197367.0,1
2025-04-24,A관(1공장),[20] 분리,206286.0,257062.0,197367.0,104.52,197367.0,1
2025-04-24,A관(1공장),[45] 하이드레이션/전면검사,146928.0,153814.0,118500.0,123.99,118500.0,1
2025-04-24,A관(1공장),[80] 누수/규격검사,195822.0,204446.0,112903.0,173.44,112903.0,1
2025-04-24,C관(2공장),[10] 사출조립,850072.0,979584.0,742386.0,114.51,742386.0,1
2025-04-24,C관(2공장),[20] 분리,1406878.0,1662142.0,742386.0,189.51,742386.0,1
2025-04-24,C관(2공장),[45] 하이드레이션/전면검사,1394754.0,1405944.0,650698.0,214.35,650698.0,1
2025-04-24,C관(2공장),[80] 누수/규격검사,1049780.0,1061320.0,609677.0,172.19,609677.0,1
2025-04-24,S관(3공장),[10] 사출조립,238608.0,251978.0,183871.0,129.77,183871.0,1
2025-04-24,S관(3공장),[20] 분리,172836.0,245718.0,183871.0,94.0,183871.0,1
2025-04-24,S관(3공장),[45] 하이드레이션/전면검사,20210.0,20330.0,116759.0,17.31,116759.0,1
2025-04-24,S관(3공장),[80] 누수/규격검사,51652.0,51752.0,100645.0,51.32,100645.0,1
2025-04-25,A관(1공장),[10] 사출조립,330388.0,350170.0,197367.0,167.4,197367.0,1
2025-04-25,A관(1공장),[20] 분리,206126.0,262358.0,197367.0,104.44,197367.0,1
2025-04-25,A관(1공장),[45] 하이드레이션/전면검사,131360.0,131394.0,118500.0,110.85,118500.0,1
2025-04-25,A관(1공장),[80] 누수/규격검사,197930.0,203080.0,112903.0,175.31,112903.0,1
2025-04-25,C관(2공장),[10] 사출조립,1020820.0,1164646.0,742386.0,137.51,742386.0,1
2025-04-25,C관(2공장),[20] 분리,1328958.0,1563662.0,742386.0,179.01,742386.0,1
2025-04-25,C관(2공장),[45] 하이드레이션/전면검사,1766460.0,1786416.0,650698.0,271.47,650698.0,1
2025-04-25,C관(2공장),[80] 누수/규격검사,1370280.0,1379660.0,609677.0,224.76,609677.0,1
2025-04-25,S관(3공장),[10] 사출조립,232028.0,252584.0,183871.0,126.19,183871.0,1
2025-04-25,S관(3공장),[20] 분리,274914.0,402948.0,183871.0,149.51,183871.0,1
2025-04-25,S관(3공장),[45] 하이드레이션/전면검사,144270.0,146332.0,116759.0,123.56,116759.0,1
2025-04-25,S관(3공장),[80] 누수/규격검사,16860.0,16910.0,100645.0,16.75,100645.0,1
2025-04-26,A관(1공장),[10] 사출조립,326594.0,341104.0,197367.0,165.48,197367.0,1
2025-04-26,A관(1공장),[20] 분리,219608.0,266944.0,197367.0,111.27,197367.0,1
2025-04-26,A관(1공장),[45] 하이드레이션/전면검사,149108.0,153268.0,118500.0,125.83,118500.0,1
2025-04-26,A관(1공장),[80] 누수/규격검사,273066.0,276754.0,112903.0,241.86,112903.0,1
2025-04-26,C관(2공장),[10] 사출조립,1255558.0,1393242.0,742386.0,169.12,742386.0,1
2025-04-26,C관(2공장),[20] 분리,1462166.0,1708182.0,742386.0,196.95,742386.0,1
2025-04-26,C관(2공장),[45] 하이드레이션/전면검사,1427100.0,1446200.0,650698.0,219.32,650698.0,1
2025-04-26,C관(2공장),[80] 누수/규격검사,1439120.0,1449450.0,609677.0,236.05,609677.0,1
2025-04-26,S관(3공장),[10] 사출조립,98610.0,115824.0,183871.0,53.63,183871.0,1
2025-04-26,S관(3공장),[20] 분리,138130.0,199754.0,183871.0,75.12,183871.0,1
2025-04-26,S관(3공장),[45] 하이드레이션/전면검사,331900.0,352468.0,116759.0,284.26,116759.0,1
2025-04-26,S관(3공장),[80] 누수/규격검사,59106.0,59326.0,100645.0,58.73,100645.0,1
2025-04-27,A관(1공장),[10] 사출조립,379638.0,393734.0,197367.0,192.35,197367.0,1
2025-04-27,A관(1공장),[20] 분리,213574.0,253886.0,197367.0,108.21,197367.0,1
2025-04-27,A관(1공장),[45] 하이드레이션/전면검사,184538.0,187272.0,118500.0,155.73,118500.0,1
2025-04-27,A관(1공장),[80] 누수/규격검사,232962.0,242128.0,112903.0,206.34,112903.0,1
2025-04-27,C관(2공장),[10] 사출조립,1116750.0,1291192.0,742386.0,150.43,742386.0,1
2025-04-27,C관(2공장),[20] 분리,1434866.0,1674336.0,742386.0,193.28,742386.0,1
2025-04-27,C관(2공장),[45] 하이드레이션/전면검사,1037900.0,1041516.0,650698.0,159.51,650698.0,1
2025-04-27,C관(2공장),[80] 누수/규격검사,1179910.0,1185440.0,609677.0,193.53,609677.0,1
2025-04-27,S관(3공장),[10] 사출조립,196948.0,227542.0,183871.0,107.11,183871.0,1
2025-04-27,S관(3공장),[20] 분리,71822.0,115336.0,183871.0,39.06,183871.0,1
2025-04-27,S관(3공장),[45] 하이드레이션/전면검사,159030.0,166354.0,116759.0,136.2,116759.0,1
2025-04-27,S관(3공장),[80] 누수/규격검사,133186.0,133680.0,100645.0,132.33,100645.0,1
2025-04-28,A관(1공장),[10] 사출조립,313768.0,323362.0,197367.0,158.98,197367.0,1
2025-04-28,A관(1공장),[20] 분리,182782.0,219198.0,197367.0,92.61,197367.0,1
2025-04-28,A관(1공장),[45] 하이드레이션/전면검사,151288.0,151366.0,118500.0,127.67,118500.0,1
2025-04-28,A관(1공장),[80] 누수/규격검사,257082.0,259912.0,112903.0,227.7,112903.0,1
2025-04-28,C관(2공장),[10] 사출조립,1202970.0,1364860.0,742386.0,162.04,742386.0,1
2025-04-28,C관(2공장),[20] 분리,1272392.0,1525136.0,742386.0,171.39,742386.0,1
2025-04-28,C관(2공장),[45] 하이드레이션/전면검사,1446892.0,1453222.0,650698.0,222.36,650698.0,1
2025-04-28,C관(2공장),[80] 누수/규격검사,1315400.0,1324080.0,609677.0,215.75,609677.0,1
2025-04-28,S관(3공장),[10] 사출조립,127656.0,175426.0,183871.0,69.43,183871.0,1
2025-04-28,S관(3공장),[20] 분리,135988.0,217862.0,183871.0,73.96,183871.0,1
2025-04-28,S관(3공장),[45] 하이드레이션/전면검사,156710.0,165736.0,116759.0,134.22,116759.0,1
2025-04-28,S관(3공장),[80] 누수/규격검사,127330.0,129108.0,100645.0,126.51,100645.0,1
2025-04-29,A관(1공장),[10] 사출조립,331502.0,346040.0,197367.0,167.96,197367.0,1
2025-04-29,A관(1공장),[20] 분리,128794.0,163686.0,197367.0,65.26,197367.0,1
2025-04-29,A관(1공장),[45] 하이드레이션/전면검사,192158.0,196034.0,118500.0,162.16,118500.0,1
2025-04-29,A관(1공장),[80] 누수/규격검사,262698.0,265182.0,112903.0,232.68,112903.0,1
2025-04-29,C관(2공장),[10] 사출조립,1283296.0,1446378.0,742386.0,172.86,742386.0,1
2025-04-29,C관(2공장),[20] 분리,1194016.0,1460968.0,742386.0,160.83,742386.0,1
2025-04-29,C관(2공장),[45] 하이드레이션/전면검사,1170280.0,1172072.0,650698.0,179.85,650698.0,1
2025-04-29,C관(2공장),[80] 누수/규격검사,1324160.0,1327520.0,609677.0,217.19,609677.0,1
2025-04-29,S관(3공장),[10] 사출조립,320774.0,332034.0,183871.0,174.46,183871.0,1
2025-04-29,S관(3공장),[20] 분리,205480.0,282846.0,183871.0,111.75,183871.0,1
2025-04-29,S관(3공장),[45] 하이드레이션/전면검사,208030.0,212768.0,116759.0,178.17,116759.0,1
2025-04-29,S관(3공장),[80] 누수/규격검사,144760.0,145602.0,100645.0,143.83,100645.0,1
2025-04-30,A관(1공장),[10] 사출조립,281488.0,290780.0,197367.0,142.62,197367.0,1
2025-04-30,A관(1공장),[20] 분리,156926.0,195174.0,197367.0,79.51,197367.0,1
2025-04-30,A관(1공장),[45] 하이드레이션/전면검사,175540.0,175540.0,118500.0,148.14,118500.0,1
2025-04-30,A관(1공장),[80] 누수/규격검사,334456.0,340848.0,112903.0,296.23,112903.0,1
2025-04-30,C관(2공장),[10] 사출조립,1284390.0,1421832.0,742386.0,173.01,742386.0,1
2025-04-30,C관(2공장),[20] 분리,1287820.0,1608012.0,742386.0,173.47,742386.0,1
2025-04-30,C관(2공장),[45] 하이드레이션/전면검사,1092100.0,1095920.0,650698.0,167.84,650698.0,1
2025-04-30,C관(2공장),[80] 누수/규격검사,949660.0,959480.0,609677.0,155.76,609677.0,1
2025-04-30,S관(3공장),[10] 사출조립,158960.0,206362.0,183871.0,86.45,183871.0,1
2025-04-30,S관(3공장),[20] 분리,151828.0,207798.0,183871.0,82.57,183871.0,1
2025-04-30,S관(3공장),[45] 하이드레이션/전면검사,218460.0,225978.0,116759.0,187.1,116759.0,1
2025-04-30,S관(3공장),[80] 누수/규격검사,267136.0,267620.0,100645.0,265.42,100645.0,1
2025-05-01,A관(1공장),[10] 사출조립,257126.0,271222.0,197367.0,130.28,197367.0,1
2025-05-01,A관(1공장),[20] 분리,166930.0,203200.0,197367.0,84.58,197367.0,1
2025-05-01,A관(1공장),[45] 하이드레이션/전면검사,263990.0,267352.0,118500.0,222.78,118500.0,1
2025-05-01,A관(1공장),[80] 누수/규격검사,290940.0,294078.0,112903.0,257.69,112903.0,1
2025-05-01,C관(2공장),[10] 사출조립,1284146.0,1506226.0,742386.0,172.98,742386.0,1
2025-05-01,C관(2공장),[20] 분리,1394254.0,1671122.0,742386.0,187.81,742386.0,1
2025-05-01,C관(2공장),[45] 하이드레이션/전면검사,1478684.0,1491008.0,650698.0,227.25,650698.0,1
2025-05-01,C관(2공장),[80] 누수/규격검사,1077090.0,1087716.0,609677.0,176.67,609677.0,1
2025-05-01,S관(3공장),[10] 사출조립,177196.0,198206.0,183871.0,96.37,183871.0,1
2025-05-01,S관(3공장),[20] 분리,169902.0,223690.0,183871.0,92.4,183871.0,1
2025-05-01,S관(3공장),[45] 하이드레이션/전면검사,190560.0,200500.0,116759.0,163.21,116759.0,1
2025-05-01,S관(3공장),[80] 누수/규격검사,110216.0,110394.0,100645.0,109.51,100645.0,1
2025-05-02,A관(1공장),[10] 사출조립,287828.0,313876.0,197367.0,145.83,197367.0,1
2025-05-02,A관(1공장),[20] 분리,134774.0,167016.0,197367.0,68.29,197367.0,1
2025-05-02,A관(1공장),[45] 하이드레이션/전면검사,150756.0,150756.0,118500.0,127.22,118500.0,1
2025-05-02,A관(1공장),[80] 누수/규격검사,242324.0,246446.0,112903.0,214.63,112903.0,1
2025-05-02,C관(2공장),[10] 사출조립,1075712.0,1255952.0,742386.0,144.9,742386.0,1
2025-05-02,C관(2공장),[20] 분리,1476860.0,1731668.0,742386.0,198.93,742386.0,1
2025-05-02,C관(2공장),[45] 하이드레이션/전면검사,1736620.0,1744664.0,650698.0,266.89,650698.0,1
2025-05-02,C관(2공장),[80] 누수/규격검사,1095520.0,1099220.0,609677.0,179.69,609677.0,1
2025-05-02,S관(3공장),[10] 사출조립,269462.0,319790.0,183871.0,146.55,183871.0,1
2025-05-02,S관(3공장),[20] 분리,152992.0,204954.0,183871.0,83.21,183871.0,1
2025-05-02,S관(3공장),[45] 하이드레이션/전면검사,170360.0,182336.0,116759.0,145.91,116759.0,1
2025-05-02,S관(3공장),[80] 누수/규격검사,99462.0,99742.0,100645.0,98.82,100645.0,1
2025-05-03,A관(1공장),[10] 사출조립,354084.0,379158.0,197367.0,179.4,197367.0,1
2025-05-03,A관(1공장),[20] 분리,136746.0,165344.0,197367.0,69.29,197367.0,1
2025-05-03,A관(1공장),[45] 하이드레이션/전면검사,163664.0,170824.0,118500.0,138.11,118500.0,1
2025-05-03,A관(1공장),[80] 누수/규격검사,275658.0,279728.0,112903.0,244.15,112903.0,1
2025-05-03,C관(2공장),[10] 사출조립,1409950.0,1566470.0,742386.0,189.92,742386.0,1
2025-05-03,C관(2공장),[20] 분리,1433386.0,1706794.0,742386.0,193.08,742386.0,1
2025-05-03,C관(2공장),[45] 하이드레이션/전면검사,1497300.0,1504902.0,650698.0,230.11,650698.0,1
2025-05-03,C관(2공장),[80] 누수/규격검사,1429490.0,1433290.0,609677.0,234.47,609677.0,1
2025-05-03,S관(3공장),[10] 사출조립,96872.0,100798.0,183871.0,52.68,183871.0,1
2025-05-03,S관(3공장),[20] 분리,144864.0,192158.0,183871.0,78.79,183871.0,1
2025-05-03,S관(3공장),[45] 하이드레이션/전면검사,237270.0,242258.0,116759.0,203.21,116759.0,1
2025-05-03,S관(3공장),[80] 누수/규격검사,115648.0,117768.0,100645.0,114.91,100645.0,1
2025-05-04,A관(1공장),[10] 사출조립,410148.0,438562.0,197367.0,207.81,197367.0,1
2025-05-04,A관(1공장),[20] 분리,134428.0,155650.0,197367.0,68.11,197367.0,1
2025-05-04,A관(1공장),[45] 하이드레이션/전면검사,162346.0,164240.0,118500.0,137.0,118500.0,1
2025-05-04,A관(1공장),[80] 누수/규격검사,296608.0,299624.0,112903.0,262.71,112903.0,1
2025-05-04,C관(2공장),[10] 사출조립,1276534.0,1454684.0,742386.0,171.95,742386.0,1
2025-05-04,C관(2공장),[20] 분리,1424068.0,1686846.0,742386.0,191.82,742386.0,1
2025-05-04,C관(2공장),[45] 하이드레이션/전면검사,1060800.0,1061616.0,650698.0,163.02,650698.0,1
2025-05-04,C관(2공장),[80] 누수/규격검사,1315520.0,1325590.0,609677.0,215.77,609677.0,1
2025-05-04,S관(3공장),[10] 사출조립,71820.0,88620.0,183871.0,39.06,183871.0,1
2025-05-04,S관(3공장),[20] 분리,225044.0,288150.0,183871.0,122.39,183871.0,1
2025-05-04,S관(3공장),[45] 하이드레이션/전면검사,261660.0,274008.0,116759.0,224.1,116759.0,1
2025-05-04,S관(3공장),[80] 누수/규격검사,209706.0,211196.0,100645.0,208.36,100645.0,1
2025-05-05,A관(1공장),[10] 사출조립,487936.0,499108.0,197367.0,247.22,197367.0,1
2025-05-05,A관(1공장),[20] 분리,141624.0,165810.0,197367.0,71.76,197367.0,1
2025-05-05,A관(1공장),[45] 하이드레이션/전면검사,126634.0,126634.0,118500.0,106.86,118500.0,1
2025-05-05,A관(1공장),[80] 누수/규격검사,267671.0,271437.0,112903.0,237.08,112903.0,1
2025-05-05,C관(2공장),[10] 사출조립,1198328.0,1433970.0,742386.0,161.42,742386.0,1
2025-05-05,C관(2공장),[20] 분리,1467474.0,1731218.0,742386.0,197.67,742386.0,1
2025-05-05,C관(2공장),[45] 하이드레이션/전면검사,1283090.0,1292446.0,650698.0,197.19,650698.0,1
2025-05-05,C관(2공장),[80] 누수/규격검사,1080402.0,1083872.0,609677.0,177.21,609677.0,1
2025-05-05,S관(3공장),[10] 사출조립,152506.0,152506.0,183871.0,82.94,183871.0,1
2025-05-05,S관(3공장),[20] 분리,212984.0,290534.0,183871.0,115.83,183871.0,1
2025-05-05,S관(3공장),[45] 하이드레이션/전면검사,242062.0,254298.0,116759.0,207.32,116759.0,1
2025-05-05,S관(3공장),[80] 누수/규격검사,165548.0,166486.0,100645.0,164.49,100645.0,1
2025-05-06,A관(1공장),[10] 사출조립,441608.0,458058.0,197367.0,223.75,197367.0,1
2025-05-06,A관(1공장),[20] 분리,131750.0,155238.0,197367.0,66.75,197367.0,1
2025-05-06,A관(1공장),[45] 하이드레이션/전면검사,233500.0,233500.0,118500.0,197.05,118500.0,1
2025-05-06,A관(1공장),[80] 누수/규격검사,288870.0,291748.0,112903.0,255.86,112903.0,1
2025-05-06,C관(2공장),[10] 사출조립,1152584.0,1392284.0,742386.0,155.25,742386.0,1
2025-05-06,C관(2공장),[20] 분리,1405850.0,1673984.0,742386.0,189.37,742386.0,1
2025-05-06,C관(2공장),[45] 하이드레이션/전면검사,1460868.0,1467620.0,650698.0,224.51,650698.0,1
2025-05-06,C관(2공장),[80] 누수/규격검사,1057010.0,1064598.0,609677.0,173.37,609677.0,1
2025-05-06,S관(3공장),[10] 사출조립,230892.0,235108.0,183871.0,125.57,183871.0,1
2025-05-06,S관(3공장),[20] 분리,264754.0,370660.0,183871.0,143.99,183871.0,1
2025-05-06,S관(3공장),[45] 하이드레이션/전면검사,311470.0,321972.0,116759.0,266.76,116759.0,1
2025-05-06,S관(3공장),[80] 누수/규격검사,114600.0,115320.0,100645.0,113.87,100645.0,1
2025-05-07,A관(1공장),[10] 사출조립,393260.0,406212.0,197367.0,199.25,197367.0,1
2025-05-07,A관(1공장),[20] 분리,140976.0,167068.0,197367.0,71.43,197367.0,1
2025-05-07,A관(1공장),[45] 하이드레이션/전면검사,161716.0,161716.0,118500.0,136.47,118500.0,1
2025-05-07,A관(1공장),[80] 누수/규격검사,294562.0,303076.0,112903.0,260.9,112903.0,1
2025-05-07,C관(2공장),[10] 사출조립,1163800.0,1402784.0,742386.0,156.76,742386.0,1
2025-05-07,C관(2공장),[20] 분리,1262846.0,1480556.0,742386.0,170.11,742386.0,1
2025-05-07,C관(2공장),[45] 하이드레이션/전면검사,1016620.0,1027598.0,650698.0,156.24,650698.0,1
2025-05-07,C관(2공장),[80] 누수/규격검사,1273680.0,1285320.0,609677.0,208.91,609677.0,1
2025-05-07,S관(3공장),[10] 사출조립,104426.0,104426.0,183871.0,56.79,183871.0,1
2025-05-07,S관(3공장),[20] 분리,285050.0,411110.0,183871.0,155.03,183871.0,1
2025-05-07,S관(3공장),[45] 하이드레이션/전면검사,263646.0,277316.0,116759.0,225.8,116759.0,1
2025-05-07,S관(3공장),[80] 누수/규격검사,104000.0,105722.0,100645.0,103.33,100645.0,1
2025-05-08,A관(1공장),[10] 사출조립,350536.0,371466.0,197367.0,177.61,197367.0,1
2025-05-08,A관(1공장),[20] 분리,146326.0,173552.0,197367.0,74.14,197367.0,1
2025-05-08,A관(1공장),[45] 하이드레이션/전면검사,186758.0,186758.0,118500.0,157.6,118500.0,1
2025-05-08,A관(1공장),[80] 누수/규격검사,334824.0,339298.0,112903.0,296.56,112903.0,1
2025-05-08,C관(2공장),[10] 사출조립,1276940.0,1484676.0,742386.0,172.0,742386.0,1
2025-05-08,C관(2공장),[20] 분리,1096118.0,1310496.0,742386.0,147.65,742386.0,1
2025-05-08,C관(2공장),[45] 하이드레이션/전면검사,1108710.0,1115712.0,650698.0,170.39,650698.0,1
2025-05-08,C관(2공장),[80] 누수/규격검사,988420.0,997570.0,609677.0,162.12,609677.0,1
2025-05-08,S관(3공장),[10] 사출조립,154344.0,154344.0,183871.0,83.94,183871.0,1
2025-05-08,S관(3공장),[20] 분리,78682.0,101830.0,183871.0,42.79,183871.0,1
2025-05-08,S관(3공장),[45] 하이드레이션/전면검사,235700.0,242202.0,116759.0,201.87,116759.0,1
2025-05-08,S관(3공장),[80] 누수/규격검사,181648.0,192692.0,100645.0,180.48,100645.0,1
2025-05-09,A관(1공장),[10] 사출조립,490478.0,502592.0,197367.0,248.51,197367.0,1
2025-05-09,A관(1공장),[20] 분리,171616.0,209970.0,197367.0,86.95,197367.0,1
2025-05-09,A관(1공장),[45] 하이드레이션/전면검사,125356.0,125356.0,118500.0,105.79,118500.0,1
2025-05-09,A관(1공장),[80] 누수/규격검사,357443.0,363151.0,112903.0,316.59,112903.0,1
2025-05-09,C관(2공장),[10] 사출조립,1430164.0,1573346.0,742386.0,192.64,742386.0,1
2025-05-09,C관(2공장),[20] 분리,1080334.0,1320796.0,742386.0,145.52,742386.0,1
2025-05-09,C관(2공장),[45] 하이드레이션/전면검사,1113450.0,1127982.0,650698.0,171.12,650698.0,1
2025-05-09,C관(2공장),[80] 누수/규격검사,969780.0,976420.0,609677.0,159.06,609677.0,1
2025-05-09,S관(3공장),[10] 사출조립,253050.0,271922.0,183871.0,137.62,183871.0,1
2025-05-09,S관(3공장),[20] 분리,182668.0,230930.0,183871.0,99.35,183871.0,1
2025-05-09,S관(3공장),[45] 하이드레이션/전면검사,209400.0,210926.0,116759.0,179.34,116759.0,1
2025-05-09,S관(3공장),[80] 누수/규격검사,242718.0,250112.0,100645.0,241.16,100645.0,1
2025-05-10,A관(1공장),[10] 사출조립,526592.0,536460.0,197367.0,266.81,197367.0,1
2025-05-10,A관(1공장),[20] 분리,180762.0,221030.0,197367.0,91.59,197367.0,1
2025-05-10,A관(1공장),[45] 하이드레이션/전면검사,207666.0,207666.0,118500.0,175.25,118500.0,1
2025-05-10,A관(1공장),[80] 누수/규격검사,238629.0,252722.0,112903.0,211.36,112903.0,1
2025-05-10,C관(2공장),[10] 사출조립,1199382.0,1334770.0,742386.0,161.56,742386.0,1
2025-05-10,C관(2공장),[20] 분리,1166570.0,1437284.0,742386.0,157.14,742386.0,1
2025-05-10,C관(2공장),[45] 하이드레이션/전면검사,1062770.0,1068526.0,650698.0,163.33,650698.0,1
2025-05-10,C관(2공장),[80] 누수/규격검사,1031950.0,1037790.0,609677.0,169.26,609677.0,1
2025-05-10,S관(3공장),[10] 사출조립,214062.0,237728.0,183871.0,116.42,183871.0,1
2025-05-10,S관(3공장),[20] 분리,108776.0,153730.0,183871.0,59.16,183871.0,1
2025-05-10,S관(3공장),[45] 하이드레이션/전면검사,135910.0,145022.0,116759.0,116.4,116759.0,1
2025-05-10,S관(3공장),[80] 누수/규격검사,244400.0,247308.0,100645.0,242.83,100645.0,1
2025-05-11,A관(1공장),[10] 사출조립,457696.0,468894.0,197367.0,231.9,197367.0,1
2025-05-11,A관(1공장),[20] 분리,151784.0,181810.0,197367.0,76.9,197367.0,1
2025-05-11,A관(1공장),[45] 하이드레이션/전면검사,200206.0,201054.0,118500.0,168.95,118500.0,1
2025-05-11,A관(1공장),[80] 누수/규격검사,292602.0,297238.0,112903.0,259.16,112903.0,1
2025-05-11,C관(2공장),[10] 사출조립,1036530.0,1254752.0,742386.0,139.62,742386.0,1
2025-05-11,C관(2공장),[20] 분리,1154616.0,1425202.0,742386.0,155.53,742386.0,1
2025-05-11,C관(2공장),[45] 하이드레이션/전면검사,1054270.0,1055320.0,650698.0,162.02,650698.0,1
2025-05-11,C관(2공장),[80] 누수/규격검사,1088950.0,1096830.0,609677.0,178.61,609677.0,1
2025-05-11,S관(3공장),[10] 사출조립,257314.0,260554.0,183871.0,139.94,183871.0,1
2025-05-11,S관(3공장),[20] 분리,202722.0,284554.0,183871.0,110.25,183871.0,1
2025-05-11,S관(3공장),[45] 하이드레이션/전면검사,136240.0,137140.0,116759.0,116.68,116759.0,1
2025-05-11,S관(3공장),[80] 누수/규격검사,304160.0,314752.0,100645.0,302.21,100645.0,1
2025-05-12,A관(1공장),[10] 사출조립,510486.0,523764.0,197367.0,258.65,197367.0,1
2025-05-12,A관(1공장),[20] 분리,147548.0,183124.0,197367.0,74.76,197367.0,1
2025-05-12,A관(1공장),[45] 하이드레이션/전면검사,160914.0,160914.0,118500.0,135.79,118500.0,1
2025-05-12,A관(1공장),[80] 누수/규격검사,303718.0,311100.0,112903.0,269.01,112903.0,1
2025-05-12,C관(2공장),[10] 사출조립,1017076.0,1175228.0,742386.0,137.0,742386.0,1
2025-05-12,C관(2공장),[20] 분리,1198452.0,1467424.0,742386.0,161.43,742386.0,1
2025-05-12,C관(2공장),[45] 하이드레이션/전면검사,1053700.0,1055816.0,650698.0,161.93,650698.0,1
2025-05-12,C관(2공장),[80] 누수/규격검사,1037060.0,1038840.0,609677.0,170.1,609677.0,1
2025-05-12,S관(3공장),[10] 사출조립,265362.0,265362.0,183871.0,144.32,183871.0,1
2025-05-12,S관(3공장),[20] 분리,226756.0,314810.0,183871.0,123.32,183871.0,1
2025-05-12,S관(3공장),[45] 하이드레이션/전면검사,122780.0,124144.0,116759.0,105.16,116759.0,1
2025-05-12,S관(3공장),[80] 누수/규격검사,263888.0,268788.0,100645.0,262.2,100645.0,1
2025-05-13,A관(1공장),[10] 사출조립,515404.0,524438.0,197367.0,261.14,197367.0,1
2025-05-13,A관(1공장),[20] 분리,145450.0,183966.0,197367.0,73.7,197367.0,1
2025-05-13,A관(1공장),[45] 하이드레이션/전면검사,205608.0,205646.0,118500.0,173.51,118500.0,1
2025-05-13,A관(1공장),[80] 누수/규격검사,252822.0,255674.0,112903.0,223.93,112903.0,1
2025-05-13,C관(2공장),[10] 사출조립,1042532.0,1191964.0,742386.0,140.43,742386.0,1
2025-05-13,C관(2공장),[20] 분리,1231448.0,1480172.0,742386.0,165.88,742386.0,1
2025-05-13,C관(2공장),[45] 하이드레이션/전면검사,1021700.0,1022596.0,650698.0,157.02,650698.0,1
2025-05-13,C관(2공장),[80] 누수/규격검사,953910.0,954800.0,609677.0,156.46,609677.0,1
2025-05-13,S관(3공장),[10] 사출조립,237762.0,250602.0,183871.0,129.31,183871.0,1
2025-05-13,S관(3공장),[20] 분리,216164.0,289762.0,183871.0,117.56,183871.0,1
2025-05-13,S관(3공장),[45] 하이드레이션/전면검사,213800.0,217738.0,116759.0,183.11,116759.0,1
2025-05-13,S관(3공장),[80] 누수/규격검사,227124.0,233900.0,100645.0,225.67,100645.0,1
2025-05-14,A관(1공장),[10] 사출조립,490722.0,514268.0,197367.0,248.63,197367.0,1
2025-05-14,A관(1공장),[20] 분리,181168.0,221166.0,197367.0,91.79,197367.0,1
2025-05-14,A관(1공장),[45] 하이드레이션/전면검사,214392.0,214392.0,118500.0,180.92,118500.0,1
2025-05-14,A관(1공장),[80] 누수/규격검사,266632.0,270280.0,112903.0,236.16,112903.0,1
2025-05-14,C관(2공장),[10] 사출조립,1088086.0,1233940.0,742386.0,146.57,742386.0,1
2025-05-14,C관(2공장),[20] 분리,1146036.0,1354172.0,742386.0,154.37,742386.0,1
2025-05-14,C관(2공장),[45] 하이드레이션/전면검사,897020.0,900512.0,650698.0,137.86,650698.0,1
2025-05-14,C관(2공장),[80] 누수/규격검사,1112840.0,1113740.0,609677.0,182.53,609677.0,1
2025-05-14,S관(3공장),[10] 사출조립,194884.0,207054.0,183871.0,105.99,183871.0,1
2025-05-14,S관(3공장),[20] 분리,364344.0,494838.0,183871.0,198.15,183871.0,1
2025-05-14,S관(3공장),[45] 하이드레이션/전면검사,188590.0,190086.0,116759.0,161.52,116759.0,1
2025-05-14,S관(3공장),[80] 누수/규격검사,138970.0,147970.0,100645.0,138.08,100645.0,1
2025-05-15,A관(1공장),[10] 사출조립,514580.0,526294.0,197367.0,260.72,197367.0,1
2025-05-15,A관(1공장),[20] 분리,159128.0,194740.0,197367.0,80.63,197367.0,1
2025-05-15,A관(1공장),[45] 하이드레이션/전면검사,248200.0,248200.0,118500.0,209.45,118500.0,1
2025-05-15,A관(1공장),[80] 누수/규격검사,311274.0,315525.0,112903.0,275.7,112903.0,1
2025-05-15,C관(2공장),[10] 사출조립,1146960.0,1314318.0,742386.0,154.5,742386.0,1
2025-05-15,C관(2공장),[20] 분리,1166038.0,1379614.0,742386.0,157.07,742386.0,1
2025-05-15,C관(2공장),[45] 하이드레이션/전면검사,1355270.0,1358472.0,650698.0,208.28,650698.0,1
2025-05-15,C관(2공장),[80] 누수/규격검사,1094600.0,1099650.0,609677.0,179.54,609677.0,1
2025-05-15,S관(3공장),[10] 사출조립,403990.0,449590.0,183871.0,219.71,183871.0,1
2025-05-15,S관(3공장),[20] 분리,150676.0,201478.0,183871.0,81.95,183871.0,1
2025-05-15,S관(3공장),[45] 하이드레이션/전면검사,299120.0,300410.0,116759.0,256.19,116759.0,1
2025-05-15,S관(3공장),[80] 누수/규격검사,217030.0,218330.0,100645.0,215.64,100645.0,1
2025-05-16,A관(1공장),[10] 사출조립,478630.0,492518.0,197367.0,242.51,197367.0,1
2025-05-16,A관(1공장),[20] 분리,154394.0,192560.0,197367.0,78.23,197367.0,1
2025-05-16,A관(1공장),[45] 하이드레이션/전면검사,263842.0,263842.0,118500.0,222.65,118500.0,1
2025-05-16,A관(1공장),[80] 누수/규격검사,331526.0,335548.0,112903.0,293.64,112903.0,1
2025-05-16,C관(2공장),[10] 사출조립,1432016.0,1634188.0,742386.0,192.89,742386.0,1
2025-05-16,C관(2공장),[20] 분리,1102852.0,1299944.0,742386.0,148.56,742386.0,1
2025-05-16,C관(2공장),[45] 하이드레이션/전면검사,1299460.0,1304764.0,650698.0,199.7,650698.0,1
2025-05-16,C관(2공장),[80] 누수/규격검사,1224690.0,1230720.0,609677.0,200.88,609677.0,1
2025-05-16,S관(3공장),[10] 사출조립,343030.0,375620.0,183871.0,186.56,183871.0,1
2025-05-16,S관(3공장),[20] 분리,325638.0,442454.0,183871.0,177.1,183871.0,1
2025-05-16,S관(3공장),[45] 하이드레이션/전면검사,202600.0,218558.0,116759.0,173.52,116759.0,1
2025-05-16,S관(3공장),[80] 누수/규격검사,180250.0,188220.0,100645.0,179.09,100645.0,1
2025-05-17,A관(1공장),[10] 사출조립,424400.0,443496.0,197367.0,215.03,197367.0,1
2025-05-17,A관(1공장),[20] 분리,131380.0,164078.0,197367.0,66.57,197367.0,1
2025-05-17,A관(1공장),[45] 하이드레이션/전면검사,223710.0,223710.0,118500.0,188.78,118500.0,1
2025-05-17,A관(1공장),[80] 누수/규격검사,232416.0,240910.0,112903.0,205.85,112903.0,1
2025-05-17,C관(2공장),[10] 사출조립,1351592.0,1561850.0,742386.0,182.06,742386.0,1
2025-05-17,C관(2공장),[20] 분리,1127932.0,1347660.0,742386.0,151.93,742386.0,1
2025-05-17,C관(2공장),[45] 하이드레이션/전면검사,1224070.0,1225170.0,650698.0,188.12,650698.0,1
2025-05-17,C관(2공장),[80] 누수/규격검사,1295980.0,1304490.0,609677.0,212.57,609677.0,1
2025-05-17,S관(3공장),[10] 사출조립,274078.0,302230.0,183871.0,149.06,183871.0,1
2025-05-17,S관(3공장),[20] 분리,268390.0,372384.0,183871.0,145.97,183871.0,1
2025-05-17,S관(3공장),[45] 하이드레이션/전면검사,124780.0,143286.0,116759.0,106.87,116759.0,1
2025-05-17,S관(3공장),[80] 누수/규격검사,141600.0,159000.0,100645.0,140.69,100645.0,1
2025-05-18,A관(1공장),[10] 사출조립,375942.0,388410.0,197367.0,190.48,197367.0,1
2025-05-18,A관(1공장),[20] 분리,120738.0,152952.0,197367.0,61.17,197367.0,1
2025-05-18,A관(1공장),[45] 하이드레이션/전면검사,291236.0,291236.0,118500.0,245.77,118500.0,1
2025-05-18,A관(1공장),[80] 누수/규격검사,198989.0,201683.0,112903.0,176.25,112903.0,1
2025-05-18,C관(2공장),[10] 사출조립,1249608.0,1359670.0,742386.0,168.32,742386.0,1
2025-05-18,C관(2공장),[20] 분리,1112726.0,1330628.0,742386.0,149.89,742386.0,1
2025-05-18,C관(2공장),[45] 하이드레이션/전면검사,1055780.0,1061500.0,650698.0,162.25,650698.0,1
2025-05-18,C관(2공장),[80] 누수/규격검사,1144180.0,1154640.0,609677.0,187.67,609677.0,1
2025-05-18,S관(3공장),[10] 사출조립,395660.0,413542.0,183871.0,215.18,183871.0,1
2025-05-18,S관(3공장),[20] 분리,313706.0,402614.0,183871.0,170.61,183871.0,1
2025-05-18,S관(3공장),[45] 하이드레이션/전면검사,140770.0,148672.0,116759.0,120.56,116759.0,1
2025-05-18,S관(3공장),[80] 누수/규격검사,142760.0,145720.0,100645.0,141.85,100645.0,1
2025-05-19,A관(1공장),[10] 사출조립,464308.0,481414.0,197367.0,235.25,197367.0,1
2025-05-19,A관(1공장),[20] 분리,135674.0,172864.0,197367.0,68.74,197367.0,1
2025-05-19,A관(1공장),[45] 하이드레이션/전면검사,194442.0,194442.0,118500.0,164.09,118500.0,1
2025-05-19,A관(1공장),[80] 누수/규격검사,185145.0,187439.0,112903.0,163.99,112903.0,1
2025-05-19,C관(2공장),[10] 사출조립,1360906.0,1537416.0,742386.0,183.32,742386.0,1
2025-05-19,C관(2공장),[20] 분리,1013916.0,1197744.0,742386.0,136.58,742386.0,1
2025-05-19,C관(2공장),[45] 하이드레이션/전면검사,1223750.0,1224776.0,650698.0,188.07,650698.0,1
2025-05-19,C관(2공장),[80] 누수/규격검사,1062910.0,1072820.0,609677.0,174.34,609677.0,1
2025-05-19,S관(3공장),[10] 사출조립,421346.0,440110.0,183871.0,229.15,183871.0,1
2025-05-19,S관(3공장),[20] 분리,254158.0,332572.0,183871.0,138.23,183871.0,1
2025-05-19,S관(3공장),[45] 하이드레이션/전면검사,199040.0,207628.0,116759.0,170.47,116759.0,1
2025-05-19,S관(3공장),[80] 누수/규격검사,147160.0,148020.0,100645.0,146.22,100645.0,1
2025-05-20,A관(1공장),[10] 사출조립,298738.0,318676.0,197367.0,151.36,197367.0,1
2025-05-20,A관(1공장),[20] 분리,149104.0,191232.0,197367.0,75.55,197367.0,1
2025-05-20,A관(1공장),[45] 하이드레이션/전면검사,238488.0,238488.0,118500.0,201.26,118500.0,1
2025-05-20,A관(1공장),[80] 누수/규격검사,170830.0,172674.0,112903.0,151.31,112903.0,1
2025-05-20,C관(2공장),[10] 사출조립,1239538.0,1428702.0,742386.0,166.97,742386.0,1
2025-05-20,C관(2공장),[20] 분리,1084026.0,1282748.0,742386.0,146.02,742386.0,1
2025-05-20,C관(2공장),[45] 하이드레이션/전면검사,994490.0,995150.0,650698.0,152.83,650698.0,1
2025-05-20,C관(2공장),[80] 누수/규격검사,1137550.0,1147900.0,609677.0,186.58,609677.0,1
2025-05-20,S관(3공장),[10] 사출조립,330916.0,355504.0,183871.0,179.97,183871.0,1
2025-05-20,S관(3공장),[20] 분리,372470.0,477216.0,183871.0,202.57,183871.0,1
2025-05-20,S관(3공장),[45] 하이드레이션/전면검사,308740.0,310318.0,116759.0,264.43,116759.0,1
2025-05-20,S관(3공장),[80] 누수/규격검사,191900.0,197560.0,100645.0,190.67,100645.0,1
2025-05-21,A관(1공장),[10] 사출조립,301296.0,308522.0,197367.0,152.66,197367.0,1
2025-05-21,A관(1공장),[20] 분리,216118.0,259880.0,197367.0,109.5,197367.0,1
2025-05-21,A관(1공장),[45] 하이드레이션/전면검사,217754.0,217754.0,118500.0,183.76,118500.0,1
2025-05-21,A관(1공장),[80] 누수/규격검사,192563.0,198735.0,112903.0,170.56,112903.0,1
2025-05-21,C관(2공장),[10] 사출조립,946914.0,1065556.0,742386.0,127.55,742386.0,1
2025-05-21,C관(2공장),[20] 분리,1083900.0,1282114.0,742386.0,146.0,742386.0,1
2025-05-21,C관(2공장),[45] 하이드레이션/전면검사,1604180.0,1620380.0,650698.0,246.53,650698.0,1
2025-05-21,C관(2공장),[80] 누수/규격검사,1129750.0,1141160.0,609677.0,185.3,609677.0,1
2025-05-21,S관(3공장),[10] 사출조립,314612.0,314612.0,183871.0,171.1,183871.0,1
2025-05-21,S관(3공장),[20] 분리,388342.0,505512.0,183871.0,211.2,183871.0,1
2025-05-21,S관(3공장),[45] 하이드레이션/전면검사,271130.0,274722.0,116759.0,232.21,116759.0,1
2025-05-21,S관(3공장),[80] 누수/규격검사,211880.0,214340.0,100645.0,210.52,100645.0,1
2025-05-22,A관(1공장),[10] 사출조립,299678.0,319156.0,197367.0,151.84,197367.0,1
2025-05-22,A관(1공장),[20] 분리,195696.0,228980.0,197367.0,99.15,197367.0,1
2025-05-22,A관(1공장),[45] 하이드레이션/전면검사,184316.0,184316.0,118500.0,155.54,118500.0,1
2025-05-22,A관(1공장),[80] 누수/규격검사,183781.0,188937.0,112903.0,162.78,112903.0,1
2025-05-22,C관(2공장),[10] 사출조립,1664750.0,1904214.0,742386.0,224.24,742386.0,1
2025-05-22,C관(2공장),[20] 분리,1132114.0,1348492.0,742386.0,152.5,742386.0,1
2025-05-22,C관(2공장),[45] 하이드레이션/전면검사,1362710.0,1370572.0,650698.0,209.42,650698.0,1
2025-05-22,C관(2공장),[80] 누수/규격검사,1310910.0,1322000.0,609677.0,215.02,609677.0,1
2025-05-22,S관(3공장),[10] 사출조립,244998.0,262252.0,183871.0,133.24,183871.0,1
2025-05-22,S관(3공장),[20] 분리,247428.0,352046.0,183871.0,134.57,183871.0,1
2025-05-22,S관(3공장),[45] 하이드레이션/전면검사,172850.0,173712.0,116759.0,148.04,116759.0,1
2025-05-22,S관(3공장),[80] 누수/규격검사,183862.0,188368.0,100645.0,182.68,100645.0,1
2025-05-23,A관(1공장),[10] 사출조립,382930.0,408398.0,197367.0,194.02,197367.0,1
2025-05-23,A관(1공장),[20] 분리,160971.0,202364.0,197367.0,81.56,197367.0,1
2025-05-23,A관(1공장),[45] 하이드레이션/전면검사,178910.0,178910.0,118500.0,150.98,118500.0,1
2025-05-23,A관(1공장),[80] 누수/규격검사,204518.0,209258.0,112903.0,181.14,112903.0,1
2025-05-23,C관(2공장),[10] 사출조립,1475780.0,1660020.0,742386.0,198.79,742386.0,1
2025-05-23,C관(2공장),[20] 분리,1084616.0,1301314.0,742386.0,146.1,742386.0,1
2025-05-23,C관(2공장),[45] 하이드레이션/전면검사,1280130.0,1281242.0,650698.0,196.73,650698.0,1
2025-05-23,C관(2공장),[80] 누수/규격검사,1242050.0,1247620.0,609677.0,203.72,609677.0,1
2025-05-23,S관(3공장),[10] 사출조립,292968.0,308656.0,183871.0,159.33,183871.0,1
2025-05-23,S관(3공장),[20] 분리,176009.0,242688.0,183871.0,95.72,183871.0,1
2025-05-23,S관(3공장),[45] 하이드레이션/전면검사,295340.0,298304.0,116759.0,252.95,116759.0,1
2025-05-23,S관(3공장),[80] 누수/규격검사,166572.0,170282.0,100645.0,165.5,100645.0,1
2025-05-24,A관(1공장),[10] 사출조립,394700.0,407548.0,197367.0,199.98,197367.0,1
2025-05-24,A관(1공장),[20] 분리,200648.0,247210.0,197367.0,101.66,197367.0,1
2025-05-24,A관(1공장),[45] 하이드레이션/전면검사,168318.0,168318.0,118500.0,142.04,118500.0,1
2025-05-24,A관(1공장),[80] 누수/규격검사,172454.0,176378.0,112903.0,152.75,112903.0,1
2025-05-24,C관(2공장),[10] 사출조립,1516080.0,1700714.0,742386.0,204.22,742386.0,1
2025-05-24,C관(2공장),[20] 분리,1117348.0,1334140.0,742386.0,150.51,742386.0,1
2025-05-24,C관(2공장),[45] 하이드레이션/전면검사,1043110.0,1051548.0,650698.0,160.31,650698.0,1
2025-05-24,C관(2공장),[80] 누수/규격검사,1360660.0,1369470.0,609677.0,223.18,609677.0,1
2025-05-24,S관(3공장),[10] 사출조립,339878.0,344088.0,183871.0,184.85,183871.0,1
2025-05-24,S관(3공장),[20] 분리,286374.0,387824.0,183871.0,155.75,183871.0,1
2025-05-24,S관(3공장),[45] 하이드레이션/전면검사,330470.0,332298.0,116759.0,283.04,116759.0,1
2025-05-24,S관(3공장),[80] 누수/규격검사,256910.0,257666.0,100645.0,255.26,100645.0,1
2025-05-25,A관(1공장),[10] 사출조립,412468.0,426422.0,197367.0,208.99,197367.0,1
2025-05-25,A관(1공장),[20] 분리,183302.0,218910.0,197367.0,92.87,197367.0,1
2025-05-25,A관(1공장),[45] 하이드레이션/전면검사,192574.0,192574.0,118500.0,162.51,118500.0,1
2025-05-25,A관(1공장),[80] 누수/규격검사,198142.0,201942.0,112903.0,175.5,112903.0,1
2025-05-25,C관(2공장),[10] 사출조립,1519536.0,1655564.0,742386.0,204.68,742386.0,1
2025-05-25,C관(2공장),[20] 분리,1261604.0,1484206.0,742386.0,169.94,742386.0,1
2025-05-25,C관(2공장),[45] 하이드레이션/전면검사,1077938.0,1083994.0,650698.0,165.66,650698.0,1
2025-05-25,C관(2공장),[80] 누수/규격검사,1015100.0,1020440.0,609677.0,166.5,609677.0,1
2025-05-25,S관(3공장),[10] 사출조립,511166.0,514654.0,183871.0,278.0,183871.0,1
2025-05-25,S관(3공장),[20] 분리,227418.0,341572.0,183871.0,123.68,183871.0,1
2025-05-25,S관(3공장),[45] 하이드레이션/전면검사,318660.0,320394.0,116759.0,272.92,116759.0,1
2025-05-25,S관(3공장),[80] 누수/규격검사,270496.0,276354.0,100645.0,268.76,100645.0,1
2025-05-26,A관(1공장),[10] 사출조립,352268.0,363442.0,197367.0,178.48,197367.0,1
2025-05-26,A관(1공장),[20] 분리,180858.0,216124.0,197367.0,91.64,197367.0,1
2025-05-26,A관(1공장),[45] 하이드레이션/전면검사,175820.0,175820.0,118500.0,148.37,118500.0,1
2025-05-26,A관(1공장),[80] 누수/규격검사,171633.0,175746.0,112903.0,152.02,112903.0,1
2025-05-26,C관(2공장),[10] 사출조립,1765644.0,1971420.0,742386.0,237.83,742386.0,1
2025-05-26,C관(2공장),[20] 분리,1201566.0,1410940.0,742386.0,161.85,742386.0,1
2025-05-26,C관(2공장),[45] 하이드레이션/전면검사,1166554.0,1173704.0,650698.0,179.28,650698.0,1
2025-05-26,C관(2공장),[80] 누수/규격검사,1064060.0,1072080.0,609677.0,174.53,609677.0,1
2025-05-26,S관(3공장),[10] 사출조립,370298.0,378960.0,183871.0,201.39,183871.0,1
2025-05-26,S관(3공장),[20] 분리,231836.0,345570.0,183871.0,126.09,183871.0,1
2025-05-26,S관(3공장),[45] 하이드레이션/전면검사,337650.0,339796.0,116759.0,289.19,116759.0,1
2025-05-26,S관(3공장),[80] 누수/규격검사,201096.0,203374.0,100645.0,199.81,100645.0,1
2025-05-27,A관(1공장),[10] 사출조립,331578.0,356046.0,197367.0,168.0,197367.0,1
2025-05-27,A관(1공장),[20] 분리,243790.0,290478.0,197367.0,123.52,197367.0,1
2025-05-27,A관(1공장),[45] 하이드레이션/전면검사,194096.0,194096.0,118500.0,163.79,118500.0,1
2025-05-27,A관(1공장),[80] 누수/규격검사,194888.0,198924.0,112903.0,172.62,112903.0,1
2025-05-27,C관(2공장),[10] 사출조립,1437644.0,1605586.0,742386.0,193.65,742386.0,1
2025-05-27,C관(2공장),[20] 분리,1223332.0,1448042.0,742386.0,164.78,742386.0,1
2025-05-27,C관(2공장),[45] 하이드레이션/전면검사,1172790.0,1178308.0,650698.0,180.24,650698.0,1
2025-05-27,C관(2공장),[80] 누수/규격검사,1298042.0,1303592.0,609677.0,212.91,609677.0,1
2025-05-27,S관(3공장),[10] 사출조립,349334.0,376004.0,183871.0,189.99,183871.0,1
2025-05-27,S관(3공장),[20] 분리,337806.0,475042.0,183871.0,183.72,183871.0,1
2025-05-27,S관(3공장),[45] 하이드레이션/전면검사,352210.0,354552.0,116759.0,301.66,116759.0,1
2025-05-27,S관(3공장),[80] 누수/규격검사,313644.0,316258.0,100645.0,311.63,100645.0,1
2025-05-28,A관(1공장),[10] 사출조립,326222.0,336176.0,197367.0,165.29,197367.0,1
2025-05-28,A관(1공장),[20] 분리,170510.0,210504.0,197367.0,86.39,197367.0,1
2025-05-28,A관(1공장),[45] 하이드레이션/전면검사,155658.0,155658.0,118500.0,131.36,118500.0,1
2025-05-28,A관(1공장),[80] 누수/규격검사,230625.0,239613.0,112903.0,204.27,112903.0,1
2025-05-28,C관(2공장),[10] 사출조립,1435144.0,1631240.0,742386.0,193.32,742386.0,1
2025-05-28,C관(2공장),[20] 분리,1202560.0,1416698.0,742386.0,161.99,742386.0,1
2025-05-28,C관(2공장),[45] 하이드레이션/전면검사,1361320.0,1366314.0,650698.0,209.21,650698.0,1
2025-05-28,C관(2공장),[80] 누수/규격검사,1272638.0,1279654.0,609677.0,208.74,609677.0,1
2025-05-28,S관(3공장),[10] 사출조립,541916.0,580212.0,183871.0,294.73,183871.0,1
2025-05-28,S관(3공장),[20] 분리,200070.0,285844.0,183871.0,108.81,183871.0,1
2025-05-28,S관(3공장),[45] 하이드레이션/전면검사,275120.0,276668.0,116759.0,235.63,116759.0,1
2025-05-28,S관(3공장),[80] 누수/규격검사,290388.0,298144.0,100645.0,288.53,100645.0,1
2025-05-29,A관(1공장),[10] 사출조립,282636.0,292186.0,197367.0,143.2,197367.0,1
2025-05-29,A관(1공장),[20] 분리,125502.0,157952.0,197367.0,63.59,197367.0,1
2025-05-29,A관(1공장),[45] 하이드레이션/전면검사,182206.0,182206.0,118500.0,153.76,118500.0,1
2025-05-29,A관(1공장),[80] 누수/규격검사,177323.0,179531.0,112903.0,157.06,112903.0,1
2025-05-29,C관(2공장),[10] 사출조립,1492888.0,1646982.0,742386.0,201.09,742386.0,1
2025-05-29,C관(2공장),[20] 분리,1196762.0,1447962.0,742386.0,161.2,742386.0,1
2025-05-29,C관(2공장),[45] 하이드레이션/전면검사,1278030.0,1279090.0,650698.0,196.41,650698.0,1
2025-05-29,C관(2공장),[80] 누수/규격검사,1321550.0,1327010.0,609677.0,216.76,609677.0,1
2025-05-29,S관(3공장),[10] 사출조립,375084.0,412452.0,183871.0,203.99,183871.0,1
2025-05-29,S관(3공장),[20] 분리,305186.0,414444.0,183871.0,165.98,183871.0,1
2025-05-29,S관(3공장),[45] 하이드레이션/전면검사,227850.0,229104.0,116759.0,195.15,116759.0,1
2025-05-29,S관(3공장),[80] 누수/규격검사,281284.0,283438.0,100645.0,279.48,100645.0,1
2025-05-30,A관(1공장),[10] 사출조립,349490.0,359848.0,197367.0,177.08,197367.0,1
2025-05-30,A관(1공장),[20] 분리,121422.0,152166.0,197367.0,61.52,197367.0,1
2025-05-30,A관(1공장),[45] 하이드레이션/전면검사,225590.0,225590.0,118500.0,190.37,118500.0,1
2025-05-30,A관(1공장),[80] 누수/규격검사,195034.0,207354.0,112903.0,172.74,112903.0,1
2025-05-30,C관(2공장),[10] 사출조립,1445686.0,1614828.0,742386.0,194.74,742386.0,1
2025-05-30,C관(2공장),[20] 분리,1219574.0,1457152.0,742386.0,164.28,742386.0,1
2025-05-30,C관(2공장),[45] 하이드레이션/전면검사,1146820.0,1147708.0,650698.0,176.24,650698.0,1
2025-05-30,C관(2공장),[80] 누수/규격검사,1141350.0,1142130.0,609677.0,187.21,609677.0,1
2025-05-30,S관(3공장),[10] 사출조립,358326.0,389978.0,183871.0,194.88,183871.0,1
2025-05-30,S관(3공장),[20] 분리,289256.0,393234.0,183871.0,157.31,183871.0,1
2025-05-30,S관(3공장),[45] 하이드레이션/전면검사,328100.0,333800.0,116759.0,281.01,116759.0,1
2025-05-30,S관(3공장),[80] 누수/규격검사,224780.0,226930.0,100645.0,223.34,100645.0,1
2025-05-31,A관(1공장),[10] 사출조립,311104.0,333300.0,197367.0,157.63,197367.0,1
2025-05-31,A관(1공장),[20] 분리,127918.0,155920.0,197367.0,64.81,197367.0,1
2025-05-31,A관(1공장),[45] 하이드레이션/전면검사,180828.0,180828.0,118500.0,152.6,118500.0,1
2025-05-31,A관(1공장),[80] 누수/규격검사,188545.0,195445.0,112903.0,167.0,112903.0,1
2025-05-31,C관(2공장),[10] 사출조립,1432882.0,1587080.0,742386.0,193.01,742386.0,1
2025-05-31,C관(2공장),[20] 분리,1280316.0,1502596.0,742386.0,172.46,742386.0,1
2025-05-31,C관(2공장),[45] 하이드레이션/전면검사,1120540.0,1121422.0,650698.0,172.21,650698.0,1
2025-05-31,C관(2공장),[80] 누수/규격검사,1126770.0,1128260.0,609677.0,184.81,609677.0,1
2025-05-31,S관(3공장),[10] 사출조립,419912.0,458612.0,183871.0,228.37,183871.0,1
2025-05-31,S관(3공장),[20] 분리,297566.0,412574.0,183871.0,161.83,183871.0,1
2025-05-31,S관(3공장),[45] 하이드레이션/전면검사,366030.0,367968.0,116759.0,313.49,116759.0,1
2025-05-31,S관(3공장),[80] 누수/규격검사,308490.0,314530.0,100645.0,306.51,100645.0,1
2025-06-01,A관(1공장),[10] 사출조립,401526.0,421782.0,197367.0,203.44,197367.0,1
2025-06-01,A관(1공장),[20] 분리,181240.0,218462.0,197367.0,91.83,197367.0,1
2025-06-01,A관(1공장),[45] 하이드레이션/전면검사,152468.0,152468.0,118500.0,128.66,118500.0,1
2025-06-01,A관(1공장),[80] 누수/규격검사,191724.0,198313.0,112903.0,169.81,112903.0,1
2025-06-01,C관(2공장),[10] 사출조립,1334824.0,1505992.0,742386.0,179.8,742386.0,1
2025-06-01,C관(2공장),[20] 분리,1263872.0,1491350.0,742386.0,170.24,742386.0,1
2025-06-01,C관(2공장),[45] 하이드레이션/전면검사,1118530.0,1119422.0,650698.0,171.9,650698.0,1
2025-06-01,C관(2공장),[80] 누수/규격검사,1223240.0,1227630.0,609677.0,200.64,609677.0,1
2025-06-01,S관(3공장),[10] 사출조립,382116.0,393558.0,183871.0,207.82,183871.0,1
2025-06-01,S관(3공장),[20] 분리,296318.0,419820.0,183871.0,161.16,183871.0,1
2025-06-01,S관(3공장),[45] 하이드레이션/전면검사,298650.0,300048.0,116759.0,255.78,116759.0,1
2025-06-01,S관(3공장),[80] 누수/규격검사,210960.0,215010.0,100645.0,209.61,100645.0,1
2025-06-02,A관(1공장),[10] 사출조립,373986.0,393718.0,197367.0,189.49,197367.0,1
2025-06-02,A관(1공장),[20] 분리,139698.0,160500.0,197367.0,70.78,197367.0,1
2025-06-02,A관(1공장),[45] 하이드레이션/전면검사,225166.0,226506.0,118500.0,190.01,118500.0,1
2025-06-02,A관(1공장),[80] 누수/규격검사,195750.0,199292.0,112903.0,173.38,112903.0,1
2025-06-02,C관(2공장),[10] 사출조립,830684.0,955112.0,742386.0,111.89,742386.0,1
2025-06-02,C관(2공장),[20] 분리,1213926.0,1441256.0,742386.0,163.52,742386.0,1
2025-06-02,C관(2공장),[45] 하이드레이션/전면검사,1044480.0,1045350.0,650698.0,160.52,650698.0,1
2025-06-02,C관(2공장),[80] 누수/규격검사,1325010.0,1330280.0,609677.0,217.33,609677.0,1
2025-06-02,S관(3공장),[10] 사출조립,400122.0,428552.0,183871.0,217.61,183871.0,1
2025-06-02,S관(3공장),[20] 분리,379516.0,563646.0,183871.0,206.4,183871.0,1
2025-06-02,S관(3공장),[45] 하이드레이션/전면검사,279270.0,280258.0,116759.0,239.18,116759.0,1
2025-06-02,S관(3공장),[80] 누수/규격검사,269160.0,277380.0,100645.0,267.44,100645.0,1
2025-06-03,A관(1공장),[10] 사출조립,278268.0,288336.0,197367.0,140.99,197367.0,1
2025-06-03,A관(1공장),[20] 분리,167432.0,202960.0,197367.0,84.83,197367.0,1
2025-06-03,A관(1공장),[45] 하이드레이션/전면검사,211986.0,211986.0,118500.0,178.89,118500.0,1
2025-06-03,A관(1공장),[80] 누수/규격검사,179903.0,182795.0,112903.0,159.34,112903.0,1
2025-06-03,C관(2공장),[10] 사출조립,1135972.0,1287944.0,742386.0,153.02,742386.0,1
2025-06-03,C관(2공장),[20] 분리,1228436.0,1456734.0,742386.0,165.47,742386.0,1
2025-06-03,C관(2공장),[45] 하이드레이션/전면검사,1150170.0,1151170.0,650698.0,176.76,650698.0,1
2025-06-03,C관(2공장),[80] 누수/규격검사,1070140.0,1076150.0,609677.0,175.53,609677.0,1
2025-06-03,S관(3공장),[10] 사출조립,516018.0,530406.0,183871.0,280.64,183871.0,1
2025-06-03,S관(3공장),[20] 분리,289080.0,415274.0,183871.0,157.22,183871.0,1
2025-06-03,S관(3공장),[45] 하이드레이션/전면검사,360380.0,361450.0,116759.0,308.65,116759.0,1
2025-06-03,S관(3공장),[80] 누수/규격검사,311340.0,314630.0,100645.0,309.34,100645.0,1
2025-06-04,A관(1공장),[10] 사출조립,309642.0,314218.0,197367.0,156.89,197367.0,1
2025-06-04,A관(1공장),[20] 분리,129866.0,160048.0,197367.0,65.8,197367.0,1
2025-06-04,A관(1공장),[45] 하이드레이션/전면검사,286690.0,286690.0,118500.0,241.93,118500.0,1
2025-06-04,A관(1공장),[80] 누수/규격검사,177056.0,182918.0,112903.0,156.82,112903.0,1
2025-06-04,C관(2공장),[10] 사출조립,1232078.0,1342040.0,742386.0,165.96,742386.0,1
2025-06-04,C관(2공장),[20] 분리,1111858.0,1365510.0,742386.0,149.77,742386.0,1
2025-06-04,C관(2공장),[45] 하이드레이션/전면검사,1075840.0,1076940.0,650698.0,165.34,650698.0,1
2025-06-04,C관(2공장),[80] 누수/규격검사,1155930.0,1161230.0,609677.0,189.6,609677.0,1
2025-06-04,S관(3공장),[10] 사출조립,364686.0,393352.0,183871.0,198.34,183871.0,1
2025-06-04,S관(3공장),[20] 분리,323684.0,449004.0,183871.0,176.04,183871.0,1
2025-06-04,S관(3공장),[45] 하이드레이션/전면검사,339900.0,341440.0,116759.0,291.11,116759.0,1
2025-06-04,S관(3공장),[80] 누수/규격검사,231300.0,234400.0,100645.0,229.82,100645.0,1
2025-06-05,A관(1공장),[10] 사출조립,373282.0,384418.0,197367.0,189.13,197367.0,1
2025-06-05,A관(1공장),[20] 분리,151806.0,194212.0,197367.0,76.92,197367.0,1
2025-06-05,A관(1공장),[45] 하이드레이션/전면검사,201262.0,201262.0,118500.0,169.84,118500.0,1
2025-06-05,A관(1공장),[80] 누수/규격검사,202212.0,209058.0,112903.0,179.1,112903.0,1
2025-06-05,C관(2공장),[10] 사출조립,1636520.0,1765592.0,742386.0,220.44,742386.0,1
2025-06-05,C관(2공장),[20] 분리,1224176.0,1469324.0,742386.0,164.9,742386.0,1
2025-06-05,C관(2공장),[45] 하이드레이션/전면검사,1215878.0,1217106.0,650698.0,186.86,650698.0,1
2025-06-05,C관(2공장),[80] 누수/규격검사,1116450.0,1123090.0,609677.0,183.12,609677.0,1
2025-06-05,S관(3공장),[10] 사출조립,431384.0,459148.0,183871.0,234.61,183871.0,1
2025-06-05,S관(3공장),[20] 분리,238248.0,332432.0,183871.0,129.57,183871.0,1
2025-06-05,S관(3공장),[45] 하이드레이션/전면검사,306314.0,307618.0,116759.0,262.35,116759.0,1
2025-06-05,S관(3공장),[80] 누수/규격검사,254844.0,256324.0,100645.0,253.21,100645.0,1
2025-06-06,A관(1공장),[10] 사출조립,297814.0,310868.0,197367.0,150.89,197367.0,1
2025-06-06,A관(1공장),[20] 분리,150218.0,180046.0,197367.0,76.11,197367.0,1
2025-06-06,A관(1공장),[45] 하이드레이션/전면검사,193268.0,193268.0,118500.0,163.1,118500.0,1
2025-06-06,A관(1공장),[80] 누수/규격검사,212810.0,217768.0,112903.0,188.49,112903.0,1
2025-06-06,C관(2공장),[10] 사출조립,1368038.0,1466968.0,742386.0,184.28,742386.0,1
2025-06-06,C관(2공장),[20] 분리,1316102.0,1539750.0,742386.0,177.28,742386.0,1
2025-06-06,C관(2공장),[45] 하이드레이션/전면검사,1089890.0,1090784.0,650698.0,167.5,650698.0,1
2025-06-06,C관(2공장),[80] 누수/규격검사,1154190.0,1156300.0,609677.0,189.31,609677.0,1
2025-06-06,S관(3공장),[10] 사출조립,308942.0,326756.0,183871.0,168.02,183871.0,1
2025-06-06,S관(3공장),[20] 분리,480640.0,660290.0,183871.0,261.4,183871.0,1
2025-06-06,S관(3공장),[45] 하이드레이션/전면검사,196590.0,198646.0,116759.0,168.37,116759.0,1
2025-06-06,S관(3공장),[80] 누수/규격검사,149580.0,152690.0,100645.0,148.62,100645.0,1
2025-06-07,A관(1공장),[10] 사출조립,291040.0,300478.0,197367.0,147.46,197367.0,1
2025-06-07,A관(1공장),[20] 분리,123214.0,141738.0,197367.0,62.43,197367.0,1
2025-06-07,A관(1공장),[45] 하이드레이션/전면검사,99970.0,99970.0,118500.0,84.36,118500.0,1
2025-06-07,A관(1공장),[80] 누수/규격검사,174651.0,176037.0,112903.0,154.69,112903.0,1
2025-06-07,C관(2공장),[10] 사출조립,1423878.0,1563074.0,742386.0,191.8,742386.0,1
2025-06-07,C관(2공장),[20] 분리,1312690.0,1523616.0,742386.0,176.82,742386.0,1
2025-06-07,C관(2공장),[45] 하이드레이션/전면검사,1166360.0,1167510.0,650698.0,179.25,650698.0,1
2025-06-07,C관(2공장),[80] 누수/규격검사,1047000.0,1052840.0,609677.0,171.73,609677.0,1
2025-06-07,S관(3공장),[10] 사출조립,279056.0,341182.0,183871.0,151.77,183871.0,1
2025-06-07,S관(3공장),[20] 분리,409868.0,549046.0,183871.0,222.91,183871.0,1
2025-06-07,S관(3공장),[45] 하이드레이션/전면검사,248710.0,249872.0,116759.0,213.01,116759.0,1
2025-06-07,S관(3공장),[80] 누수/규격검사,140120.0,146460.0,100645.0,139.22,100645.0,1
2025-06-08,A관(1공장),[10] 사출조립,338326.0,345712.0,197367.0,171.42,197367.0,1
2025-06-08,A관(1공장),[20] 분리,113894.0,137680.0,197367.0,57.71,197367.0,1
2025-06-08,A관(1공장),[45] 하이드레이션/전면검사,209912.0,209912.0,118500.0,177.14,118500.0,1
2025-06-08,A관(1공장),[80] 누수/규격검사,127571.0,136515.0,112903.0,112.99,112903.0,1
2025-06-08,C관(2공장),[10] 사출조립,1439328.0,1566676.0,742386.0,193.88,742386.0,1
2025-06-08,C관(2공장),[20] 분리,1348464.0,1546352.0,742386.0,181.64,742386.0,1
2025-06-08,C관(2공장),[45] 하이드레이션/전면검사,1131060.0,1132128.0,650698.0,173.82,650698.0,1
2025-06-08,C관(2공장),[80] 누수/규격검사,1295080.0,1303190.0,609677.0,212.42,609677.0,1
2025-06-08,S관(3공장),[10] 사출조립,576466.0,667316.0,183871.0,313.52,183871.0,1
2025-06-08,S관(3공장),[20] 분리,182266.0,245526.0,183871.0,99.13,183871.0,1
2025-06-08,S관(3공장),[45] 하이드레이션/전면검사,245380.0,246358.0,116759.0,210.16,116759.0,1
2025-06-08,S관(3공장),[80] 누수/규격검사,171650.0,180240.0,100645.0,170.55,100645.0,1
2025-06-09,A관(1공장),[10] 사출조립,306252.0,324108.0,197367.0,155.17,197367.0,1
2025-06-09,A관(1공장),[20] 분리,142668.0,175780.0,197367.0,72.29,197367.0,1
2025-06-09,A관(1공장),[45] 하이드레이션/전면검사,271304.0,274838.0,118500.0,228.95,118500.0,1
2025-06-09,A관(1공장),[80] 누수/규격검사,243622.0,255624.0,112903.0,215.78,112903.0,1
2025-06-09,C관(2공장),[10] 사출조립,1127230.0,1298816.0,742386.0,151.84,742386.0,1
2025-06-09,C관(2공장),[20] 분리,1310712.0,1510202.0,742386.0,176.55,742386.0,1
2025-06-09,C관(2공장),[45] 하이드레이션/전면검사,1269020.0,1270188.0,650698.0,195.02,650698.0,1
2025-06-09,C관(2공장),[80] 누수/규격검사,1286210.0,1292690.0,609677.0,210.97,609677.0,1
2025-06-09,S관(3공장),[10] 사출조립,248962.0,248962.0,183871.0,135.4,183871.0,1
2025-06-09,S관(3공장),[20] 분리,355800.0,484954.0,183871.0,193.51,183871.0,1
2025-06-09,S관(3공장),[45] 하이드레이션/전면검사,269530.0,272226.0,116759.0,230.84,116759.0,1
2025-06-09,S관(3공장),[80] 누수/규격검사,236930.0,244630.0,100645.0,235.41,100645.0,1
2025-06-10,A관(1공장),[10] 사출조립,295378.0,315510.0,197367.0,149.66,197367.0,1
2025-06-10,A관(1공장),[20] 분리,139260.0,173922.0,197367.0,70.56,197367.0,1
2025-06-10,A관(1공장),[45] 하이드레이션/전면검사,215168.0,216286.0,118500.0,181.58,118500.0,1
2025-06-10,A관(1공장),[80] 누수/규격검사,217585.0,223066.0,112903.0,192.72,112903.0,1
2025-06-10,C관(2공장),[10] 사출조립,1364056.0,1526560.0,742386.0,183.74,742386.0,1
2025-06-10,C관(2공장),[20] 분리,1218546.0,1440860.0,742386.0,164.14,742386.0,1
2025-06-10,C관(2공장),[45] 하이드레이션/전면검사,1303396.0,1304518.0,650698.0,200.31,650698.0,1
2025-06-10,C관(2공장),[80] 누수/규격검사,1029794.0,1035536.0,609677.0,168.91,609677.0,1
2025-06-10,S관(3공장),[10] 사출조립,435148.0,525592.0,183871.0,236.66,183871.0,1
2025-06-10,S관(3공장),[20] 분리,318434.0,451748.0,183871.0,173.18,183871.0,1
2025-06-10,S관(3공장),[45] 하이드레이션/전면검사,238756.0,241414.0,116759.0,204.49,116759.0,1
2025-06-10,S관(3공장),[80] 누수/규격검사,189410.0,195480.0,100645.0,188.2,100645.0,1
2025-06-11,A관(1공장),[10] 사출조립,438664.0,448022.0,197367.0,222.26,197367.0,1
2025-06-11,A관(1공장),[20] 분리,123254.0,148354.0,197367.0,62.45,197367.0,1
2025-06-11,A관(1공장),[45] 하이드레이션/전면검사,125610.0,125610.0,118500.0,106.0,118500.0,1
2025-06-11,A관(1공장),[80] 누수/규격검사,226113.0,231120.0,112903.0,200.27,112903.0,1
2025-06-11,C관(2공장),[10] 사출조립,1146852.0,1252468.0,742386.0,154.48,742386.0,1
2025-06-11,C관(2공장),[20] 분리,1271040.0,1482894.0,742386.0,171.21,742386.0,1
2025-06-11,C관(2공장),[45] 하이드레이션/전면검사,1233490.0,1243600.0,650698.0,189.56,650698.0,1
2025-06-11,C관(2공장),[80] 누수/규격검사,1062582.0,1063002.0,609677.0,174.29,609677.0,1
2025-06-11,S관(3공장),[10] 사출조립,393084.0,465704.0,183871.0,213.78,183871.0,1
2025-06-11,S관(3공장),[20] 분리,390088.0,576592.0,183871.0,212.15,183871.0,1
2025-06-11,S관(3공장),[45] 하이드레이션/전면검사,242570.0,243710.0,116759.0,207.75,116759.0,1
2025-06-11,S관(3공장),[80] 누수/규격검사,85640.0,89210.0,100645.0,85.09,100645.0,1
2025-06-12,A관(1공장),[10] 사출조립,416186.0,459926.0,197367.0,210.87,197367.0,1
2025-06-12,A관(1공장),[20] 분리,91552.0,104024.0,197367.0,46.39,197367.0,1
2025-06-12,A관(1공장),[45] 하이드레이션/전면검사,204214.0,204214.0,118500.0,172.33,118500.0,1
2025-06-12,A관(1공장),[80] 누수/규격검사,209011.0,210925.0,112903.0,185.12,112903.0,1
2025-06-12,C관(2공장),[10] 사출조립,1400352.0,1532594.0,742386.0,188.63,742386.0,1
2025-06-12,C관(2공장),[20] 분리,1272554.0,1493662.0,742386.0,171.41,742386.0,1
2025-06-12,C관(2공장),[45] 하이드레이션/전면검사,978120.0,978948.0,650698.0,150.32,650698.0,1
2025-06-12,C관(2공장),[80] 누수/규격검사,1285730.0,1289730.0,609677.0,210.89,609677.0,1
2025-06-12,S관(3공장),[10] 사출조립,341620.0,380308.0,183871.0,185.79,183871.0,1
2025-06-12,S관(3공장),[20] 분리,392712.0,563888.0,183871.0,213.58,183871.0,1
2025-06-12,S관(3공장),[45] 하이드레이션/전면검사,186490.0,187168.0,116759.0,159.72,116759.0,1
2025-06-12,S관(3공장),[80] 누수/규격검사,181960.0,195240.0,100645.0,180.79,100645.0,1
2025-06-13,A관(1공장),[10] 사출조립,413702.0,432570.0,197367.0,209.61,197367.0,1
2025-06-13,A관(1공장),[20] 분리,129530.0,150190.0,197367.0,65.63,197367.0,1
2025-06-13,A관(1공장),[45] 하이드레이션/전면검사,236880.0,236880.0,118500.0,199.9,118500.0,1
2025-06-13,A관(1공장),[80] 누수/규격검사,176307.0,179555.0,112903.0,156.16,112903.0,1
2025-06-13,C관(2공장),[10] 사출조립,1134834.0,1248504.0,742386.0,152.86,742386.0,1
2025-06-13,C관(2공장),[20] 분리,1225462.0,1452102.0,742386.0,165.07,742386.0,1
2025-06-13,C관(2공장),[45] 하이드레이션/전면검사,1074750.0,1075650.0,650698.0,165.17,650698.0,1
2025-06-13,C관(2공장),[80] 누수/규격검사,1328810.0,1335390.0,609677.0,217.95,609677.0,1
2025-06-13,S관(3공장),[10] 사출조립,519454.0,582450.0,183871.0,282.51,183871.0,1
2025-06-13,S관(3공장),[20] 분리,270288.0,384342.0,183871.0,147.0,183871.0,1
2025-06-13,S관(3공장),[45] 하이드레이션/전면검사,158280.0,159344.0,116759.0,135.56,116759.0,1
2025-06-13,S관(3공장),[80] 누수/규격검사,119930.0,125410.0,100645.0,119.16,100645.0,1
2025-06-14,A관(1공장),[10] 사출조립,465702.0,495448.0,197367.0,235.96,197367.0,1
2025-06-14,A관(1공장),[20] 분리,138278.0,156348.0,197367.0,70.06,197367.0,1
2025-06-14,A관(1공장),[45] 하이드레이션/전면검사,122190.0,122962.0,118500.0,103.11,118500.0,1
2025-06-14,A관(1공장),[80] 누수/규격검사,172176.0,178454.0,112903.0,152.5,112903.0,1
2025-06-14,C관(2공장),[10] 사출조립,1350164.0,1541302.0,742386.0,181.87,742386.0,1
2025-06-14,C관(2공장),[20] 분리,1263366.0,1474334.0,742386.0,170.18,742386.0,1
2025-06-14,C관(2공장),[45] 하이드레이션/전면검사,1192960.0,1194010.0,650698.0,183.34,650698.0,1
2025-06-14,C관(2공장),[80] 누수/규격검사,1134810.0,1139160.0,609677.0,186.13,609677.0,1
2025-06-14,S관(3공장),[10] 사출조립,449892.0,502516.0,183871.0,244.68,183871.0,1
2025-06-14,S관(3공장),[20] 분리,441122.0,621684.0,183871.0,239.91,183871.0,1
2025-06-14,S관(3공장),[45] 하이드레이션/전면검사,246150.0,247402.0,116759.0,210.82,116759.0,1
2025-06-14,S관(3공장),[80] 누수/규격검사,253720.0,258060.0,100645.0,252.09,100645.0,1
2025-06-15,A관(1공장),[10] 사출조립,501080.0,514034.0,197367.0,253.88,197367.0,1
2025-06-15,A관(1공장),[20] 분리,153880.0,174978.0,197367.0,77.97,197367.0,1
2025-06-15,A관(1공장),[45] 하이드레이션/전면검사,165758.0,165758.0,118500.0,139.88,118500.0,1
2025-06-15,A관(1공장),[80] 누수/규격검사,189472.0,195358.0,112903.0,167.82,112903.0,1
2025-06-15,C관(2공장),[10] 사출조립,1317734.0,1522386.0,742386.0,177.5,742386.0,1
2025-06-15,C관(2공장),[20] 분리,1274312.0,1490590.0,742386.0,171.65,742386.0,1
2025-06-15,C관(2공장),[45] 하이드레이션/전면검사,1067770.0,1068850.0,650698.0,164.1,650698.0,1
2025-06-15,C관(2공장),[80] 누수/규격검사,1098200.0,1102920.0,609677.0,180.13,609677.0,1
2025-06-15,S관(3공장),[10] 사출조립,432430.0,495900.0,183871.0,235.18,183871.0,1
2025-06-15,S관(3공장),[20] 분리,297084.0,419608.0,183871.0,161.57,183871.0,1
2025-06-15,S관(3공장),[45] 하이드레이션/전면검사,166810.0,167376.0,116759.0,142.87,116759.0,1
2025-06-15,S관(3공장),[80] 누수/규격검사,153600.0,157830.0,100645.0,152.62,100645.0,1
2025-06-16,A관(1공장),[10] 사출조립,489086.0,503244.0,197367.0,247.81,197367.0,1
2025-06-16,A관(1공장),[20] 분리,177562.0,198998.0,197367.0,89.97,197367.0,1
2025-06-16,A관(1공장),[45] 하이드레이션/전면검사,195312.0,195312.0,118500.0,164.82,118500.0,1
2025-06-16,A관(1공장),[80] 누수/규격검사,206045.0,214266.0,112903.0,182.5,112903.0,1
2025-06-16,C관(2공장),[10] 사출조립,1368398.0,1549452.0,742386.0,184.32,742386.0,1
2025-06-16,C관(2공장),[20] 분리,1179592.0,1404926.0,742386.0,158.89,742386.0,1
2025-06-16,C관(2공장),[45] 하이드레이션/전면검사,1328580.0,1329944.0,650698.0,204.18,650698.0,1
2025-06-16,C관(2공장),[80] 누수/규격검사,1150220.0,1158280.0,609677.0,188.66,609677.0,1
2025-06-16,S관(3공장),[10] 사출조립,483348.0,586688.0,183871.0,262.87,183871.0,1
2025-06-16,S관(3공장),[20] 분리,313862.0,426276.0,183871.0,170.7,183871.0,1
2025-06-16,S관(3공장),[45] 하이드레이션/전면검사,189030.0,190004.0,116759.0,161.9,116759.0,1
2025-06-16,S관(3공장),[80] 누수/규격검사,123980.0,133700.0,100645.0,123.19,100645.0,1
2025-06-17,A관(1공장),[10] 사출조립,561780.0,575472.0,197367.0,284.64,197367.0,1
2025-06-17,A관(1공장),[20] 분리,137996.0,162494.0,197367.0,69.92,197367.0,1
2025-06-17,A관(1공장),[45] 하이드레이션/전면검사,238982.0,241310.0,118500.0,201.67,118500.0,1
2025-06-17,A관(1공장),[80] 누수/규격검사,199784.0,205938.0,112903.0,176.95,112903.0,1
2025-06-17,C관(2공장),[10] 사출조립,1468552.0,1652294.0,742386.0,197.82,742386.0,1
2025-06-17,C관(2공장),[20] 분리,1138976.0,1382908.0,742386.0,153.42,742386.0,1
2025-06-17,C관(2공장),[45] 하이드레이션/전면검사,1370410.0,1373306.0,650698.0,210.61,650698.0,1
2025-06-17,C관(2공장),[80] 누수/규격검사,1307540.0,1313560.0,609677.0,214.46,609677.0,1
2025-06-17,S관(3공장),[10] 사출조립,219102.0,254406.0,183871.0,119.16,183871.0,1
2025-06-17,S관(3공장),[20] 분리,344670.0,457082.0,183871.0,187.45,183871.0,1
2025-06-17,S관(3공장),[45] 하이드레이션/전면검사,117770.0,118284.0,116759.0,100.87,116759.0,1
2025-06-17,S관(3공장),[80] 누수/규격검사,184088.0,194390.0,100645.0,182.91,100645.0,1
2025-06-18,A관(1공장),[10] 사출조립,390998.0,403674.0,197367.0,198.11,197367.0,1
2025-06-18,A관(1공장),[20] 분리,110098.0,145346.0,197367.0,55.78,197367.0,1
2025-06-18,A관(1공장),[45] 하이드레이션/전면검사,215366.0,215366.0,118500.0,181.74,118500.0,1
2025-06-18,A관(1공장),[80] 누수/규격검사,165888.0,171297.0,112903.0,146.93,112903.0,1
2025-06-18,C관(2공장),[10] 사출조립,1687484.0,1823188.0,742386.0,227.31,742386.0,1
2025-06-18,C관(2공장),[20] 분리,1182458.0,1402862.0,742386.0,159.28,742386.0,1
2025-06-18,C관(2공장),[45] 하이드레이션/전면검사,1327070.0,1328230.0,650698.0,203.95,650698.0,1
2025-06-18,C관(2공장),[80] 누수/규격검사,1285580.0,1291710.0,609677.0,210.86,609677.0,1
2025-06-18,S관(3공장),[10] 사출조립,151468.0,159346.0,183871.0,82.38,183871.0,1
2025-06-18,S관(3공장),[20] 분리,277216.0,358684.0,183871.0,150.77,183871.0,1
2025-06-18,S관(3공장),[45] 하이드레이션/전면검사,145140.0,149054.0,116759.0,124.31,116759.0,1
2025-06-18,S관(3공장),[80] 누수/규격검사,146448.0,161698.0,100645.0,145.51,100645.0,1
2025-06-19,A관(1공장),[10] 사출조립,345660.0,371174.0,197367.0,175.14,197367.0,1
2025-06-19,A관(1공장),[20] 분리,124884.0,158494.0,197367.0,63.28,197367.0,1
2025-06-19,A관(1공장),[45] 하이드레이션/전면검사,150620.0,150620.0,118500.0,127.11,118500.0,1
2025-06-19,A관(1공장),[80] 누수/규격검사,161082.0,172734.0,112903.0,142.67,112903.0,1
2025-06-19,C관(2공장),[10] 사출조립,1479940.0,1611946.0,742386.0,199.35,742386.0,1
2025-06-19,C관(2공장),[20] 분리,1219634.0,1450558.0,742386.0,164.29,742386.0,1
2025-06-19,C관(2공장),[45] 하이드레이션/전면검사,1335180.0,1336428.0,650698.0,205.19,650698.0,1
2025-06-19,C관(2공장),[80] 누수/규격검사,1221380.0,1227830.0,609677.0,200.33,609677.0,1
2025-06-19,S관(3공장),[10] 사출조립,175758.0,202122.0,183871.0,95.59,183871.0,1
2025-06-19,S관(3공장),[20] 분리,298178.0,434150.0,183871.0,162.17,183871.0,1
2025-06-19,S관(3공장),[45] 하이드레이션/전면검사,206030.0,206978.0,116759.0,176.46,116759.0,1
2025-06-19,S관(3공장),[80] 누수/규격검사,154670.0,157192.0,100645.0,153.68,100645.0,1
2025-06-20,A관(1공장),[10] 사출조립,312470.0,320808.0,197367.0,158.32,197367.0,1
2025-06-20,A관(1공장),[20] 분리,141292.0,174932.0,197367.0,71.59,197367.0,1
2025-06-20,A관(1공장),[45] 하이드레이션/전면검사,263984.0,264822.0,118500.0,222.77,118500.0,1
2025-06-20,A관(1공장),[80] 누수/규격검사,183178.0,190616.0,112903.0,162.24,112903.0,1
2025-06-20,C관(2공장),[10] 사출조립,1728190.0,1923314.0,742386.0,232.79,742386.0,1
2025-06-20,C관(2공장),[20] 분리,1328952.0,1560780.0,742386.0,179.01,742386.0,1
2025-06-20,C관(2공장),[45] 하이드레이션/전면검사,1186140.0,1187018.0,650698.0,182.29,650698.0,1
2025-06-20,C관(2공장),[80] 누수/규격검사,1416150.0,1422120.0,609677.0,232.28,609677.0,1
2025-06-20,S관(3공장),[10] 사출조립,142190.0,179928.0,183871.0,77.33,183871.0,1
2025-06-20,S관(3공장),[20] 분리,344238.0,495934.0,183871.0,187.22,183871.0,1
2025-06-20,S관(3공장),[45] 하이드레이션/전면검사,148450.0,149300.0,116759.0,127.14,116759.0,1
2025-06-20,S관(3공장),[80] 누수/규격검사,102042.0,102702.0,100645.0,101.39,100645.0,1
2025-06-21,A관(1공장),[10] 사출조립,368296.0,378106.0,197367.0,186.6,197367.0,1
2025-06-21,A관(1공장),[20] 분리,147640.0,184276.0,197367.0,74.8,197367.0,1
2025-06-21,A관(1공장),[45] 하이드레이션/전면검사,171514.0,171514.0,118500.0,144.74,118500.0,1
2025-06-21,A관(1공장),[80] 누수/규격검사,216226.0,224418.0,112903.0,191.51,112903.0,1
2025-06-21,C관(2공장),[10] 사출조립,1546120.0,1658388.0,742386.0,208.26,742386.0,1
2025-06-21,C관(2공장),[20] 분리,1429178.0,1680838.0,742386.0,192.51,742386.0,1
2025-06-21,C관(2공장),[45] 하이드레이션/전면검사,1444020.0,1445230.0,650698.0,221.92,650698.0,1
2025-06-21,C관(2공장),[80] 누수/규격검사,1333140.0,1340290.0,609677.0,218.66,609677.0,1
2025-06-21,S관(3공장),[10] 사출조립,316946.0,331074.0,183871.0,172.37,183871.0,1
2025-06-21,S관(3공장),[20] 분리,487612.0,649196.0,183871.0,265.19,183871.0,1
2025-06-21,S관(3공장),[45] 하이드레이션/전면검사,50310.0,50480.0,116759.0,43.09,116759.0,1
2025-06-21,S관(3공장),[80] 누수/규격검사,119526.0,120554.0,100645.0,118.76,100645.0,1
2025-06-22,A관(1공장),[10] 사출조립,264418.0,277500.0,197367.0,133.97,197367.0,1
2025-06-22,A관(1공장),[20] 분리,179558.0,227956.0,197367.0,90.98,197367.0,1
2025-06-22,A관(1공장),[45] 하이드레이션/전면검사,122256.0,123036.0,118500.0,103.17,118500.0,1
2025-06-22,A관(1공장),[80] 누수/규격검사,258951.0,265147.0,112903.0,229.36,112903.0,1
2025-06-22,C관(2공장),[10] 사출조립,1558474.0,1701476.0,742386.0,209.93,742386.0,1
2025-06-22,C관(2공장),[20] 분리,1339652.0,1578732.0,742386.0,180.45,742386.0,1
2025-06-22,C관(2공장),[45] 하이드레이션/전면검사,1337630.0,1338736.0,650698.0,205.57,650698.0,1
2025-06-22,C관(2공장),[80] 누수/규격검사,1377510.0,1383620.0,609677.0,225.94,609677.0,1
2025-06-22,S관(3공장),[10] 사출조립,260608.0,269528.0,183871.0,141.73,183871.0,1
2025-06-22,S관(3공장),[20] 분리,438810.0,621240.0,183871.0,238.65,183871.0,1
2025-06-22,S관(3공장),[45] 하이드레이션/전면검사,154130.0,154944.0,116759.0,132.01,116759.0,1
2025-06-22,S관(3공장),[80] 누수/규격검사,72420.0,73960.0,100645.0,71.96,100645.0,1
2025-06-23,A관(1공장),[10] 사출조립,266852.0,290402.0,197367.0,135.21,197367.0,1
2025-06-23,A관(1공장),[20] 분리,140254.0,181810.0,197367.0,71.06,197367.0,1
2025-06-23,A관(1공장),[45] 하이드레이션/전면검사,162794.0,163138.0,118500.0,137.38,118500.0,1
2025-06-23,A관(1공장),[80] 누수/규격검사,214088.0,227766.0,112903.0,189.62,112903.0,1
2025-06-23,C관(2공장),[10] 사출조립,1574378.0,1700118.0,742386.0,212.07,742386.0,1
2025-06-23,C관(2공장),[20] 분리,1307982.0,1537103.0,742386.0,176.19,742386.0,1
2025-06-23,C관(2공장),[45] 하이드레이션/전면검사,1469480.0,1470666.0,650698.0,225.83,650698.0,1
2025-06-23,C관(2공장),[80] 누수/규격검사,1188570.0,1195050.0,609677.0,194.95,609677.0,1
2025-06-23,S관(3공장),[10] 사출조립,152238.0,165336.0,183871.0,82.8,183871.0,1
2025-06-23,S관(3공장),[20] 분리,360798.0,498318.0,183871.0,196.22,183871.0,1
2025-06-23,S관(3공장),[45] 하이드레이션/전면검사,166520.0,167872.0,116759.0,142.62,116759.0,1
2025-06-23,S관(3공장),[80] 누수/규격검사,114922.0,115354.0,100645.0,114.19,100645.0,1
2025-06-24,A관(1공장),[10] 사출조립,383672.0,400604.0,197367.0,194.4,197367.0,1
2025-06-24,A관(1공장),[20] 분리,108524.0,134454.0,197367.0,54.99,197367.0,1
2025-06-24,A관(1공장),[45] 하이드레이션/전면검사,154994.0,154994.0,118500.0,130.8,118500.0,1
2025-06-24,A관(1공장),[80] 누수/규격검사,166691.0,172267.0,112903.0,147.64,112903.0,1
2025-06-24,C관(2공장),[10] 사출조립,1660406.0,1824688.0,742386.0,223.66,742386.0,1
2025-06-24,C관(2공장),[20] 분리,1361224.0,1589160.0,742386.0,183.36,742386.0,1
2025-06-24,C관(2공장),[45] 하이드레이션/전면검사,1238370.0,1239266.0,650698.0,190.31,650698.0,1
2025-06-24,C관(2공장),[80] 누수/규격검사,1365590.0,1375950.0,609677.0,223.99,609677.0,1
2025-06-24,S관(3공장),[10] 사출조립,180104.0,180104.0,183871.0,97.95,183871.0,1
2025-06-24,S관(3공장),[20] 분리,169038.0,231958.0,183871.0,91.93,183871.0,1
2025-06-24,S관(3공장),[45] 하이드레이션/전면검사,243920.0,245288.0,116759.0,208.91,116759.0,1
2025-06-24,S관(3공장),[80] 누수/규격검사,192574.0,197684.0,100645.0,191.34,100645.0,1
2025-06-25,A관(1공장),[10] 사출조립,379636.0,399402.0,197367.0,192.35,197367.0,1
2025-06-25,A관(1공장),[20] 분리,105194.0,135670.0,197367.0,53.3,197367.0,1
2025-06-25,A관(1공장),[45] 하이드레이션/전면검사,235672.0,235672.0,118500.0,198.88,118500.0,1
2025-06-25,A관(1공장),[80] 누수/규격검사,202764.0,211283.0,112903.0,179.59,112903.0,1
2025-06-25,C관(2공장),[10] 사출조립,1592470.0,1696992.0,742386.0,214.51,742386.0,1
2025-06-25,C관(2공장),[20] 분리,1349276.0,1604446.0,742386.0,181.75,742386.0,1
2025-06-25,C관(2공장),[45] 하이드레이션/전면검사,1646470.0,1647750.0,650698.0,253.03,650698.0,1
2025-06-25,C관(2공장),[80] 누수/규격검사,1393570.0,1399950.0,609677.0,228.58,609677.0,1
2025-06-25,S관(3공장),[10] 사출조립,209728.0,209728.0,183871.0,114.06,183871.0,1
2025-06-25,S관(3공장),[20] 분리,230024.0,283210.0,183871.0,125.1,183871.0,1
2025-06-25,S관(3공장),[45] 하이드레이션/전면검사,153600.0,156206.0,116759.0,131.55,116759.0,1
2025-06-25,S관(3공장),[80] 누수/규격검사,139344.0,140144.0,100645.0,138.45,100645.0,1
2025-06-26,A관(1공장),[10] 사출조립,403860.0,416612.0,197367.0,204.62,197367.0,1
2025-06-26,A관(1공장),[20] 분리,124754.0,159636.0,197367.0,63.21,197367.0,1
2025-06-26,A관(1공장),[45] 하이드레이션/전면검사,254724.0,258594.0,118500.0,214.96,118500.0,1
2025-06-26,A관(1공장),[80] 누수/규격검사,189554.0,203347.0,112903.0,167.89,112903.0,1
2025-06-26,C관(2공장),[10] 사출조립,1918098.0,2095550.0,742386.0,258.37,742386.0,1
2025-06-26,C관(2공장),[20] 분리,1274122.0,1511800.0,742386.0,171.63,742386.0,1
2025-06-26,C관(2공장),[45] 하이드레이션/전면검사,1307880.0,1309054.0,650698.0,201.0,650698.0,1
2025-06-26,C관(2공장),[80] 누수/규격검사,1284470.0,1291370.0,609677.0,210.68,609677.0,1
2025-06-26,S관(3공장),[10] 사출조립,309000.0,317888.0,183871.0,168.05,183871.0,1
2025-06-26,S관(3공장),[20] 분리,281232.0,358440.0,183871.0,152.95,183871.0,1
2025-06-26,S관(3공장),[45] 하이드레이션/전면검사,280610.0,281712.0,116759.0,240.33,116759.0,1
2025-06-26,S관(3공장),[80] 누수/규격검사,193808.0,195408.0,100645.0,192.57,100645.0,1
2025-06-27,A관(1공장),[10] 사출조립,397984.0,407172.0,197367.0,201.65,197367.0,1
2025-06-27,A관(1공장),[20] 분리,153088.0,199802.0,197367.0,77.57,197367.0,1
2025-06-27,A관(1공장),[45] 하이드레이션/전면검사,257184.0,260000.0,118500.0,217.03,118500.0,1
2025-06-27,A관(1공장),[80] 누수/규격검사,166914.0,170566.0,112903.0,147.84,112903.0,1
2025-06-27,C관(2공장),[10] 사출조립,1885148.0,2023532.0,742386.0,253.93,742386.0,1
2025-06-27,C관(2공장),[20] 분리,1361354.0,1595140.0,742386.0,183.38,742386.0,1
2025-06-27,C관(2공장),[45] 하이드레이션/전면검사,1640990.0,1642294.0,650698.0,252.19,650698.0,1
2025-06-27,C관(2공장),[80] 누수/규격검사,1462470.0,1470190.0,609677.0,239.88,609677.0,1
2025-06-27,S관(3공장),[10] 사출조립,245416.0,260086.0,183871.0,133.47,183871.0,1
2025-06-27,S관(3공장),[20] 분리,270746.0,353182.0,183871.0,147.25,183871.0,1
2025-06-27,S관(3공장),[45] 하이드레이션/전면검사,238840.0,239898.0,116759.0,204.56,116759.0,1
2025-06-27,S관(3공장),[80] 누수/규격검사,170120.0,173120.0,100645.0,169.03,100645.0,1
2025-06-28,A관(1공장),[10] 사출조립,368358.0,390158.0,197367.0,186.64,197367.0,1
2025-06-28,A관(1공장),[20] 분리,153564.0,194676.0,197367.0,77.81,197367.0,1
2025-06-28,A관(1공장),[45] 하이드레이션/전면검사,157204.0,158902.0,118500.0,132.66,118500.0,1
2025-06-28,A관(1공장),[80] 누수/규격검사,161312.0,170982.0,112903.0,142.88,112903.0,1
2025-06-28,C관(2공장),[10] 사출조립,1436316.0,1550990.0,742386.0,193.47,742386.0,1
2025-06-28,C관(2공장),[20] 분리,1380806.0,1618988.0,742386.0,186.0,742386.0,1
2025-06-28,C관(2공장),[45] 하이드레이션/전면검사,1772920.0,1779368.0,650698.0,272.46,650698.0,1
2025-06-28,C관(2공장),[80] 누수/규격검사,1459270.0,1460410.0,609677.0,239.35,609677.0,1
2025-06-28,S관(3공장),[10] 사출조립,174356.0,199460.0,183871.0,94.83,183871.0,1
2025-06-28,S관(3공장),[20] 분리,127544.0,154746.0,183871.0,69.37,183871.0,1
2025-06-28,S관(3공장),[45] 하이드레이션/전면검사,241010.0,242398.0,116759.0,206.42,116759.0,1
2025-06-28,S관(3공장),[80] 누수/규격검사,156310.0,157700.0,100645.0,155.31,100645.0,1
2025-06-29,A관(1공장),[10] 사출조립,358896.0,379042.0,197367.0,181.84,197367.0,1
2025-06-29,A관(1공장),[20] 분리,147762.0,194514.0,197367.0,74.87,197367.0,1
2025-06-29,A관(1공장),[45] 하이드레이션/전면검사,169636.0,171554.0,118500.0,143.15,118500.0,1
2025-06-29,A관(1공장),[80] 누수/규격검사,217289.0,222737.0,112903.0,192.46,112903.0,1
2025-06-29,C관(2공장),[10] 사출조립,1353150.0,1480580.0,742386.0,182.27,742386.0,1
2025-06-29,C관(2공장),[20] 분리,1382288.0,1642056.0,742386.0,186.2,742386.0,1
2025-06-29,C관(2공장),[45] 하이드레이션/전면검사,1363860.0,1365116.0,650698.0,209.6,650698.0,1
2025-06-29,C관(2공장),[80] 누수/규격검사,1443510.0,1446590.0,609677.0,236.77,609677.0,1
2025-06-29,S관(3공장),[10] 사출조립,180024.0,204738.0,183871.0,97.91,183871.0,1
2025-06-29,S관(3공장),[20] 분리,80342.0,109062.0,183871.0,43.69,183871.0,1
2025-06-29,S관(3공장),[45] 하이드레이션/전면검사,310210.0,311580.0,116759.0,265.68,116759.0,1
2025-06-29,S관(3공장),[80] 누수/규격검사,251230.0,253930.0,100645.0,249.62,100645.0,1
2025-06-30,A관(1공장),[10] 사출조립,275588.0,286218.0,197367.0,139.63,197367.0,1
2025-06-30,A관(1공장),[20] 분리,145240.0,186140.0,197367.0,73.59,197367.0,1
2025-06-30,A관(1공장),[45] 하이드레이션/전면검사,192942.0,192942.0,118500.0,162.82,118500.0,1
2025-06-30,A관(1공장),[80] 누수/규격검사,202980.0,205837.0,112903.0,179.78,112903.0,1
2025-06-30,C관(2공장),[10] 사출조립,1400778.0,1564584.0,742386.0,188.69,742386.0,1
2025-06-30,C관(2공장),[20] 분리,1365876.0,1614494.0,742386.0,183.98,742386.0,1
2025-06-30,C관(2공장),[45] 하이드레이션/전면검사,1269000.0,1270138.0,650698.0,195.02,650698.0,1
2025-06-30,C관(2공장),[80] 누수/규격검사,1393710.0,1398050.0,609677.0,228.6,609677.0,1
2025-06-30,S관(3공장),[10] 사출조립,211740.0,235194.0,183871.0,115.16,183871.0,1
2025-06-30,S관(3공장),[20] 분리,276420.0,362943.0,183871.0,150.33,183871.0,1
2025-06-30,S관(3공장),[45] 하이드레이션/전면검사,327610.0,328848.0,116759.0,280.59,116759.0,1
2025-06-30,S관(3공장),[80] 누수/규격검사,209590.0,218924.0,100645.0,208.25,100645.0,1
2025-07-01,A관(1공장),[10] 사출조립,279456.0,299032.0,197367.0,141.59,197367.0,1
2025-07-01,A관(1공장),[20] 분리,137972.0,181126.0,197367.0,69.91,197367.0,1
2025-07-01,A관(1공장),[45] 하이드레이션/전면검사,209820.0,214270.0,118500.0,177.06,118500.0,1
2025-07-01,A관(1공장),[80] 누수/규격검사,183068.0,186436.0,112903.0,162.15,112903.0,1
2025-07-01,C관(2공장),[10] 사출조립,1281334.0,1420220.0,742386.0,172.6,742386.0,1
2025-07-01,C관(2공장),[20] 분리,1358154.0,1611908.0,742386.0,182.94,742386.0,1
2025-07-01,C관(2공장),[45] 하이드레이션/전면검사,1245510.0,1251096.0,650698.0,191.41,650698.0,1
2025-07-01,C관(2공장),[80] 누수/규격검사,1345390.0,1353150.0,609677.0,220.67,609677.0,1
2025-07-01,S관(3공장),[10] 사출조립,179998.0,183272.0,183871.0,97.89,183871.0,1
2025-07-01,S관(3공장),[20] 분리,213604.0,262380.0,183871.0,116.17,183871.0,1
2025-07-01,S관(3공장),[45] 하이드레이션/전면검사,263790.0,266420.0,116759.0,225.93,116759.0,1
2025-07-01,S관(3공장),[80] 누수/규격검사,212810.0,215630.0,100645.0,211.45,100645.0,1
2025-07-02,A관(1공장),[10] 사출조립,177288.0,196194.0,197367.0,89.83,197367.0,1
2025-07-02,A관(1공장),[20] 분리,83718.0,114754.0,197367.0,42.42,197367.0,1
2025-07-02,A관(1공장),[45] 하이드레이션/전면검사,210608.0,213970.0,118500.0,177.73,118500.0,1
2025-07-02,A관(1공장),[80] 누수/규격검사,151946.0,156762.0,112903.0,134.58,112903.0,1
2025-07-02,C관(2공장),[10] 사출조립,1314286.0,1509062.0,742386.0,177.04,742386.0,1
2025-07-02,C관(2공장),[20] 분리,1337448.0,1575604.0,742386.0,180.16,742386.0,1
2025-07-02,C관(2공장),[45] 하이드레이션/전면검사,1401262.0,1402520.0,650698.0,215.35,650698.0,1
2025-07-02,C관(2공장),[80] 누수/규격검사,1350950.0,1356050.0,609677.0,221.58,609677.0,1
2025-07-02,S관(3공장),[10] 사출조립,392804.0,459180.0,183871.0,213.63,183871.0,1
2025-07-02,S관(3공장),[20] 분리,482636.0,588754.0,183871.0,262.49,183871.0,1
2025-07-02,S관(3공장),[45] 하이드레이션/전면검사,168810.0,169914.0,116759.0,144.58,116759.0,1
2025-07-02,S관(3공장),[80] 누수/규격검사,151762.0,168672.0,100645.0,150.79,100645.0,1
2025-07-03,A관(1공장),[10] 사출조립,194414.0,202610.0,197367.0,98.5,197367.0,1
2025-07-03,A관(1공장),[20] 분리,99296.0,124084.0,197367.0,50.31,197367.0,1
2025-07-03,A관(1공장),[45] 하이드레이션/전면검사,144270.0,149028.0,118500.0,121.75,118500.0,1
2025-07-03,A관(1공장),[80] 누수/규격검사,178262.0,183032.0,112903.0,157.89,112903.0,1
2025-07-03,C관(2공장),[10] 사출조립,1278704.0,1430022.0,742386.0,172.24,742386.0,1
2025-07-03,C관(2공장),[20] 분리,1388984.0,1613818.0,742386.0,187.1,742386.0,1
2025-07-03,C관(2공장),[45] 하이드레이션/전면검사,1338880.0,1347608.0,650698.0,205.76,650698.0,1
2025-07-03,C관(2공장),[80] 누수/규격검사,1425196.0,1426010.0,609677.0,233.76,609677.0,1
2025-07-03,S관(3공장),[10] 사출조립,332510.0,367360.0,183871.0,180.84,183871.0,1
2025-07-03,S관(3공장),[20] 분리,48196.0,64478.0,183871.0,26.21,183871.0,1
2025-07-03,S관(3공장),[45] 하이드레이션/전면검사,218180.0,219036.0,116759.0,186.86,116759.0,1
2025-07-03,S관(3공장),[80] 누수/규격검사,194980.0,199250.0,100645.0,193.73,100645.0,1
2025-07-04,A관(1공장),[10] 사출조립,244610.0,261340.0,197367.0,123.94,197367.0,1
2025-07-04,A관(1공장),[20] 분리,65884.0,83350.0,197367.0,33.38,197367.0,1
2025-07-04,A관(1공장),[45] 하이드레이션/전면검사,136382.0,140282.0,118500.0,115.09,118500.0,1
2025-07-04,A관(1공장),[80] 누수/규격검사,189236.0,197084.0,112903.0,167.61,112903.0,1
2025-07-04,C관(2공장),[10] 사출조립,1072302.0,1202988.0,742386.0,144.44,742386.0,1
2025-07-04,C관(2공장),[20] 분리,1224626.0,1451766.0,742386.0,164.96,742386.0,1
2025-07-04,C관(2공장),[45] 하이드레이션/전면검사,1213308.0,1214428.0,650698.0,186.46,650698.0,1
2025-07-04,C관(2공장),[80] 누수/규격검사,1315860.0,1322658.0,609677.0,215.83,609677.0,1
2025-07-04,S관(3공장),[10] 사출조립,89632.0,103336.0,183871.0,48.75,183871.0,1
2025-07-04,S관(3공장),[20] 분리,194312.0,250158.0,183871.0,105.68,183871.0,1
2025-07-04,S관(3공장),[45] 하이드레이션/전면검사,192750.0,196778.0,116759.0,165.08,116759.0,1
2025-07-04,S관(3공장),[80] 누수/규격검사,256260.0,261310.0,100645.0,254.62,100645.0,1
2025-07-05,A관(1공장),[10] 사출조립,282784.0,296918.0,197367.0,143.28,197367.0,1
2025-07-05,A관(1공장),[20] 분리,108718.0,140880.0,197367.0,55.08,197367.0,1
2025-07-05,A관(1공장),[45] 하이드레이션/전면검사,236032.0,236032.0,118500.0,199.18,118500.0,1
2025-07-05,A관(1공장),[80] 누수/규격검사,156500.0,163536.0,112903.0,138.61,112903.0,1
2025-07-05,C관(2공장),[10] 사출조립,1249094.0,1382996.0,742386.0,168.25,742386.0,1
2025-07-05,C관(2공장),[20] 분리,1399850.0,1684112.0,742386.0,188.56,742386.0,1
2025-07-05,C관(2공장),[45] 하이드레이션/전면검사,1377690.0,1378936.0,650698.0,211.72,650698.0,1
2025-07-05,C관(2공장),[80] 누수/규격검사,1375630.0,1382920.0,609677.0,225.63,609677.0,1
2025-07-05,S관(3공장),[10] 사출조립,284228.0,294038.0,183871.0,154.58,183871.0,1
2025-07-05,S관(3공장),[20] 분리,252130.0,314206.0,183871.0,137.12,183871.0,1
2025-07-05,S관(3공장),[45] 하이드레이션/전면검사,363880.0,365952.0,116759.0,311.65,116759.0,1
2025-07-05,S관(3공장),[80] 누수/규격검사,147536.0,149530.0,100645.0,146.59,100645.0,1
2025-07-06,A관(1공장),[10] 사출조립,238732.0,266886.0,197367.0,120.96,197367.0,1
2025-07-06,A관(1공장),[20] 분리,148102.0,189254.0,197367.0,75.04,197367.0,1
2025-07-06,A관(1공장),[45] 하이드레이션/전면검사,157892.0,158316.0,118500.0,133.24,118500.0,1
2025-07-06,A관(1공장),[80] 누수/규격검사,198446.0,203216.0,112903.0,175.77,112903.0,1
2025-07-06,C관(2공장),[10] 사출조립,1346030.0,1507166.0,742386.0,181.31,742386.0,1
2025-07-06,C관(2공장),[20] 분리,1321088.0,1557528.0,742386.0,177.95,742386.0,1
2025-07-06,C관(2공장),[45] 하이드레이션/전면검사,1342470.0,1343628.0,650698.0,206.31,650698.0,1
2025-07-06,C관(2공장),[80] 누수/규격검사,1416540.0,1427620.0,609677.0,232.34,609677.0,1
2025-07-06,S관(3공장),[10] 사출조립,260358.0,276584.0,183871.0,141.6,183871.0,1
2025-07-06,S관(3공장),[20] 분리,98440.0,129556.0,183871.0,53.54,183871.0,1
2025-07-06,S관(3공장),[45] 하이드레이션/전면검사,284902.0,285966.0,116759.0,244.01,116759.0,1
2025-07-06,S관(3공장),[80] 누수/규격검사,176438.0,188672.0,100645.0,175.31,100645.0,1
2025-07-07,A관(1공장),[10] 사출조립,191068.0,215560.0,197367.0,96.81,197367.0,1
2025-07-07,A관(1공장),[20] 분리,162494.0,195604.0,197367.0,82.33,197367.0,1
2025-07-07,A관(1공장),[45] 하이드레이션/전면검사,159836.0,159836.0,118500.0,134.88,118500.0,1
2025-07-07,A관(1공장),[80] 누수/규격검사,205220.0,212752.0,112903.0,181.77,112903.0,1
2025-07-07,C관(2공장),[10] 사출조립,1313144.0,1436164.0,742386.0,176.88,742386.0,1
2025-07-07,C관(2공장),[20] 분리,1223418.0,1462586.0,742386.0,164.8,742386.0,1
2025-07-07,C관(2공장),[45] 하이드레이션/전면검사,1135450.0,1136540.0,650698.0,174.5,650698.0,1
2025-07-07,C관(2공장),[80] 누수/규격검사,1216650.0,1219880.0,609677.0,199.56,609677.0,1
2025-07-07,S관(3공장),[10] 사출조립,174834.0,219328.0,183871.0,95.09,183871.0,1
2025-07-07,S관(3공장),[20] 분리,170488.0,234206.0,183871.0,92.72,183871.0,1
2025-07-07,S관(3공장),[45] 하이드레이션/전면검사,113560.0,114336.0,116759.0,97.26,116759.0,1
2025-07-07,S관(3공장),[80] 누수/규격검사,188378.0,195840.0,100645.0,187.17,100645.0,1
2025-07-08,A관(1공장),[10] 사출조립,204732.0,213422.0,197367.0,103.73,197367.0,1
2025-07-08,A관(1공장),[20] 분리,155642.0,180606.0,197367.0,78.86,197367.0,1
2025-07-08,A관(1공장),[45] 하이드레이션/전면검사,221204.0,222508.0,118500.0,186.67,118500.0,1
2025-07-08,A관(1공장),[80] 누수/규격검사,168044.0,175408.0,112903.0,148.84,112903.0,1
2025-07-08,C관(2공장),[10] 사출조립,1599630.0,1756268.0,742386.0,215.47,742386.0,1
2025-07-08,C관(2공장),[20] 분리,1280640.0,1525942.0,742386.0,172.5,742386.0,1
2025-07-08,C관(2공장),[45] 하이드레이션/전면검사,1229490.0,1230674.0,650698.0,188.95,650698.0,1
2025-07-08,C관(2공장),[80] 누수/규격검사,1290950.0,1294720.0,609677.0,211.74,609677.0,1
2025-07-08,S관(3공장),[10] 사출조립,82744.0,100384.0,183871.0,45.0,183871.0,1
2025-07-08,S관(3공장),[20] 분리,109026.0,150188.0,183871.0,59.29,183871.0,1
2025-07-08,S관(3공장),[45] 하이드레이션/전면검사,457490.0,463048.0,116759.0,391.82,116759.0,1
2025-07-08,S관(3공장),[80] 누수/규격검사,285350.0,303070.0,100645.0,283.52,100645.0,1
2025-07-09,A관(1공장),[10] 사출조립,255978.0,277020.0,197367.0,129.7,197367.0,1
2025-07-09,A관(1공장),[20] 분리,178550.0,218854.0,197367.0,90.47,197367.0,1
2025-07-09,A관(1공장),[45] 하이드레이션/전면검사,156882.0,156882.0,118500.0,132.39,118500.0,1
2025-07-09,A관(1공장),[80] 누수/규격검사,155378.0,160300.0,112903.0,137.62,112903.0,1
2025-07-09,C관(2공장),[10] 사출조립,1443760.0,1590410.0,742386.0,194.48,742386.0,1
2025-07-09,C관(2공장),[20] 분리,1206616.0,1461182.0,742386.0,162.53,742386.0,1
2025-07-09,C관(2공장),[45] 하이드레이션/전면검사,1481970.0,1483222.0,650698.0,227.75,650698.0,1
2025-07-09,C관(2공장),[80] 누수/규격검사,1353490.0,1358320.0,609677.0,222.0,609677.0,1
2025-07-09,S관(3공장),[10] 사출조립,213288.0,226112.0,183871.0,116.0,183871.0,1
2025-07-09,S관(3공장),[20] 분리,240118.0,299954.0,183871.0,130.59,183871.0,1
2025-07-09,S관(3공장),[45] 하이드레이션/전면검사,276800.0,293910.0,116759.0,237.07,116759.0,1
2025-07-09,S관(3공장),[80] 누수/규격검사,232260.0,236490.0,100645.0,230.77,100645.0,1
2025-07-10,A관(1공장),[10] 사출조립,322494.0,332628.0,197367.0,163.4,197367.0,1
2025-07-10,A관(1공장),[20] 분리,144440.0,192486.0,197367.0,73.18,197367.0,1
2025-07-10,A관(1공장),[45] 하이드레이션/전면검사,206358.0,206658.0,118500.0,174.14,118500.0,1
2025-07-10,A관(1공장),[80] 누수/규격검사,183574.0,193104.0,112903.0,162.59,112903.0,1
2025-07-10,C관(2공장),[10] 사출조립,1254850.0,1411010.0,742386.0,169.03,742386.0,1
2025-07-10,C관(2공장),[20] 분리,1299430.0,1586840.0,742386.0,175.03,742386.0,1
2025-07-10,C관(2공장),[45] 하이드레이션/전면검사,1348050.0,1356882.0,650698.0,207.17,650698.0,1
2025-07-10,C관(2공장),[80] 누수/규격검사,1385920.0,1391190.0,609677.0,227.32,609677.0,1
2025-07-10,S관(3공장),[10] 사출조립,184854.0,201202.0,183871.0,100.53,183871.0,1
2025-07-10,S관(3공장),[20] 분리,94560.0,119476.0,183871.0,51.43,183871.0,1
2025-07-10,S관(3공장),[45] 하이드레이션/전면검사,244970.0,246520.0,116759.0,209.81,116759.0,1
2025-07-10,S관(3공장),[80] 누수/규격검사,225494.0,230940.0,100645.0,224.05,100645.0,1
2025-07-11,A관(1공장),[10] 사출조립,236546.0,265400.0,197367.0,119.85,197367.0,1
2025-07-11,A관(1공장),[20] 분리,123048.0,164532.0,197367.0,62.34,197367.0,1
2025-07-11,A관(1공장),[45] 하이드레이션/전면검사,224664.0,224664.0,118500.0,189.59,118500.0,1
2025-07-11,A관(1공장),[80] 누수/규격검사,192572.0,202622.0,112903.0,170.56,112903.0,1
2025-07-11,C관(2공장),[10] 사출조립,1404878.0,1513556.0,742386.0,189.24,742386.0,1
2025-07-11,C관(2공장),[20] 분리,1357010.0,1632654.0,742386.0,182.79,742386.0,1
2025-07-11,C관(2공장),[45] 하이드레이션/전면검사,1373970.0,1377096.0,650698.0,211.15,650698.0,1
2025-07-11,C관(2공장),[80] 누수/규격검사,1355120.0,1357160.0,609677.0,222.27,609677.0,1
2025-07-11,S관(3공장),[10] 사출조립,122080.0,122080.0,183871.0,66.39,183871.0,1
2025-07-11,S관(3공장),[20] 분리,93004.0,114576.0,183871.0,50.58,183871.0,1
2025-07-11,S관(3공장),[45] 하이드레이션/전면검사,473094.0,475600.0,116759.0,405.19,116759.0,1
2025-07-11,S관(3공장),[80] 누수/규격검사,191280.0,193270.0,100645.0,190.05,100645.0,1
2025-07-12,A관(1공장),[10] 사출조립,466466.0,483844.0,197367.0,236.34,197367.0,1
2025-07-12,A관(1공장),[20] 분리,163724.0,207460.0,197367.0,82.95,197367.0,1
2025-07-12,A관(1공장),[45] 하이드레이션/전면검사,208514.0,208776.0,118500.0,175.96,118500.0,1
2025-07-12,A관(1공장),[80] 누수/규격검사,193928.0,197520.0,112903.0,171.77,112903.0,1
2025-07-12,C관(2공장),[10] 사출조립,1797650.0,1984922.0,742386.0,242.14,742386.0,1
2025-07-12,C관(2공장),[20] 분리,1273536.0,1514564.0,742386.0,171.55,742386.0,1
2025-07-12,C관(2공장),[45] 하이드레이션/전면검사,1185580.0,1191252.0,650698.0,182.2,650698.0,1
2025-07-12,C관(2공장),[80] 누수/규격검사,1214160.0,1215730.0,609677.0,199.15,609677.0,1
2025-07-12,S관(3공장),[10] 사출조립,184812.0,193306.0,183871.0,100.51,183871.0,1
2025-07-12,S관(3공장),[20] 분리,262132.0,306182.0,183871.0,142.56,183871.0,1
2025-07-12,S관(3공장),[45] 하이드레이션/전면검사,268930.0,269926.0,116759.0,230.33,116759.0,1
2025-07-12,S관(3공장),[80] 누수/규격검사,192518.0,193502.0,100645.0,191.28,100645.0,1
2025-07-13,A관(1공장),[10] 사출조립,459934.0,487878.0,197367.0,233.03,197367.0,1
2025-07-13,A관(1공장),[20] 분리,145448.0,186854.0,197367.0,73.69,197367.0,1
2025-07-13,A관(1공장),[45] 하이드레이션/전면검사,147434.0,147434.0,118500.0,124.42,118500.0,1
2025-07-13,A관(1공장),[80] 누수/규격검사,168666.0,170000.0,112903.0,149.39,112903.0,1
2025-07-13,C관(2공장),[10] 사출조립,1665560.0,1804984.0,742386.0,224.35,742386.0,1
2025-07-13,C관(2공장),[20] 분리,1271370.0,1498092.0,742386.0,171.25,742386.0,1
2025-07-13,C관(2공장),[45] 하이드레이션/전면검사,1162470.0,1163680.0,650698.0,178.65,650698.0,1
2025-07-13,C관(2공장),[80] 누수/규격검사,1274340.0,1278950.0,609677.0,209.02,609677.0,1
2025-07-13,S관(3공장),[10] 사출조립,279748.0,293784.0,183871.0,152.14,183871.0,1
2025-07-13,S관(3공장),[20] 분리,124338.0,165520.0,183871.0,67.62,183871.0,1
2025-07-13,S관(3공장),[45] 하이드레이션/전면검사,279820.0,281422.0,116759.0,239.66,116759.0,1
2025-07-13,S관(3공장),[80] 누수/규격검사,217570.0,219590.0,100645.0,216.18,100645.0,1
2025-07-14,A관(1공장),[10] 사출조립,451148.0,483370.0,197367.0,228.58,197367.0,1
2025-07-14,A관(1공장),[20] 분리,155694.0,187518.0,197367.0,78.89,197367.0,1
2025-07-14,A관(1공장),[45] 하이드레이션/전면검사,160302.0,160302.0,118500.0,135.28,118500.0,1
2025-07-14,A관(1공장),[80] 누수/규격검사,210866.0,214772.0,112903.0,186.77,112903.0,1
2025-07-14,C관(2공장),[10] 사출조립,1622068.0,1750072.0,742386.0,218.49,742386.0,1
2025-07-14,C관(2공장),[20] 분리,1059678.0,1276794.0,742386.0,142.74,742386.0,1
2025-07-14,C관(2공장),[45] 하이드레이션/전면검사,1219110.0,1222184.0,650698.0,187.35,650698.0,1
2025-07-14,C관(2공장),[80] 누수/규격검사,1415240.0,1419250.0,609677.0,232.13,609677.0,1
2025-07-14,S관(3공장),[10] 사출조립,159016.0,175180.0,183871.0,86.48,183871.0,1
2025-07-14,S관(3공장),[20] 분리,131330.0,175712.0,183871.0,71.43,183871.0,1
2025-07-14,S관(3공장),[45] 하이드레이션/전면검사,288140.0,292198.0,116759.0,246.78,116759.0,1
2025-07-14,S관(3공장),[80] 누수/규격검사,207080.0,210100.0,100645.0,205.75,100645.0,1
2025-07-15,A관(1공장),[10] 사출조립,409342.0,422652.0,197367.0,207.4,197367.0,1
2025-07-15,A관(1공장),[20] 분리,166708.0,202062.0,197367.0,84.47,197367.0,1
2025-07-15,A관(1공장),[45] 하이드레이션/전면검사,206624.0,206624.0,118500.0,174.37,118500.0,1
2025-07-15,A관(1공장),[80] 누수/규격검사,201734.0,208084.0,112903.0,178.68,112903.0,1
2025-07-15,C관(2공장),[10] 사출조립,1726780.0,1915508.0,742386.0,232.6,742386.0,1
2025-07-15,C관(2공장),[20] 분리,1234638.0,1454920.0,742386.0,166.31,742386.0,1
2025-07-15,C관(2공장),[45] 하이드레이션/전면검사,1079950.0,1080810.0,650698.0,165.97,650698.0,1
2025-07-15,C관(2공장),[80] 누수/규격검사,1145180.0,1151680.0,609677.0,187.83,609677.0,1
2025-07-15,S관(3공장),[10] 사출조립,380666.0,411984.0,183871.0,207.03,183871.0,1
2025-07-15,S관(3공장),[20] 분리,185170.0,240744.0,183871.0,100.71,183871.0,1
2025-07-15,S관(3공장),[45] 하이드레이션/전면검사,261180.0,262294.0,116759.0,223.69,116759.0,1
2025-07-15,S관(3공장),[80] 누수/규격검사,188364.0,208500.0,100645.0,187.16,100645.0,1
2025-07-16,A관(1공장),[10] 사출조립,486172.0,505922.0,197367.0,246.33,197367.0,1
2025-07-16,A관(1공장),[20] 분리,163420.0,197550.0,197367.0,82.8,197367.0,1
2025-07-16,A관(1공장),[45] 하이드레이션/전면검사,261670.0,263082.0,118500.0,220.82,118500.0,1
2025-07-16,A관(1공장),[80] 누수/규격검사,205294.0,209336.0,112903.0,181.83,112903.0,1
2025-07-16,C관(2공장),[10] 사출조립,1593416.0,1687826.0,742386.0,214.63,742386.0,1
2025-07-16,C관(2공장),[20] 분리,1205660.0,1456970.0,742386.0,162.4,742386.0,1
2025-07-16,C관(2공장),[45] 하이드레이션/전면검사,1182210.0,1183020.0,650698.0,181.68,650698.0,1
2025-07-16,C관(2공장),[80] 누수/규격검사,1178100.0,1183210.0,609677.0,193.23,609677.0,1
2025-07-16,S관(3공장),[10] 사출조립,110436.0,125778.0,183871.0,60.06,183871.0,1
2025-07-16,S관(3공장),[20] 분리,144284.0,190744.0,183871.0,78.47,183871.0,1
2025-07-16,S관(3공장),[45] 하이드레이션/전면검사,294360.0,295900.0,116759.0,252.11,116759.0,1
2025-07-16,S관(3공장),[80] 누수/규격검사,223892.0,235092.0,100645.0,222.46,100645.0,1
2025-07-17,A관(1공장),[10] 사출조립,339724.0,373130.0,197367.0,172.13,197367.0,1
2025-07-17,A관(1공장),[20] 분리,94738.0,119360.0,197367.0,48.0,197367.0,1
2025-07-17,A관(1공장),[45] 하이드레이션/전면검사,149736.0,152380.0,118500.0,126.36,118500.0,1
2025-07-17,A관(1공장),[80] 누수/규격검사,156136.0,158148.0,112903.0,138.29,112903.0,1
2025-07-17,C관(2공장),[10] 사출조립,1381272.0,1494914.0,742386.0,186.06,742386.0,1
2025-07-17,C관(2공장),[20] 분리,1122034.0,1341832.0,742386.0,151.14,742386.0,1
2025-07-17,C관(2공장),[45] 하이드레이션/전면검사,1225370.0,1226402.0,650698.0,188.32,650698.0,1
2025-07-17,C관(2공장),[80] 누수/규격검사,1151720.0,1158220.0,609677.0,188.91,609677.0,1
2025-07-17,S관(3공장),[10] 사출조립,253518.0,281148.0,183871.0,137.88,183871.0,1
2025-07-17,S관(3공장),[20] 분리,184172.0,229264.0,183871.0,100.16,183871.0,1
2025-07-17,S관(3공장),[45] 하이드레이션/전면검사,154860.0,155980.0,116759.0,132.63,116759.0,1
2025-07-17,S관(3공장),[80] 누수/규격검사,203644.0,207266.0,100645.0,202.34,100645.0,1
2025-07-18,A관(1공장),[10] 사출조립,376924.0,397784.0,197367.0,190.98,197367.0,1
2025-07-18,A관(1공장),[20] 분리,129556.0,159404.0,197367.0,65.64,197367.0,1
2025-07-18,A관(1공장),[45] 하이드레이션/전면검사,278372.0,279598.0,118500.0,234.91,118500.0,1
2025-07-18,A관(1공장),[80] 누수/규격검사,169262.0,172760.0,112903.0,149.92,112903.0,1
2025-07-18,C관(2공장),[10] 사출조립,1953402.0,2045660.0,742386.0,263.12,742386.0,1
2025-07-18,C관(2공장),[20] 분리,1135124.0,1356968.0,742386.0,152.9,742386.0,1
2025-07-18,C관(2공장),[45] 하이드레이션/전면검사,1089170.0,1117528.0,650698.0,167.38,650698.0,1
2025-07-18,C관(2공장),[80] 누수/규격검사,1178930.0,1184350.0,609677.0,193.37,609677.0,1
2025-07-18,S관(3공장),[10] 사출조립,130606.0,139118.0,183871.0,71.03,183871.0,1
2025-07-18,S관(3공장),[20] 분리,125588.0,158266.0,183871.0,68.3,183871.0,1
2025-07-18,S관(3공장),[45] 하이드레이션/전면검사,244890.0,246726.0,116759.0,209.74,116759.0,1
2025-07-18,S관(3공장),[80] 누수/규격검사,229082.0,244978.0,100645.0,227.61,100645.0,1
2025-07-19,A관(1공장),[10] 사출조립,417652.0,447366.0,197367.0,211.61,197367.0,1
2025-07-19,A관(1공장),[20] 분리,142336.0,167252.0,197367.0,72.12,197367.0,1
2025-07-19,A관(1공장),[45] 하이드레이션/전면검사,186350.0,187922.0,118500.0,157.26,118500.0,1
2025-07-19,A관(1공장),[80] 누수/규격검사,217054.0,220546.0,112903.0,192.25,112903.0,1
2025-07-19,C관(2공장),[10] 사출조립,1719216.0,1880042.0,742386.0,231.58,742386.0,1
2025-07-19,C관(2공장),[20] 분리,1216944.0,1427442.0,742386.0,163.92,742386.0,1
2025-07-19,C관(2공장),[45] 하이드레이션/전면검사,1165990.0,1167032.0,650698.0,179.19,650698.0,1
2025-07-19,C관(2공장),[80] 누수/규격검사,1191410.0,1197780.0,609677.0,195.42,609677.0,1
2025-07-19,S관(3공장),[10] 사출조립,226116.0,230508.0,183871.0,122.98,183871.0,1
2025-07-19,S관(3공장),[20] 분리,185200.0,222240.0,183871.0,100.72,183871.0,1
2025-07-19,S관(3공장),[45] 하이드레이션/전면검사,216140.0,217270.0,116759.0,185.12,116759.0,1
2025-07-19,S관(3공장),[80] 누수/규격검사,222620.0,226224.0,100645.0,221.19,100645.0,1
2025-07-20,A관(1공장),[10] 사출조립,622218.0,653844.0,197367.0,315.26,197367.0,1
2025-07-20,A관(1공장),[20] 분리,137828.0,167348.0,197367.0,69.83,197367.0,1
2025-07-20,A관(1공장),[45] 하이드레이션/전면검사,146916.0,146916.0,118500.0,123.98,118500.0,1
2025-07-20,A관(1공장),[80] 누수/규격검사,222174.0,227476.0,112903.0,196.78,112903.0,1
2025-07-20,C관(2공장),[10] 사출조립,1842500.0,2014256.0,742386.0,248.19,742386.0,1
2025-07-20,C관(2공장),[20] 분리,1206220.0,1428252.0,742386.0,162.48,742386.0,1
2025-07-20,C관(2공장),[45] 하이드레이션/전면검사,1215680.0,1216662.0,650698.0,186.83,650698.0,1
2025-07-20,C관(2공장),[80] 누수/규격검사,1303700.0,1307950.0,609677.0,213.83,609677.0,1
2025-07-20,S관(3공장),[10] 사출조립,267362.0,278484.0,183871.0,145.41,183871.0,1
2025-07-20,S관(3공장),[20] 분리,195446.0,229952.0,183871.0,106.3,183871.0,1
2025-07-20,S관(3공장),[45] 하이드레이션/전면검사,231580.0,232850.0,116759.0,198.34,116759.0,1
2025-07-20,S관(3공장),[80] 누수/규격검사,227596.0,228926.0,100645.0,226.14,100645.0,1
2025-07-21,A관(1공장),[10] 사출조립,479848.0,509486.0,197367.0,243.12,197367.0,1
2025-07-21,A관(1공장),[20] 분리,147996.0,178096.0,197367.0,74.99,197367.0,1
2025-07-21,A관(1공장),[45] 하이드레이션/전면검사,237762.0,238144.0,118500.0,200.64,118500.0,1
2025-07-21,A관(1공장),[80] 누수/규격검사,189634.0,196170.0,112903.0,167.96,112903.0,1
2025-07-21,C관(2공장),[10] 사출조립,1705788.0,1830210.0,742386.0,229.77,742386.0,1
2025-07-21,C관(2공장),[20] 분리,1290068.0,1536718.0,742386.0,173.77,742386.0,1
2025-07-21,C관(2공장),[45] 하이드레이션/전면검사,1172120.0,1176386.0,650698.0,180.13,650698.0,1
2025-07-21,C관(2공장),[80] 누수/규격검사,1225330.0,1225940.0,609677.0,200.98,609677.0,1
2025-07-21,S관(3공장),[10] 사출조립,252350.0,276368.0,183871.0,137.24,183871.0,1
2025-07-21,S관(3공장),[20] 분리,174700.0,212226.0,183871.0,95.01,183871.0,1
2025-07-21,S관(3공장),[45] 하이드레이션/전면검사,199470.0,203718.0,116759.0,170.84,116759.0,1
2025-07-21,S관(3공장),[80] 누수/규격검사,216630.0,217590.0,100645.0,215.24,100645.0,1
2025-07-22,A관(1공장),[10] 사출조립,480786.0,507710.0,197367.0,243.6,197367.0,1
2025-07-22,A관(1공장),[20] 분리,129632.0,156972.0,197367.0,65.68,197367.0,1
2025-07-22,A관(1공장),[45] 하이드레이션/전면검사,262468.0,263690.0,118500.0,221.49,118500.0,1
2025-07-22,A관(1공장),[80] 누수/규격검사,207884.0,217864.0,112903.0,184.13,112903.0,1
2025-07-22,C관(2공장),[10] 사출조립,1515106.0,1630422.0,742386.0,204.09,742386.0,1
2025-07-22,C관(2공장),[20] 분리,1288892.0,1546378.0,742386.0,173.61,742386.0,1
2025-07-22,C관(2공장),[45] 하이드레이션/전면검사,1255410.0,1259926.0,650698.0,192.93,650698.0,1
2025-07-22,C관(2공장),[80] 누수/규격검사,1112210.0,1118520.0,609677.0,182.43,609677.0,1
2025-07-22,S관(3공장),[10] 사출조립,310436.0,323242.0,183871.0,168.83,183871.0,1
2025-07-22,S관(3공장),[20] 분리,183018.0,241560.0,183871.0,99.54,183871.0,1
2025-07-22,S관(3공장),[45] 하이드레이션/전면검사,156750.0,160078.0,116759.0,134.25,116759.0,1
2025-07-22,S관(3공장),[80] 누수/규격검사,186210.0,189530.0,100645.0,185.02,100645.0,1
2025-07-23,A관(1공장),[10] 사출조립,499306.0,520614.0,197367.0,252.98,197367.0,1
2025-07-23,A관(1공장),[20] 분리,162146.0,192186.0,197367.0,82.15,197367.0,1
2025-07-23,A관(1공장),[45] 하이드레이션/전면검사,235570.0,236076.0,118500.0,198.79,118500.0,1
2025-07-23,A관(1공장),[80] 누수/규격검사,259040.0,262734.0,112903.0,229.44,112903.0,1
2025-07-23,C관(2공장),[10] 사출조립,1641950.0,1786404.0,742386.0,221.17,742386.0,1
2025-07-23,C관(2공장),[20] 분리,1311134.0,1578256.0,742386.0,176.61,742386.0,1
2025-07-23,C관(2공장),[45] 하이드레이션/전면검사,1112080.0,1117092.0,650698.0,170.91,650698.0,1
2025-07-23,C관(2공장),[80] 누수/규격검사,1199560.0,1205610.0,609677.0,196.75,609677.0,1
2025-07-23,S관(3공장),[10] 사출조립,194522.0,205936.0,183871.0,105.79,183871.0,1
2025-07-23,S관(3공장),[20] 분리,179108.0,231892.0,183871.0,97.41,183871.0,1
2025-07-23,S관(3공장),[45] 하이드레이션/전면검사,144670.0,145428.0,116759.0,123.9,116759.0,1
2025-07-23,S관(3공장),[80] 누수/규격검사,195560.0,196470.0,100645.0,194.31,100645.0,1
2025-07-24,A관(1공장),[10] 사출조립,427648.0,446694.0,197367.0,216.68,197367.0,1
2025-07-24,A관(1공장),[20] 분리,131600.0,162782.0,197367.0,66.68,197367.0,1
2025-07-24,A관(1공장),[45] 하이드레이션/전면검사,207724.0,207724.0,118500.0,175.29,118500.0,1
2025-07-24,A관(1공장),[80] 누수/규격검사,202758.0,206286.0,112903.0,179.59,112903.0,1
2025-07-24,C관(2공장),[10] 사출조립,1417760.0,1559142.0,742386.0,190.97,742386.0,1
2025-07-24,C관(2공장),[20] 분리,1277920.0,1554986.0,742386.0,172.14,742386.0,1
2025-07-24,C관(2공장),[45] 하이드레이션/전면검사,1251562.0,1252646.0,650698.0,192.34,650698.0,1
2025-07-24,C관(2공장),[80] 누수/규격검사,1112112.0,1118322.0,609677.0,182.41,609677.0,1
2025-07-24,S관(3공장),[10] 사출조립,242066.0,254114.0,183871.0,131.65,183871.0,1
2025-07-24,S관(3공장),[20] 분리,239174.0,283026.0,183871.0,130.08,183871.0,1
2025-07-24,S관(3공장),[45] 하이드레이션/전면검사,143860.0,147650.0,116759.0,123.21,116759.0,1
2025-07-24,S관(3공장),[80] 누수/규격검사,178610.0,178860.0,100645.0,177.47,100645.0,1
2025-07-25,A관(1공장),[10] 사출조립,561080.0,591292.0,197367.0,284.28,197367.0,1
2025-07-25,A관(1공장),[20] 분리,109348.0,138716.0,197367.0,55.4,197367.0,1
2025-07-25,A관(1공장),[45] 하이드레이션/전면검사,208452.0,208452.0,118500.0,175.91,118500.0,1
2025-07-25,A관(1공장),[80] 누수/규격검사,156550.0,161388.0,112903.0,138.66,112903.0,1
2025-07-25,C관(2공장),[10] 사출조립,1634364.0,1815630.0,742386.0,220.15,742386.0,1
2025-07-25,C관(2공장),[20] 분리,1115096.0,1347352.0,742386.0,150.2,742386.0,1
2025-07-25,C관(2공장),[45] 하이드레이션/전면검사,914760.0,915538.0,650698.0,140.58,650698.0,1
2025-07-25,C관(2공장),[80] 누수/규격검사,1036056.0,1036756.0,609677.0,169.94,609677.0,1
2025-07-25,S관(3공장),[10] 사출조립,160258.0,169422.0,183871.0,87.16,183871.0,1
2025-07-25,S관(3공장),[20] 분리,225696.0,276770.0,183871.0,122.75,183871.0,1
2025-07-25,S관(3공장),[45] 하이드레이션/전면검사,221530.0,222526.0,116759.0,189.73,116759.0,1
2025-07-25,S관(3공장),[80] 누수/규격검사,143054.0,143264.0,100645.0,142.14,100645.0,1
2025-07-26,A관(1공장),[10] 사출조립,463052.0,470958.0,197367.0,234.61,197367.0,1
2025-07-26,A관(1공장),[20] 분리,142166.0,177668.0,197367.0,72.03,197367.0,1
2025-07-26,A관(1공장),[45] 하이드레이션/전면검사,212856.0,218738.0,118500.0,179.63,118500.0,1
2025-07-26,A관(1공장),[80] 누수/규격검사,160042.0,169562.0,112903.0,141.75,112903.0,1
2025-07-26,C관(2공장),[10] 사출조립,1607554.0,1808148.0,742386.0,216.54,742386.0,1
2025-07-26,C관(2공장),[20] 분리,1174038.0,1421610.0,742386.0,158.14,742386.0,1
2025-07-26,C관(2공장),[45] 하이드레이션/전면검사,1261230.0,1262318.0,650698.0,193.83,650698.0,1
2025-07-26,C관(2공장),[80] 누수/규격검사,1299020.0,1305390.0,609677.0,213.07,609677.0,1
2025-07-26,S관(3공장),[10] 사출조립,362186.0,421254.0,183871.0,196.98,183871.0,1
2025-07-26,S관(3공장),[20] 분리,312220.0,373612.0,183871.0,169.8,183871.0,1
2025-07-26,S관(3공장),[45] 하이드레이션/전면검사,156730.0,160290.0,116759.0,134.23,116759.0,1
2025-07-26,S관(3공장),[80] 누수/규격검사,146716.0,148206.0,100645.0,145.78,100645.0,1
2025-07-27,A관(1공장),[10] 사출조립,497582.0,516070.0,197367.0,252.11,197367.0,1
2025-07-27,A관(1공장),[20] 분리,157756.0,195954.0,197367.0,79.93,197367.0,1
2025-07-27,A관(1공장),[45] 하이드레이션/전면검사,145882.0,145882.0,118500.0,123.11,118500.0,1
2025-07-27,A관(1공장),[80] 누수/규격검사,179730.0,186848.0,112903.0,159.19,112903.0,1
2025-07-27,C관(2공장),[10] 사출조립,1655910.0,1831026.0,742386.0,223.05,742386.0,1
2025-07-27,C관(2공장),[20] 분리,1209452.0,1446746.0,742386.0,162.91,742386.0,1
2025-07-27,C관(2공장),[45] 하이드레이션/전면검사,1049360.0,1053046.0,650698.0,161.27,650698.0,1
2025-07-27,C관(2공장),[80] 누수/규격검사,1200610.0,1204860.0,609677.0,196.93,609677.0,1
2025-07-27,S관(3공장),[10] 사출조립,158298.0,158298.0,183871.0,86.09,183871.0,1
2025-07-27,S관(3공장),[20] 분리,270980.0,330918.0,183871.0,147.38,183871.0,1
2025-07-27,S관(3공장),[45] 하이드레이션/전면검사,115910.0,116468.0,116759.0,99.27,116759.0,1
2025-07-27,S관(3공장),[80] 누수/규격검사,177532.0,179172.0,100645.0,176.39,100645.0,1
2025-07-28,A관(1공장),[10] 사출조립,508662.0,514758.0,197367.0,257.72,197367.0,1
2025-07-28,A관(1공장),[20] 분리,147388.0,178910.0,197367.0,74.68,197367.0,1
2025-07-28,A관(1공장),[45] 하이드레이션/전면검사,161882.0,161882.0,118500.0,136.61,118500.0,1
2025-07-28,A관(1공장),[80] 누수/규격검사,214644.0,221232.0,112903.0,190.11,112903.0,1
2025-07-28,C관(2공장),[10] 사출조립,1338834.0,1523860.0,742386.0,180.34,742386.0,1
2025-07-28,C관(2공장),[20] 분리,1179928.0,1443964.0,742386.0,158.94,742386.0,1
2025-07-28,C관(2공장),[45] 하이드레이션/전면검사,938900.0,942614.0,650698.0,144.29,650698.0,1
2025-07-28,C관(2공장),[80] 누수/규격검사,829860.0,837350.0,609677.0,136.11,609677.0,1
2025-07-28,S관(3공장),[10] 사출조립,211880.0,244794.0,183871.0,115.23,183871.0,1
2025-07-28,S관(3공장),[20] 분리,133442.0,165896.0,183871.0,72.57,183871.0,1
2025-07-28,S관(3공장),[45] 하이드레이션/전면검사,89350.0,89748.0,116759.0,76.53,116759.0,1
2025-07-28,S관(3공장),[80] 누수/규격검사,174882.0,175152.0,100645.0,173.76,100645.0,1
2025-07-29,A관(1공장),[10] 사출조립,269720.0,294192.0,197367.0,136.66,197367.0,1
2025-07-29,A관(1공장),[20] 분리,160724.0,199794.0,197367.0,81.43,197367.0,1
2025-07-29,A관(1공장),[45] 하이드레이션/전면검사,145382.0,145382.0,118500.0,122.69,118500.0,1
2025-07-29,A관(1공장),[80] 누수/규격검사,196942.0,205276.0,112903.0,174.43,112903.0,1
2025-07-29,C관(2공장),[10] 사출조립,1334366.0,1453442.0,742386.0,179.74,742386.0,1
2025-07-29,C관(2공장),[20] 분리,1217270.0,1444258.0,742386.0,163.97,742386.0,1
2025-07-29,C관(2공장),[45] 하이드레이션/전면검사,1199410.0,1203664.0,650698.0,184.33,650698.0,1
2025-07-29,C관(2공장),[80] 누수/규격검사,1047770.0,1053540.0,609677.0,171.86,609677.0,1
2025-07-29,S관(3공장),[10] 사출조립,193050.0,197644.0,183871.0,104.99,183871.0,1
2025-07-29,S관(3공장),[20] 분리,129434.0,159118.0,183871.0,70.39,183871.0,1
2025-07-29,S관(3공장),[45] 하이드레이션/전면검사,215250.0,216270.0,116759.0,184.35,116759.0,1
2025-07-29,S관(3공장),[80] 누수/규격검사,174026.0,175650.0,100645.0,172.91,100645.0,1
2025-07-30,A관(1공장),[10] 사출조립,275476.0,305022.0,197367.0,139.58,197367.0,1
2025-07-30,A관(1공장),[20] 분리,172702.0,205698.0,197367.0,87.5,197367.0,1
2025-07-30,A관(1공장),[45] 하이드레이션/전면검사,159832.0,159832.0,118500.0,134.88,118500.0,1
2025-07-30,A관(1공장),[80] 누수/규격검사,178746.0,181592.0,112903.0,158.32,112903.0,1
2025-07-30,C관(2공장),[10] 사출조립,1995534.0,2177232.0,742386.0,268.8,742386.0,1
2025-07-30,C관(2공장),[20] 분리,1286214.0,1524432.0,742386.0,173.25,742386.0,1
2025-07-30,C관(2공장),[45] 하이드레이션/전면검사,1026440.0,1031480.0,650698.0,157.74,650698.0,1
2025-07-30,C관(2공장),[80] 누수/규격검사,1047910.0,1055520.0,609677.0,171.88,609677.0,1
2025-07-30,S관(3공장),[10] 사출조립,106460.0,128158.0,183871.0,57.9,183871.0,1
2025-07-30,S관(3공장),[20] 분리,205960.0,249104.0,183871.0,112.01,183871.0,1
2025-07-30,S관(3공장),[45] 하이드레이션/전면검사,124470.0,125094.0,116759.0,106.6,116759.0,1
2025-07-30,S관(3공장),[80] 누수/규격검사,150726.0,152298.0,100645.0,149.76,100645.0,1
2025-07-31,A관(1공장),[10] 사출조립,332600.0,350670.0,197367.0,168.52,197367.0,1
2025-07-31,A관(1공장),[20] 분리,102714.0,124470.0,197367.0,52.04,197367.0,1
2025-07-31,A관(1공장),[45] 하이드레이션/전면검사,200486.0,201208.0,118500.0,169.19,118500.0,1
2025-07-31,A관(1공장),[80] 누수/규격검사,150794.0,159084.0,112903.0,133.56,112903.0,1
2025-07-31,C관(2공장),[10] 사출조립,1297900.0,1458192.0,742386.0,174.83,742386.0,1
2025-07-31,C관(2공장),[20] 분리,1289194.0,1519366.0,742386.0,173.66,742386.0,1
2025-07-31,C관(2공장),[45] 하이드레이션/전면검사,1284660.0,1285630.0,650698.0,197.43,650698.0,1
2025-07-31,C관(2공장),[80] 누수/규격검사,1157320.0,1161690.0,609677.0,189.83,609677.0,1
2025-07-31,S관(3공장),[10] 사출조립,168714.0,168714.0,183871.0,91.76,183871.0,1
2025-07-31,S관(3공장),[20] 분리,130660.0,163064.0,183871.0,71.06,183871.0,1
2025-07-31,S관(3공장),[45] 하이드레이션/전면검사,101780.0,103420.0,116759.0,87.17,116759.0,1
2025-07-31,S관(3공장),[80] 누수/규격검사,132442.0,133284.0,100645.0,131.59,100645.0,1
2025-08-01,A관(1공장),[10] 사출조립,300468.0,314308.0,197367.0,152.24,197367.0,1
2025-08-01,A관(1공장),[20] 분리,116420.0,141662.0,197367.0,58.99,197367.0,1
2025-08-01,A관(1공장),[45] 하이드레이션/전면검사,122002.0,122002.0,118500.0,102.96,118500.0,1
2025-08-01,A관(1공장),[80] 누수/규격검사,125662.0,135580.0,112903.0,111.3,112903.0,1
2025-08-01,C관(2공장),[10] 사출조립,1705464.0,1873474.0,742386.0,229.73,742386.0,1
2025-08-01,C관(2공장),[20] 분리,1239268.0,1483834.0,742386.0,166.93,742386.0,1
2025-08-01,C관(2공장),[45] 하이드레이션/전면검사,1338670.0,1339688.0,650698.0,205.73,650698.0,1
2025-08-01,C관(2공장),[80] 누수/규격검사,1232220.0,1237380.0,609677.0,202.11,609677.0,1
2025-08-01,S관(3공장),[10] 사출조립,208382.0,226768.0,183871.0,113.33,183871.0,1
2025-08-01,S관(3공장),[20] 분리,118806.0,147966.0,183871.0,64.61,183871.0,1
2025-08-01,S관(3공장),[45] 하이드레이션/전면검사,69570.0,69838.0,116759.0,59.58,116759.0,1
2025-08-01,S관(3공장),[80] 누수/규격검사,145708.0,146040.0,100645.0,144.77,100645.0,1
2025-08-02,A관(1공장),[10] 사출조립,212416.0,244068.0,197367.0,107.62,197367.0,1
2025-08-02,A관(1공장),[20] 분리,118686.0,142256.0,197367.0,60.13,197367.0,1
2025-08-02,A관(1공장),[45] 하이드레이션/전면검사,204094.0,204094.0,118500.0,172.23,118500.0,1
2025-08-02,A관(1공장),[80] 누수/규격검사,172532.0,177382.0,112903.0,152.81,112903.0,1
2025-08-02,C관(2공장),[10] 사출조립,1449288.0,1599754.0,742386.0,195.22,742386.0,1
2025-08-02,C관(2공장),[20] 분리,1259030.0,1484714.0,742386.0,169.59,742386.0,1
2025-08-02,C관(2공장),[45] 하이드레이션/전면검사,1201320.0,1209504.0,650698.0,184.62,650698.0,1
2025-08-02,C관(2공장),[80] 누수/규격검사,1190330.0,1193340.0,609677.0,195.24,609677.0,1
2025-08-02,S관(3공장),[10] 사출조립,142296.0,160778.0,183871.0,77.39,183871.0,1
2025-08-02,S관(3공장),[20] 분리,135458.0,176992.0,183871.0,73.67,183871.0,1
2025-08-02,S관(3공장),[45] 하이드레이션/전면검사,19230.0,19300.0,116759.0,16.47,116759.0,1
2025-08-02,S관(3공장),[80] 누수/규격검사,53056.0,53386.0,100645.0,52.72,100645.0,1
2025-08-03,A관(1공장),[10] 사출조립,269292.0,311380.0,197367.0,136.44,197367.0,1
2025-08-03,A관(1공장),[20] 분리,95852.0,122356.0,197367.0,48.57,197367.0,1
2025-08-03,A관(1공장),[45] 하이드레이션/전면검사,156624.0,156624.0,118500.0,132.17,118500.0,1
2025-08-03,A관(1공장),[80] 누수/규격검사,194256.0,199632.0,112903.0,172.06,112903.0,1
2025-08-03,C관(2공장),[10] 사출조립,1733406.0,1907164.0,742386.0,233.49,742386.0,1
2025-08-03,C관(2공장),[20] 분리,1179174.0,1414166.0,742386.0,158.84,742386.0,1
2025-08-03,C관(2공장),[45] 하이드레이션/전면검사,1082480.0,1088644.0,650698.0,166.36,650698.0,1
2025-08-03,C관(2공장),[80] 누수/규격검사,1287190.0,1293970.0,609677.0,211.13,609677.0,1
2025-08-03,S관(3공장),[10] 사출조립,256784.0,306192.0,183871.0,139.65,183871.0,1
2025-08-03,S관(3공장),[20] 분리,183936.0,242572.0,183871.0,100.04,183871.0,1
2025-08-03,S관(3공장),[45] 하이드레이션/전면검사,65500.0,66214.0,116759.0,56.1,116759.0,1
2025-08-03,S관(3공장),[80] 누수/규격검사,74084.0,74784.0,100645.0,73.61,100645.0,1
2025-08-04,A관(1공장),[10] 사출조립,261472.0,281866.0,197367.0,132.48,197367.0,1
2025-08-04,A관(1공장),[20] 분리,112408.0,142508.0,197367.0,56.95,197367.0,1
2025-08-04,A관(1공장),[45] 하이드레이션/전면검사,241980.0,241980.0,118500.0,204.2,118500.0,1
2025-08-04,A관(1공장),[80] 누수/규격검사,171302.0,183652.0,112903.0,151.72,112903.0,1
2025-08-04,C관(2공장),[10] 사출조립,1682040.0,1865788.0,742386.0,226.57,742386.0,1
2025-08-04,C관(2공장),[20] 분리,1146682.0,1380506.0,742386.0,154.46,742386.0,1
2025-08-04,C관(2공장),[45] 하이드레이션/전면검사,1131280.0,1139696.0,650698.0,173.86,650698.0,1
2025-08-04,C관(2공장),[80] 누수/규격검사,1165370.0,1176310.0,609677.0,191.15,609677.0,1
2025-08-04,S관(3공장),[10] 사출조립,284082.0,330702.0,183871.0,154.5,183871.0,1
2025-08-04,S관(3공장),[20] 분리,197228.0,249706.0,183871.0,107.26,183871.0,1
2025-08-04,S관(3공장),[45] 하이드레이션/전면검사,119090.0,119882.0,116759.0,102.0,116759.0,1
2025-08-04,S관(3공장),[80] 누수/규격검사,66198.0,66218.0,100645.0,65.77,100645.0,1
2025-08-05,A관(1공장),[10] 사출조립,318774.0,332464.0,197367.0,161.51,197367.0,1
2025-08-05,A관(1공장),[20] 분리,103176.0,126884.0,197367.0,52.28,197367.0,1
2025-08-05,A관(1공장),[45] 하이드레이션/전면검사,163250.0,165538.0,118500.0,137.76,118500.0,1
2025-08-05,A관(1공장),[80] 누수/규격검사,182688.0,191322.0,112903.0,161.81,112903.0,1
2025-08-05,C관(2공장),[10] 사출조립,1558484.0,1702342.0,742386.0,209.93,742386.0,1
2025-08-05,C관(2공장),[20] 분리,1193428.0,1424856.0,742386.0,160.76,742386.0,1
2025-08-05,C관(2공장),[45] 하이드레이션/전면검사,1089860.0,1097200.0,650698.0,167.49,650698.0,1
2025-08-05,C관(2공장),[80] 누수/규격검사,1214100.0,1225580.0,609677.0,199.14,609677.0,1
2025-08-05,S관(3공장),[10] 사출조립,169532.0,196082.0,183871.0,92.2,183871.0,1
2025-08-05,S관(3공장),[20] 분리,213182.0,275998.0,183871.0,115.94,183871.0,1
2025-08-05,S관(3공장),[45] 하이드레이션/전면검사,154850.0,158144.0,116759.0,132.62,116759.0,1
2025-08-05,S관(3공장),[80] 누수/규격검사,127850.0,128200.0,100645.0,127.03,100645.0,1
2025-08-06,A관(1공장),[10] 사출조립,307382.0,328080.0,197367.0,155.74,197367.0,1
2025-08-06,A관(1공장),[20] 분리,93688.0,110022.0,197367.0,47.47,197367.0,1
2025-08-06,A관(1공장),[45] 하이드레이션/전면검사,149996.0,149996.0,118500.0,126.58,118500.0,1
2025-08-06,A관(1공장),[80] 누수/규격검사,197440.0,203764.0,112903.0,174.88,112903.0,1
2025-08-06,C관(2공장),[10] 사출조립,1522928.0,1736112.0,742386.0,205.14,742386.0,1
2025-08-06,C관(2공장),[20] 분리,1171232.0,1374412.0,742386.0,157.77,742386.0,1
2025-08-06,C관(2공장),[45] 하이드레이션/전면검사,1207470.0,1214540.0,650698.0,185.57,650698.0,1
2025-08-06,C관(2공장),[80] 누수/규격검사,1215960.0,1228060.0,609677.0,199.44,609677.0,1
2025-08-06,S관(3공장),[10] 사출조립,210176.0,244642.0,183871.0,114.31,183871.0,1
2025-08-06,S관(3공장),[20] 분리,202104.0,249600.0,183871.0,109.92,183871.0,1
2025-08-06,S관(3공장),[45] 하이드레이션/전면검사,193600.0,199024.0,116759.0,165.81,116759.0,1
2025-08-06,S관(3공장),[80] 누수/규격검사,132392.0,132802.0,100645.0,131.54,100645.0,1
2025-08-07,A관(1공장),[10] 사출조립,259856.0,272608.0,197367.0,131.66,197367.0,1
2025-08-07,A관(1공장),[20] 분리,117600.0,137342.0,197367.0,59.58,197367.0,1
2025-08-07,A관(1공장),[45] 하이드레이션/전면검사,144920.0,144920.0,118500.0,122.3,118500.0,1
2025-08-07,A관(1공장),[80] 누수/규격검사,163022.0,168342.0,112903.0,144.39,112903.0,1
2025-08-07,C관(2공장),[10] 사출조립,1542932.0,1785850.0,742386.0,207.83,742386.0,1
2025-08-07,C관(2공장),[20] 분리,1142124.0,1360052.0,742386.0,153.85,742386.0,1
2025-08-07,C관(2공장),[45] 하이드레이션/전면검사,1154560.0,1163846.0,650698.0,177.43,650698.0,1
2025-08-07,C관(2공장),[80] 누수/규격검사,1242710.0,1253230.0,609677.0,203.83,609677.0,1
2025-08-07,S관(3공장),[10] 사출조립,188382.0,210020.0,183871.0,102.45,183871.0,1
2025-08-07,S관(3공장),[20] 분리,247060.0,316302.0,183871.0,134.37,183871.0,1
2025-08-07,S관(3공장),[45] 하이드레이션/전면검사,127070.0,133590.0,116759.0,108.83,116759.0,1
2025-08-07,S관(3공장),[80] 누수/규격검사,128984.0,131226.0,100645.0,128.16,100645.0,1
2025-08-08,A관(1공장),[10] 사출조립,245640.0,258520.0,197367.0,124.46,197367.0,1
2025-08-08,A관(1공장),[20] 분리,129396.0,152642.0,197367.0,65.56,197367.0,1
2025-08-08,A관(1공장),[45] 하이드레이션/전면검사,180116.0,181418.0,118500.0,152.0,118500.0,1
2025-08-08,A관(1공장),[80] 누수/규격검사,150512.0,154494.0,112903.0,133.31,112903.0,1
2025-08-08,C관(2공장),[10] 사출조립,1376276.0,1588740.0,742386.0,185.39,742386.0,1
2025-08-08,C관(2공장),[20] 분리,1167828.0,1393552.0,742386.0,157.31,742386.0,1
2025-08-08,C관(2공장),[45] 하이드레이션/전면검사,1089400.0,1097812.0,650698.0,167.42,650698.0,1
2025-08-08,C관(2공장),[80] 누수/규격검사,1001820.0,1009470.0,609677.0,164.32,609677.0,1
2025-08-08,S관(3공장),[10] 사출조립,181144.0,192050.0,183871.0,98.52,183871.0,1
2025-08-08,S관(3공장),[20] 분리,229880.0,299504.0,183871.0,125.02,183871.0,1
2025-08-08,S관(3공장),[45] 하이드레이션/전면검사,113670.0,117692.0,116759.0,97.35,116759.0,1
2025-08-08,S관(3공장),[80] 누수/규격검사,116818.0,118118.0,100645.0,116.07,100645.0,1
2025-08-09,A관(1공장),[10] 사출조립,366832.0,389668.0,197367.0,185.86,197367.0,1
2025-08-09,A관(1공장),[20] 분리,108988.0,136542.0,197367.0,55.22,197367.0,1
2025-08-09,A관(1공장),[45] 하이드레이션/전면검사,186282.0,187570.0,118500.0,157.2,118500.0,1
2025-08-09,A관(1공장),[80] 누수/규격검사,185810.0,198084.0,112903.0,164.57,112903.0,1
2025-08-09,C관(2공장),[10] 사출조립,1349456.0,1499514.0,742386.0,181.77,742386.0,1
2025-08-09,C관(2공장),[20] 분리,1198910.0,1413618.0,742386.0,161.49,742386.0,1
2025-08-09,C관(2공장),[45] 하이드레이션/전면검사,1352470.0,1355676.0,650698.0,207.85,650698.0,1
2025-08-09,C관(2공장),[80] 누수/규격검사,1206610.0,1215650.0,609677.0,197.91,609677.0,1
2025-08-09,S관(3공장),[10] 사출조립,186624.0,216590.0,183871.0,101.5,183871.0,1
2025-08-09,S관(3공장),[20] 분리,182692.0,233316.0,183871.0,99.36,183871.0,1
2025-08-09,S관(3공장),[45] 하이드레이션/전면검사,100220.0,100732.0,116759.0,85.83,116759.0,1
2025-08-09,S관(3공장),[80] 누수/규격검사,147360.0,147540.0,100645.0,146.42,100645.0,1
2025-08-10,A관(1공장),[10] 사출조립,376064.0,394464.0,197367.0,190.54,197367.0,1
2025-08-10,A관(1공장),[20] 분리,106330.0,130814.0,197367.0,53.87,197367.0,1
2025-08-10,A관(1공장),[45] 하이드레이션/전면검사,183904.0,183904.0,118500.0,155.19,118500.0,1
2025-08-10,A관(1공장),[80] 누수/규격검사,201564.0,206274.0,112903.0,178.53,112903.0,1
2025-08-10,C관(2공장),[10] 사출조립,1142402.0,1306606.0,742386.0,153.88,742386.0,1
2025-08-10,C관(2공장),[20] 분리,1193498.0,1451250.0,742386.0,160.77,742386.0,1
2025-08-10,C관(2공장),[45] 하이드레이션/전면검사,1146730.0,1148652.0,650698.0,176.23,650698.0,1
2025-08-10,C관(2공장),[80] 누수/규격검사,1121950.0,1134140.0,609677.0,184.02,609677.0,1
2025-08-10,S관(3공장),[10] 사출조립,272675.0,290137.0,183871.0,148.3,183871.0,1
2025-08-10,S관(3공장),[20] 분리,251508.0,294338.0,183871.0,136.79,183871.0,1
2025-08-10,S관(3공장),[45] 하이드레이션/전면검사,90010.0,95420.0,116759.0,77.09,116759.0,1
2025-08-10,S관(3공장),[80] 누수/규격검사,91650.0,91750.0,100645.0,91.06,100645.0,1
2025-08-11,A관(1공장),[10] 사출조립,479650.0,490990.0,197367.0,243.02,197367.0,1
2025-08-11,A관(1공장),[20] 분리,125492.0,146278.0,197367.0,63.58,197367.0,1
2025-08-11,A관(1공장),[45] 하이드레이션/전면검사,146852.0,146852.0,118500.0,123.93,118500.0,1
2025-08-11,A관(1공장),[80] 누수/규격검사,188646.0,191952.0,112903.0,167.09,112903.0,1
2025-08-11,C관(2공장),[10] 사출조립,1315576.0,1469586.0,742386.0,177.21,742386.0,1
2025-08-11,C관(2공장),[20] 분리,1261516.0,1486368.0,742386.0,169.93,742386.0,1
2025-08-11,C관(2공장),[45] 하이드레이션/전면검사,1182860.0,1183874.0,650698.0,181.78,650698.0,1
2025-08-11,C관(2공장),[80] 누수/규격검사,912430.0,924580.0,609677.0,149.66,609677.0,1
2025-08-11,S관(3공장),[10] 사출조립,198214.0,204148.0,183871.0,107.8,183871.0,1
2025-08-11,S관(3공장),[20] 분리,157354.0,192866.0,183871.0,85.58,183871.0,1
2025-08-11,S관(3공장),[45] 하이드레이션/전면검사,160300.0,160920.0,116759.0,137.29,116759.0,1
2025-08-11,S관(3공장),[80] 누수/규격검사,101210.0,101730.0,100645.0,100.56,100645.0,1
2025-08-12,A관(1공장),[10] 사출조립,474150.0,482232.0,197367.0,240.24,197367.0,1
2025-08-12,A관(1공장),[20] 분리,122230.0,141632.0,197367.0,61.93,197367.0,1
2025-08-12,A관(1공장),[45] 하이드레이션/전면검사,209064.0,209064.0,118500.0,176.43,118500.0,1
2025-08-12,A관(1공장),[80] 누수/규격검사,184584.0,187314.0,112903.0,163.49,112903.0,1
2025-08-12,C관(2공장),[10] 사출조립,1557682.0,1737640.0,742386.0,209.82,742386.0,1
2025-08-12,C관(2공장),[20] 분리,1258754.0,1492240.0,742386.0,169.56,742386.0,1
2025-08-12,C관(2공장),[45] 하이드레이션/전면검사,1217960.0,1222470.0,650698.0,187.18,650698.0,1
2025-08-12,C관(2공장),[80] 누수/규격검사,1296890.0,1305800.0,609677.0,212.72,609677.0,1
2025-08-12,S관(3공장),[10] 사출조립,240952.0,250594.0,183871.0,131.04,183871.0,1
2025-08-12,S관(3공장),[20] 분리,242804.0,280756.0,183871.0,132.05,183871.0,1
2025-08-12,S관(3공장),[45] 하이드레이션/전면검사,154400.0,154804.0,116759.0,132.24,116759.0,1
2025-08-12,S관(3공장),[80] 누수/규격검사,145280.0,145940.0,100645.0,144.35,100645.0,1
2025-08-13,A관(1공장),[10] 사출조립,584914.0,606062.0,197367.0,296.36,197367.0,1
2025-08-13,A관(1공장),[20] 분리,93650.0,112896.0,197367.0,47.45,197367.0,1
2025-08-13,A관(1공장),[45] 하이드레이션/전면검사,212746.0,212746.0,118500.0,179.53,118500.0,1
2025-08-13,A관(1공장),[80] 누수/규격검사,177202.0,180360.0,112903.0,156.95,112903.0,1
2025-08-13,C관(2공장),[10] 사출조립,1366182.0,1529726.0,742386.0,184.03,742386.0,1
2025-08-13,C관(2공장),[20] 분리,1262102.0,1523244.0,742386.0,170.01,742386.0,1
2025-08-13,C관(2공장),[45] 하이드레이션/전면검사,1353060.0,1354576.0,650698.0,207.94,650698.0,1
2025-08-13,C관(2공장),[80] 누수/규격검사,1212910.0,1213840.0,609677.0,198.94,609677.0,1
2025-08-13,S관(3공장),[10] 사출조립,204752.0,219654.0,183871.0,111.36,183871.0,1
2025-08-13,S관(3공장),[20] 분리,227480.0,269732.0,183871.0,123.72,183871.0,1
2025-08-13,S관(3공장),[45] 하이드레이션/전면검사,102920.0,103810.0,116759.0,88.15,116759.0,1
2025-08-13,S관(3공장),[80] 누수/규격검사,169074.0,169864.0,100645.0,167.99,100645.0,1
2025-08-14,A관(1공장),[10] 사출조립,320358.0,343940.0,197367.0,162.32,197367.0,1
2025-08-14,A관(1공장),[20] 분리,109010.0,126038.0,197367.0,55.23,197367.0,1
2025-08-14,A관(1공장),[45] 하이드레이션/전면검사,222978.0,222978.0,118500.0,188.17,118500.0,1
2025-08-14,A관(1공장),[80] 누수/규격검사,177894.0,183960.0,112903.0,157.56,112903.0,1
2025-08-14,C관(2공장),[10] 사출조립,1543750.0,1733326.0,742386.0,207.94,742386.0,1
2025-08-14,C관(2공장),[20] 분리,1252876.0,1513310.0,742386.0,168.76,742386.0,1
2025-08-14,C관(2공장),[45] 하이드레이션/전면검사,1110910.0,1111836.0,650698.0,170.73,650698.0,1
2025-08-14,C관(2공장),[80] 누수/규격검사,1253920.0,1263370.0,609677.0,205.67,609677.0,1
2025-08-14,S관(3공장),[10] 사출조립,229076.0,238260.0,183871.0,124.59,183871.0,1
2025-08-14,S관(3공장),[20] 분리,217264.0,262248.0,183871.0,118.16,183871.0,1
2025-08-14,S관(3공장),[45] 하이드레이션/전면검사,149990.0,158630.0,116759.0,128.46,116759.0,1
2025-08-14,S관(3공장),[80] 누수/규격검사,109802.0,110054.0,100645.0,109.1,100645.0,1
2025-08-15,A관(1공장),[10] 사출조립,539142.0,553016.0,197367.0,273.17,197367.0,1
2025-08-15,A관(1공장),[20] 분리,77294.0,93892.0,197367.0,39.16,197367.0,1
2025-08-15,A관(1공장),[45] 하이드레이션/전면검사,189538.0,189538.0,118500.0,159.95,118500.0,1
2025-08-15,A관(1공장),[80] 누수/규격검사,184822.0,193620.0,112903.0,163.7,112903.0,1
2025-08-15,C관(2공장),[10] 사출조립,1277204.0,1502670.0,742386.0,172.04,742386.0,1
2025-08-15,C관(2공장),[20] 분리,1282406.0,1568416.0,742386.0,172.74,742386.0,1
2025-08-15,C관(2공장),[45] 하이드레이션/전면검사,1226430.0,1227420.0,650698.0,188.48,650698.0,1
2025-08-15,C관(2공장),[80] 누수/규격검사,1218870.0,1223550.0,609677.0,199.92,609677.0,1
2025-08-15,S관(3공장),[10] 사출조립,154740.0,209400.0,183871.0,84.16,183871.0,1
2025-08-15,S관(3공장),[20] 분리,224868.0,278622.0,183871.0,122.3,183871.0,1
2025-08-15,S관(3공장),[45] 하이드레이션/전면검사,167630.0,173866.0,116759.0,143.57,116759.0,1
2025-08-15,S관(3공장),[80] 누수/규격검사,95420.0,95700.0,100645.0,94.81,100645.0,1
2025-08-16,A관(1공장),[10] 사출조립,458514.0,476866.0,197367.0,232.32,197367.0,1
2025-08-16,A관(1공장),[20] 분리,181520.0,213872.0,197367.0,91.97,197367.0,1
2025-08-16,A관(1공장),[45] 하이드레이션/전면검사,97416.0,97416.0,118500.0,82.21,118500.0,1
2025-08-16,A관(1공장),[80] 누수/규격검사,203884.0,213288.0,112903.0,180.58,112903.0,1
2025-08-16,C관(2공장),[10] 사출조립,1381940.0,1621458.0,742386.0,186.15,742386.0,1
2025-08-16,C관(2공장),[20] 분리,1346372.0,1644394.0,742386.0,181.36,742386.0,1
2025-08-16,C관(2공장),[45] 하이드레이션/전면검사,1192260.0,1193362.0,650698.0,183.23,650698.0,1
2025-08-16,C관(2공장),[80] 누수/규격검사,1176300.0,1183130.0,609677.0,192.94,609677.0,1
2025-08-16,S관(3공장),[10] 사출조립,112608.0,112608.0,183871.0,61.24,183871.0,1
2025-08-16,S관(3공장),[20] 분리,309198.0,410714.0,183871.0,168.16,183871.0,1
2025-08-16,S관(3공장),[45] 하이드레이션/전면검사,239890.0,240750.0,116759.0,205.46,116759.0,1
2025-08-16,S관(3공장),[80] 누수/규격검사,104830.0,104940.0,100645.0,104.16,100645.0,1
2025-08-17,A관(1공장),[10] 사출조립,605914.0,629822.0,197367.0,307.0,197367.0,1
2025-08-17,A관(1공장),[20] 분리,178500.0,210754.0,197367.0,90.44,197367.0,1
2025-08-17,A관(1공장),[45] 하이드레이션/전면검사,166918.0,166918.0,118500.0,140.86,118500.0,1
2025-08-17,A관(1공장),[80] 누수/규격검사,169792.0,177952.0,112903.0,150.39,112903.0,1
2025-08-17,C관(2공장),[10] 사출조립,1333762.0,1482160.0,742386.0,179.66,742386.0,1
2025-08-17,C관(2공장),[20] 분리,1370712.0,1649800.0,742386.0,184.64,742386.0,1
2025-08-17,C관(2공장),[45] 하이드레이션/전면검사,1218790.0,1219904.0,650698.0,187.31,650698.0,1
2025-08-17,C관(2공장),[80] 누수/규격검사,1267700.0,1280440.0,609677.0,207.93,609677.0,1
2025-08-17,S관(3공장),[10] 사출조립,266034.0,282050.0,183871.0,144.69,183871.0,1
2025-08-17,S관(3공장),[20] 분리,111558.0,143658.0,183871.0,60.67,183871.0,1
2025-08-17,S관(3공장),[45] 하이드레이션/전면검사,146140.0,148118.0,116759.0,125.16,116759.0,1
2025-08-17,S관(3공장),[80] 누수/규격검사,176590.0,180450.0,100645.0,175.46,100645.0,1
2025-08-18,A관(1공장),[10] 사출조립,628400.0,653888.0,197367.0,318.39,197367.0,1
2025-08-18,A관(1공장),[20] 분리,177804.0,207556.0,197367.0,90.09,197367.0,1
2025-08-18,A관(1공장),[45] 하이드레이션/전면검사,260640.0,260640.0,118500.0,219.95,118500.0,1
2025-08-18,A관(1공장),[80] 누수/규격검사,192952.0,201802.0,112903.0,170.9,112903.0,1
2025-08-18,C관(2공장),[10] 사출조립,1634836.0,1790926.0,742386.0,220.21,742386.0,1
2025-08-18,C관(2공장),[20] 분리,1335434.0,1616494.0,742386.0,179.88,742386.0,1
2025-08-18,C관(2공장),[45] 하이드레이션/전면검사,1131380.0,1137602.0,650698.0,173.87,650698.0,1
2025-08-18,C관(2공장),[80] 누수/규격검사,1152630.0,1158120.0,609677.0,189.06,609677.0,1
2025-08-18,S관(3공장),[10] 사출조립,171106.0,171106.0,183871.0,93.06,183871.0,1
2025-08-18,S관(3공장),[20] 분리,223134.0,269680.0,183871.0,121.35,183871.0,1
2025-08-18,S관(3공장),[45] 하이드레이션/전면검사,107820.0,108328.0,116759.0,92.34,116759.0,1
2025-08-18,S관(3공장),[80] 누수/규격검사,215330.0,216870.0,100645.0,213.95,100645.0,1
2025-08-19,A관(1공장),[10] 사출조립,500304.0,516792.0,197367.0,253.49,197367.0,1
2025-08-19,A관(1공장),[20] 분리,158776.0,182266.0,197367.0,80.45,197367.0,1
2025-08-19,A관(1공장),[45] 하이드레이션/전면검사,238446.0,238446.0,118500.0,201.22,118500.0,1
2025-08-19,A관(1공장),[80] 누수/규격검사,200054.0,210230.0,112903.0,177.19,112903.0,1
2025-08-19,C관(2공장),[10] 사출조립,1337422.0,1521920.0,742386.0,180.15,742386.0,1
2025-08-19,C관(2공장),[20] 분리,1346592.0,1618956.0,742386.0,181.39,742386.0,1
2025-08-19,C관(2공장),[45] 하이드레이션/전면검사,1462800.0,1468346.0,650698.0,224.8,650698.0,1
2025-08-19,C관(2공장),[80] 누수/규격검사,1452530.0,1458130.0,609677.0,238.25,609677.0,1
2025-08-19,S관(3공장),[10] 사출조립,259126.0,270876.0,183871.0,140.93,183871.0,1
2025-08-19,S관(3공장),[20] 분리,256366.0,322670.0,183871.0,139.43,183871.0,1
2025-08-19,S관(3공장),[45] 하이드레이션/전면검사,167230.0,167846.0,116759.0,143.23,116759.0,1
2025-08-19,S관(3공장),[80] 누수/규격검사,125100.0,126340.0,100645.0,124.3,100645.0,1
2025-08-20,A관(1공장),[10] 사출조립,568874.0,581376.0,197367.0,288.23,197367.0,1
2025-08-20,A관(1공장),[20] 분리,152802.0,179098.0,197367.0,77.42,197367.0,1
2025-08-20,A관(1공장),[45] 하이드레이션/전면검사,240464.0,240464.0,118500.0,202.92,118500.0,1
2025-08-20,A관(1공장),[80] 누수/규격검사,192976.0,205746.0,112903.0,170.92,112903.0,1
2025-08-20,C관(2공장),[10] 사출조립,1542560.0,1752420.0,742386.0,207.78,742386.0,1
2025-08-20,C관(2공장),[20] 분리,1369508.0,1658510.0,742386.0,184.47,742386.0,1
2025-08-20,C관(2공장),[45] 하이드레이션/전면검사,1393110.0,1394844.0,650698.0,214.09,650698.0,1
2025-08-20,C관(2공장),[80] 누수/규격검사,1451900.0,1457830.0,609677.0,238.14,609677.0,1
2025-08-20,S관(3공장),[10] 사출조립,242336.0,270974.0,183871.0,131.8,183871.0,1
2025-08-20,S관(3공장),[20] 분리,246022.0,306756.0,183871.0,133.8,183871.0,1
2025-08-20,S관(3공장),[45] 하이드레이션/전면검사,325420.0,326418.0,116759.0,278.71,116759.0,1
2025-08-20,S관(3공장),[80] 누수/규격검사,180280.0,180720.0,100645.0,179.12,100645.0,1
2025-08-21,A관(1공장),[10] 사출조립,731408.0,739144.0,197367.0,370.58,197367.0,1
2025-08-21,A관(1공장),[20] 분리,150642.0,175496.0,197367.0,76.33,197367.0,1
2025-08-21,A관(1공장),[45] 하이드레이션/전면검사,283978.0,285146.0,118500.0,239.64,118500.0,1
2025-08-21,A관(1공장),[80] 누수/규격검사,206178.0,213746.0,112903.0,182.62,112903.0,1
2025-08-21,C관(2공장),[10] 사출조립,1254566.0,1396742.0,742386.0,168.99,742386.0,1
2025-08-21,C관(2공장),[20] 분리,1344432.0,1654434.0,742386.0,181.1,742386.0,1
2025-08-21,C관(2공장),[45] 하이드레이션/전면검사,1177120.0,1178622.0,650698.0,180.9,650698.0,1
2025-08-21,C관(2공장),[80] 누수/규격검사,1230570.0,1231300.0,609677.0,201.84,609677.0,1
2025-08-21,S관(3공장),[10] 사출조립,239368.0,261414.0,183871.0,130.18,183871.0,1
2025-08-21,S관(3공장),[20] 분리,185748.0,245268.0,183871.0,101.02,183871.0,1
2025-08-21,S관(3공장),[45] 하이드레이션/전면검사,328370.0,330136.0,116759.0,281.24,116759.0,1
2025-08-21,S관(3공장),[80] 누수/규격검사,251300.0,251480.0,100645.0,249.69,100645.0,1
2025-08-22,A관(1공장),[10] 사출조립,538800.0,558228.0,197367.0,272.99,197367.0,1
2025-08-22,A관(1공장),[20] 분리,123180.0,142666.0,197367.0,62.41,197367.0,1
2025-08-22,A관(1공장),[45] 하이드레이션/전면검사,201242.0,201406.0,118500.0,169.82,118500.0,1
2025-08-22,A관(1공장),[80] 누수/규격검사,242384.0,251642.0,112903.0,214.68,112903.0,1
2025-08-22,C관(2공장),[10] 사출조립,1369170.0,1534058.0,742386.0,184.43,742386.0,1
2025-08-22,C관(2공장),[20] 분리,1355642.0,1668522.0,742386.0,182.61,742386.0,1
2025-08-22,C관(2공장),[45] 하이드레이션/전면검사,1356650.0,1358646.0,650698.0,208.49,650698.0,1
2025-08-22,C관(2공장),[80] 누수/규격검사,1202630.0,1203970.0,609677.0,197.26,609677.0,1
2025-08-22,S관(3공장),[10] 사출조립,157376.0,161486.0,183871.0,85.59,183871.0,1
2025-08-22,S관(3공장),[20] 분리,323810.0,379836.0,183871.0,176.11,183871.0,1
2025-08-22,S관(3공장),[45] 하이드레이션/전면검사,233910.0,235114.0,116759.0,200.34,116759.0,1
2025-08-22,S관(3공장),[80] 누수/규격검사,204060.0,204300.0,100645.0,202.75,100645.0,1
2025-08-23,A관(1공장),[10] 사출조립,701372.0,737632.0,197367.0,355.36,197367.0,1
2025-08-23,A관(1공장),[20] 분리,101140.0,118670.0,197367.0,51.24,197367.0,1
2025-08-23,A관(1공장),[45] 하이드레이션/전면검사,231096.0,231096.0,118500.0,195.02,118500.0,1
2025-08-23,A관(1공장),[80] 누수/규격검사,172198.0,177278.0,112903.0,152.52,112903.0,1
2025-08-23,C관(2공장),[10] 사출조립,1515240.0,1695786.0,742386.0,204.1,742386.0,1
2025-08-23,C관(2공장),[20] 분리,1405224.0,1670256.0,742386.0,189.28,742386.0,1
2025-08-23,C관(2공장),[45] 하이드레이션/전면검사,1341430.0,1343084.0,650698.0,206.15,650698.0,1
2025-08-23,C관(2공장),[80] 누수/규격검사,1365560.0,1374120.0,609677.0,223.98,609677.0,1
2025-08-23,S관(3공장),[10] 사출조립,120512.0,131792.0,183871.0,65.54,183871.0,1
2025-08-23,S관(3공장),[20] 분리,247214.0,302642.0,183871.0,134.45,183871.0,1
2025-08-23,S관(3공장),[45] 하이드레이션/전면검사,288130.0,289246.0,116759.0,246.77,116759.0,1
2025-08-23,S관(3공장),[80] 누수/규격검사,233010.0,233330.0,100645.0,231.52,100645.0,1
2025-08-24,A관(1공장),[10] 사출조립,705476.0,749232.0,197367.0,357.44,197367.0,1
2025-08-24,A관(1공장),[20] 분리,91948.0,107454.0,197367.0,46.59,197367.0,1
2025-08-24,A관(1공장),[45] 하이드레이션/전면검사,179210.0,179210.0,118500.0,151.23,118500.0,1
2025-08-24,A관(1공장),[80] 누수/규격검사,161780.0,170150.0,112903.0,143.29,112903.0,1
2025-08-24,C관(2공장),[10] 사출조립,1360376.0,1524872.0,742386.0,183.24,742386.0,1
2025-08-24,C관(2공장),[20] 분리,1314068.0,1595516.0,742386.0,177.01,742386.0,1
2025-08-24,C관(2공장),[45] 하이드레이션/전면검사,1309740.0,1313096.0,650698.0,201.28,650698.0,1
2025-08-24,C관(2공장),[80] 누수/규격검사,1483570.0,1487990.0,609677.0,243.34,609677.0,1
2025-08-24,S관(3공장),[10] 사출조립,460924.0,465214.0,183871.0,250.68,183871.0,1
2025-08-24,S관(3공장),[20] 분리,303552.0,365338.0,183871.0,165.09,183871.0,1
2025-08-24,S관(3공장),[45] 하이드레이션/전면검사,282880.0,283830.0,116759.0,242.28,116759.0,1
2025-08-24,S관(3공장),[80] 누수/규격검사,309890.0,313080.0,100645.0,307.9,100645.0,1
2025-08-25,A관(1공장),[10] 사출조립,638288.0,650724.0,197367.0,323.4,197367.0,1
2025-08-25,A관(1공장),[20] 분리,93550.0,113770.0,197367.0,47.4,197367.0,1
2025-08-25,A관(1공장),[45] 하이드레이션/전면검사,229214.0,233476.0,118500.0,193.43,118500.0,1
2025-08-25,A관(1공장),[80] 누수/규격검사,153138.0,161588.0,112903.0,135.64,112903.0,1
2025-08-25,C관(2공장),[10] 사출조립,1218268.0,1307474.0,742386.0,164.1,742386.0,1
2025-08-25,C관(2공장),[20] 분리,1273564.0,1549914.0,742386.0,171.55,742386.0,1
2025-08-25,C관(2공장),[45] 하이드레이션/전면검사,1406580.0,1413968.0,650698.0,216.16,650698.0,1
2025-08-25,C관(2공장),[80] 누수/규격검사,1310670.0,1316110.0,609677.0,214.98,609677.0,1
2025-08-25,S관(3공장),[10] 사출조립,269538.0,282538.0,183871.0,146.59,183871.0,1
2025-08-25,S관(3공장),[20] 분리,238122.0,289866.0,183871.0,129.5,183871.0,1
2025-08-25,S관(3공장),[45] 하이드레이션/전면검사,278700.0,279568.0,116759.0,238.7,116759.0,1
2025-08-25,S관(3공장),[80] 누수/규격검사,279680.0,280360.0,100645.0,277.89,100645.0,1
2025-08-26,A관(1공장),[10] 사출조립,634158.0,655914.0,197367.0,321.31,197367.0,1
2025-08-26,A관(1공장),[20] 분리,77166.0,93684.0,197367.0,39.1,197367.0,1
2025-08-26,A관(1공장),[45] 하이드레이션/전면검사,214178.0,215966.0,118500.0,180.74,118500.0,1
2025-08-26,A관(1공장),[80] 누수/규격검사,172998.0,190804.0,112903.0,153.23,112903.0,1
2025-08-26,C관(2공장),[10] 사출조립,1134460.0,1244776.0,742386.0,152.81,742386.0,1
2025-08-26,C관(2공장),[20] 분리,1139968.0,1391544.0,742386.0,153.55,742386.0,1
2025-08-26,C관(2공장),[45] 하이드레이션/전면검사,1172900.0,1174464.0,650698.0,180.25,650698.0,1
2025-08-26,C관(2공장),[80] 누수/규격검사,1184710.0,1189066.0,609677.0,194.32,609677.0,1
2025-08-26,S관(3공장),[10] 사출조립,307422.0,318026.0,183871.0,167.19,183871.0,1
2025-08-26,S관(3공장),[20] 분리,260794.0,329478.0,183871.0,141.84,183871.0,1
2025-08-26,S관(3공장),[45] 하이드레이션/전면검사,263040.0,264046.0,116759.0,225.28,116759.0,1
2025-08-26,S관(3공장),[80] 누수/규격검사,274990.0,276630.0,100645.0,273.23,100645.0,1
2025-08-27,A관(1공장),[10] 사출조립,615418.0,625640.0,197367.0,311.81,197367.0,1
2025-08-27,A관(1공장),[20] 분리,125590.0,148832.0,197367.0,63.63,197367.0,1
2025-08-27,A관(1공장),[45] 하이드레이션/전면검사,168050.0,168050.0,118500.0,141.81,118500.0,1
2025-08-27,A관(1공장),[80] 누수/규격검사,185468.0,195414.0,112903.0,164.27,112903.0,1
2025-08-27,C관(2공장),[10] 사출조립,1267908.0,1415258.0,742386.0,170.79,742386.0,1
2025-08-27,C관(2공장),[20] 분리,1053116.0,1319204.0,742386.0,141.86,742386.0,1
2025-08-27,C관(2공장),[45] 하이드레이션/전면검사,925190.0,926446.0,650698.0,142.18,650698.0,1
2025-08-27,C관(2공장),[80] 누수/규격검사,1185790.0,1194050.0,609677.0,194.49,609677.0,1
2025-08-27,S관(3공장),[10] 사출조립,236514.0,258210.0,183871.0,128.63,183871.0,1
2025-08-27,S관(3공장),[20] 분리,266230.0,332392.0,183871.0,144.79,183871.0,1
2025-08-27,S관(3공장),[45] 하이드레이션/전면검사,150810.0,151508.0,116759.0,129.16,116759.0,1
2025-08-27,S관(3공장),[80] 누수/규격검사,218330.0,219140.0,100645.0,216.93,100645.0,1
2025-08-28,A관(1공장),[10] 사출조립,654568.0,663192.0,197367.0,331.65,197367.0,1
2025-08-28,A관(1공장),[20] 분리,103462.0,118670.0,197367.0,52.42,197367.0,1
2025-08-28,A관(1공장),[45] 하이드레이션/전면검사,125136.0,125136.0,118500.0,105.6,118500.0,1
2025-08-28,A관(1공장),[80] 누수/규격검사,206628.0,218900.0,112903.0,183.01,112903.0,1
2025-08-28,C관(2공장),[10] 사출조립,1404090.0,1558636.0,742386.0,189.13,742386.0,1
2025-08-28,C관(2공장),[20] 분리,1394490.0,1712746.0,742386.0,187.84,742386.0,1
2025-08-28,C관(2공장),[45] 하이드레이션/전면검사,1384950.0,1386816.0,650698.0,212.84,650698.0,1
2025-08-28,C관(2공장),[80] 누수/규격검사,1268044.0,1277694.0,609677.0,207.99,609677.0,1
2025-08-28,S관(3공장),[10] 사출조립,269694.0,307388.0,183871.0,146.68,183871.0,1
2025-08-28,S관(3공장),[20] 분리,336002.0,411030.0,183871.0,182.74,183871.0,1
2025-08-28,S관(3공장),[45] 하이드레이션/전면검사,231040.0,232444.0,116759.0,197.88,116759.0,1
2025-08-28,S관(3공장),[80] 누수/규격검사,250320.0,250520.0,100645.0,248.72,100645.0,1
2025-08-29,A관(1공장),[10] 사출조립,729696.0,760134.0,197367.0,369.72,197367.0,1
2025-08-29,A관(1공장),[20] 분리,119002.0,138592.0,197367.0,60.29,197367.0,1
2025-08-29,A관(1공장),[45] 하이드레이션/전면검사,211382.0,211600.0,118500.0,178.38,118500.0,1
2025-08-29,A관(1공장),[80] 누수/규격검사,164070.0,167294.0,112903.0,145.32,112903.0,1
2025-08-29,C관(2공장),[10] 사출조립,1530994.0,1675604.0,742386.0,206.23,742386.0,1
2025-08-29,C관(2공장),[20] 분리,1481098.0,1769572.0,742386.0,199.51,742386.0,1
2025-08-29,C관(2공장),[45] 하이드레이션/전면검사,1436990.0,1438790.0,650698.0,220.84,650698.0,1
2025-08-29,C관(2공장),[80] 누수/규격검사,1242390.0,1249356.0,609677.0,203.78,609677.0,1
2025-08-29,S관(3공장),[10] 사출조립,244322.0,253318.0,183871.0,132.88,183871.0,1
2025-08-29,S관(3공장),[20] 분리,350748.0,410568.0,183871.0,190.76,183871.0,1
2025-08-29,S관(3공장),[45] 하이드레이션/전면검사,190370.0,191434.0,116759.0,163.05,116759.0,1
2025-08-29,S관(3공장),[80] 누수/규격검사,151910.0,152210.0,100645.0,150.94,100645.0,1
2025-08-30,A관(1공장),[10] 사출조립,765494.0,791642.0,197367.0,387.85,197367.0,1
2025-08-30,A관(1공장),[20] 분리,99374.0,120606.0,197367.0,50.35,197367.0,1
2025-08-30,A관(1공장),[45] 하이드레이션/전면검사,188062.0,188064.0,118500.0,158.7,118500.0,1
2025-08-30,A관(1공장),[80] 누수/규격검사,153144.0,155728.0,112903.0,135.64,112903.0,1
2025-08-30,C관(2공장),[10] 사출조립,1609234.0,1783066.0,742386.0,216.77,742386.0,1
2025-08-30,C관(2공장),[20] 분리,1480524.0,1758206.0,742386.0,199.43,742386.0,1
2025-08-30,C관(2공장),[45] 하이드레이션/전면검사,1353890.0,1360362.0,650698.0,208.07,650698.0,1
2025-08-30,C관(2공장),[80] 누수/규격검사,1421340.0,1430190.0,609677.0,233.13,609677.0,1
2025-08-30,S관(3공장),[10] 사출조립,382204.0,421554.0,183871.0,207.87,183871.0,1
2025-08-30,S관(3공장),[20] 분리,398378.0,466480.0,183871.0,216.66,183871.0,1
2025-08-30,S관(3공장),[45] 하이드레이션/전면검사,317620.0,318584.0,116759.0,272.03,116759.0,1
2025-08-30,S관(3공장),[80] 누수/규격검사,147130.0,147400.0,100645.0,146.19,100645.0,1
2025-08-31,A관(1공장),[10] 사출조립,647614.0,672536.0,197367.0,328.13,197367.0,1
2025-08-31,A관(1공장),[20] 분리,93000.0,120516.0,197367.0,47.12,197367.0,1
2025-08-31,A관(1공장),[45] 하이드레이션/전면검사,107434.0,113108.0,118500.0,90.66,118500.0,1
2025-08-31,A관(1공장),[80] 누수/규격검사,170094.0,184696.0,112903.0,150.65,112903.0,1
2025-08-31,C관(2공장),[10] 사출조립,1563514.0,1724318.0,742386.0,210.61,742386.0,1
2025-08-31,C관(2공장),[20] 분리,1567722.0,1874064.0,742386.0,211.17,742386.0,1
2025-08-31,C관(2공장),[45] 하이드레이션/전면검사,1425200.0,1427086.0,650698.0,219.03,650698.0,1
2025-08-31,C관(2공장),[80] 누수/규격검사,1367350.0,1371360.0,609677.0,224.27,609677.0,1
2025-08-31,S관(3공장),[10] 사출조립,223754.0,258186.0,183871.0,121.69,183871.0,1
2025-08-31,S관(3공장),[20] 분리,327062.0,401218.0,183871.0,177.88,183871.0,1
2025-08-31,S관(3공장),[45] 하이드레이션/전면검사,305980.0,307052.0,116759.0,262.06,116759.0,1
2025-08-31,S관(3공장),[80] 누수/규격검사,225470.0,226090.0,100645.0,224.03,100645.0,1
2025-09-01,A관(1공장),[10] 사출조립,747008.0,760548.0,197367.0,378.49,197367.0,1
2025-09-01,A관(1공장),[20] 분리,82538.0,102562.0,197367.0,41.82,197367.0,1
2025-09-01,A관(1공장),[45] 하이드레이션/전면검사,205744.0,205744.0,118500.0,173.62,118500.0,1
2025-09-01,A관(1공장),[80] 누수/규격검사,181466.0,191352.0,112903.0,160.73,112903.0,1
2025-09-01,C관(2공장),[10] 사출조립,1602442.0,1778626.0,742386.0,215.85,742386.0,1
2025-09-01,C관(2공장),[20] 분리,1470903.0,1744116.0,742386.0,198.13,742386.0,1
2025-09-01,C관(2공장),[45] 하이드레이션/전면검사,1622750.0,1624724.0,650698.0,249.39,650698.0,1
2025-09-01,C관(2공장),[80] 누수/규격검사,1380360.0,1387950.0,609677.0,226.41,609677.0,1
2025-09-01,S관(3공장),[10] 사출조립,367026.0,389522.0,183871.0,199.61,183871.0,1
2025-09-01,S관(3공장),[20] 분리,361056.0,436718.0,183871.0,196.36,183871.0,1
2025-09-01,S관(3공장),[45] 하이드레이션/전면검사,183930.0,184678.0,116759.0,157.53,116759.0,1
2025-09-01,S관(3공장),[80] 누수/규격검사,205280.0,207240.0,100645.0,203.96,100645.0,1
2025-09-02,A관(1공장),[10] 사출조립,538980.0,552806.0,197367.0,273.09,197367.0,1
2025-09-02,A관(1공장),[20] 분리,148228.0,176612.0,197367.0,75.1,197367.0,1
2025-09-02,A관(1공장),[45] 하이드레이션/전면검사,249172.0,251800.0,118500.0,210.27,118500.0,1
2025-09-02,A관(1공장),[80] 누수/규격검사,229924.0,243086.0,112903.0,203.65,112903.0,1
2025-09-02,C관(2공장),[10] 사출조립,1258862.0,1487892.0,742386.0,169.57,742386.0,1
2025-09-02,C관(2공장),[20] 분리,1320216.0,1590418.0,742386.0,177.83,742386.0,1
2025-09-02,C관(2공장),[45] 하이드레이션/전면검사,1275430.0,1277434.0,650698.0,196.01,650698.0,1
2025-09-02,C관(2공장),[80] 누수/규격검사,1345390.0,1354850.0,609677.0,220.67,609677.0,1
2025-09-02,S관(3공장),[10] 사출조립,308570.0,341128.0,183871.0,167.82,183871.0,1
2025-09-02,S관(3공장),[20] 분리,287784.0,371740.0,183871.0,156.51,183871.0,1
2025-09-02,S관(3공장),[45] 하이드레이션/전면검사,295200.0,298880.0,116759.0,252.83,116759.0,1
2025-09-02,S관(3공장),[80] 누수/규격검사,204900.0,207080.0,100645.0,203.59,100645.0,1
2025-09-03,A관(1공장),[10] 사출조립,567812.0,581764.0,197367.0,287.69,197367.0,1
2025-09-03,A관(1공장),[20] 분리,151264.0,177336.0,197367.0,76.64,197367.0,1
2025-09-03,A관(1공장),[45] 하이드레이션/전면검사,241428.0,241428.0,118500.0,203.74,118500.0,1
2025-09-03,A관(1공장),[80] 누수/규격검사,172042.0,184670.0,112903.0,152.38,112903.0,1
2025-09-03,C관(2공장),[10] 사출조립,1600689.0,1803430.0,742386.0,215.61,742386.0,1
2025-09-03,C관(2공장),[20] 분리,1370008.0,1669368.0,742386.0,184.54,742386.0,1
2025-09-03,C관(2공장),[45] 하이드레이션/전면검사,1352690.0,1354210.0,650698.0,207.88,650698.0,1
2025-09-03,C관(2공장),[80] 누수/규격검사,1206990.0,1212010.0,609677.0,197.97,609677.0,1
2025-09-03,S관(3공장),[10] 사출조립,262458.0,284750.0,183871.0,142.74,183871.0,1
2025-09-03,S관(3공장),[20] 분리,351526.0,448362.0,183871.0,191.18,183871.0,1
2025-09-03,S관(3공장),[45] 하이드레이션/전면검사,154040.0,154718.0,116759.0,131.93,116759.0,1
2025-09-03,S관(3공장),[80] 누수/규격검사,143740.0,144690.0,100645.0,142.82,100645.0,1
2025-09-04,A관(1공장),[10] 사출조립,445934.0,465174.0,197367.0,225.94,197367.0,1
2025-09-04,A관(1공장),[20] 분리,182858.0,215338.0,197367.0,92.65,197367.0,1
2025-09-04,A관(1공장),[45] 하이드레이션/전면검사,259600.0,259600.0,118500.0,219.07,118500.0,1
2025-09-04,A관(1공장),[80] 누수/규격검사,164217.0,169477.0,112903.0,145.45,112903.0,1
2025-09-04,C관(2공장),[10] 사출조립,1479148.0,1695440.0,742386.0,199.24,742386.0,1
2025-09-04,C관(2공장),[20] 분리,1538528.0,1853994.0,742386.0,207.24,742386.0,1
2025-09-04,C관(2공장),[45] 하이드레이션/전면검사,1376760.0,1378402.0,650698.0,211.58,650698.0,1
2025-09-04,C관(2공장),[80] 누수/규격검사,1287730.0,1288450.0,609677.0,211.22,609677.0,1
2025-09-04,S관(3공장),[10] 사출조립,107350.0,124056.0,183871.0,58.38,183871.0,1
2025-09-04,S관(3공장),[20] 분리,292710.0,362334.0,183871.0,159.19,183871.0,1
2025-09-04,S관(3공장),[45] 하이드레이션/전면검사,243190.0,244344.0,116759.0,208.28,116759.0,1
2025-09-04,S관(3공장),[80] 누수/규격검사,191830.0,200980.0,100645.0,190.6,100645.0,1
2025-09-05,A관(1공장),[10] 사출조립,715642.0,738378.0,197367.0,362.59,197367.0,1
2025-09-05,A관(1공장),[20] 분리,120522.0,143340.0,197367.0,61.06,197367.0,1
2025-09-05,A관(1공장),[45] 하이드레이션/전면검사,268758.0,268758.0,118500.0,226.8,118500.0,1
2025-09-05,A관(1공장),[80] 누수/규격검사,212056.0,218404.0,112903.0,187.82,112903.0,1
2025-09-05,C관(2공장),[10] 사출조립,1537578.0,1635296.0,742386.0,207.11,742386.0,1
2025-09-05,C관(2공장),[20] 분리,1445632.0,1723492.0,742386.0,194.73,742386.0,1
2025-09-05,C관(2공장),[45] 하이드레이션/전면검사,1335540.0,1337154.0,650698.0,205.25,650698.0,1
2025-09-05,C관(2공장),[80] 누수/규격검사,1364380.0,1365080.0,609677.0,223.79,609677.0,1
2025-09-05,S관(3공장),[10] 사출조립,241188.0,245434.0,183871.0,131.17,183871.0,1
2025-09-05,S관(3공장),[20] 분리,349060.0,452950.0,183871.0,189.84,183871.0,1
2025-09-05,S관(3공장),[45] 하이드레이션/전면검사,158440.0,159158.0,116759.0,135.7,116759.0,1
2025-09-05,S관(3공장),[80] 누수/규격검사,265720.0,266410.0,100645.0,264.02,100645.0,1
2025-09-06,A관(1공장),[10] 사출조립,495220.0,518810.0,197367.0,250.91,197367.0,1
2025-09-06,A관(1공장),[20] 분리,141206.0,165326.0,197367.0,71.54,197367.0,1
2025-09-06,A관(1공장),[45] 하이드레이션/전면검사,177522.0,177522.0,118500.0,149.81,118500.0,1
2025-09-06,A관(1공장),[80] 누수/규격검사,170534.0,179942.0,112903.0,151.04,112903.0,1
2025-09-06,C관(2공장),[10] 사출조립,1552068.0,1771874.0,742386.0,209.06,742386.0,1
2025-09-06,C관(2공장),[20] 분리,1444730.0,1745156.0,742386.0,194.61,742386.0,1
2025-09-06,C관(2공장),[45] 하이드레이션/전면검사,1579120.0,1589372.0,650698.0,242.68,650698.0,1
2025-09-06,C관(2공장),[80] 누수/규격검사,1383980.0,1390210.0,609677.0,227.0,609677.0,1
2025-09-06,S관(3공장),[10] 사출조립,349344.0,380138.0,183871.0,189.99,183871.0,1
2025-09-06,S관(3공장),[20] 분리,312812.0,394306.0,183871.0,170.13,183871.0,1
2025-09-06,S관(3공장),[45] 하이드레이션/전면검사,215780.0,216932.0,116759.0,184.81,116759.0,1
2025-09-06,S관(3공장),[80] 누수/규격검사,338060.0,341220.0,100645.0,335.89,100645.0,1
2025-09-07,A관(1공장),[10] 사출조립,606416.0,620172.0,197367.0,307.25,197367.0,1
2025-09-07,A관(1공장),[20] 분리,144794.0,164264.0,197367.0,73.36,197367.0,1
2025-09-07,A관(1공장),[45] 하이드레이션/전면검사,128168.0,128168.0,118500.0,108.16,118500.0,1
2025-09-07,A관(1공장),[80] 누수/규격검사,153860.0,163068.0,112903.0,136.28,112903.0,1
2025-09-07,C관(2공장),[10] 사출조립,1250938.0,1486096.0,742386.0,168.5,742386.0,1
2025-09-07,C관(2공장),[20] 분리,1473852.0,1793388.0,742386.0,198.53,742386.0,1
2025-09-07,C관(2공장),[45] 하이드레이션/전면검사,1475180.0,1476844.0,650698.0,226.71,650698.0,1
2025-09-07,C관(2공장),[80] 누수/규격검사,1456330.0,1462300.0,609677.0,238.87,609677.0,1
2025-09-07,S관(3공장),[10] 사출조립,252134.0,261956.0,183871.0,137.13,183871.0,1
2025-09-07,S관(3공장),[20] 분리,277134.0,334266.0,183871.0,150.72,183871.0,1
2025-09-07,S관(3공장),[45] 하이드레이션/전면검사,325320.0,326402.0,116759.0,278.63,116759.0,1
2025-09-07,S관(3공장),[80] 누수/규격검사,211660.0,213080.0,100645.0,210.3,100645.0,1
2025-09-08,A관(1공장),[10] 사출조립,540646.0,580102.0,197367.0,273.93,197367.0,1
2025-09-08,A관(1공장),[20] 분리,165538.0,197850.0,197367.0,83.87,197367.0,1
2025-09-08,A관(1공장),[45] 하이드레이션/전면검사,239558.0,239558.0,118500.0,202.16,118500.0,1
2025-09-08,A관(1공장),[80] 누수/규격검사,208114.0,213948.0,112903.0,184.33,112903.0,1
2025-09-08,C관(2공장),[10] 사출조립,1308644.0,1489782.0,742386.0,176.28,742386.0,1
2025-09-08,C관(2공장),[20] 분리,1240920.0,1541802.0,742386.0,167.15,742386.0,1
2025-09-08,C관(2공장),[45] 하이드레이션/전면검사,1234930.0,1246992.0,650698.0,189.79,650698.0,1
2025-09-08,C관(2공장),[80] 누수/규격검사,1309170.0,1315890.0,609677.0,214.73,609677.0,1
2025-09-08,S관(3공장),[10] 사출조립,236544.0,266344.0,183871.0,128.65,183871.0,1
2025-09-08,S관(3공장),[20] 분리,341064.0,440444.0,183871.0,185.49,183871.0,1
2025-09-08,S관(3공장),[45] 하이드레이션/전면검사,254370.0,255272.0,116759.0,217.86,116759.0,1
2025-09-08,S관(3공장),[80] 누수/규격검사,196780.0,197430.0,100645.0,195.52,100645.0,1
2025-09-09,A관(1공장),[10] 사출조립,426998.0,459198.0,197367.0,216.35,197367.0,1
2025-09-09,A관(1공장),[20] 분리,154644.0,184260.0,197367.0,78.35,197367.0,1
2025-09-09,A관(1공장),[45] 하이드레이션/전면검사,207112.0,207112.0,118500.0,174.78,118500.0,1
2025-09-09,A관(1공장),[80] 누수/규격검사,182082.0,189690.0,112903.0,161.27,112903.0,1
2025-09-09,C관(2공장),[10] 사출조립,1775402.0,1950514.0,742386.0,239.15,742386.0,1
2025-09-09,C관(2공장),[20] 분리,1480304.0,1823602.0,742386.0,199.4,742386.0,1
2025-09-09,C관(2공장),[45] 하이드레이션/전면검사,1274360.0,1275902.0,650698.0,195.85,650698.0,1
2025-09-09,C관(2공장),[80] 누수/규격검사,1241140.0,1247120.0,609677.0,203.57,609677.0,1
2025-09-09,S관(3공장),[10] 사출조립,369432.0,377494.0,183871.0,200.92,183871.0,1
2025-09-09,S관(3공장),[20] 분리,272202.0,351838.0,183871.0,148.04,183871.0,1
2025-09-09,S관(3공장),[45] 하이드레이션/전면검사,239910.0,241132.0,116759.0,205.47,116759.0,1
2025-09-09,S관(3공장),[80] 누수/규격검사,309240.0,310380.0,100645.0,307.26,100645.0,1
2025-09-10,A관(1공장),[10] 사출조립,311140.0,316854.0,197367.0,157.65,197367.0,1
2025-09-10,A관(1공장),[20] 분리,161662.0,192128.0,197367.0,81.91,197367.0,1
2025-09-10,A관(1공장),[45] 하이드레이션/전면검사,203120.0,203120.0,118500.0,171.41,118500.0,1
2025-09-10,A관(1공장),[80] 누수/규격검사,196004.0,208268.0,112903.0,173.6,112903.0,1
2025-09-10,C관(2공장),[10] 사출조립,1676154.0,1903512.0,742386.0,225.78,742386.0,1
2025-09-10,C관(2공장),[20] 분리,1388524.0,1655860.0,742386.0,187.04,742386.0,1
2025-09-10,C관(2공장),[45] 하이드레이션/전면검사,1359170.0,1360950.0,650698.0,208.88,650698.0,1
2025-09-10,C관(2공장),[80] 누수/규격검사,1450450.0,1458530.0,609677.0,237.9,609677.0,1
2025-09-10,S관(3공장),[10] 사출조립,223270.0,234246.0,183871.0,121.43,183871.0,1
2025-09-10,S관(3공장),[20] 분리,256832.0,338276.0,183871.0,139.68,183871.0,1
2025-09-10,S관(3공장),[45] 하이드레이션/전면검사,354310.0,355844.0,116759.0,303.45,116759.0,1
2025-09-10,S관(3공장),[80] 누수/규격검사,273895.0,277320.0,100645.0,272.14,100645.0,1
2025-09-11,A관(1공장),[10] 사출조립,283194.0,304328.0,197367.0,143.49,197367.0,1
2025-09-11,A관(1공장),[20] 분리,159367.0,192160.0,197367.0,80.75,197367.0,1
2025-09-11,A관(1공장),[45] 하이드레이션/전면검사,198594.0,198602.0,118500.0,167.59,118500.0,1
2025-09-11,A관(1공장),[80] 누수/규격검사,170637.0,176235.0,112903.0,151.14,112903.0,1
2025-09-11,C관(2공장),[10] 사출조립,1479858.0,1636876.0,742386.0,199.34,742386.0,1
2025-09-11,C관(2공장),[20] 분리,1418546.0,1694578.0,742386.0,191.08,742386.0,1
2025-09-11,C관(2공장),[45] 하이드레이션/전면검사,1386690.0,1388368.0,650698.0,213.11,650698.0,1
2025-09-11,C관(2공장),[80] 누수/규격검사,1415220.0,1420690.0,609677.0,232.13,609677.0,1
2025-09-11,S관(3공장),[10] 사출조립,293660.0,293660.0,183871.0,159.71,183871.0,1
2025-09-11,S관(3공장),[20] 분리,236265.0,304684.0,183871.0,128.49,183871.0,1
2025-09-11,S관(3공장),[45] 하이드레이션/전면검사,250420.0,251530.0,116759.0,214.48,116759.0,1
2025-09-11,S관(3공장),[80] 누수/규격검사,206310.0,210630.0,100645.0,204.99,100645.0,1
2025-09-12,A관(1공장),[10] 사출조립,315030.0,333896.0,197367.0,159.62,197367.0,1
2025-09-12,A관(1공장),[20] 분리,175254.0,213466.0,197367.0,88.8,197367.0,1
2025-09-12,A관(1공장),[45] 하이드레이션/전면검사,205356.0,205356.0,118500.0,173.3,118500.0,1
2025-09-12,A관(1공장),[80] 누수/규격검사,215422.0,227876.0,112903.0,190.8,112903.0,1
2025-09-12,C관(2공장),[10] 사출조립,1616627.0,1775603.0,742386.0,217.76,742386.0,1
2025-09-12,C관(2공장),[20] 분리,1486134.0,1760418.0,742386.0,200.18,742386.0,1
2025-09-12,C관(2공장),[45] 하이드레이션/전면검사,1494900.0,1496684.0,650698.0,229.74,650698.0,1
2025-09-12,C관(2공장),[80] 누수/규격검사,1477240.0,1489430.0,609677.0,242.3,609677.0,1
2025-09-12,S관(3공장),[10] 사출조립,205260.0,268350.0,183871.0,111.63,183871.0,1
2025-09-12,S관(3공장),[20] 분리,208412.0,256044.0,183871.0,113.35,183871.0,1
2025-09-12,S관(3공장),[45] 하이드레이션/전면검사,401740.0,403268.0,116759.0,344.08,116759.0,1
2025-09-12,S관(3공장),[80] 누수/규격검사,230610.0,236380.0,100645.0,229.13,100645.0,1
2025-09-13,A관(1공장),[10] 사출조립,289095.0,302484.0,197367.0,146.48,197367.0,1
2025-09-13,A관(1공장),[20] 분리,167828.0,199702.0,197367.0,85.03,197367.0,1
2025-09-13,A관(1공장),[45] 하이드레이션/전면검사,214160.0,214160.0,118500.0,180.73,118500.0,1
2025-09-13,A관(1공장),[80] 누수/규격검사,213150.0,225860.0,112903.0,188.79,112903.0,1
2025-09-13,C관(2공장),[10] 사출조립,1956343.0,2129809.0,742386.0,263.52,742386.0,1
2025-09-13,C관(2공장),[20] 분리,1508848.0,1774558.0,742386.0,203.24,742386.0,1
2025-09-13,C관(2공장),[45] 하이드레이션/전면검사,1413960.0,1415526.0,650698.0,217.3,650698.0,1
2025-09-13,C관(2공장),[80] 누수/규격검사,1285010.0,1288060.0,609677.0,210.77,609677.0,1
2025-09-13,S관(3공장),[10] 사출조립,412077.0,436741.0,183871.0,224.11,183871.0,1
2025-09-13,S관(3공장),[20] 분리,141698.0,189876.0,183871.0,77.06,183871.0,1
2025-09-13,S관(3공장),[45] 하이드레이션/전면검사,186430.0,187972.0,116759.0,159.67,116759.0,1
2025-09-13,S관(3공장),[80] 누수/규격검사,210970.0,211220.0,100645.0,209.62,100645.0,1
2025-09-14,A관(1공장),[10] 사출조립,266280.0,279308.0,197367.0,134.92,197367.0,1
2025-09-14,A관(1공장),[20] 분리,118178.0,140050.0,197367.0,59.88,197367.0,1
2025-09-14,A관(1공장),[45] 하이드레이션/전면검사,222472.0,231398.0,118500.0,187.74,118500.0,1
2025-09-14,A관(1공장),[80] 누수/규격검사,187909.0,199731.0,112903.0,166.43,112903.0,1
2025-09-14,C관(2공장),[10] 사출조립,1728336.0,1883008.0,742386.0,232.81,742386.0,1
2025-09-14,C관(2공장),[20] 분리,1561532.0,1864953.0,742386.0,210.34,742386.0,1
2025-09-14,C관(2공장),[45] 하이드레이션/전면검사,1414310.0,1415954.0,650698.0,217.35,650698.0,1
2025-09-14,C관(2공장),[80] 누수/규격검사,1290950.0,1296180.0,609677.0,211.74,609677.0,1
2025-09-14,S관(3공장),[10] 사출조립,306512.0,352288.0,183871.0,166.7,183871.0,1
2025-09-14,S관(3공장),[20] 분리,230066.0,296390.0,183871.0,125.12,183871.0,1
2025-09-14,S관(3공장),[45] 하이드레이션/전면검사,136380.0,137872.0,116759.0,116.8,116759.0,1
2025-09-14,S관(3공장),[80] 누수/규격검사,257710.0,258150.0,100645.0,256.06,100645.0,1
2025-09-15,A관(1공장),[10] 사출조립,251502.0,268530.0,197367.0,127.43,197367.0,1
2025-09-15,A관(1공장),[20] 분리,79728.0,102092.0,197367.0,40.4,197367.0,1
2025-09-15,A관(1공장),[45] 하이드레이션/전면검사,226027.0,226951.0,118500.0,190.74,118500.0,1
2025-09-15,A관(1공장),[80] 누수/규격검사,163402.0,168888.0,112903.0,144.73,112903.0,1
2025-09-15,C관(2공장),[10] 사출조립,1689390.0,1849854.0,742386.0,227.56,742386.0,1
2025-09-15,C관(2공장),[20] 분리,1376171.0,1638801.0,742386.0,185.37,742386.0,1
2025-09-15,C관(2공장),[45] 하이드레이션/전면검사,1579040.0,1581328.0,650698.0,242.67,650698.0,1
2025-09-15,C관(2공장),[80] 누수/규격검사,1364940.0,1369130.0,609677.0,223.88,609677.0,1
2025-09-15,S관(3공장),[10] 사출조립,283844.0,304796.0,183871.0,154.37,183871.0,1
2025-09-15,S관(3공장),[20] 분리,245326.0,328860.0,183871.0,133.42,183871.0,1
2025-09-15,S관(3공장),[45] 하이드레이션/전면검사,124270.0,125750.0,116759.0,106.43,116759.0,1
2025-09-15,S관(3공장),[80] 누수/규격검사,169600.0,170580.0,100645.0,168.51,100645.0,1
2025-09-16,A관(1공장),[10] 사출조립,290834.0,299568.0,197367.0,147.36,197367.0,1
2025-09-16,A관(1공장),[20] 분리,101866.0,127162.0,197367.0,51.61,197367.0,1
2025-09-16,A관(1공장),[45] 하이드레이션/전면검사,223549.0,223549.0,118500.0,188.65,118500.0,1
2025-09-16,A관(1공장),[80] 누수/규격검사,186490.0,198162.0,112903.0,165.18,112903.0,1
2025-09-16,C관(2공장),[10] 사출조립,1791324.0,1953578.0,742386.0,241.29,742386.0,1
2025-09-16,C관(2공장),[20] 분리,1424358.0,1659926.0,742386.0,191.86,742386.0,1
2025-09-16,C관(2공장),[45] 하이드레이션/전면검사,1287985.0,1289522.0,650698.0,197.94,650698.0,1
2025-09-16,C관(2공장),[80] 누수/규격검사,1527080.0,1532525.0,609677.0,250.47,609677.0,1
2025-09-16,S관(3공장),[10] 사출조립,215536.0,250914.0,183871.0,117.22,183871.0,1
2025-09-16,S관(3공장),[20] 분리,178508.0,244904.0,183871.0,97.08,183871.0,1
2025-09-16,S관(3공장),[45] 하이드레이션/전면검사,194774.0,196718.0,116759.0,166.82,116759.0,1
2025-09-16,S관(3공장),[80] 누수/규격검사,194780.0,195130.0,100645.0,193.53,100645.0,1
2025-09-17,A관(1공장),[10] 사출조립,412268.0,444216.0,197367.0,208.88,197367.0,1
2025-09-17,A관(1공장),[20] 분리,140320.0,173064.0,197367.0,71.1,197367.0,1
2025-09-17,A관(1공장),[45] 하이드레이션/전면검사,161178.0,161208.0,118500.0,136.02,118500.0,1
2025-09-17,A관(1공장),[80] 누수/규격검사,188339.0,198689.0,112903.0,166.81,112903.0,1
2025-09-17,C관(2공장),[10] 사출조립,1738522.0,1919141.0,742386.0,234.18,742386.0,1
2025-09-17,C관(2공장),[20] 분리,1469296.0,1748050.0,742386.0,197.92,742386.0,1
2025-09-17,C관(2공장),[45] 하이드레이션/전면검사,1159850.0,1165398.0,650698.0,178.25,650698.0,1
2025-09-17,C관(2공장),[80] 누수/규격검사,1431110.0,1434705.0,609677.0,234.73,609677.0,1
2025-09-17,S관(3공장),[10] 사출조립,373610.0,409208.0,183871.0,203.19,183871.0,1
2025-09-17,S관(3공장),[20] 분리,143944.0,206944.0,183871.0,78.29,183871.0,1
2025-09-17,S관(3공장),[45] 하이드레이션/전면검사,141855.0,143336.0,116759.0,121.49,116759.0,1
2025-09-17,S관(3공장),[80] 누수/규격검사,104790.0,106170.0,100645.0,104.12,100645.0,1
2025-09-18,A관(1공장),[10] 사출조립,489853.0,505666.0,197367.0,248.19,197367.0,1
2025-09-18,A관(1공장),[20] 분리,137058.0,165044.0,197367.0,69.44,197367.0,1
2025-09-18,A관(1공장),[45] 하이드레이션/전면검사,116550.0,116628.0,118500.0,98.35,118500.0,1
2025-09-18,A관(1공장),[80] 누수/규격검사,148040.0,158542.0,112903.0,131.12,112903.0,1
2025-09-18,C관(2공장),[10] 사출조립,1651776.0,1803138.0,742386.0,222.5,742386.0,1
2025-09-18,C관(2공장),[20] 분리,1463607.0,1764152.0,742386.0,197.15,742386.0,1
2025-09-18,C관(2공장),[45] 하이드레이션/전면검사,1725890.0,1727622.0,650698.0,265.24,650698.0,1
2025-09-18,C관(2공장),[80] 누수/규격검사,1448170.0,1456010.0,609677.0,237.53,609677.0,1
2025-09-18,S관(3공장),[10] 사출조립,259420.0,313742.0,183871.0,141.09,183871.0,1
2025-09-18,S관(3공장),[20] 분리,150048.0,204920.0,183871.0,81.61,183871.0,1
2025-09-18,S관(3공장),[45] 하이드레이션/전면검사,245950.0,247270.0,116759.0,210.65,116759.0,1
2025-09-18,S관(3공장),[80] 누수/규격검사,151520.0,152320.0,100645.0,150.55,100645.0,1
2025-09-19,A관(1공장),[10] 사출조립,360962.0,379976.0,197367.0,182.89,197367.0,1
2025-09-19,A관(1공장),[20] 분리,115836.0,140306.0,197367.0,58.69,197367.0,1
2025-09-19,A관(1공장),[45] 하이드레이션/전면검사,150670.0,151586.0,118500.0,127.15,118500.0,1
2025-09-19,A관(1공장),[80] 누수/규격검사,151106.0,160568.0,112903.0,133.84,112903.0,1
2025-09-19,C관(2공장),[10] 사출조립,1260344.0,1425030.0,742386.0,169.77,742386.0,1
2025-09-19,C관(2공장),[20] 분리,1550263.0,1852834.0,742386.0,208.82,742386.0,1
2025-09-19,C관(2공장),[45] 하이드레이션/전면검사,1337500.0,1348198.0,650698.0,205.55,650698.0,1
2025-09-19,C관(2공장),[80] 누수/규격검사,1359620.0,1367320.0,609677.0,223.01,609677.0,1
2025-09-19,S관(3공장),[10] 사출조립,249636.0,285878.0,183871.0,135.77,183871.0,1
2025-09-19,S관(3공장),[20] 분리,363712.0,478808.0,183871.0,197.81,183871.0,1
2025-09-19,S관(3공장),[45] 하이드레이션/전면검사,204720.0,206378.0,116759.0,175.34,116759.0,1
2025-09-19,S관(3공장),[80] 누수/규격검사,223230.0,223540.0,100645.0,221.8,100645.0,1
2025-09-20,A관(1공장),[10] 사출조립,383158.0,388946.0,197367.0,194.13,197367.0,1
2025-09-20,A관(1공장),[20] 분리,137482.0,165010.0,197367.0,69.66,197367.0,1
2025-09-20,A관(1공장),[45] 하이드레이션/전면검사,161358.0,168150.0,118500.0,136.17,118500.0,1
2025-09-20,A관(1공장),[80] 누수/규격검사,189834.0,198642.0,112903.0,168.14,112903.0,1
2025-09-20,C관(2공장),[10] 사출조립,1659524.0,1868697.0,742386.0,223.54,742386.0,1
2025-09-20,C관(2공장),[20] 분리,1397250.0,1664390.0,742386.0,188.21,742386.0,1
2025-09-20,C관(2공장),[45] 하이드레이션/전면검사,1413030.0,1414666.0,650698.0,217.16,650698.0,1
2025-09-20,C관(2공장),[80] 누수/규격검사,1401300.0,1406230.0,609677.0,229.84,609677.0,1
2025-09-20,S관(3공장),[10] 사출조립,298830.0,373538.0,183871.0,162.52,183871.0,1
2025-09-20,S관(3공장),[20] 분리,307618.0,404976.0,183871.0,167.3,183871.0,1
2025-09-20,S관(3공장),[45] 하이드레이션/전면검사,225560.0,226606.0,116759.0,193.18,116759.0,1
2025-09-20,S관(3공장),[80] 누수/규격검사,156450.0,156580.0,100645.0,155.45,100645.0,1
2025-09-21,A관(1공장),[10] 사출조립,388626.0,399954.0,197367.0,196.91,197367.0,1
2025-09-21,A관(1공장),[20] 분리,137366.0,164832.0,197367.0,69.6,197367.0,1
2025-09-21,A관(1공장),[45] 하이드레이션/전면검사,207520.0,207520.0,118500.0,175.12,118500.0,1
2025-09-21,A관(1공장),[80] 누수/규격검사,189140.0,197898.0,112903.0,167.52,112903.0,1
2025-09-21,C관(2공장),[10] 사출조립,1659161.0,1792659.0,742386.0,223.49,742386.0,1
2025-09-21,C관(2공장),[20] 분리,1559198.0,1844578.0,742386.0,210.03,742386.0,1
2025-09-21,C관(2공장),[45] 하이드레이션/전면검사,1497865.0,1505295.0,650698.0,230.19,650698.0,1
2025-09-21,C관(2공장),[80] 누수/규격검사,1490240.0,1496240.0,609677.0,244.43,609677.0,1
2025-09-21,S관(3공장),[10] 사출조립,230222.0,250856.0,183871.0,125.21,183871.0,1
2025-09-21,S관(3공장),[20] 분리,327670.0,431534.0,183871.0,178.21,183871.0,1
2025-09-21,S관(3공장),[45] 하이드레이션/전면검사,238200.0,242076.0,116759.0,204.01,116759.0,1
2025-09-21,S관(3공장),[80] 누수/규격검사,299960.0,300180.0,100645.0,298.04,100645.0,1
2025-09-22,A관(1공장),[10] 사출조립,204942.0,212972.0,197367.0,103.84,197367.0,1
2025-09-22,A관(1공장),[20] 분리,100798.0,124950.0,197367.0,51.07,197367.0,1
2025-09-22,A관(1공장),[45] 하이드레이션/전면검사,209498.0,211108.0,118500.0,176.79,118500.0,1
2025-09-22,A관(1공장),[80] 누수/규격검사,144500.0,152112.0,112903.0,127.99,112903.0,1
2025-09-22,C관(2공장),[10] 사출조립,1520084.0,1665690.0,742386.0,204.76,742386.0,1
2025-09-22,C관(2공장),[20] 분리,1468950.0,1774474.0,742386.0,197.87,742386.0,1
2025-09-22,C관(2공장),[45] 하이드레이션/전면검사,1383740.0,1388916.0,650698.0,212.65,650698.0,1
2025-09-22,C관(2공장),[80] 누수/규격검사,1508370.0,1522110.0,609677.0,247.4,609677.0,1
2025-09-22,S관(3공장),[10] 사출조립,191537.0,197884.0,183871.0,104.17,183871.0,1
2025-09-22,S관(3공장),[20] 분리,292760.0,357882.0,183871.0,159.22,183871.0,1
2025-09-22,S관(3공장),[45] 하이드레이션/전면검사,240870.0,242448.0,116759.0,206.3,116759.0,1
2025-09-22,S관(3공장),[80] 누수/규격검사,191650.0,192170.0,100645.0,190.42,100645.0,1
2025-09-23,A관(1공장),[10] 사출조립,252722.0,272584.0,197367.0,128.05,197367.0,1
2025-09-23,A관(1공장),[20] 분리,101936.0,126358.0,197367.0,51.65,197367.0,1
2025-09-23,A관(1공장),[45] 하이드레이션/전면검사,158118.0,158118.0,118500.0,133.43,118500.0,1
2025-09-23,A관(1공장),[80] 누수/규격검사,154910.0,162990.0,112903.0,137.21,112903.0,1
2025-09-23,C관(2공장),[10] 사출조립,1195454.0,1296752.0,742386.0,161.03,742386.0,1
2025-09-23,C관(2공장),[20] 분리,1514730.0,1827344.0,742386.0,204.04,742386.0,1
2025-09-23,C관(2공장),[45] 하이드레이션/전면검사,1434370.0,1436296.0,650698.0,220.44,650698.0,1
2025-09-23,C관(2공장),[80] 누수/규격검사,1458220.0,1473800.0,609677.0,239.18,609677.0,1
2025-09-23,S관(3공장),[10] 사출조립,297950.0,323208.0,183871.0,162.04,183871.0,1
2025-09-23,S관(3공장),[20] 분리,194772.0,251928.0,183871.0,105.93,183871.0,1
2025-09-23,S관(3공장),[45] 하이드레이션/전면검사,331440.0,333552.0,116759.0,283.87,116759.0,1
2025-09-23,S관(3공장),[80] 누수/규격검사,206170.0,207170.0,100645.0,204.85,100645.0,1
2025-09-24,A관(1공장),[10] 사출조립,187490.0,195344.0,197367.0,95.0,197367.0,1
2025-09-24,A관(1공장),[20] 분리,145198.0,176354.0,197367.0,73.57,197367.0,1
2025-09-24,A관(1공장),[45] 하이드레이션/전면검사,123242.0,124412.0,118500.0,104.0,118500.0,1
2025-09-24,A관(1공장),[80] 누수/규격검사,177044.0,185726.0,112903.0,156.81,112903.0,1
2025-09-24,C관(2공장),[10] 사출조립,1367816.0,1550950.0,742386.0,184.25,742386.0,1
2025-09-24,C관(2공장),[20] 분리,1444826.0,1730702.0,742386.0,194.62,742386.0,1
2025-09-24,C관(2공장),[45] 하이드레이션/전면검사,1621890.0,1623946.0,650698.0,249.25,650698.0,1
2025-09-24,C관(2공장),[80] 누수/규격검사,1281120.0,1291780.0,609677.0,210.13,609677.0,1
2025-09-24,S관(3공장),[10] 사출조립,292084.0,306062.0,183871.0,158.85,183871.0,1
2025-09-24,S관(3공장),[20] 분리,413118.0,511208.0,183871.0,224.68,183871.0,1
2025-09-24,S관(3공장),[45] 하이드레이션/전면검사,256180.0,257400.0,116759.0,219.41,116759.0,1
2025-09-24,S관(3공장),[80] 누수/규격검사,226050.0,228090.0,100645.0,224.6,100645.0,1
2025-09-25,A관(1공장),[10] 사출조립,258412.0,269224.0,197367.0,130.93,197367.0,1
2025-09-25,A관(1공장),[20] 분리,119962.0,152816.0,197367.0,60.78,197367.0,1
2025-09-25,A관(1공장),[45] 하이드레이션/전면검사,136810.0,136810.0,118500.0,115.45,118500.0,1
2025-09-25,A관(1공장),[80] 누수/규격검사,205508.0,221540.0,112903.0,182.02,112903.0,1
2025-09-25,C관(2공장),[10] 사출조립,1535108.0,1733280.0,742386.0,206.78,742386.0,1
2025-09-25,C관(2공장),[20] 분리,1345112.0,1600308.0,742386.0,181.19,742386.0,1
2025-09-25,C관(2공장),[45] 하이드레이션/전면검사,1402560.0,1409366.0,650698.0,215.55,650698.0,1
2025-09-25,C관(2공장),[80] 누수/규격검사,1413310.0,1428710.0,609677.0,231.81,609677.0,1
2025-09-25,S관(3공장),[10] 사출조립,134450.0,141354.0,183871.0,73.12,183871.0,1
2025-09-25,S관(3공장),[20] 분리,257424.0,330698.0,183871.0,140.0,183871.0,1
2025-09-25,S관(3공장),[45] 하이드레이션/전면검사,341650.0,347122.0,116759.0,292.61,116759.0,1
2025-09-25,S관(3공장),[80] 누수/규격검사,405690.0,407940.0,100645.0,403.09,100645.0,1
2025-09-26,A관(1공장),[10] 사출조립,242772.0,254130.0,197367.0,123.01,197367.0,1
2025-09-26,A관(1공장),[20] 분리,110546.0,145432.0,197367.0,56.01,197367.0,1
2025-09-26,A관(1공장),[45] 하이드레이션/전면검사,183514.0,183514.0,118500.0,154.86,118500.0,1
2025-09-26,A관(1공장),[80] 누수/규격검사,205594.0,217116.0,112903.0,182.1,112903.0,1
2025-09-26,C관(2공장),[10] 사출조립,1300483.0,1518144.0,742386.0,175.18,742386.0,1
2025-09-26,C관(2공장),[20] 분리,1466214.0,1707456.0,742386.0,197.5,742386.0,1
2025-09-26,C관(2공장),[45] 하이드레이션/전면검사,1411140.0,1412762.0,650698.0,216.87,650698.0,1
2025-09-26,C관(2공장),[80] 누수/규격검사,1462620.0,1470670.0,609677.0,239.9,609677.0,1
2025-09-26,S관(3공장),[10] 사출조립,178964.0,223012.0,183871.0,97.33,183871.0,1
2025-09-26,S관(3공장),[20] 분리,279228.0,350994.0,183871.0,151.86,183871.0,1
2025-09-26,S관(3공장),[45] 하이드레이션/전면검사,199500.0,200302.0,116759.0,170.86,116759.0,1
2025-09-26,S관(3공장),[80] 누수/규격검사,279520.0,279850.0,100645.0,277.73,100645.0,1
2025-09-27,A관(1공장),[10] 사출조립,244532.0,263546.0,197367.0,123.9,197367.0,1
2025-09-27,A관(1공장),[20] 분리,92928.0,123520.0,197367.0,47.08,197367.0,1
2025-09-27,A관(1공장),[45] 하이드레이션/전면검사,199142.0,199142.0,118500.0,168.05,118500.0,1
2025-09-27,A관(1공장),[80] 누수/규격검사,188454.0,195100.0,112903.0,166.92,112903.0,1
2025-09-27,C관(2공장),[10] 사출조립,1518490.0,1691812.0,742386.0,204.54,742386.0,1
2025-09-27,C관(2공장),[20] 분리,1496404.0,1808484.0,742386.0,201.57,742386.0,1
2025-09-27,C관(2공장),[45] 하이드레이션/전면검사,1608650.0,1614268.0,650698.0,247.22,650698.0,1
2025-09-27,C관(2공장),[80] 누수/규격검사,1482560.0,1492420.0,609677.0,243.17,609677.0,1
2025-09-27,S관(3공장),[10] 사출조립,80680.0,80680.0,183871.0,43.88,183871.0,1
2025-09-27,S관(3공장),[20] 분리,284666.0,377752.0,183871.0,154.82,183871.0,1
2025-09-27,S관(3공장),[45] 하이드레이션/전면검사,163040.0,163902.0,116759.0,139.64,116759.0,1
2025-09-27,S관(3공장),[80] 누수/규격검사,151570.0,151670.0,100645.0,150.6,100645.0,1
2025-09-28,A관(1공장),[10] 사출조립,250210.0,271750.0,197367.0,126.77,197367.0,1
2025-09-28,A관(1공장),[20] 분리,153784.0,190712.0,197367.0,77.92,197367.0,1
2025-09-28,A관(1공장),[45] 하이드레이션/전면검사,223204.0,223204.0,118500.0,188.36,118500.0,1
2025-09-28,A관(1공장),[80] 누수/규격검사,200881.0,208099.0,112903.0,177.92,112903.0,1
2025-09-28,C관(2공장),[10] 사출조립,1572846.0,1699476.0,742386.0,211.86,742386.0,1
2025-09-28,C관(2공장),[20] 분리,1567428.0,1845826.0,742386.0,211.13,742386.0,1
2025-09-28,C관(2공장),[45] 하이드레이션/전면검사,1442045.0,1443605.0,650698.0,221.62,650698.0,1
2025-09-28,C관(2공장),[80] 누수/규격검사,1385685.0,1401160.0,609677.0,227.28,609677.0,1
2025-09-28,S관(3공장),[10] 사출조립,118482.0,122880.0,183871.0,64.44,183871.0,1
2025-09-28,S관(3공장),[20] 분리,364194.0,485148.0,183871.0,198.07,183871.0,1
2025-09-28,S관(3공장),[45] 하이드레이션/전면검사,314305.0,315930.0,116759.0,269.19,116759.0,1
2025-09-28,S관(3공장),[80] 누수/규격검사,226500.0,227170.0,100645.0,225.05,100645.0,1
2025-09-29,A관(1공장),[10] 사출조립,173460.0,183064.0,197367.0,87.89,197367.0,1
2025-09-29,A관(1공장),[20] 분리,99984.0,125412.0,197367.0,50.66,197367.0,1
2025-09-29,A관(1공장),[45] 하이드레이션/전면검사,200182.0,200202.0,118500.0,168.93,118500.0,1
2025-09-29,A관(1공장),[80] 누수/규격검사,203754.0,214446.0,112903.0,180.47,112903.0,1
2025-09-29,C관(2공장),[10] 사출조립,1706581.0,1859598.0,742386.0,229.88,742386.0,1
2025-09-29,C관(2공장),[20] 분리,1523924.0,1808650.0,742386.0,205.27,742386.0,1
2025-09-29,C관(2공장),[45] 하이드레이션/전면검사,1527690.0,1530260.0,650698.0,234.78,650698.0,1
2025-09-29,C관(2공장),[80] 누수/규격검사,1505360.0,1524620.0,609677.0,246.91,609677.0,1
2025-09-29,S관(3공장),[10] 사출조립,100550.0,115154.0,183871.0,54.69,183871.0,1
2025-09-29,S관(3공장),[20] 분리,282812.0,364994.0,183871.0,153.81,183871.0,1
2025-09-29,S관(3공장),[45] 하이드레이션/전면검사,297425.0,299230.0,116759.0,254.73,116759.0,1
2025-09-29,S관(3공장),[80] 누수/규격검사,323025.0,323515.0,100645.0,320.95,100645.0,1
2025-09-30,A관(1공장),[10] 사출조립,214504.0,231122.0,197367.0,108.68,197367.0,1
2025-09-30,A관(1공장),[20] 분리,97084.0,122310.0,197367.0,49.19,197367.0,1
2025-09-30,A관(1공장),[45] 하이드레이션/전면검사,131092.0,131112.0,118500.0,110.63,118500.0,1
2025-09-30,A관(1공장),[80] 누수/규격검사,159676.0,166686.0,112903.0,141.43,112903.0,1
2025-09-30,C관(2공장),[10] 사출조립,1295926.0,1430604.0,742386.0,174.56,742386.0,1
2025-09-30,C관(2공장),[20] 분리,1580002.0,1813180.0,742386.0,212.83,742386.0,1
2025-09-30,C관(2공장),[45] 하이드레이션/전면검사,1334110.0,1337802.0,650698.0,205.03,650698.0,1
2025-09-30,C관(2공장),[80] 누수/규격검사,1225520.0,1242600.0,609677.0,201.01,609677.0,1
2025-09-30,S관(3공장),[10] 사출조립,183504.0,207244.0,183871.0,99.8,183871.0,1
2025-09-30,S관(3공장),[20] 분리,252348.0,338200.0,183871.0,137.24,183871.0,1
2025-09-30,S관(3공장),[45] 하이드레이션/전면검사,247010.0,248198.0,116759.0,211.56,116759.0,1
2025-09-30,S관(3공장),[80] 누수/규격검사,286280.0,286780.0,100645.0,284.45,100645.0,1
2025-10-01,A관(1공장),[10] 사출조립,321314.0,338366.0,218513.0,147.05,218513.0,1
2025-10-01,A관(1공장),[20] 분리,129696.0,156384.0,218513.0,59.35,218513.0,1
2025-10-01,A관(1공장),[45] 하이드레이션/전면검사,227556.0,227584.0,131196.0,173.45,131196.0,1
2025-10-01,A관(1공장),[80] 누수/규격검사,173626.0,182688.0,124999.0,138.9,124999.0,1
2025-10-01,C관(2공장),[10] 사출조립,1697894.0,1924636.0,863024.0,196.74,863024.0,1
2025-10-01,C관(2공장),[20] 분리,1524470.0,1775946.0,863024.0,176.64,863024.0,1
2025-10-01,C관(2공장),[45] 하이드레이션/전면검사,1359726.0,1361552.0,756436.0,179.75,756436.0,1
2025-10-01,C관(2공장),[80] 누수/규격검사,1167572.0,1182218.0,708750.0,164.74,708750.0,1
2025-10-01,S관(3공장),[10] 사출조립,183432.0,197744.0,262805.0,69.8,262805.0,1
2025-10-01,S관(3공장),[20] 분리,342246.0,444664.0,262805.0,130.23,262805.0,1
2025-10-01,S관(3공장),[45] 하이드레이션/전면검사,258390.0,259556.0,166883.0,154.83,166883.0,1
2025-10-01,S관(3공장),[80] 누수/규격검사,210220.0,211430.0,143851.0,146.14,143851.0,1
2025-10-02,A관(1공장),[10] 사출조립,504144.0,518292.0,218513.0,230.72,218513.0,1
2025-10-02,A관(1공장),[20] 분리,144100.0,172924.0,218513.0,65.95,218513.0,1
2025-10-02,A관(1공장),[45] 하이드레이션/전면검사,158572.0,158572.0,131196.0,120.87,131196.0,1
2025-10-02,A관(1공장),[80] 누수/규격검사,218548.0,230776.0,124999.0,174.84,124999.0,1
2025-10-02,C관(2공장),[10] 사출조립,1435302.0,1588452.0,863024.0,166.31,863024.0,1
2025-10-02,C관(2공장),[20] 분리,1393486.0,1648692.0,863024.0,161.47,863024.0,1
2025-10-02,C관(2공장),[45] 하이드레이션/전면검사,1638830.0,1640400.0,756436.0,216.65,756436.0,1
2025-10-02,C관(2공장),[80] 누수/규격검사,1511200.0,1527724.0,708750.0,213.22,708750.0,1
2025-10-02,S관(3공장),[10] 사출조립,191266.0,202658.0,262805.0,72.78,262805.0,1
2025-10-02,S관(3공장),[20] 분리,286884.0,391972.0,262805.0,109.16,262805.0,1
2025-10-02,S관(3공장),[45] 하이드레이션/전면검사,224870.0,226630.0,166883.0,134.75,166883.0,1
2025-10-02,S관(3공장),[80] 누수/규격검사,188780.0,189010.0,143851.0,131.23,143851.0,1
2025-10-03,A관(1공장),[10] 사출조립,450502.0,464230.0,218513.0,206.17,218513.0,1
2025-10-03,A관(1공장),[20] 분리,83090.0,104708.0,218513.0,38.03,218513.0,1
2025-10-03,A관(1공장),[45] 하이드레이션/전면검사,141490.0,141490.0,131196.0,107.85,131196.0,1
2025-10-03,A관(1공장),[80] 누수/규격검사,216212.0,230208.0,124999.0,172.97,124999.0,1
2025-10-03,C관(2공장),[10] 사출조립,1643704.0,1760170.0,863024.0,190.46,863024.0,1
2025-10-03,C관(2공장),[20] 분리,1402458.0,1670896.0,863024.0,162.51,863024.0,1
2025-10-03,C관(2공장),[45] 하이드레이션/전면검사,678420.0,679042.0,756436.0,89.69,756436.0,1
2025-10-03,C관(2공장),[80] 누수/규격검사,1392790.0,1406030.0,708750.0,196.51,708750.0,1
2025-10-03,S관(3공장),[10] 사출조립,209726.0,214368.0,262805.0,79.8,262805.0,1
2025-10-03,S관(3공장),[20] 분리,258456.0,320968.0,262805.0,98.35,262805.0,1
2025-10-03,S관(3공장),[45] 하이드레이션/전면검사,219520.0,222122.0,166883.0,131.54,166883.0,1
2025-10-03,S관(3공장),[80] 누수/규격검사,265590.0,266130.0,143851.0,184.63,143851.0,1
2025-10-04,A관(1공장),[10] 사출조립,765350.0,778342.0,218513.0,350.25,218513.0,1
2025-10-04,A관(1공장),[20] 분리,104350.0,128262.0,218513.0,47.75,218513.0,1
2025-10-04,A관(1공장),[45] 하이드레이션/전면검사,154560.0,154560.0,131196.0,117.81,131196.0,1
2025-10-04,A관(1공장),[80] 누수/규격검사,173548.0,179112.0,124999.0,138.84,124999.0,1
2025-10-04,C관(2공장),[10] 사출조립,1603824.0,1731956.0,863024.0,185.84,863024.0,1
2025-10-04,C관(2공장),[20] 분리,1440906.0,1675962.0,863024.0,166.96,863024.0,1
2025-10-04,C관(2공장),[45] 하이드레이션/전면검사,297790.0,298138.0,756436.0,39.37,756436.0,1
2025-10-04,C관(2공장),[80] 누수/규격검사,1345240.0,1356970.0,708750.0,189.8,708750.0,1
2025-10-04,S관(3공장),[10] 사출조립,157902.0,166562.0,262805.0,60.08,262805.0,1
2025-10-04,S관(3공장),[20] 분리,211136.0,264694.0,262805.0,80.34,262805.0,1
2025-10-04,S관(3공장),[45] 하이드레이션/전면검사,18280.0,18588.0,166883.0,10.95,166883.0,1
2025-10-04,S관(3공장),[80] 누수/규격검사,203825.0,206180.0,143851.0,141.69,143851.0,1
2025-10-05,S관(3공장),[20] 분리,48950.0,54390.0,262805.0,18.63,262805.0,1
2025-10-08,A관(1공장),[10] 사출조립,356394.0,363766.0,218513.0,163.1,218513.0,1
2025-10-08,A관(1공장),[20] 분리,140514.0,173940.0,218513.0,64.3,218513.0,1
2025-10-08,A관(1공장),[45] 하이드레이션/전면검사,268904.0,268904.0,131196.0,204.96,131196.0,1
2025-10-08,A관(1공장),[80] 누수/규격검사,166870.0,177940.0,124999.0,133.5,124999.0,1
2025-10-08,C관(2공장),[10] 사출조립,762320.0,876530.0,863024.0,88.33,863024.0,1
2025-10-08,C관(2공장),[20] 분리,1416678.0,1670680.0,863024.0,164.15,863024.0,1
2025-10-08,C관(2공장),[45] 하이드레이션/전면검사,1737610.0,1739378.0,756436.0,229.71,756436.0,1
2025-10-08,C관(2공장),[80] 누수/규격검사,939960.0,953430.0,708750.0,132.62,708750.0,1
2025-10-08,S관(3공장),[20] 분리,169320.0,219634.0,262805.0,64.43,262805.0,1
2025-10-08,S관(3공장),[45] 하이드레이션/전면검사,261030.0,263472.0,166883.0,156.41,166883.0,1
2025-10-08,S관(3공장),[80] 누수/규격검사,104570.0,104630.0,143851.0,72.69,143851.0,1
2025-10-09,A관(1공장),[10] 사출조립,531294.0,542342.0,218513.0,243.14,218513.0,1
2025-10-09,A관(1공장),[20] 분리,160494.0,188316.0,218513.0,73.45,218513.0,1
2025-10-09,A관(1공장),[45] 하이드레이션/전면검사,272978.0,272978.0,131196.0,208.07,131196.0,1
2025-10-09,A관(1공장),[80] 누수/규격검사,190062.0,199018.0,124999.0,152.05,124999.0,1
2025-10-09,C관(2공장),[10] 사출조립,1466328.0,1615164.0,863024.0,169.91,863024.0,1
2025-10-09,C관(2공장),[20] 분리,1547732.0,1798428.0,863024.0,179.34,863024.0,1
2025-10-09,C관(2공장),[45] 하이드레이션/전면검사,1654220.0,1656004.0,756436.0,218.69,756436.0,1
2025-10-09,C관(2공장),[80] 누수/규격검사,1202420.0,1215860.0,708750.0,169.65,708750.0,1
2025-10-09,S관(3공장),[10] 사출조립,292720.0,313622.0,262805.0,111.38,262805.0,1
2025-10-09,S관(3공장),[20] 분리,197674.0,251148.0,262805.0,75.22,262805.0,1
2025-10-09,S관(3공장),[45] 하이드레이션/전면검사,297570.0,299964.0,166883.0,178.31,166883.0,1
2025-10-09,S관(3공장),[80] 누수/규격검사,166940.0,167090.0,143851.0,116.05,143851.0,1
2025-10-10,A관(1공장),[10] 사출조립,657640.0,662848.0,218513.0,300.96,218513.0,1
2025-10-10,A관(1공장),[20] 분리,88738.0,101422.0,218513.0,40.61,218513.0,1
2025-10-10,A관(1공장),[45] 하이드레이션/전면검사,175196.0,175196.0,131196.0,133.54,131196.0,1
2025-10-10,A관(1공장),[80] 누수/규격검사,147358.0,157726.0,124999.0,117.89,124999.0,1
2025-10-10,C관(2공장),[10] 사출조립,1615226.0,1802238.0,863024.0,187.16,863024.0,1
2025-10-10,C관(2공장),[20] 분리,1493296.0,1742682.0,863024.0,173.03,863024.0,1
2025-10-10,C관(2공장),[45] 하이드레이션/전면검사,1435560.0,1437314.0,756436.0,189.78,756436.0,1
2025-10-10,C관(2공장),[80] 누수/규격검사,1325320.0,1338130.0,708750.0,186.99,708750.0,1
2025-10-10,S관(3공장),[10] 사출조립,185100.0,198922.0,262805.0,70.43,262805.0,1
2025-10-10,S관(3공장),[20] 분리,206444.0,266274.0,262805.0,78.55,262805.0,1
2025-10-10,S관(3공장),[45] 하이드레이션/전면검사,282950.0,286154.0,166883.0,169.55,166883.0,1
2025-10-10,S관(3공장),[80] 누수/규격검사,280270.0,280630.0,143851.0,194.83,143851.0,1
2025-10-11,A관(1공장),[10] 사출조립,541422.0,559364.0,218513.0,247.78,218513.0,1
2025-10-11,A관(1공장),[20] 분리,110604.0,131202.0,218513.0,50.62,218513.0,1
2025-10-11,A관(1공장),[45] 하이드레이션/전면검사,231446.0,231460.0,131196.0,176.41,131196.0,1
2025-10-11,A관(1공장),[80] 누수/규격검사,173366.0,180944.0,124999.0,138.69,124999.0,1
2025-10-11,C관(2공장),[10] 사출조립,1594338.0,1755462.0,863024.0,184.74,863024.0,1
2025-10-11,C관(2공장),[20] 분리,1548830.0,1801878.0,863024.0,179.47,863024.0,1
2025-10-11,C관(2공장),[45] 하이드레이션/전면검사,1501030.0,1505322.0,756436.0,198.43,756436.0,1
2025-10-11,C관(2공장),[80] 누수/규격검사,1490850.0,1497270.0,708750.0,210.35,708750.0,1
2025-10-11,S관(3공장),[10] 사출조립,149052.0,153706.0,262805.0,56.72,262805.0,1
2025-10-11,S관(3공장),[20] 분리,183180.0,217892.0,262805.0,69.7,262805.0,1
2025-10-11,S관(3공장),[45] 하이드레이션/전면검사,277710.0,282096.0,166883.0,166.41,166883.0,1
2025-10-11,S관(3공장),[80] 누수/규격검사,247250.0,247600.0,143851.0,171.88,143851.0,1
2025-10-12,A관(1공장),[10] 사출조립,605054.0,616170.0,218513.0,276.9,218513.0,1
2025-10-12,A관(1공장),[20] 분리,164582.0,192788.0,218513.0,75.32,218513.0,1
2025-10-12,A관(1공장),[45] 하이드레이션/전면검사,215384.0,215384.0,131196.0,164.17,131196.0,1
2025-10-12,A관(1공장),[80] 누수/규격검사,205270.0,211848.0,124999.0,164.22,124999.0,1
2025-10-12,C관(2공장),[10] 사출조립,1697432.0,1850526.0,863024.0,196.68,863024.0,1
2025-10-12,C관(2공장),[20] 분리,1590762.0,1842084.0,863024.0,184.32,863024.0,1
2025-10-12,C관(2공장),[45] 하이드레이션/전면검사,1558340.0,1560060.0,756436.0,206.01,756436.0,1
2025-10-12,C관(2공장),[80] 누수/규격검사,1395780.0,1401700.0,708750.0,196.94,708750.0,1
2025-10-12,S관(3공장),[10] 사출조립,276428.0,278752.0,262805.0,105.18,262805.0,1
2025-10-12,S관(3공장),[20] 분리,225878.0,282108.0,262805.0,85.95,262805.0,1
2025-10-12,S관(3공장),[45] 하이드레이션/전면검사,156160.0,156814.0,166883.0,93.57,166883.0,1
2025-10-12,S관(3공장),[80] 누수/규격검사,245030.0,245700.0,143851.0,170.34,143851.0,1
2025-10-13,A관(1공장),[10] 사출조립,385708.0,398774.0,218513.0,176.51,218513.0,1
2025-10-13,A관(1공장),[20] 분리,93172.0,107730.0,218513.0,42.64,218513.0,1
2025-10-13,A관(1공장),[45] 하이드레이션/전면검사,115202.0,120652.0,131196.0,87.81,131196.0,1
2025-10-13,A관(1공장),[80] 누수/규격검사,218418.0,228696.0,124999.0,174.74,124999.0,1
2025-10-13,C관(2공장),[10] 사출조립,1440576.0,1632054.0,863024.0,166.92,863024.0,1
2025-10-13,C관(2공장),[20] 분리,1499416.0,1771372.0,863024.0,173.74,863024.0,1
2025-10-13,C관(2공장),[45] 하이드레이션/전면검사,1527190.0,1529148.0,756436.0,201.89,756436.0,1
2025-10-13,C관(2공장),[80] 누수/규격검사,1253710.0,1260760.0,708750.0,176.89,708750.0,1
2025-10-13,S관(3공장),[10] 사출조립,165892.0,170968.0,262805.0,63.12,262805.0,1
2025-10-13,S관(3공장),[20] 분리,266612.0,325558.0,262805.0,101.45,262805.0,1
2025-10-13,S관(3공장),[45] 하이드레이션/전면검사,217620.0,218584.0,166883.0,130.4,166883.0,1
2025-10-13,S관(3공장),[80] 누수/규격검사,214040.0,214290.0,143851.0,148.79,143851.0,1
2025-10-14,A관(1공장),[10] 사출조립,527148.0,555156.0,218513.0,241.24,218513.0,1
2025-10-14,A관(1공장),[20] 분리,95512.0,114720.0,218513.0,43.71,218513.0,1
2025-10-14,A관(1공장),[45] 하이드레이션/전면검사,196960.0,206014.0,131196.0,150.13,131196.0,1
2025-10-14,A관(1공장),[80] 누수/규격검사,158794.0,166078.0,124999.0,127.04,124999.0,1
2025-10-14,C관(2공장),[10] 사출조립,1409154.0,1613888.0,863024.0,163.28,863024.0,1
2025-10-14,C관(2공장),[20] 분리,1471394.0,1737530.0,863024.0,170.49,863024.0,1
2025-10-14,C관(2공장),[45] 하이드레이션/전면검사,1155800.0,1157340.0,756436.0,152.8,756436.0,1
2025-10-14,C관(2공장),[80] 누수/규격검사,1155340.0,1169560.0,708750.0,163.01,708750.0,1
2025-10-14,S관(3공장),[10] 사출조립,350882.0,373150.0,262805.0,133.51,262805.0,1
2025-10-14,S관(3공장),[20] 분리,251540.0,311666.0,262805.0,95.71,262805.0,1
2025-10-14,S관(3공장),[45] 하이드레이션/전면검사,119860.0,120496.0,166883.0,71.82,166883.0,1
2025-10-14,S관(3공장),[80] 누수/규격검사,173400.0,173630.0,143851.0,120.54,143851.0,1
2025-10-15,A관(1공장),[10] 사출조립,554494.0,562318.0,218513.0,253.76,218513.0,1
2025-10-15,A관(1공장),[20] 분리,62936.0,76336.0,218513.0,28.8,218513.0,1
2025-10-15,A관(1공장),[45] 하이드레이션/전면검사,176012.0,180080.0,131196.0,134.16,131196.0,1
2025-10-15,A관(1공장),[80] 누수/규격검사,155912.0,162164.0,124999.0,124.73,124999.0,1
2025-10-15,C관(2공장),[10] 사출조립,1661982.0,1852444.0,863024.0,192.58,863024.0,1
2025-10-15,C관(2공장),[20] 분리,1416048.0,1692034.0,863024.0,164.08,863024.0,1
2025-10-15,C관(2공장),[45] 하이드레이션/전면검사,1222540.0,1223922.0,756436.0,161.62,756436.0,1
2025-10-15,C관(2공장),[80] 누수/규격검사,1165730.0,1185410.0,708750.0,164.48,708750.0,1
2025-10-15,S관(3공장),[10] 사출조립,250044.0,264156.0,262805.0,95.14,262805.0,1
2025-10-15,S관(3공장),[20] 분리,295454.0,357588.0,262805.0,112.42,262805.0,1
2025-10-15,S관(3공장),[45] 하이드레이션/전면검사,227460.0,228872.0,166883.0,136.3,166883.0,1
2025-10-15,S관(3공장),[80] 누수/규격검사,251080.0,251480.0,143851.0,174.54,143851.0,1
2025-10-16,A관(1공장),[10] 사출조립,600338.0,621890.0,218513.0,274.74,218513.0,1
2025-10-16,A관(1공장),[20] 분리,156088.0,180918.0,218513.0,71.43,218513.0,1
2025-10-16,A관(1공장),[45] 하이드레이션/전면검사,183228.0,184178.0,131196.0,139.66,131196.0,1
2025-10-16,A관(1공장),[80] 누수/규격검사,183936.0,188888.0,124999.0,147.15,124999.0,1
2025-10-16,C관(2공장),[10] 사출조립,1487070.0,1650752.0,863024.0,172.31,863024.0,1
2025-10-16,C관(2공장),[20] 분리,1484982.0,1812022.0,863024.0,172.07,863024.0,1
2025-10-16,C관(2공장),[45] 하이드레이션/전면검사,1456678.0,1461320.0,756436.0,192.57,756436.0,1
2025-10-16,C관(2공장),[80] 누수/규격검사,1336360.0,1357940.0,708750.0,188.55,708750.0,1
2025-10-16,S관(3공장),[10] 사출조립,359296.0,384868.0,262805.0,136.72,262805.0,1
2025-10-16,S관(3공장),[20] 분리,265426.0,336546.0,262805.0,101.0,262805.0,1
2025-10-16,S관(3공장),[45] 하이드레이션/전면검사,225060.0,226800.0,166883.0,134.86,166883.0,1
2025-10-16,S관(3공장),[80] 누수/규격검사,240330.0,240910.0,143851.0,167.07,143851.0,1
2025-10-17,A관(1공장),[10] 사출조립,593076.0,611064.0,218513.0,271.41,218513.0,1
2025-10-17,A관(1공장),[20] 분리,161256.0,189420.0,218513.0,73.8,218513.0,1
2025-10-17,A관(1공장),[45] 하이드레이션/전면검사,197132.0,203024.0,131196.0,150.26,131196.0,1
2025-10-17,A관(1공장),[80] 누수/규격검사,154604.0,159012.0,124999.0,123.68,124999.0,1
2025-10-17,C관(2공장),[10] 사출조립,1454114.0,1587416.0,863024.0,168.49,863024.0,1
2025-10-17,C관(2공장),[20] 분리,1619308.0,1956242.0,863024.0,187.63,863024.0,1
2025-10-17,C관(2공장),[45] 하이드레이션/전면검사,1353660.0,1355336.0,756436.0,178.95,756436.0,1
2025-10-17,C관(2공장),[80] 누수/규격검사,1332112.0,1348648.0,708750.0,187.95,708750.0,1
2025-10-17,S관(3공장),[10] 사출조립,285722.0,318932.0,262805.0,108.72,262805.0,1
2025-10-17,S관(3공장),[20] 분리,235514.0,295276.0,262805.0,89.62,262805.0,1
2025-10-17,S관(3공장),[45] 하이드레이션/전면검사,192260.0,194332.0,166883.0,115.21,166883.0,1
2025-10-17,S관(3공장),[80] 누수/규격검사,201160.0,201950.0,143851.0,139.84,143851.0,1
2025-10-18,A관(1공장),[10] 사출조립,631312.0,647048.0,218513.0,288.91,218513.0,1
2025-10-18,A관(1공장),[20] 분리,190259.0,211061.0,218513.0,87.07,218513.0,1
2025-10-18,A관(1공장),[45] 하이드레이션/전면검사,139702.0,142904.0,131196.0,106.48,131196.0,1
2025-10-18,A관(1공장),[80] 누수/규격검사,150232.0,156220.0,124999.0,120.19,124999.0,1
2025-10-18,C관(2공장),[10] 사출조립,1864750.0,2007916.0,863024.0,216.07,863024.0,1
2025-10-18,C관(2공장),[20] 분리,1731962.0,2056542.0,863024.0,200.69,863024.0,1
2025-10-18,C관(2공장),[45] 하이드레이션/전면검사,1269140.0,1270606.0,756436.0,167.78,756436.0,1
2025-10-18,C관(2공장),[80] 누수/규격검사,1313310.0,1331260.0,708750.0,185.3,708750.0,1
2025-10-18,S관(3공장),[10] 사출조립,243258.0,266506.0,262805.0,92.56,262805.0,1
2025-10-18,S관(3공장),[20] 분리,267441.0,346427.0,262805.0,101.76,262805.0,1
2025-10-18,S관(3공장),[45] 하이드레이션/전면검사,328120.0,329792.0,166883.0,196.62,166883.0,1
2025-10-18,S관(3공장),[80] 누수/규격검사,186260.0,186590.0,143851.0,129.48,143851.0,1
2025-10-19,A관(1공장),[10] 사출조립,551588.0,562524.0,218513.0,252.43,218513.0,1
2025-10-19,A관(1공장),[20] 분리,161170.0,179176.0,218513.0,73.76,218513.0,1
2025-10-19,A관(1공장),[45] 하이드레이션/전면검사,215188.0,223600.0,131196.0,164.02,131196.0,1
2025-10-19,A관(1공장),[80] 누수/규격검사,176226.0,182414.0,124999.0,140.98,124999.0,1
2025-10-19,C관(2공장),[10] 사출조립,1734636.0,1910242.0,863024.0,201.0,863024.0,1
2025-10-19,C관(2공장),[20] 분리,1618168.0,1871072.0,863024.0,187.5,863024.0,1
2025-10-19,C관(2공장),[45] 하이드레이션/전면검사,1428440.0,1439026.0,756436.0,188.84,756436.0,1
2025-10-19,C관(2공장),[80] 누수/규격검사,1386400.0,1404820.0,708750.0,195.61,708750.0,1
2025-10-19,S관(3공장),[10] 사출조립,268194.0,298210.0,262805.0,102.05,262805.0,1
2025-10-19,S관(3공장),[20] 분리,224202.0,272808.0,262805.0,85.31,262805.0,1
2025-10-19,S관(3공장),[45] 하이드레이션/전면검사,220030.0,221256.0,166883.0,131.85,166883.0,1
2025-10-19,S관(3공장),[80] 누수/규격검사,200290.0,200670.0,143851.0,139.23,143851.0,1
2025-10-20,A관(1공장),[10] 사출조립,605856.0,632762.0,218513.0,277.26,218513.0,1
2025-10-20,A관(1공장),[20] 분리,172368.0,194792.0,218513.0,78.88,218513.0,1
2025-10-20,A관(1공장),[45] 하이드레이션/전면검사,197740.0,202622.0,131196.0,150.72,131196.0,1
2025-10-20,A관(1공장),[80] 누수/규격검사,203080.0,219348.0,124999.0,162.47,124999.0,1
2025-10-20,C관(2공장),[10] 사출조립,1669766.0,1813580.0,863024.0,193.48,863024.0,1
2025-10-20,C관(2공장),[20] 분리,1479864.0,1738402.0,863024.0,171.47,863024.0,1
2025-10-20,C관(2공장),[45] 하이드레이션/전면검사,1159450.0,1165204.0,756436.0,153.28,756436.0,1
2025-10-20,C관(2공장),[80] 누수/규격검사,1310530.0,1323960.0,708750.0,184.91,708750.0,1
2025-10-20,S관(3공장),[10] 사출조립,307158.0,354430.0,262805.0,116.88,262805.0,1
2025-10-20,S관(3공장),[20] 분리,195094.0,234466.0,262805.0,74.24,262805.0,1
2025-10-20,S관(3공장),[45] 하이드레이션/전면검사,208060.0,209586.0,166883.0,124.67,166883.0,1
2025-10-20,S관(3공장),[80] 누수/규격검사,180470.0,180960.0,143851.0,125.46,143851.0,1
2025-10-21,A관(1공장),[10] 사출조립,600630.0,639292.0,218513.0,274.87,218513.0,1
2025-10-21,A관(1공장),[20] 분리,118740.0,135224.0,218513.0,54.34,218513.0,1
2025-10-21,A관(1공장),[45] 하이드레이션/전면검사,114344.0,114344.0,131196.0,87.16,131196.0,1
2025-10-21,A관(1공장),[80] 누수/규격검사,192260.0,200952.0,124999.0,153.81,124999.0,1
2025-10-21,C관(2공장),[10] 사출조립,1870750.0,1997394.0,863024.0,216.77,863024.0,1
2025-10-21,C관(2공장),[20] 분리,1564278.0,1835158.0,863024.0,181.26,863024.0,1
2025-10-21,C관(2공장),[45] 하이드레이션/전면검사,1347860.0,1349260.0,756436.0,178.19,756436.0,1
2025-10-21,C관(2공장),[80] 누수/규격검사,1439170.0,1449660.0,708750.0,203.06,708750.0,1
2025-10-21,S관(3공장),[10] 사출조립,218814.0,232464.0,262805.0,83.26,262805.0,1
2025-10-21,S관(3공장),[20] 분리,245994.0,305946.0,262805.0,93.6,262805.0,1
2025-10-21,S관(3공장),[45] 하이드레이션/전면검사,351050.0,352618.0,166883.0,210.36,166883.0,1
2025-10-21,S관(3공장),[80] 누수/규격검사,173760.0,174230.0,143851.0,120.79,143851.0,1
2025-10-22,A관(1공장),[10] 사출조립,396918.0,412790.0,218513.0,181.65,218513.0,1
2025-10-22,A관(1공장),[20] 분리,87602.0,106372.0,218513.0,40.09,218513.0,1
2025-10-22,A관(1공장),[45] 하이드레이션/전면검사,204730.0,207816.0,131196.0,156.05,131196.0,1
2025-10-22,A관(1공장),[80] 누수/규격검사,175242.0,181442.0,124999.0,140.19,124999.0,1
2025-10-22,C관(2공장),[10] 사출조립,1850640.0,1994546.0,863024.0,214.44,863024.0,1
2025-10-22,C관(2공장),[20] 분리,1584096.0,1845524.0,863024.0,183.55,863024.0,1
2025-10-22,C관(2공장),[45] 하이드레이션/전면검사,1430450.0,1433182.0,756436.0,189.1,756436.0,1
2025-10-22,C관(2공장),[80] 누수/규격검사,1492860.0,1507060.0,708750.0,210.63,708750.0,1
2025-10-22,S관(3공장),[10] 사출조립,239306.0,243860.0,262805.0,91.06,262805.0,1
2025-10-22,S관(3공장),[20] 분리,208104.0,256900.0,262805.0,79.19,262805.0,1
2025-10-22,S관(3공장),[45] 하이드레이션/전면검사,179550.0,180194.0,166883.0,107.59,166883.0,1
2025-10-22,S관(3공장),[80] 누수/규격검사,267760.0,268480.0,143851.0,186.14,143851.0,1
2025-10-23,A관(1공장),[10] 사출조립,470010.0,476436.0,218513.0,215.09,218513.0,1
2025-10-23,A관(1공장),[20] 분리,120690.0,138984.0,218513.0,55.23,218513.0,1
2025-10-23,A관(1공장),[45] 하이드레이션/전면검사,282576.0,290548.0,131196.0,215.38,131196.0,1
2025-10-23,A관(1공장),[80] 누수/규격검사,207102.0,215224.0,124999.0,165.68,124999.0,1
2025-10-23,C관(2공장),[10] 사출조립,1448792.0,1559960.0,863024.0,167.87,863024.0,1
2025-10-23,C관(2공장),[20] 분리,1596040.0,1859558.0,863024.0,184.94,863024.0,1
2025-10-23,C관(2공장),[45] 하이드레이션/전면검사,1414840.0,1416316.0,756436.0,187.04,756436.0,1
2025-10-23,C관(2공장),[80] 누수/규격검사,1392130.0,1403520.0,708750.0,196.42,708750.0,1
2025-10-23,S관(3공장),[10] 사출조립,181402.0,190442.0,262805.0,69.03,262805.0,1
2025-10-23,S관(3공장),[20] 분리,236870.0,280128.0,262805.0,90.13,262805.0,1
2025-10-23,S관(3공장),[45] 하이드레이션/전면검사,296180.0,297170.0,166883.0,177.48,166883.0,1
2025-10-23,S관(3공장),[80] 누수/규격검사,297340.0,298410.0,143851.0,206.7,143851.0,1
2025-10-24,A관(1공장),[10] 사출조립,233934.0,244822.0,218513.0,107.06,218513.0,1
2025-10-24,A관(1공장),[20] 분리,108768.0,124912.0,218513.0,49.78,218513.0,1
2025-10-24,A관(1공장),[45] 하이드레이션/전면검사,234950.0,239430.0,131196.0,179.08,131196.0,1
2025-10-24,A관(1공장),[80] 누수/규격검사,182938.0,189298.0,124999.0,146.35,124999.0,1
2025-10-24,C관(2공장),[10] 사출조립,1765106.0,1908096.0,863024.0,204.53,863024.0,1
2025-10-24,C관(2공장),[20] 분리,1637608.0,1893678.0,863024.0,189.75,863024.0,1
2025-10-24,C관(2공장),[45] 하이드레이션/전면검사,1239830.0,1241044.0,756436.0,163.9,756436.0,1
2025-10-24,C관(2공장),[80] 누수/규격검사,1399630.0,1410030.0,708750.0,197.48,708750.0,1
2025-10-24,S관(3공장),[10] 사출조립,187990.0,205088.0,262805.0,71.53,262805.0,1
2025-10-24,S관(3공장),[20] 분리,259320.0,306904.0,262805.0,98.67,262805.0,1
2025-10-24,S관(3공장),[45] 하이드레이션/전면검사,283770.0,284904.0,166883.0,170.04,166883.0,1
2025-10-24,S관(3공장),[80] 누수/규격검사,235650.0,236450.0,143851.0,163.82,143851.0,1
2025-10-25,A관(1공장),[10] 사출조립,181588.0,189056.0,218513.0,83.1,218513.0,1
2025-10-25,A관(1공장),[20] 분리,115952.0,136454.0,218513.0,53.06,218513.0,1
2025-10-25,A관(1공장),[45] 하이드레이션/전면검사,145196.0,145196.0,131196.0,110.67,131196.0,1
2025-10-25,A관(1공장),[80] 누수/규격검사,157282.0,166088.0,124999.0,125.83,124999.0,1
2025-10-25,C관(2공장),[10] 사출조립,1411822.0,1601984.0,863024.0,163.59,863024.0,1
2025-10-25,C관(2공장),[20] 분리,1643414.0,1858044.0,863024.0,190.43,863024.0,1
2025-10-25,C관(2공장),[45] 하이드레이션/전면검사,1232030.0,1233280.0,756436.0,162.87,756436.0,1
2025-10-25,C관(2공장),[80] 누수/규격검사,1486680.0,1497560.0,708750.0,209.76,708750.0,1
2025-10-25,S관(3공장),[10] 사출조립,363276.0,380382.0,262805.0,138.23,262805.0,1
2025-10-25,S관(3공장),[20] 분리,68178.0,81646.0,262805.0,25.94,262805.0,1
2025-10-25,S관(3공장),[45] 하이드레이션/전면검사,215350.0,216060.0,166883.0,129.04,166883.0,1
2025-10-25,S관(3공장),[80] 누수/규격검사,266060.0,267820.0,143851.0,184.96,143851.0,1
2025-10-26,A관(1공장),[10] 사출조립,246096.0,251528.0,218513.0,112.62,218513.0,1
2025-10-26,A관(1공장),[20] 분리,129144.0,152760.0,218513.0,59.1,218513.0,1
2025-10-26,A관(1공장),[45] 하이드레이션/전면검사,151948.0,151948.0,131196.0,115.82,131196.0,1
2025-10-26,A관(1공장),[80] 누수/규격검사,218576.0,227870.0,124999.0,174.86,124999.0,1
2025-10-26,C관(2공장),[10] 사출조립,1336310.0,1465168.0,863024.0,154.84,863024.0,1
2025-10-26,C관(2공장),[20] 분리,1657224.0,1916510.0,863024.0,192.03,863024.0,1
2025-10-26,C관(2공장),[45] 하이드레이션/전면검사,1170820.0,1172194.0,756436.0,154.78,756436.0,1
2025-10-26,C관(2공장),[80] 누수/규격검사,1411380.0,1422920.0,708750.0,199.14,708750.0,1
2025-10-26,S관(3공장),[10] 사출조립,249170.0,262192.0,262805.0,94.81,262805.0,1
2025-10-26,S관(3공장),[20] 분리,221170.0,268680.0,262805.0,84.16,262805.0,1
2025-10-26,S관(3공장),[45] 하이드레이션/전면검사,172840.0,173794.0,166883.0,103.57,166883.0,1
2025-10-26,S관(3공장),[80] 누수/규격검사,153540.0,153760.0,143851.0,106.74,143851.0,1
2025-10-27,A관(1공장),[10] 사출조립,233556.0,240210.0,218513.0,106.88,218513.0,1
2025-10-27,A관(1공장),[20] 분리,98712.0,114196.0,218513.0,45.17,218513.0,1
2025-10-27,A관(1공장),[45] 하이드레이션/전면검사,250178.0,250656.0,131196.0,190.69,131196.0,1
2025-10-27,A관(1공장),[80] 누수/규격검사,220518.0,228024.0,124999.0,176.42,124999.0,1
2025-10-27,C관(2공장),[10] 사출조립,1289104.0,1440722.0,863024.0,149.37,863024.0,1
2025-10-27,C관(2공장),[20] 분리,1690816.0,1978022.0,863024.0,195.92,863024.0,1
2025-10-27,C관(2공장),[45] 하이드레이션/전면검사,1501950.0,1503558.0,756436.0,198.56,756436.0,1
2025-10-27,C관(2공장),[80] 누수/규격검사,1503250.0,1520130.0,708750.0,212.1,708750.0,1
2025-10-27,S관(3공장),[10] 사출조립,283373.0,311830.0,262805.0,107.83,262805.0,1
2025-10-27,S관(3공장),[20] 분리,181920.0,239966.0,262805.0,69.22,262805.0,1
2025-10-27,S관(3공장),[45] 하이드레이션/전면검사,290270.0,291954.0,166883.0,173.94,166883.0,1
2025-10-27,S관(3공장),[80] 누수/규격검사,275450.0,276160.0,143851.0,191.48,143851.0,1
2025-10-28,A관(1공장),[10] 사출조립,344658.0,363094.0,218513.0,157.73,218513.0,1
2025-10-28,A관(1공장),[20] 분리,43224.0,52702.0,218513.0,19.78,218513.0,1
2025-10-28,A관(1공장),[45] 하이드레이션/전면검사,267248.0,268292.0,131196.0,203.7,131196.0,1
2025-10-28,A관(1공장),[80] 누수/규격검사,184016.0,189356.0,124999.0,147.21,124999.0,1
2025-10-28,C관(2공장),[10] 사출조립,1576550.0,1725504.0,863024.0,182.68,863024.0,1
2025-10-28,C관(2공장),[20] 분리,1701424.0,1993144.0,863024.0,197.15,863024.0,1
2025-10-28,C관(2공장),[45] 하이드레이션/전면검사,2187500.0,2202496.0,756436.0,289.19,756436.0,1
2025-10-28,C관(2공장),[80] 누수/규격검사,1674250.0,1685520.0,708750.0,236.23,708750.0,1
2025-10-28,S관(3공장),[10] 사출조립,258036.0,290304.0,262805.0,98.19,262805.0,1
2025-10-28,S관(3공장),[20] 분리,260442.0,325514.0,262805.0,99.1,262805.0,1
2025-10-28,S관(3공장),[45] 하이드레이션/전면검사,333030.0,334534.0,166883.0,199.56,166883.0,1
2025-10-28,S관(3공장),[80] 누수/규격검사,288590.0,289390.0,143851.0,200.62,143851.0,1
2025-10-29,A관(1공장),[10] 사출조립,612810.0,634310.0,218513.0,280.45,218513.0,1
2025-10-29,A관(1공장),[20] 분리,99400.0,115936.0,218513.0,45.49,218513.0,1
2025-10-29,A관(1공장),[45] 하이드레이션/전면검사,238294.0,238294.0,131196.0,181.63,131196.0,1
2025-10-29,A관(1공장),[80] 누수/규격검사,195976.0,204712.0,124999.0,156.78,124999.0,1
2025-10-29,C관(2공장),[10] 사출조립,1224710.0,1319740.0,863024.0,141.91,863024.0,1
2025-10-29,C관(2공장),[20] 분리,1630730.0,1907480.0,863024.0,188.96,863024.0,1
2025-10-29,C관(2공장),[45] 하이드레이션/전면검사,1677620.0,1679380.0,756436.0,221.78,756436.0,1
2025-10-29,C관(2공장),[80] 누수/규격검사,1674090.0,1692560.0,708750.0,236.2,708750.0,1
2025-10-29,S관(3공장),[10] 사출조립,264476.0,280138.0,262805.0,100.64,262805.0,1
2025-10-29,S관(3공장),[20] 분리,239208.0,297724.0,262805.0,91.02,262805.0,1
2025-10-29,S관(3공장),[45] 하이드레이션/전면검사,245860.0,246840.0,166883.0,147.32,166883.0,1
2025-10-29,S관(3공장),[80] 누수/규격검사,317380.0,317770.0,143851.0,220.63,143851.0,1
2025-10-30,A관(1공장),[10] 사출조립,560248.0,605290.0,218513.0,256.39,218513.0,1
2025-10-30,A관(1공장),[20] 분리,116662.0,135348.0,218513.0,53.39,218513.0,1
2025-10-30,A관(1공장),[45] 하이드레이션/전면검사,255980.0,257008.0,131196.0,195.11,131196.0,1
2025-10-30,A관(1공장),[80] 누수/규격검사,202046.0,210636.0,124999.0,161.64,124999.0,1
2025-10-30,C관(2공장),[10] 사출조립,1279868.0,1417600.0,863024.0,148.3,863024.0,1
2025-10-30,C관(2공장),[20] 분리,1686202.0,1981372.0,863024.0,195.38,863024.0,1
2025-10-30,C관(2공장),[45] 하이드레이션/전면검사,1466280.0,1472208.0,756436.0,193.84,756436.0,1
2025-10-30,C관(2공장),[80] 누수/규격검사,1682770.0,1692700.0,708750.0,237.43,708750.0,1
2025-10-30,S관(3공장),[10] 사출조립,329008.0,342118.0,262805.0,125.19,262805.0,1
2025-10-30,S관(3공장),[20] 분리,223068.0,299894.0,262805.0,84.88,262805.0,1
2025-10-30,S관(3공장),[45] 하이드레이션/전면검사,236818.0,238171.0,166883.0,141.91,166883.0,1
2025-10-30,S관(3공장),[80] 누수/규격검사,312170.0,313460.0,143851.0,217.01,143851.0,1
2025-10-31,A관(1공장),[10] 사출조립,706406.0,725038.0,218513.0,323.28,218513.0,1
2025-10-31,A관(1공장),[20] 분리,95858.0,111676.0,218513.0,43.87,218513.0,1
2025-10-31,A관(1공장),[45] 하이드레이션/전면검사,209836.0,209836.0,131196.0,159.94,131196.0,1
2025-10-31,A관(1공장),[80] 누수/규격검사,259080.0,267266.0,124999.0,207.27,124999.0,1
2025-10-31,C관(2공장),[10] 사출조립,1383716.0,1525190.0,863024.0,160.33,863024.0,1
2025-10-31,C관(2공장),[20] 분리,1572034.0,1847522.0,863024.0,182.15,863024.0,1
2025-10-31,C관(2공장),[45] 하이드레이션/전면검사,1565660.0,1567324.0,756436.0,206.98,756436.0,1
2025-10-31,C관(2공장),[80] 누수/규격검사,1531310.0,1539410.0,708750.0,216.06,708750.0,1
2025-10-31,S관(3공장),[10] 사출조립,251682.0,262786.0,262805.0,95.77,262805.0,1
2025-10-31,S관(3공장),[20] 분리,273116.0,362508.0,262805.0,103.92,262805.0,1
2025-10-31,S관(3공장),[45] 하이드레이션/전면검사,227716.0,228852.0,166883.0,136.45,166883.0,1
2025-10-31,S관(3공장),[80] 누수/규격검사,128030.0,128450.0,143851.0,89.0,143851.0,1
2025-11-01,A관(1공장),[10] 사출조립,748830.0,757098.0,203946.0,367.17,203946.0,1
2025-11-01,A관(1공장),[20] 분리,110263.0,123602.0,203946.0,54.06,203946.0,1
2025-11-01,A관(1공장),[45] 하이드레이션/전면검사,197375.0,198553.0,122450.0,161.19,122450.0,1
2025-11-01,A관(1공장),[80] 누수/규격검사,212842.0,220896.0,116666.0,182.44,116666.0,1
2025-11-01,C관(2공장),[10] 사출조립,1409930.0,1552426.0,822110.0,171.5,822110.0,1
2025-11-01,C관(2공장),[20] 분리,1629384.0,1923574.0,822110.0,198.2,822110.0,1
2025-11-01,C관(2공장),[45] 하이드레이션/전면검사,1402110.0,1406732.0,720576.0,194.58,720576.0,1
2025-11-01,C관(2공장),[80] 누수/규격검사,1435060.0,1449560.0,675150.0,212.55,675150.0,1
2025-11-01,S관(3공장),[10] 사출조립,270053.0,339679.0,272092.0,99.25,272092.0,1
2025-11-01,S관(3공장),[20] 분리,205020.0,249194.0,272092.0,75.35,272092.0,1
2025-11-01,S관(3공장),[45] 하이드레이션/전면검사,200156.0,211335.0,172780.0,115.84,172780.0,1
2025-11-01,S관(3공장),[80] 누수/규격검사,364540.0,365400.0,148935.0,244.76,148935.0,1
2025-11-02,A관(1공장),[10] 사출조립,570376.0,601972.0,203946.0,279.67,203946.0,1
2025-11-02,A관(1공장),[20] 분리,124032.0,140878.0,203946.0,60.82,203946.0,1
2025-11-02,A관(1공장),[45] 하이드레이션/전면검사,260644.0,265910.0,122450.0,212.86,122450.0,1
2025-11-02,A관(1공장),[80] 누수/규격검사,166206.0,171418.0,116666.0,142.46,116666.0,1
2025-11-02,C관(2공장),[10] 사출조립,1550466.0,1742608.0,822110.0,188.6,822110.0,1
2025-11-02,C관(2공장),[20] 분리,1714466.0,2017188.0,822110.0,208.54,822110.0,1
2025-11-02,C관(2공장),[45] 하이드레이션/전면검사,1642370.0,1648462.0,720576.0,227.92,720576.0,1
2025-11-02,C관(2공장),[80] 누수/규격검사,1314920.0,1334060.0,675150.0,194.76,675150.0,1
2025-11-02,S관(3공장),[10] 사출조립,325516.0,368174.0,272092.0,119.63,272092.0,1
2025-11-02,S관(3공장),[20] 분리,334594.0,396934.0,272092.0,122.97,272092.0,1
2025-11-02,S관(3공장),[45] 하이드레이션/전면검사,118214.0,118550.0,172780.0,68.42,172780.0,1
2025-11-02,S관(3공장),[80] 누수/규격검사,126520.0,126530.0,148935.0,84.95,148935.0,1
2025-11-03,A관(1공장),[10] 사출조립,610786.0,644970.0,203946.0,299.48,203946.0,1
2025-11-03,A관(1공장),[20] 분리,126968.0,147380.0,203946.0,62.26,203946.0,1
2025-11-03,A관(1공장),[45] 하이드레이션/전면검사,196482.0,196482.0,122450.0,160.46,122450.0,1
2025-11-03,A관(1공장),[80] 누수/규격검사,219612.0,226566.0,116666.0,188.24,116666.0,1
2025-11-03,C관(2공장),[10] 사출조립,1447928.0,1544102.0,822110.0,176.12,822110.0,1
2025-11-03,C관(2공장),[20] 분리,1470480.0,1730238.0,822110.0,178.87,822110.0,1
2025-11-03,C관(2공장),[45] 하이드레이션/전면검사,1354620.0,1358612.0,720576.0,187.99,720576.0,1
2025-11-03,C관(2공장),[80] 누수/규격검사,1590830.0,1611940.0,675150.0,235.63,675150.0,1
2025-11-03,S관(3공장),[10] 사출조립,294450.0,330134.0,272092.0,108.22,272092.0,1
2025-11-03,S관(3공장),[20] 분리,279486.0,347448.0,272092.0,102.72,272092.0,1
2025-11-03,S관(3공장),[45] 하이드레이션/전면검사,237664.0,238726.0,172780.0,137.55,172780.0,1
2025-11-03,S관(3공장),[80] 누수/규격검사,215260.0,215950.0,148935.0,144.53,148935.0,1
2025-11-04,A관(1공장),[10] 사출조립,636276.0,650626.0,203946.0,311.98,203946.0,1
2025-11-04,A관(1공장),[20] 분리,123328.0,147646.0,203946.0,60.47,203946.0,1
2025-11-04,A관(1공장),[45] 하이드레이션/전면검사,206920.0,206920.0,122450.0,168.98,122450.0,1
2025-11-04,A관(1공장),[80] 누수/규격검사,198540.0,204238.0,116666.0,170.18,116666.0,1
2025-11-04,C관(2공장),[10] 사출조립,1302936.0,1467642.0,822110.0,158.49,822110.0,1
2025-11-04,C관(2공장),[20] 분리,1618208.0,1884878.0,822110.0,196.84,822110.0,1
2025-11-04,C관(2공장),[45] 하이드레이션/전면검사,1815966.0,1821472.0,720576.0,252.02,720576.0,1
2025-11-04,C관(2공장),[80] 누수/규격검사,1668790.0,1683370.0,675150.0,247.17,675150.0,1
2025-11-04,S관(3공장),[10] 사출조립,211632.0,228190.0,272092.0,77.78,272092.0,1
2025-11-04,S관(3공장),[20] 분리,238750.0,316686.0,272092.0,87.75,272092.0,1
2025-11-04,S관(3공장),[45] 하이드레이션/전면검사,359196.0,362126.0,172780.0,207.89,172780.0,1
2025-11-04,S관(3공장),[80] 누수/규격검사,280780.0,281320.0,148935.0,188.53,148935.0,1
2025-11-05,A관(1공장),[10] 사출조립,666216.0,701878.0,203946.0,326.66,203946.0,1
2025-11-05,A관(1공장),[20] 분리,145404.0,179876.0,203946.0,71.3,203946.0,1
2025-11-05,A관(1공장),[45] 하이드레이션/전면검사,223570.0,224546.0,122450.0,182.58,122450.0,1
2025-11-05,A관(1공장),[80] 누수/규격검사,216261.0,225900.0,116666.0,185.37,116666.0,1
2025-11-05,C관(2공장),[10] 사출조립,1283833.0,1398890.0,822110.0,156.16,822110.0,1
2025-11-05,C관(2공장),[20] 분리,1622937.0,1880820.0,822110.0,197.41,822110.0,1
2025-11-05,C관(2공장),[45] 하이드레이션/전면검사,1522000.0,1523816.0,720576.0,211.22,720576.0,1
2025-11-05,C관(2공장),[80] 누수/규격검사,1674146.0,1685434.0,675150.0,247.97,675150.0,1
2025-11-05,S관(3공장),[10] 사출조립,475383.0,492580.0,272092.0,174.71,272092.0,1
2025-11-05,S관(3공장),[20] 분리,318360.0,398617.0,272092.0,117.0,272092.0,1
2025-11-05,S관(3공장),[45] 하이드레이션/전면검사,218645.0,221262.0,172780.0,126.55,172780.0,1
2025-11-05,S관(3공장),[80] 누수/규격검사,175350.0,175720.0,148935.0,117.74,148935.0,1
2025-11-06,A관(1공장),[10] 사출조립,565232.0,571228.0,203946.0,277.15,203946.0,1
2025-11-06,A관(1공장),[20] 분리,179958.0,219272.0,203946.0,88.24,203946.0,1
2025-11-06,A관(1공장),[45] 하이드레이션/전면검사,193496.0,194726.0,122450.0,158.02,122450.0,1
2025-11-06,A관(1공장),[80] 누수/규격검사,219444.0,227144.0,116666.0,188.1,116666.0,1
2025-11-06,C관(2공장),[10] 사출조립,1564886.0,1749540.0,822110.0,190.35,822110.0,1
2025-11-06,C관(2공장),[20] 분리,1504550.0,1773934.0,822110.0,183.01,822110.0,1
2025-11-06,C관(2공장),[45] 하이드레이션/전면검사,1534010.0,1535864.0,720576.0,212.89,720576.0,1
2025-11-06,C관(2공장),[80] 누수/규격검사,1423580.0,1432580.0,675150.0,210.85,675150.0,1
2025-11-06,S관(3공장),[10] 사출조립,265060.0,287476.0,272092.0,97.42,272092.0,1
2025-11-06,S관(3공장),[20] 분리,258578.0,328700.0,272092.0,95.03,272092.0,1
2025-11-06,S관(3공장),[45] 하이드레이션/전면검사,263628.0,264584.0,172780.0,152.58,172780.0,1
2025-11-06,S관(3공장),[80] 누수/규격검사,176810.0,178020.0,148935.0,118.72,148935.0,1
2025-11-07,A관(1공장),[10] 사출조립,572564.0,583002.0,203946.0,280.74,203946.0,1
2025-11-07,A관(1공장),[20] 분리,143290.0,178370.0,203946.0,70.26,203946.0,1
2025-11-07,A관(1공장),[45] 하이드레이션/전면검사,229220.0,230198.0,122450.0,187.19,122450.0,1
2025-11-07,A관(1공장),[80] 누수/규격검사,165630.0,170380.0,116666.0,141.97,116666.0,1
2025-11-07,C관(2공장),[10] 사출조립,1608074.0,1787434.0,822110.0,195.6,822110.0,1
2025-11-07,C관(2공장),[20] 분리,1520356.0,1808810.0,822110.0,184.93,822110.0,1
2025-11-07,C관(2공장),[45] 하이드레이션/전면검사,1413470.0,1415004.0,720576.0,196.16,720576.0,1
2025-11-07,C관(2공장),[80] 누수/규격검사,1457920.0,1471460.0,675150.0,215.94,675150.0,1
2025-11-07,S관(3공장),[10] 사출조립,274954.0,286088.0,272092.0,101.05,272092.0,1
2025-11-07,S관(3공장),[20] 분리,259144.0,336078.0,272092.0,95.24,272092.0,1
2025-11-07,S관(3공장),[45] 하이드레이션/전면검사,243760.0,245356.0,172780.0,141.08,172780.0,1
2025-11-07,S관(3공장),[80] 누수/규격검사,203180.0,203760.0,148935.0,136.42,148935.0,1
2025-11-08,A관(1공장),[10] 사출조립,476648.0,486050.0,203946.0,233.71,203946.0,1
2025-11-08,A관(1공장),[20] 분리,148662.0,174760.0,203946.0,72.89,203946.0,1
2025-11-08,A관(1공장),[45] 하이드레이션/전면검사,192174.0,196590.0,122450.0,156.94,122450.0,1
2025-11-08,A관(1공장),[80] 누수/규격검사,209316.0,215794.0,116666.0,179.41,116666.0,1
2025-11-08,C관(2공장),[10] 사출조립,1329018.0,1455104.0,822110.0,161.66,822110.0,1
2025-11-08,C관(2공장),[20] 분리,1578262.0,1853784.0,822110.0,191.98,822110.0,1
2025-11-08,C관(2공장),[45] 하이드레이션/전면검사,1668810.0,1670612.0,720576.0,231.59,720576.0,1
2025-11-08,C관(2공장),[80] 누수/규격검사,1534970.0,1547620.0,675150.0,227.35,675150.0,1
2025-11-08,S관(3공장),[10] 사출조립,377002.0,385002.0,272092.0,138.56,272092.0,1
2025-11-08,S관(3공장),[20] 분리,255640.0,318788.0,272092.0,93.95,272092.0,1
2025-11-08,S관(3공장),[45] 하이드레이션/전면검사,163446.0,164704.0,172780.0,94.6,172780.0,1
2025-11-08,S관(3공장),[80] 누수/규격검사,207250.0,207880.0,148935.0,139.15,148935.0,1
2025-11-09,A관(1공장),[10] 사출조립,600182.0,617656.0,203946.0,294.28,203946.0,1
2025-11-09,A관(1공장),[20] 분리,151006.0,171320.0,203946.0,74.04,203946.0,1
2025-11-09,A관(1공장),[45] 하이드레이션/전면검사,241464.0,244438.0,122450.0,197.19,122450.0,1
2025-11-09,A관(1공장),[80] 누수/규격검사,183002.0,187080.0,116666.0,156.86,116666.0,1
2025-11-09,C관(2공장),[10] 사출조립,1426810.0,1569958.0,822110.0,173.55,822110.0,1
2025-11-09,C관(2공장),[20] 분리,1734040.0,2040652.0,822110.0,210.93,822110.0,1
2025-11-09,C관(2공장),[45] 하이드레이션/전면검사,1405980.0,1407610.0,720576.0,195.12,720576.0,1
2025-11-09,C관(2공장),[80] 누수/규격검사,1475800.0,1489090.0,675150.0,218.59,675150.0,1
2025-11-09,S관(3공장),[10] 사출조립,249220.0,260610.0,272092.0,91.59,272092.0,1
2025-11-09,S관(3공장),[20] 분리,136706.0,178046.0,272092.0,50.24,272092.0,1
2025-11-09,S관(3공장),[45] 하이드레이션/전면검사,226828.0,229202.0,172780.0,131.28,172780.0,1
2025-11-09,S관(3공장),[80] 누수/규격검사,206710.0,207200.0,148935.0,138.79,148935.0,1
2025-11-10,A관(1공장),[10] 사출조립,578326.0,592908.0,203946.0,283.57,203946.0,1
2025-11-10,A관(1공장),[20] 분리,175462.0,202652.0,203946.0,86.03,203946.0,1
2025-11-10,A관(1공장),[45] 하이드레이션/전면검사,167520.0,169346.0,122450.0,136.81,122450.0,1
2025-11-10,A관(1공장),[80] 누수/규격검사,172276.0,175416.0,116666.0,147.67,116666.0,1
2025-11-10,C관(2공장),[10] 사출조립,1443212.0,1631158.0,822110.0,175.55,822110.0,1
2025-11-10,C관(2공장),[20] 분리,1652170.0,1948522.0,822110.0,200.97,822110.0,1
2025-11-10,C관(2공장),[45] 하이드레이션/전면검사,1514610.0,1524236.0,720576.0,210.19,720576.0,1
2025-11-10,C관(2공장),[80] 누수/규격검사,1467560.0,1475510.0,675150.0,217.37,675150.0,1
2025-11-10,S관(3공장),[10] 사출조립,461236.0,491976.0,272092.0,169.51,272092.0,1
2025-11-10,S관(3공장),[20] 분리,212316.0,254998.0,272092.0,78.03,272092.0,1
2025-11-10,S관(3공장),[45] 하이드레이션/전면검사,292542.0,298792.0,172780.0,169.31,172780.0,1
2025-11-10,S관(3공장),[80] 누수/규격검사,183490.0,184660.0,148935.0,123.2,148935.0,1
2025-11-11,A관(1공장),[10] 사출조립,618080.0,633580.0,203946.0,303.06,203946.0,1
2025-11-11,A관(1공장),[20] 분리,146204.0,178946.0,203946.0,71.69,203946.0,1
2025-11-11,A관(1공장),[45] 하이드레이션/전면검사,206826.0,206826.0,122450.0,168.91,122450.0,1
2025-11-11,A관(1공장),[80] 누수/규격검사,207448.0,212124.0,116666.0,177.81,116666.0,1
2025-11-11,C관(2공장),[10] 사출조립,1445840.0,1594598.0,822110.0,175.87,822110.0,1
2025-11-11,C관(2공장),[20] 분리,1746620.0,2022598.0,822110.0,212.46,822110.0,1
2025-11-11,C관(2공장),[45] 하이드레이션/전면검사,1386880.0,1392188.0,720576.0,192.47,720576.0,1
2025-11-11,C관(2공장),[80] 누수/규격검사,1448980.0,1456800.0,675150.0,214.62,675150.0,1
2025-11-11,S관(3공장),[10] 사출조립,145536.0,153828.0,272092.0,53.49,272092.0,1
2025-11-11,S관(3공장),[20] 분리,324680.0,392550.0,272092.0,119.33,272092.0,1
2025-11-11,S관(3공장),[45] 하이드레이션/전면검사,319596.0,321908.0,172780.0,184.97,172780.0,1
2025-11-11,S관(3공장),[80] 누수/규격검사,195830.0,196540.0,148935.0,131.49,148935.0,1
2025-11-12,A관(1공장),[10] 사출조립,665936.0,683252.0,203946.0,326.53,203946.0,1
2025-11-12,A관(1공장),[20] 분리,141354.0,174434.0,203946.0,69.31,203946.0,1
2025-11-12,A관(1공장),[45] 하이드레이션/전면검사,89210.0,89210.0,122450.0,72.85,122450.0,1
2025-11-12,A관(1공장),[80] 누수/규격검사,161248.0,170222.0,116666.0,138.21,116666.0,1
2025-11-12,C관(2공장),[10] 사출조립,1875676.0,2089934.0,822110.0,228.15,822110.0,1
2025-11-12,C관(2공장),[20] 분리,1734746.0,2028190.0,822110.0,211.01,822110.0,1
2025-11-12,C관(2공장),[45] 하이드레이션/전면검사,1591430.0,1596974.0,720576.0,220.86,720576.0,1
2025-11-12,C관(2공장),[80] 누수/규격검사,1596150.0,1604980.0,675150.0,236.41,675150.0,1
2025-11-12,S관(3공장),[10] 사출조립,515340.0,529824.0,272092.0,189.4,272092.0,1
2025-11-12,S관(3공장),[20] 분리,250050.0,308076.0,272092.0,91.9,272092.0,1
2025-11-12,S관(3공장),[45] 하이드레이션/전면검사,268080.0,276434.0,172780.0,155.16,172780.0,1
2025-11-12,S관(3공장),[80] 누수/규격검사,192750.0,193270.0,148935.0,129.42,148935.0,1
2025-11-13,A관(1공장),[10] 사출조립,695254.0,707820.0,203946.0,340.9,203946.0,1
2025-11-13,A관(1공장),[20] 분리,111390.0,135808.0,203946.0,54.62,203946.0,1
2025-11-13,A관(1공장),[45] 하이드레이션/전면검사,95494.0,95494.0,122450.0,77.99,122450.0,1
2025-11-13,A관(1공장),[80] 누수/규격검사,149326.0,152920.0,116666.0,127.99,116666.0,1
2025-11-13,C관(2공장),[10] 사출조립,1559176.0,1746164.0,822110.0,189.66,822110.0,1
2025-11-13,C관(2공장),[20] 분리,1736640.0,2052002.0,822110.0,211.24,822110.0,1
2025-11-13,C관(2공장),[45] 하이드레이션/전면검사,1903538.0,1905856.0,720576.0,264.17,720576.0,1
2025-11-13,C관(2공장),[80] 누수/규격검사,1450790.0,1458190.0,675150.0,214.88,675150.0,1
2025-11-13,S관(3공장),[10] 사출조립,345766.0,394738.0,272092.0,127.08,272092.0,1
2025-11-13,S관(3공장),[20] 분리,335218.0,427714.0,272092.0,123.2,272092.0,1
2025-11-13,S관(3공장),[45] 하이드레이션/전면검사,219646.0,220502.0,172780.0,127.12,172780.0,1
2025-11-13,S관(3공장),[80] 누수/규격검사,186360.0,186920.0,148935.0,125.13,148935.0,1
2025-11-14,A관(1공장),[10] 사출조립,593078.0,602872.0,203946.0,290.8,203946.0,1
2025-11-14,A관(1공장),[20] 분리,129352.0,152740.0,203946.0,63.42,203946.0,1
2025-11-14,A관(1공장),[45] 하이드레이션/전면검사,115398.0,115398.0,122450.0,94.24,122450.0,1
2025-11-14,A관(1공장),[80] 누수/규격검사,95580.0,97456.0,116666.0,81.93,116666.0,1
2025-11-14,C관(2공장),[10] 사출조립,1510968.0,1686374.0,822110.0,183.79,822110.0,1
2025-11-14,C관(2공장),[20] 분리,1718724.0,2054804.0,822110.0,209.06,822110.0,1
2025-11-14,C관(2공장),[45] 하이드레이션/전면검사,1463250.0,1464836.0,720576.0,203.07,720576.0,1
2025-11-14,C관(2공장),[80] 누수/규격검사,1587930.0,1599160.0,675150.0,235.2,675150.0,1
2025-11-14,S관(3공장),[10] 사출조립,406818.0,419748.0,272092.0,149.51,272092.0,1
2025-11-14,S관(3공장),[20] 분리,310186.0,413158.0,272092.0,114.0,272092.0,1
2025-11-14,S관(3공장),[45] 하이드레이션/전면검사,251020.0,255660.0,172780.0,145.28,172780.0,1
2025-11-14,S관(3공장),[80] 누수/규격검사,205300.0,206030.0,148935.0,137.85,148935.0,1
2025-11-15,A관(1공장),[10] 사출조립,718022.0,738664.0,203946.0,352.06,203946.0,1
2025-11-15,A관(1공장),[20] 분리,127688.0,150378.0,203946.0,62.61,203946.0,1
2025-11-15,A관(1공장),[45] 하이드레이션/전면검사,96918.0,96918.0,122450.0,79.15,122450.0,1
2025-11-15,A관(1공장),[80] 누수/규격검사,109556.0,111044.0,116666.0,93.91,116666.0,1
2025-11-15,C관(2공장),[10] 사출조립,1945728.0,2124018.0,822110.0,236.67,822110.0,1
2025-11-15,C관(2공장),[20] 분리,1723206.0,2073822.0,822110.0,209.61,822110.0,1
2025-11-15,C관(2공장),[45] 하이드레이션/전면검사,1748610.0,1754116.0,720576.0,242.67,720576.0,1
2025-11-15,C관(2공장),[80] 누수/규격검사,1481850.0,1491950.0,675150.0,219.48,675150.0,1
2025-11-15,S관(3공장),[10] 사출조립,360896.0,369206.0,272092.0,132.64,272092.0,1
2025-11-15,S관(3공장),[20] 분리,209452.0,262904.0,272092.0,76.98,272092.0,1
2025-11-15,S관(3공장),[45] 하이드레이션/전면검사,222698.0,224414.0,172780.0,128.89,172780.0,1
2025-11-15,S관(3공장),[80] 누수/규격검사,244380.0,245450.0,148935.0,164.09,148935.0,1
2025-11-16,A관(1공장),[10] 사출조립,550902.0,576600.0,203946.0,270.12,203946.0,1
2025-11-16,A관(1공장),[20] 분리,108578.0,132302.0,203946.0,53.24,203946.0,1
2025-11-16,A관(1공장),[45] 하이드레이션/전면검사,35130.0,36832.0,122450.0,28.69,122450.0,1
2025-11-16,A관(1공장),[80] 누수/규격검사,86676.0,90590.0,116666.0,74.29,116666.0,1
2025-11-16,C관(2공장),[10] 사출조립,1908628.0,2086770.0,822110.0,232.16,822110.0,1
2025-11-16,C관(2공장),[20] 분리,1654280.0,2004998.0,822110.0,201.22,822110.0,1
2025-11-16,C관(2공장),[45] 하이드레이션/전면검사,1814210.0,1820838.0,720576.0,251.77,720576.0,1
2025-11-16,C관(2공장),[80] 누수/규격검사,2027120.0,2046230.0,675150.0,300.25,675150.0,1
2025-11-16,S관(3공장),[10] 사출조립,287922.0,300748.0,272092.0,105.82,272092.0,1
2025-11-16,S관(3공장),[20] 분리,192006.0,240322.0,272092.0,70.57,272092.0,1
2025-11-16,S관(3공장),[45] 하이드레이션/전면검사,242284.0,243740.0,172780.0,140.23,172780.0,1
2025-11-16,S관(3공장),[80] 누수/규격검사,255010.0,256170.0,148935.0,171.22,148935.0,1
2025-11-17,A관(1공장),[10] 사출조립,599244.0,614920.0,203946.0,293.82,203946.0,1
2025-11-17,A관(1공장),[20] 분리,91664.0,105500.0,203946.0,44.95,203946.0,1
2025-11-17,A관(1공장),[45] 하이드레이션/전면검사,128478.0,128478.0,122450.0,104.92,122450.0,1
2025-11-17,A관(1공장),[80] 누수/규격검사,110344.0,113324.0,116666.0,94.58,116666.0,1
2025-11-17,C관(2공장),[10] 사출조립,1937358.0,2113586.0,822110.0,235.66,822110.0,1
2025-11-17,C관(2공장),[20] 분리,1605288.0,1926050.0,822110.0,195.26,822110.0,1
2025-11-17,C관(2공장),[45] 하이드레이션/전면검사,1818710.0,1820680.0,720576.0,252.4,720576.0,1
2025-11-17,C관(2공장),[80] 누수/규격검사,1843660.0,1857970.0,675150.0,273.07,675150.0,1
2025-11-17,S관(3공장),[10] 사출조립,449210.0,494256.0,272092.0,165.09,272092.0,1
2025-11-17,S관(3공장),[20] 분리,313818.0,385618.0,272092.0,115.34,272092.0,1
2025-11-17,S관(3공장),[45] 하이드레이션/전면검사,320776.0,322444.0,172780.0,185.66,172780.0,1
2025-11-17,S관(3공장),[80] 누수/규격검사,306460.0,307470.0,148935.0,205.77,148935.0,1
2025-11-18,A관(1공장),[10] 사출조립,547042.0,577746.0,203946.0,268.23,203946.0,1
2025-11-18,A관(1공장),[20] 분리,103694.0,123786.0,203946.0,50.84,203946.0,1
2025-11-18,A관(1공장),[45] 하이드레이션/전면검사,130568.0,130568.0,122450.0,106.63,122450.0,1
2025-11-18,A관(1공장),[80] 누수/규격검사,120744.0,126830.0,116666.0,103.5,116666.0,1
2025-11-18,C관(2공장),[10] 사출조립,1568236.0,1739090.0,822110.0,190.76,822110.0,1
2025-11-18,C관(2공장),[20] 분리,1631370.0,1951052.0,822110.0,198.44,822110.0,1
2025-11-18,C관(2공장),[45] 하이드레이션/전면검사,1738610.0,1740874.0,720576.0,241.28,720576.0,1
2025-11-18,C관(2공장),[80] 누수/규격검사,1711420.0,1719190.0,675150.0,253.49,675150.0,1
2025-11-18,S관(3공장),[10] 사출조립,517704.0,546394.0,272092.0,190.27,272092.0,1
2025-11-18,S관(3공장),[20] 분리,349808.0,448590.0,272092.0,128.56,272092.0,1
2025-11-18,S관(3공장),[45] 하이드레이션/전면검사,255782.0,257748.0,172780.0,148.04,172780.0,1
2025-11-18,S관(3공장),[80] 누수/규격검사,183770.0,184370.0,148935.0,123.39,148935.0,1
2025-11-19,A관(1공장),[10] 사출조립,639248.0,655772.0,203946.0,313.44,203946.0,1
2025-11-19,A관(1공장),[20] 분리,97052.0,113708.0,203946.0,47.59,203946.0,1
2025-11-19,A관(1공장),[45] 하이드레이션/전면검사,116586.0,116586.0,122450.0,95.21,122450.0,1
2025-11-19,A관(1공장),[80] 누수/규격검사,85034.0,86628.0,116666.0,72.89,116666.0,1
2025-11-19,C관(2공장),[10] 사출조립,1873708.0,2056778.0,822110.0,227.91,822110.0,1
2025-11-19,C관(2공장),[20] 분리,1591906.0,1912072.0,822110.0,193.64,822110.0,1
2025-11-19,C관(2공장),[45] 하이드레이션/전면검사,1577050.0,1584088.0,720576.0,218.86,720576.0,1
2025-11-19,C관(2공장),[80] 누수/규격검사,1524380.0,1538870.0,675150.0,225.78,675150.0,1
2025-11-19,S관(3공장),[10] 사출조립,308302.0,316428.0,272092.0,113.31,272092.0,1
2025-11-19,S관(3공장),[20] 분리,326520.0,406196.0,272092.0,120.0,272092.0,1
2025-11-19,S관(3공장),[45] 하이드레이션/전면검사,207122.0,208340.0,172780.0,119.88,172780.0,1
2025-11-19,S관(3공장),[80] 누수/규격검사,182680.0,183170.0,148935.0,122.66,148935.0,1
2025-11-20,A관(1공장),[10] 사출조립,515856.0,523898.0,203946.0,252.94,203946.0,1
2025-11-20,A관(1공장),[20] 분리,70822.0,85646.0,203946.0,34.73,203946.0,1
2025-11-20,A관(1공장),[45] 하이드레이션/전면검사,192832.0,194132.0,122450.0,157.48,122450.0,1
2025-11-20,A관(1공장),[80] 누수/규격검사,110274.0,116082.0,116666.0,94.52,116666.0,1
2025-11-20,C관(2공장),[10] 사출조립,1957510.0,2178502.0,822110.0,238.11,822110.0,1
2025-11-20,C관(2공장),[20] 분리,1667144.0,2001592.0,822110.0,202.79,822110.0,1
2025-11-20,C관(2공장),[45] 하이드레이션/전면검사,2002422.0,2009784.0,720576.0,277.89,720576.0,1
2025-11-20,C관(2공장),[80] 누수/규격검사,1863400.0,1892000.0,675150.0,276.0,675150.0,1
2025-11-20,S관(3공장),[10] 사출조립,283356.0,293472.0,272092.0,104.14,272092.0,1
2025-11-20,S관(3공장),[20] 분리,389430.0,482092.0,272092.0,143.12,272092.0,1
2025-11-20,S관(3공장),[45] 하이드레이션/전면검사,89412.0,90626.0,172780.0,51.75,172780.0,1
2025-11-20,S관(3공장),[80] 누수/규격검사,334960.0,336730.0,148935.0,224.9,148935.0,1
2025-11-21,A관(1공장),[10] 사출조립,519704.0,535470.0,203946.0,254.82,203946.0,1
2025-11-21,A관(1공장),[20] 분리,85920.0,100060.0,203946.0,42.13,203946.0,1
2025-11-21,A관(1공장),[45] 하이드레이션/전면검사,106546.0,106546.0,122450.0,87.01,122450.0,1
2025-11-21,A관(1공장),[80] 누수/규격검사,105898.0,112300.0,116666.0,90.77,116666.0,1
2025-11-21,C관(2공장),[10] 사출조립,1815184.0,1970520.0,822110.0,220.8,822110.0,1
2025-11-21,C관(2공장),[20] 분리,1748288.0,2079918.0,822110.0,212.66,822110.0,1
2025-11-21,C관(2공장),[45] 하이드레이션/전면검사,1903848.0,1908470.0,720576.0,264.21,720576.0,1
2025-11-21,C관(2공장),[80] 누수/규격검사,1608980.0,1628520.0,675150.0,238.31,675150.0,1
2025-11-21,S관(3공장),[10] 사출조립,289484.0,307006.0,272092.0,106.39,272092.0,1
2025-11-21,S관(3공장),[20] 분리,322202.0,424496.0,272092.0,118.42,272092.0,1
2025-11-21,S관(3공장),[45] 하이드레이션/전면검사,155196.0,156500.0,172780.0,89.82,172780.0,1
2025-11-21,S관(3공장),[80] 누수/규격검사,452480.0,453540.0,148935.0,303.81,148935.0,1
2025-11-22,A관(1공장),[10] 사출조립,578928.0,600636.0,203946.0,283.86,203946.0,1
2025-11-22,A관(1공장),[20] 분리,113626.0,131468.0,203946.0,55.71,203946.0,1
2025-11-22,A관(1공장),[45] 하이드레이션/전면검사,90192.0,90192.0,122450.0,73.66,122450.0,1
2025-11-22,A관(1공장),[80] 누수/규격검사,85450.0,88364.0,116666.0,73.24,116666.0,1
2025-11-22,C관(2공장),[10] 사출조립,1867346.0,2000128.0,822110.0,227.14,822110.0,1
2025-11-22,C관(2공장),[20] 분리,1695166.0,2060718.0,822110.0,206.2,822110.0,1
2025-11-22,C관(2공장),[45] 하이드레이션/전면검사,1830528.0,1836160.0,720576.0,254.04,720576.0,1
2025-11-22,C관(2공장),[80] 누수/규격검사,1664940.0,1681960.0,675150.0,246.6,675150.0,1
2025-11-22,S관(3공장),[10] 사출조립,291508.0,295682.0,272092.0,107.14,272092.0,1
2025-11-22,S관(3공장),[20] 분리,290598.0,359500.0,272092.0,106.8,272092.0,1
2025-11-22,S관(3공장),[45] 하이드레이션/전면검사,233136.0,235078.0,172780.0,134.93,172780.0,1
2025-11-22,S관(3공장),[80] 누수/규격검사,321540.0,323210.0,148935.0,215.89,148935.0,1
2025-11-23,A관(1공장),[10] 사출조립,573924.0,591788.0,203946.0,281.41,203946.0,1
2025-11-23,A관(1공장),[20] 분리,122010.0,147944.0,203946.0,59.82,203946.0,1
2025-11-23,A관(1공장),[45] 하이드레이션/전면검사,18252.0,19746.0,122450.0,14.91,122450.0,1
2025-11-23,A관(1공장),[80] 누수/규격검사,105200.0,114856.0,116666.0,90.17,116666.0,1
2025-11-23,C관(2공장),[10] 사출조립,1966292.0,2122566.0,822110.0,239.18,822110.0,1
2025-11-23,C관(2공장),[20] 분리,1833002.0,2191854.0,822110.0,222.96,822110.0,1
2025-11-23,C관(2공장),[45] 하이드레이션/전면검사,2027900.0,2035380.0,720576.0,281.43,720576.0,1
2025-11-23,C관(2공장),[80] 누수/규격검사,1715080.0,1726230.0,675150.0,254.03,675150.0,1
2025-11-23,S관(3공장),[10] 사출조립,274320.0,299104.0,272092.0,100.82,272092.0,1
2025-11-23,S관(3공장),[20] 분리,254844.0,323896.0,272092.0,93.66,272092.0,1
2025-11-23,S관(3공장),[45] 하이드레이션/전면검사,98026.0,99304.0,172780.0,56.73,172780.0,1
2025-11-23,S관(3공장),[80] 누수/규격검사,421860.0,423690.0,148935.0,283.25,148935.0,1
2025-11-24,A관(1공장),[10] 사출조립,311644.0,331142.0,203946.0,152.81,203946.0,1
2025-11-24,A관(1공장),[20] 분리,132668.0,153756.0,203946.0,65.05,203946.0,1
2025-11-24,A관(1공장),[45] 하이드레이션/전면검사,168618.0,168618.0,122450.0,137.7,122450.0,1
2025-11-24,A관(1공장),[80] 누수/규격검사,119064.0,128672.0,116666.0,102.06,116666.0,1
2025-11-24,C관(2공장),[10] 사출조립,1982194.0,2166832.0,822110.0,241.11,822110.0,1
2025-11-24,C관(2공장),[20] 분리,1723154.0,2053098.0,822110.0,209.6,822110.0,1
2025-11-24,C관(2공장),[45] 하이드레이션/전면검사,1944300.0,1947164.0,720576.0,269.83,720576.0,1
2025-11-24,C관(2공장),[80] 누수/규격검사,1732490.0,1746570.0,675150.0,256.61,675150.0,1
2025-11-24,S관(3공장),[10] 사출조립,420774.0,425084.0,272092.0,154.64,272092.0,1
2025-11-24,S관(3공장),[20] 분리,425240.0,549390.0,272092.0,156.29,272092.0,1
2025-11-24,S관(3공장),[45] 하이드레이션/전면검사,155504.0,158424.0,172780.0,90.0,172780.0,1
2025-11-24,S관(3공장),[80] 누수/규격검사,293240.0,294800.0,148935.0,196.89,148935.0,1
2025-11-25,A관(1공장),[10] 사출조립,268402.0,284602.0,203946.0,131.6,203946.0,1
2025-11-25,A관(1공장),[20] 분리,131342.0,153606.0,203946.0,64.4,203946.0,1
2025-11-25,A관(1공장),[45] 하이드레이션/전면검사,106736.0,106736.0,122450.0,87.17,122450.0,1
2025-11-25,A관(1공장),[80] 누수/규격검사,86936.0,90626.0,116666.0,74.52,116666.0,1
2025-11-25,C관(2공장),[10] 사출조립,1701526.0,1906340.0,822110.0,206.97,822110.0,1
2025-11-25,C관(2공장),[20] 분리,1648274.0,1997520.0,822110.0,200.49,822110.0,1
2025-11-25,C관(2공장),[45] 하이드레이션/전면검사,1830690.0,1842474.0,720576.0,254.06,720576.0,1
2025-11-25,C관(2공장),[80] 누수/규격검사,1637960.0,1648810.0,675150.0,242.61,675150.0,1
2025-11-25,S관(3공장),[10] 사출조립,277214.0,293756.0,272092.0,101.88,272092.0,1
2025-11-25,S관(3공장),[20] 분리,374578.0,485916.0,272092.0,137.67,272092.0,1
2025-11-25,S관(3공장),[45] 하이드레이션/전면검사,128514.0,128870.0,172780.0,74.38,172780.0,1
2025-11-25,S관(3공장),[80] 누수/규격검사,437240.0,438400.0,148935.0,293.58,148935.0,1
2025-11-26,A관(1공장),[10] 사출조립,202890.0,220290.0,203946.0,99.48,203946.0,1
2025-11-26,A관(1공장),[20] 분리,91016.0,103064.0,203946.0,44.63,203946.0,1
2025-11-26,A관(1공장),[45] 하이드레이션/전면검사,87142.0,87142.0,122450.0,71.17,122450.0,1
2025-11-26,A관(1공장),[80] 누수/규격검사,87208.0,90964.0,116666.0,74.75,116666.0,1
2025-11-26,C관(2공장),[10] 사출조립,1855080.0,2023748.0,822110.0,225.65,822110.0,1
2025-11-26,C관(2공장),[20] 분리,1695556.0,2086556.0,822110.0,206.24,822110.0,1
2025-11-26,C관(2공장),[45] 하이드레이션/전면검사,1917904.0,1924208.0,720576.0,266.16,720576.0,1
2025-11-26,C관(2공장),[80] 누수/규격검사,1627470.0,1650180.0,675150.0,241.05,675150.0,1
2025-11-26,S관(3공장),[10] 사출조립,242020.0,248500.0,272092.0,88.95,272092.0,1
2025-11-26,S관(3공장),[20] 분리,338678.0,445592.0,272092.0,124.47,272092.0,1
2025-11-26,S관(3공장),[45] 하이드레이션/전면검사,136504.0,137234.0,172780.0,79.0,172780.0,1
2025-11-26,S관(3공장),[80] 누수/규격검사,410340.0,411150.0,148935.0,275.52,148935.0,1
2025-11-27,A관(1공장),[10] 사출조립,467896.0,475604.0,203946.0,229.42,203946.0,1
2025-11-27,A관(1공장),[20] 분리,102808.0,118822.0,203946.0,50.41,203946.0,1
2025-11-27,A관(1공장),[45] 하이드레이션/전면검사,194162.0,197704.0,122450.0,158.56,122450.0,1
2025-11-27,A관(1공장),[80] 누수/규격검사,89510.0,91540.0,116666.0,76.72,116666.0,1
2025-11-27,C관(2공장),[10] 사출조립,1984530.0,2119602.0,822110.0,241.39,822110.0,1
2025-11-27,C관(2공장),[20] 분리,1690166.0,2136194.0,822110.0,205.59,822110.0,1
2025-11-27,C관(2공장),[45] 하이드레이션/전면검사,1844514.0,1846768.0,720576.0,255.98,720576.0,1
2025-11-27,C관(2공장),[80] 누수/규격검사,1816560.0,1839070.0,675150.0,269.06,675150.0,1
2025-11-27,S관(3공장),[10] 사출조립,308018.0,325616.0,272092.0,113.2,272092.0,1
2025-11-27,S관(3공장),[20] 분리,317190.0,420486.0,272092.0,116.57,272092.0,1
2025-11-27,S관(3공장),[45] 하이드레이션/전면검사,106882.0,107384.0,172780.0,61.86,172780.0,1
2025-11-27,S관(3공장),[80] 누수/규격검사,360230.0,361230.0,148935.0,241.87,148935.0,1
2025-11-28,A관(1공장),[10] 사출조립,545084.0,588864.0,203946.0,267.27,203946.0,1
2025-11-28,A관(1공장),[20] 분리,111824.0,132186.0,203946.0,54.83,203946.0,1
2025-11-28,A관(1공장),[45] 하이드레이션/전면검사,190326.0,190326.0,122450.0,155.43,122450.0,1
2025-11-28,A관(1공장),[80] 누수/규격검사,103748.0,104962.0,116666.0,88.93,116666.0,1
2025-11-28,C관(2공장),[10] 사출조립,1851292.0,2046280.0,822110.0,225.19,822110.0,1
2025-11-28,C관(2공장),[20] 분리,1809688.0,2239592.0,822110.0,220.13,822110.0,1
2025-11-28,C관(2공장),[45] 하이드레이션/전면검사,1793816.0,1798336.0,720576.0,248.94,720576.0,1
2025-11-28,C관(2공장),[80] 누수/규격검사,1554550.0,1576050.0,675150.0,230.25,675150.0,1
2025-11-28,S관(3공장),[10] 사출조립,192782.0,201198.0,272092.0,70.85,272092.0,1
2025-11-28,S관(3공장),[20] 분리,396018.0,517644.0,272092.0,145.55,272092.0,1
2025-11-28,S관(3공장),[45] 하이드레이션/전면검사,41738.0,41810.0,172780.0,24.16,172780.0,1
2025-11-28,S관(3공장),[80] 누수/규격검사,416090.0,422380.0,148935.0,279.38,148935.0,1
2025-11-29,A관(1공장),[10] 사출조립,339052.0,356180.0,203946.0,166.25,203946.0,1
2025-11-29,A관(1공장),[20] 분리,105314.0,124738.0,203946.0,51.64,203946.0,1
2025-11-29,A관(1공장),[45] 하이드레이션/전면검사,101164.0,101538.0,122450.0,82.62,122450.0,1
2025-11-29,A관(1공장),[80] 누수/규격검사,93762.0,95640.0,116666.0,80.37,116666.0,1
2025-11-29,C관(2공장),[10] 사출조립,1676678.0,1850878.0,822110.0,203.95,822110.0,1
2025-11-29,C관(2공장),[20] 분리,1812058.0,2206436.0,822110.0,220.42,822110.0,1
2025-11-29,C관(2공장),[45] 하이드레이션/전면검사,2357466.0,2369852.0,720576.0,327.16,720576.0,1
2025-11-29,C관(2공장),[80] 누수/규격검사,1901360.0,1928810.0,675150.0,281.62,675150.0,1
2025-11-29,S관(3공장),[10] 사출조립,92718.0,109570.0,272092.0,34.08,272092.0,1
2025-11-29,S관(3공장),[20] 분리,122488.0,160084.0,272092.0,45.02,272092.0,1
2025-11-29,S관(3공장),[45] 하이드레이션/전면검사,12916.0,12958.0,172780.0,7.48,172780.0,1
2025-11-29,S관(3공장),[80] 누수/규격검사,448910.0,451020.0,148935.0,301.41,148935.0,1
2025-11-30,A관(1공장),[10] 사출조립,297134.0,309078.0,203946.0,145.69,203946.0,1
2025-11-30,A관(1공장),[20] 분리,98246.0,115296.0,203946.0,48.17,203946.0,1
2025-11-30,A관(1공장),[45] 하이드레이션/전면검사,21002.0,21002.0,122450.0,17.15,122450.0,1
2025-11-30,A관(1공장),[80] 누수/규격검사,96354.0,98330.0,116666.0,82.59,116666.0,1
2025-11-30,C관(2공장),[10] 사출조립,1732698.0,1879860.0,822110.0,210.76,822110.0,1
2025-11-30,C관(2공장),[20] 분리,1885862.0,2297974.0,822110.0,229.39,822110.0,1
2025-11-30,C관(2공장),[45] 하이드레이션/전면검사,2089214.0,2096566.0,720576.0,289.94,720576.0,1
2025-11-30,C관(2공장),[80] 누수/규격검사,1583130.0,1600760.0,675150.0,234.49,675150.0,1
2025-11-30,S관(3공장),[10] 사출조립,34648.0,47200.0,272092.0,12.73,272092.0,1
2025-11-30,S관(3공장),[20] 분리,173054.0,218374.0,272092.0,63.6,272092.0,1
2025-11-30,S관(3공장),[45] 하이드레이션/전면검사,5448.0,5608.0,172780.0,3.15,172780.0,1
2025-11-30,S관(3공장),[80] 누수/규격검사,288370.0,290270.0,148935.0,193.62,148935.0,1
2025-12-01,A관(1공장),[10] 사출조립,273498.0,285276.0,197367.0,138.57,197367.0,1
2025-12-01,A관(1공장),[20] 분리,73738.0,92984.0,197367.0,37.36,197367.0,1
2025-12-01,A관(1공장),[45] 하이드레이션/전면검사,120888.0,120888.0,118500.0,102.02,118500.0,1
2025-12-01,A관(1공장),[80] 누수/규격검사,122464.0,124152.0,112903.0,108.47,112903.0,1
2025-12-01,C관(2공장),[10] 사출조립,1846704.0,1998278.0,811675.0,227.52,811675.0,1
2025-12-01,C관(2공장),[20] 분리,1842507.0,2255078.0,811675.0,227.0,811675.0,1
2025-12-01,C관(2공장),[45] 하이드레이션/전면검사,2072458.0,2081664.0,711430.0,291.31,711430.0,1
2025-12-01,C관(2공장),[80] 누수/규격검사,1531420.0,1549740.0,666581.0,229.74,666581.0,1
2025-12-01,S관(3공장),[10] 사출조립,242866.0,256870.0,263315.0,92.23,263315.0,1
2025-12-01,S관(3공장),[20] 분리,182388.0,253544.0,263315.0,69.27,263315.0,1
2025-12-01,S관(3공장),[45] 하이드레이션/전면검사,105362.0,106216.0,167207.0,63.01,167207.0,1
2025-12-01,S관(3공장),[80] 누수/규격검사,397410.0,402680.0,144130.0,275.73,144130.0,1
2025-12-02,A관(1공장),[10] 사출조립,247324.0,254522.0,197367.0,125.31,197367.0,1
2025-12-02,A관(1공장),[20] 분리,98350.0,117746.0,197367.0,49.83,197367.0,1
2025-12-02,A관(1공장),[45] 하이드레이션/전면검사,152052.0,152052.0,118500.0,128.31,118500.0,1
2025-12-02,A관(1공장),[80] 누수/규격검사,125222.0,128934.0,112903.0,110.91,112903.0,1
2025-12-02,C관(2공장),[10] 사출조립,2116908.0,2329608.0,811675.0,260.81,811675.0,1
2025-12-02,C관(2공장),[20] 분리,1951585.0,2378843.0,811675.0,240.44,811675.0,1
2025-12-02,C관(2공장),[45] 하이드레이션/전면검사,2068788.0,2072044.0,711430.0,290.79,711430.0,1
2025-12-02,C관(2공장),[80] 누수/규격검사,1657980.0,1672590.0,666581.0,248.73,666581.0,1
2025-12-02,S관(3공장),[10] 사출조립,383548.0,444338.0,263315.0,145.66,263315.0,1
2025-12-02,S관(3공장),[20] 분리,207390.0,274080.0,263315.0,78.76,263315.0,1
2025-12-02,S관(3공장),[45] 하이드레이션/전면검사,97244.0,99036.0,167207.0,58.16,167207.0,1
2025-12-02,S관(3공장),[80] 누수/규격검사,538430.0,545464.0,144130.0,373.57,144130.0,1
2025-12-03,A관(1공장),[10] 사출조립,280052.0,285462.0,197367.0,141.89,197367.0,1
2025-12-03,A관(1공장),[20] 분리,109904.0,130864.0,197367.0,55.69,197367.0,1
2025-12-03,A관(1공장),[45] 하이드레이션/전면검사,108020.0,108020.0,118500.0,91.16,118500.0,1
2025-12-03,A관(1공장),[80] 누수/규격검사,97836.0,98990.0,112903.0,86.65,112903.0,1
2025-12-03,C관(2공장),[10] 사출조립,2052634.0,2291142.0,811675.0,252.89,811675.0,1
2025-12-03,C관(2공장),[20] 분리,1894540.0,2314236.0,811675.0,233.41,811675.0,1
2025-12-03,C관(2공장),[45] 하이드레이션/전면검사,1905816.0,1912610.0,711430.0,267.89,711430.0,1
2025-12-03,C관(2공장),[80] 누수/규격검사,1555810.0,1572665.0,666581.0,233.4,666581.0,1
2025-12-03,S관(3공장),[10] 사출조립,355418.0,387118.0,263315.0,134.98,263315.0,1
2025-12-03,S관(3공장),[20] 분리,258078.0,343024.0,263315.0,98.01,263315.0,1
2025-12-03,S관(3공장),[45] 하이드레이션/전면검사,128872.0,129970.0,167207.0,77.07,167207.0,1
2025-12-03,S관(3공장),[80] 누수/규격검사,486000.0,489020.0,144130.0,337.2,144130.0,1
2025-12-04,A관(1공장),[10] 사출조립,501584.0,521310.0,197367.0,254.14,197367.0,1
2025-12-04,A관(1공장),[20] 분리,111666.0,132650.0,197367.0,56.58,197367.0,1
2025-12-04,A관(1공장),[45] 하이드레이션/전면검사,73840.0,73840.0,118500.0,62.31,118500.0,1
2025-12-04,A관(1공장),[80] 누수/규격검사,85490.0,86214.0,112903.0,75.72,112903.0,1
2025-12-04,C관(2공장),[10] 사출조립,2034521.0,2224172.0,811675.0,250.66,811675.0,1
2025-12-04,C관(2공장),[20] 분리,1900228.0,2311408.0,811675.0,234.11,811675.0,1
2025-12-04,C관(2공장),[45] 하이드레이션/전면검사,2240667.0,2243692.0,711430.0,314.95,711430.0,1
2025-12-04,C관(2공장),[80] 누수/규격검사,1506930.0,1521070.0,666581.0,226.07,666581.0,1
2025-12-04,S관(3공장),[10] 사출조립,291866.0,333350.0,263315.0,110.84,263315.0,1
2025-12-04,S관(3공장),[20] 분리,169732.0,245716.0,263315.0,64.46,263315.0,1
2025-12-04,S관(3공장),[45] 하이드레이션/전면검사,196796.0,199952.0,167207.0,117.7,167207.0,1
2025-12-04,S관(3공장),[80] 누수/규격검사,394170.0,396970.0,144130.0,273.48,144130.0,1
2025-12-05,A관(1공장),[10] 사출조립,567520.0,587208.0,197367.0,287.55,197367.0,1
2025-12-05,A관(1공장),[20] 분리,132598.0,154522.0,197367.0,67.18,197367.0,1
2025-12-05,A관(1공장),[45] 하이드레이션/전면검사,107449.0,107449.0,118500.0,90.67,118500.0,1
2025-12-05,A관(1공장),[80] 누수/규격검사,133792.0,137780.0,112903.0,118.5,112903.0,1
2025-12-05,C관(2공장),[10] 사출조립,1938211.0,2124722.0,811675.0,238.79,811675.0,1
2025-12-05,C관(2공장),[20] 분리,1941978.0,2338003.0,811675.0,239.26,811675.0,1
2025-12-05,C관(2공장),[45] 하이드레이션/전면검사,2248765.0,2251946.0,711430.0,316.09,711430.0,1
2025-12-05,C관(2공장),[80] 누수/규격검사,1650400.0,1668160.0,666581.0,247.59,666581.0,1
2025-12-05,S관(3공장),[10] 사출조립,219526.0,295144.0,263315.0,83.37,263315.0,1
2025-12-05,S관(3공장),[20] 분리,166609.0,210839.0,263315.0,63.27,263315.0,1
2025-12-05,S관(3공장),[45] 하이드레이션/전면검사,242040.0,243242.0,167207.0,144.75,167207.0,1
2025-12-05,S관(3공장),[80] 누수/규격검사,408480.0,410380.0,144130.0,283.41,144130.0,1
2025-12-06,A관(1공장),[10] 사출조립,562820.0,568156.0,197367.0,285.16,197367.0,1
2025-12-06,A관(1공장),[20] 분리,100084.0,117620.0,197367.0,50.71,197367.0,1
2025-12-06,A관(1공장),[45] 하이드레이션/전면검사,80860.0,80860.0,118500.0,68.24,118500.0,1
2025-12-06,A관(1공장),[80] 누수/규격검사,120078.0,122276.0,112903.0,106.36,112903.0,1
2025-12-06,C관(2공장),[10] 사출조립,1980446.0,2155526.0,811675.0,243.99,811675.0,1
2025-12-06,C관(2공장),[20] 분리,1908796.0,2303356.0,811675.0,235.17,811675.0,1
2025-12-06,C관(2공장),[45] 하이드레이션/전면검사,2089686.0,2094390.0,711430.0,293.73,711430.0,1
2025-12-06,C관(2공장),[80] 누수/규격검사,1802700.0,1816680.0,666581.0,270.44,666581.0,1
2025-12-06,S관(3공장),[10] 사출조립,212494.0,239992.0,263315.0,80.7,263315.0,1
2025-12-06,S관(3공장),[20] 분리,80028.0,112638.0,263315.0,30.39,263315.0,1
2025-12-06,S관(3공장),[45] 하이드레이션/전면검사,146770.0,147402.0,167207.0,87.78,167207.0,1
2025-12-06,S관(3공장),[80] 누수/규격검사,274160.0,281656.0,144130.0,190.22,144130.0,1
2025-12-07,A관(1공장),[10] 사출조립,554280.0,566554.0,197367.0,280.84,197367.0,1
2025-12-07,A관(1공장),[20] 분리,119810.0,139008.0,197367.0,60.7,197367.0,1
2025-12-07,A관(1공장),[45] 하이드레이션/전면검사,136876.0,136876.0,118500.0,115.51,118500.0,1
2025-12-07,A관(1공장),[80] 누수/규격검사,98980.0,100216.0,112903.0,87.67,112903.0,1
2025-12-07,C관(2공장),[10] 사출조립,1970400.0,2147922.0,811675.0,242.76,811675.0,1
2025-12-07,C관(2공장),[20] 분리,1931569.0,2366044.0,811675.0,237.97,811675.0,1
2025-12-07,C관(2공장),[45] 하이드레이션/전면검사,2020440.0,2026098.0,711430.0,284.0,711430.0,1
2025-12-07,C관(2공장),[80] 누수/규격검사,1737360.0,1746270.0,666581.0,260.64,666581.0,1
2025-12-07,S관(3공장),[10] 사출조립,280164.0,304750.0,263315.0,106.4,263315.0,1
2025-12-07,S관(3공장),[20] 분리,162274.0,192592.0,263315.0,61.63,263315.0,1
2025-12-07,S관(3공장),[45] 하이드레이션/전면검사,110824.0,115494.0,167207.0,66.28,167207.0,1
2025-12-07,S관(3공장),[80] 누수/규격검사,457140.0,459160.0,144130.0,317.17,144130.0,1
2025-12-08,A관(1공장),[10] 사출조립,405738.0,408336.0,197367.0,205.58,197367.0,1
2025-12-08,A관(1공장),[20] 분리,124402.0,144226.0,197367.0,63.03,197367.0,1
2025-12-08,A관(1공장),[45] 하이드레이션/전면검사,105636.0,105636.0,118500.0,89.14,118500.0,1
2025-12-08,A관(1공장),[80] 누수/규격검사,99834.0,100496.0,112903.0,88.42,112903.0,1
2025-12-08,C관(2공장),[10] 사출조립,2042880.0,2228194.0,811675.0,251.69,811675.0,1
2025-12-08,C관(2공장),[20] 분리,1977103.0,2393257.0,811675.0,243.58,811675.0,1
2025-12-08,C관(2공장),[45] 하이드레이션/전면검사,1870326.0,1875262.0,711430.0,262.9,711430.0,1
2025-12-08,C관(2공장),[80] 누수/규격검사,1607680.0,1621440.0,666581.0,241.18,666581.0,1
2025-12-08,S관(3공장),[10] 사출조립,195642.0,294120.0,263315.0,74.3,263315.0,1
2025-12-08,S관(3공장),[20] 분리,240674.0,300962.0,263315.0,91.4,263315.0,1
2025-12-08,S관(3공장),[45] 하이드레이션/전면검사,263154.0,264552.0,167207.0,157.38,167207.0,1
2025-12-08,S관(3공장),[80] 누수/규격검사,433070.0,434110.0,144130.0,300.47,144130.0,1
2025-12-09,A관(1공장),[10] 사출조립,609428.0,622336.0,197367.0,308.78,197367.0,1
2025-12-09,A관(1공장),[20] 분리,95764.0,112788.0,197367.0,48.52,197367.0,1
2025-12-09,A관(1공장),[45] 하이드레이션/전면검사,142240.0,142240.0,118500.0,120.03,118500.0,1
2025-12-09,A관(1공장),[80] 누수/규격검사,93278.0,100998.0,112903.0,82.62,112903.0,1
2025-12-09,C관(2공장),[10] 사출조립,1977114.0,2072504.0,811675.0,243.58,811675.0,1
2025-12-09,C관(2공장),[20] 분리,1920544.0,2331758.0,811675.0,236.61,811675.0,1
2025-12-09,C관(2공장),[45] 하이드레이션/전면검사,2182314.0,2184830.0,711430.0,306.75,711430.0,1
2025-12-09,C관(2공장),[80] 누수/규격검사,1799900.0,1822030.0,666581.0,270.02,666581.0,1
2025-12-09,S관(3공장),[10] 사출조립,217070.0,237490.0,263315.0,82.44,263315.0,1
2025-12-09,S관(3공장),[20] 분리,316594.0,398262.0,263315.0,120.23,263315.0,1
2025-12-09,S관(3공장),[45] 하이드레이션/전면검사,109612.0,110564.0,167207.0,65.55,167207.0,1
2025-12-09,S관(3공장),[80] 누수/규격검사,425920.0,427530.0,144130.0,295.51,144130.0,1
2025-12-10,A관(1공장),[10] 사출조립,553864.0,573034.0,197367.0,280.63,197367.0,1
2025-12-10,A관(1공장),[20] 분리,113266.0,130338.0,197367.0,57.39,197367.0,1
2025-12-10,A관(1공장),[45] 하이드레이션/전면검사,210690.0,210690.0,118500.0,177.8,118500.0,1
2025-12-10,A관(1공장),[80] 누수/규격검사,134852.0,136988.0,112903.0,119.44,112903.0,1
2025-12-10,C관(2공장),[10] 사출조립,1997420.0,2145914.0,811675.0,246.09,811675.0,1
2025-12-10,C관(2공장),[20] 분리,1824193.0,2265634.0,811675.0,224.74,811675.0,1
2025-12-10,C관(2공장),[45] 하이드레이션/전면검사,2105076.0,2107932.0,711430.0,295.89,711430.0,1
2025-12-10,C관(2공장),[80] 누수/규격검사,2004880.0,2021600.0,666581.0,300.77,666581.0,1
2025-12-10,S관(3공장),[10] 사출조립,261784.0,294900.0,263315.0,99.42,263315.0,1
2025-12-10,S관(3공장),[20] 분리,228126.0,292946.0,263315.0,86.64,263315.0,1
2025-12-10,S관(3공장),[45] 하이드레이션/전면검사,286962.0,287638.0,167207.0,171.62,167207.0,1
2025-12-10,S관(3공장),[80] 누수/규격검사,443450.0,448270.0,144130.0,307.67,144130.0,1
2025-12-11,A관(1공장),[10] 사출조립,375384.0,389842.0,197367.0,190.2,197367.0,1
2025-12-11,A관(1공장),[20] 분리,55672.0,65806.0,197367.0,28.21,197367.0,1
2025-12-11,A관(1공장),[45] 하이드레이션/전면검사,107738.0,107738.0,118500.0,90.92,118500.0,1
2025-12-11,A관(1공장),[80] 누수/규격검사,138718.0,141322.0,112903.0,122.86,112903.0,1
2025-12-11,C관(2공장),[10] 사출조립,2054998.0,2292506.0,811675.0,253.18,811675.0,1
2025-12-11,C관(2공장),[20] 분리,1843230.0,2307464.0,811675.0,227.09,811675.0,1
2025-12-11,C관(2공장),[45] 하이드레이션/전면검사,1984910.0,1987870.0,711430.0,279.0,711430.0,1
2025-12-11,C관(2공장),[80] 누수/규격검사,1907630.0,1919520.0,666581.0,286.18,666581.0,1
2025-12-11,S관(3공장),[10] 사출조립,290564.0,342442.0,263315.0,110.35,263315.0,1
2025-12-11,S관(3공장),[20] 분리,322586.0,398606.0,263315.0,122.51,263315.0,1
2025-12-11,S관(3공장),[45] 하이드레이션/전면검사,195644.0,196438.0,167207.0,117.01,167207.0,1
2025-12-11,S관(3공장),[80] 누수/규격검사,465024.0,469430.0,144130.0,322.64,144130.0,1
2025-12-12,A관(1공장),[10] 사출조립,391200.0,397392.0,197367.0,198.21,197367.0,1
2025-12-12,A관(1공장),[20] 분리,98766.0,120956.0,197367.0,50.04,197367.0,1
2025-12-12,A관(1공장),[45] 하이드레이션/전면검사,213578.0,213578.0,118500.0,180.23,118500.0,1
2025-12-12,A관(1공장),[80] 누수/규격검사,163668.0,174286.0,112903.0,144.96,112903.0,1
2025-12-12,C관(2공장),[10] 사출조립,2040953.0,2222113.0,811675.0,251.45,811675.0,1
2025-12-12,C관(2공장),[20] 분리,1885831.0,2329664.0,811675.0,232.34,811675.0,1
2025-12-12,C관(2공장),[45] 하이드레이션/전면검사,2096632.0,2099250.0,711430.0,294.71,711430.0,1
2025-12-12,C관(2공장),[80] 누수/규격검사,1563550.0,1577590.0,666581.0,234.56,666581.0,1
2025-12-12,S관(3공장),[10] 사출조립,375172.0,425736.0,263315.0,142.48,263315.0,1
2025-12-12,S관(3공장),[20] 분리,303454.0,385792.0,263315.0,115.24,263315.0,1
2025-12-12,S관(3공장),[45] 하이드레이션/전면검사,128798.0,129500.0,167207.0,77.03,167207.0,1
2025-12-12,S관(3공장),[80] 누수/규격검사,369904.0,371870.0,144130.0,256.65,144130.0,1
2025-12-13,A관(1공장),[10] 사출조립,223030.0,237342.0,197367.0,113.0,197367.0,1
2025-12-13,A관(1공장),[20] 분리,92770.0,108046.0,197367.0,47.0,197367.0,1
2025-12-13,A관(1공장),[45] 하이드레이션/전면검사,120798.0,120798.0,118500.0,101.94,118500.0,1
2025-12-13,A관(1공장),[80] 누수/규격검사,133352.0,139394.0,112903.0,118.11,112903.0,1
2025-12-13,C관(2공장),[10] 사출조립,2066724.0,2238752.0,811675.0,254.62,811675.0,1
2025-12-13,C관(2공장),[20] 분리,1947294.0,2377196.0,811675.0,239.91,811675.0,1
2025-12-13,C관(2공장),[45] 하이드레이션/전면검사,1900534.0,1902842.0,711430.0,267.14,711430.0,1
2025-12-13,C관(2공장),[80] 누수/규격검사,1772180.0,1787030.0,666581.0,265.86,666581.0,1
2025-12-13,S관(3공장),[10] 사출조립,152658.0,178356.0,263315.0,57.98,263315.0,1
2025-12-13,S관(3공장),[20] 분리,162380.0,218744.0,263315.0,61.67,263315.0,1
2025-12-13,S관(3공장),[45] 하이드레이션/전면검사,241596.0,242206.0,167207.0,144.49,167207.0,1
2025-12-13,S관(3공장),[80] 누수/규격검사,368530.0,370480.0,144130.0,255.69,144130.0,1
2025-12-14,A관(1공장),[10] 사출조립,158342.0,167832.0,197367.0,80.23,197367.0,1
2025-12-14,A관(1공장),[20] 분리,114264.0,137950.0,197367.0,57.89,197367.0,1
2025-12-14,A관(1공장),[45] 하이드레이션/전면검사,147630.0,148210.0,118500.0,124.58,118500.0,1
2025-12-14,A관(1공장),[80] 누수/규격검사,147660.0,154294.0,112903.0,130.78,112903.0,1
2025-12-14,C관(2공장),[10] 사출조립,1716902.0,1950974.0,811675.0,211.53,811675.0,1
2025-12-14,C관(2공장),[20] 분리,1950966.0,2397386.0,811675.0,240.36,811675.0,1
2025-12-14,C관(2공장),[45] 하이드레이션/전면검사,2064022.0,2070250.0,711430.0,290.12,711430.0,1
2025-12-14,C관(2공장),[80] 누수/규격검사,1894120.0,1911360.0,666581.0,284.15,666581.0,1
2025-12-14,S관(3공장),[10] 사출조립,228344.0,256512.0,263315.0,86.72,263315.0,1
2025-12-14,S관(3공장),[20] 분리,164502.0,225702.0,263315.0,62.47,263315.0,1
2025-12-14,S관(3공장),[45] 하이드레이션/전면검사,161974.0,162302.0,167207.0,96.87,167207.0,1
2025-12-14,S관(3공장),[80] 누수/규격검사,257440.0,261632.0,144130.0,178.62,144130.0,1
2025-12-15,A관(1공장),[10] 사출조립,129314.0,138816.0,197367.0,65.52,197367.0,1
2025-12-15,A관(1공장),[20] 분리,112234.0,133162.0,197367.0,56.87,197367.0,1
2025-12-15,A관(1공장),[45] 하이드레이션/전면검사,142668.0,142668.0,118500.0,120.39,118500.0,1
2025-12-15,A관(1공장),[80] 누수/규격검사,152590.0,159134.0,112903.0,135.15,112903.0,1
2025-12-15,C관(2공장),[10] 사출조립,1908164.0,2069698.0,811675.0,235.09,811675.0,1
2025-12-15,C관(2공장),[20] 분리,1863784.0,2333512.0,811675.0,229.62,811675.0,1
2025-12-15,C관(2공장),[45] 하이드레이션/전면검사,1810912.0,1817306.0,711430.0,254.55,711430.0,1
2025-12-15,C관(2공장),[80] 누수/규격검사,1807510.0,1825800.0,666581.0,271.16,666581.0,1
2025-12-15,S관(3공장),[10] 사출조립,183592.0,216972.0,263315.0,69.72,263315.0,1
2025-12-15,S관(3공장),[20] 분리,187968.0,249796.0,263315.0,71.39,263315.0,1
2025-12-15,S관(3공장),[45] 하이드레이션/전면검사,218464.0,219630.0,167207.0,130.65,167207.0,1
2025-12-15,S관(3공장),[80] 누수/규격검사,375600.0,378830.0,144130.0,260.6,144130.0,1
2025-12-16,A관(1공장),[10] 사출조립,169280.0,188848.0,197367.0,85.77,197367.0,1
2025-12-16,A관(1공장),[20] 분리,97264.0,122848.0,197367.0,49.28,197367.0,1
2025-12-16,A관(1공장),[45] 하이드레이션/전면검사,200444.0,201732.0,118500.0,169.15,118500.0,1
2025-12-16,A관(1공장),[80] 누수/규격검사,180574.0,189402.0,112903.0,159.94,112903.0,1
2025-12-16,C관(2공장),[10] 사출조립,1630044.0,1822374.0,811675.0,200.82,811675.0,1
2025-12-16,C관(2공장),[20] 분리,1850400.0,2333656.0,811675.0,227.97,811675.0,1
2025-12-16,C관(2공장),[45] 하이드레이션/전면검사,1821416.0,1823562.0,711430.0,256.02,711430.0,1
2025-12-16,C관(2공장),[80] 누수/규격검사,1776710.0,1792560.0,666581.0,266.54,666581.0,1
2025-12-16,S관(3공장),[10] 사출조립,279778.0,316722.0,263315.0,106.25,263315.0,1
2025-12-16,S관(3공장),[20] 분리,166492.0,241300.0,263315.0,63.23,263315.0,1
2025-12-16,S관(3공장),[45] 하이드레이션/전면검사,250102.0,251212.0,167207.0,149.58,167207.0,1
2025-12-16,S관(3공장),[80] 누수/규격검사,332660.0,335940.0,144130.0,230.81,144130.0,1
2025-12-17,A관(1공장),[10] 사출조립,156098.0,159490.0,197367.0,79.09,197367.0,1
2025-12-17,A관(1공장),[20] 분리,135208.0,150352.0,197367.0,68.51,197367.0,1
2025-12-17,A관(1공장),[45] 하이드레이션/전면검사,92618.0,92746.0,118500.0,78.16,118500.0,1
2025-12-17,A관(1공장),[80] 누수/규격검사,152862.0,160764.0,112903.0,135.39,112903.0,1
2025-12-17,C관(2공장),[10] 사출조립,1722562.0,1975706.0,811675.0,212.22,811675.0,1
2025-12-17,C관(2공장),[20] 분리,1810812.0,2240494.0,811675.0,223.1,811675.0,1
2025-12-17,C관(2공장),[45] 하이드레이션/전면검사,1833720.0,1836120.0,711430.0,257.75,711430.0,1
2025-12-17,C관(2공장),[80] 누수/규격검사,1651080.0,1667940.0,666581.0,247.69,666581.0,1
2025-12-17,S관(3공장),[10] 사출조립,204802.0,204802.0,263315.0,77.78,263315.0,1
2025-12-17,S관(3공장),[20] 분리,227428.0,294426.0,263315.0,86.37,263315.0,1
2025-12-17,S관(3공장),[45] 하이드레이션/전면검사,291388.0,292312.0,167207.0,174.27,167207.0,1
2025-12-17,S관(3공장),[80] 누수/규격검사,326060.0,334600.0,144130.0,226.23,144130.0,1
2025-12-18,A관(1공장),[10] 사출조립,624556.0,641100.0,197367.0,316.44,197367.0,1
2025-12-18,A관(1공장),[20] 분리,116872.0,129818.0,197367.0,59.22,197367.0,1
2025-12-18,A관(1공장),[45] 하이드레이션/전면검사,224308.0,224308.0,118500.0,189.29,118500.0,1
2025-12-18,A관(1공장),[80] 누수/규격검사,149692.0,164202.0,112903.0,132.58,112903.0,1
2025-12-18,C관(2공장),[10] 사출조립,1548662.0,1756028.0,811675.0,190.8,811675.0,1
2025-12-18,C관(2공장),[20] 분리,1873948.0,2300028.0,811675.0,230.87,811675.0,1
2025-12-18,C관(2공장),[45] 하이드레이션/전면검사,1571650.0,1578144.0,711430.0,220.91,711430.0,1
2025-12-18,C관(2공장),[80] 누수/규격검사,1638000.0,1654100.0,666581.0,245.73,666581.0,1
2025-12-18,S관(3공장),[10] 사출조립,434350.0,437724.0,263315.0,164.95,263315.0,1
2025-12-18,S관(3공장),[20] 분리,240872.0,285488.0,263315.0,91.48,263315.0,1
2025-12-18,S관(3공장),[45] 하이드레이션/전면검사,289214.0,290282.0,167207.0,172.97,167207.0,1
2025-12-18,S관(3공장),[80] 누수/규격검사,276520.0,279660.0,144130.0,191.85,144130.0,1
2025-12-19,A관(1공장),[10] 사출조립,161258.0,174516.0,197367.0,81.7,197367.0,1
2025-12-19,A관(1공장),[20] 분리,106300.0,121644.0,197367.0,53.86,197367.0,1
2025-12-19,A관(1공장),[45] 하이드레이션/전면검사,169090.0,169090.0,118500.0,142.69,118500.0,1
2025-12-19,A관(1공장),[80] 누수/규격검사,132330.0,140940.0,112903.0,117.21,112903.0,1
2025-12-19,C관(2공장),[10] 사출조립,1781072.0,2024616.0,811675.0,219.43,811675.0,1
2025-12-19,C관(2공장),[20] 분리,1896450.0,2330214.0,811675.0,233.65,811675.0,1
2025-12-19,C관(2공장),[45] 하이드레이션/전면검사,1469650.0,1471418.0,711430.0,206.58,711430.0,1
2025-12-19,C관(2공장),[80] 누수/규격검사,1615320.0,1630700.0,666581.0,242.33,666581.0,1
2025-12-19,S관(3공장),[10] 사출조립,239540.0,243840.0,263315.0,90.97,263315.0,1
2025-12-19,S관(3공장),[20] 분리,308318.0,395584.0,263315.0,117.09,263315.0,1
2025-12-19,S관(3공장),[45] 하이드레이션/전면검사,281180.0,282684.0,167207.0,168.16,167207.0,1
2025-12-19,S관(3공장),[80] 누수/규격검사,199510.0,201220.0,144130.0,138.42,144130.0,1
2025-12-20,A관(1공장),[10] 사출조립,142744.0,154378.0,197367.0,72.32,197367.0,1
2025-12-20,A관(1공장),[20] 분리,119782.0,135326.0,197367.0,60.69,197367.0,1
2025-12-20,A관(1공장),[45] 하이드레이션/전면검사,90008.0,90438.0,118500.0,75.96,118500.0,1
2025-12-20,A관(1공장),[80] 누수/규격검사,151068.0,162952.0,112903.0,133.8,112903.0,1
2025-12-20,C관(2공장),[10] 사출조립,1777472.0,2019880.0,811675.0,218.99,811675.0,1
2025-12-20,C관(2공장),[20] 분리,1875154.0,2273860.0,811675.0,231.02,811675.0,1
2025-12-20,C관(2공장),[45] 하이드레이션/전면검사,1637220.0,1640028.0,711430.0,230.13,711430.0,1
2025-12-20,C관(2공장),[80] 누수/규격검사,1501150.0,1519610.0,666581.0,225.2,666581.0,1
2025-12-20,S관(3공장),[10] 사출조립,305592.0,319148.0,263315.0,116.06,263315.0,1
2025-12-20,S관(3공장),[20] 분리,248260.0,325744.0,263315.0,94.28,263315.0,1
2025-12-20,S관(3공장),[45] 하이드레이션/전면검사,189850.0,190948.0,167207.0,113.54,167207.0,1
2025-12-20,S관(3공장),[80] 누수/규격검사,376070.0,378940.0,144130.0,260.92,144130.0,1
2025-12-21,A관(1공장),[10] 사출조립,78812.0,81654.0,197367.0,39.93,197367.0,1
2025-12-21,A관(1공장),[20] 분리,133190.0,152882.0,197367.0,67.48,197367.0,1
2025-12-21,A관(1공장),[45] 하이드레이션/전면검사,154454.0,154454.0,118500.0,130.34,118500.0,1
2025-12-21,A관(1공장),[80] 누수/규격검사,150284.0,160812.0,112903.0,133.11,112903.0,1
2025-12-21,C관(2공장),[10] 사출조립,1891374.0,2131294.0,811675.0,233.02,811675.0,1
2025-12-21,C관(2공장),[20] 분리,1969992.0,2378850.0,811675.0,242.71,811675.0,1
2025-12-21,C관(2공장),[45] 하이드레이션/전면검사,1579820.0,1581804.0,711430.0,222.06,711430.0,1
2025-12-21,C관(2공장),[80] 누수/규격검사,1933420.0,1949450.0,666581.0,290.05,666581.0,1
2025-12-21,S관(3공장),[10] 사출조립,238864.0,245372.0,263315.0,90.71,263315.0,1
2025-12-21,S관(3공장),[20] 분리,263881.0,324404.0,263315.0,100.21,263315.0,1
2025-12-21,S관(3공장),[45] 하이드레이션/전면검사,189544.0,190452.0,167207.0,113.36,167207.0,1
2025-12-21,S관(3공장),[80] 누수/규격검사,338700.0,340560.0,144130.0,235.0,144130.0,1
2025-12-22,A관(1공장),[10] 사출조립,68450.0,71908.0,197367.0,34.68,197367.0,1
2025-12-22,A관(1공장),[20] 분리,126386.0,142088.0,197367.0,64.04,197367.0,1
2025-12-22,A관(1공장),[45] 하이드레이션/전면검사,133802.0,133904.0,118500.0,112.91,118500.0,1
2025-12-22,A관(1공장),[80] 누수/규격검사,140419.0,150716.0,112903.0,124.37,112903.0,1
2025-12-22,C관(2공장),[10] 사출조립,2063658.0,2229684.0,811675.0,254.25,811675.0,1
2025-12-22,C관(2공장),[20] 분리,1959314.0,2328032.0,811675.0,241.39,811675.0,1
2025-12-22,C관(2공장),[45] 하이드레이션/전면검사,1896810.0,1899304.0,711430.0,266.62,711430.0,1
2025-12-22,C관(2공장),[80] 누수/규격검사,1860540.0,1882750.0,666581.0,279.12,666581.0,1
2025-12-22,S관(3공장),[10] 사출조립,349520.0,381908.0,263315.0,132.74,263315.0,1
2025-12-22,S관(3공장),[20] 분리,181363.0,230471.0,263315.0,68.88,263315.0,1
2025-12-22,S관(3공장),[45] 하이드레이션/전면검사,384598.0,386004.0,167207.0,230.01,167207.0,1
2025-12-22,S관(3공장),[80] 누수/규격검사,328520.0,331310.0,144130.0,227.93,144130.0,1
2025-12-23,A관(1공장),[10] 사출조립,130024.0,138422.0,197367.0,65.88,197367.0,1
2025-12-23,A관(1공장),[20] 분리,112988.0,128784.0,197367.0,57.25,197367.0,1
2025-12-23,A관(1공장),[45] 하이드레이션/전면검사,112534.0,112534.0,118500.0,94.97,118500.0,1
2025-12-23,A관(1공장),[80] 누수/규격검사,141970.0,147878.0,112903.0,125.75,112903.0,1
2025-12-23,C관(2공장),[10] 사출조립,2060634.0,2185496.0,811675.0,253.87,811675.0,1
2025-12-23,C관(2공장),[20] 분리,2054287.0,2393054.0,811675.0,253.09,811675.0,1
2025-12-23,C관(2공장),[45] 하이드레이션/전면검사,1853820.0,1855908.0,711430.0,260.58,711430.0,1
2025-12-23,C관(2공장),[80] 누수/규격검사,1827720.0,1843080.0,666581.0,274.19,666581.0,1
2025-12-23,S관(3공장),[10] 사출조립,337033.0,361050.0,263315.0,128.0,263315.0,1
2025-12-23,S관(3공장),[20] 분리,246266.0,314810.0,263315.0,93.53,263315.0,1
2025-12-23,S관(3공장),[45] 하이드레이션/전면검사,278470.0,279962.0,167207.0,166.54,167207.0,1
2025-12-23,S관(3공장),[80] 누수/규격검사,320385.0,321535.0,144130.0,222.29,144130.0,1
2025-12-24,A관(1공장),[10] 사출조립,134030.0,141592.0,197367.0,67.91,197367.0,1
2025-12-24,A관(1공장),[20] 분리,123826.0,142622.0,197367.0,62.74,197367.0,1
2025-12-24,A관(1공장),[45] 하이드레이션/전면검사,87626.0,87626.0,118500.0,73.95,118500.0,1
2025-12-24,A관(1공장),[80] 누수/규격검사,120788.0,127626.0,112903.0,106.98,112903.0,1
2025-12-24,C관(2공장),[10] 사출조립,2073356.0,2255480.0,811675.0,255.44,811675.0,1
2025-12-24,C관(2공장),[20] 분리,2085666.0,2427158.0,811675.0,256.96,811675.0,1
2025-12-24,C관(2공장),[45] 하이드레이션/전면검사,1848244.0,1850076.0,711430.0,259.79,711430.0,1
2025-12-24,C관(2공장),[80] 누수/규격검사,1724650.0,1739090.0,666581.0,258.73,666581.0,1
2025-12-24,S관(3공장),[10] 사출조립,253908.0,262846.0,263315.0,96.43,263315.0,1
2025-12-24,S관(3공장),[20] 분리,197766.0,253396.0,263315.0,75.11,263315.0,1
2025-12-24,S관(3공장),[45] 하이드레이션/전면검사,180332.0,180780.0,167207.0,107.85,167207.0,1
2025-12-24,S관(3공장),[80] 누수/규격검사,263000.0,266081.0,144130.0,182.47,144130.0,1
2025-12-25,A관(1공장),[10] 사출조립,83716.0,88114.0,197367.0,42.42,197367.0,1
2025-12-25,A관(1공장),[20] 분리,123524.0,139750.0,197367.0,62.59,197367.0,1
2025-12-25,A관(1공장),[45] 하이드레이션/전면검사,172204.0,172204.0,118500.0,145.32,118500.0,1
2025-12-25,A관(1공장),[80] 누수/규격검사,116066.0,122388.0,112903.0,102.8,112903.0,1
2025-12-25,C관(2공장),[10] 사출조립,2061478.0,2203718.0,811675.0,253.98,811675.0,1
2025-12-25,C관(2공장),[20] 분리,2094004.0,2448816.0,811675.0,257.99,811675.0,1
2025-12-25,C관(2공장),[45] 하이드레이션/전면검사,1898490.0,1900662.0,711430.0,266.86,711430.0,1
2025-12-25,C관(2공장),[80] 누수/규격검사,1914790.0,1931220.0,666581.0,287.26,666581.0,1
2025-12-25,S관(3공장),[10] 사출조립,369024.0,388873.0,263315.0,140.15,263315.0,1
2025-12-25,S관(3공장),[20] 분리,199534.0,251510.0,263315.0,75.78,263315.0,1
2025-12-25,S관(3공장),[45] 하이드레이션/전면검사,293760.0,294578.0,167207.0,175.69,167207.0,1
2025-12-25,S관(3공장),[80] 누수/규격검사,229580.0,232140.0,144130.0,159.29,144130.0,1
2025-12-26,A관(1공장),[10] 사출조립,81822.0,85394.0,197367.0,41.46,197367.0,1
2025-12-26,A관(1공장),[20] 분리,68252.0,76608.0,197367.0,34.58,197367.0,1
2025-12-26,A관(1공장),[45] 하이드레이션/전면검사,96360.0,96360.0,118500.0,81.32,118500.0,1
2025-12-26,A관(1공장),[80] 누수/규격검사,104258.0,109970.0,112903.0,92.34,112903.0,1
2025-12-26,C관(2공장),[10] 사출조립,1928416.0,2045648.0,811675.0,237.58,811675.0,1
2025-12-26,C관(2공장),[20] 분리,1888710.0,2215429.0,811675.0,232.69,811675.0,1
2025-12-26,C관(2공장),[45] 하이드레이션/전면검사,1576460.0,1578304.0,711430.0,221.59,711430.0,1
2025-12-26,C관(2공장),[80] 누수/규격검사,1838300.0,1856130.0,666581.0,275.78,666581.0,1
2025-12-26,S관(3공장),[10] 사출조립,308276.0,334980.0,263315.0,117.07,263315.0,1
2025-12-26,S관(3공장),[20] 분리,375840.0,446792.0,263315.0,142.73,263315.0,1
2025-12-26,S관(3공장),[45] 하이드레이션/전면검사,220668.0,221440.0,167207.0,131.97,167207.0,1
2025-12-26,S관(3공장),[80] 누수/규격검사,309340.0,310040.0,144130.0,214.63,144130.0,1
2025-12-27,A관(1공장),[10] 사출조립,74646.0,79828.0,197367.0,37.82,197367.0,1
2025-12-27,A관(1공장),[20] 분리,57198.0,64294.0,197367.0,28.98,197367.0,1
2025-12-27,A관(1공장),[45] 하이드레이션/전면검사,50334.0,50334.0,118500.0,42.48,118500.0,1
2025-12-27,A관(1공장),[80] 누수/규격검사,89734.0,95174.0,112903.0,79.48,112903.0,1
2025-12-27,C관(2공장),[10] 사출조립,1881594.0,1940494.0,811675.0,231.82,811675.0,1
2025-12-27,C관(2공장),[20] 분리,1181746.0,1387884.0,811675.0,145.59,811675.0,1
2025-12-27,C관(2공장),[45] 하이드레이션/전면검사,1822510.0,1824518.0,711430.0,256.18,711430.0,1
2025-12-27,C관(2공장),[80] 누수/규격검사,1697280.0,1707560.0,666581.0,254.62,666581.0,1
2025-12-27,S관(3공장),[10] 사출조립,252345.0,302920.0,263315.0,95.83,263315.0,1
2025-12-27,S관(3공장),[20] 분리,198304.0,240588.0,263315.0,75.31,263315.0,1
2025-12-27,S관(3공장),[45] 하이드레이션/전면검사,229774.0,230808.0,167207.0,137.42,167207.0,1
2025-12-27,S관(3공장),[80] 누수/규격검사,394010.0,395620.0,144130.0,273.37,144130.0,1
2025-12-28,A관(1공장),[10] 사출조립,23888.0,27110.0,197367.0,12.1,197367.0,1
2025-12-28,A관(1공장),[20] 분리,21547.0,23133.0,197367.0,10.92,197367.0,1
2025-12-28,A관(1공장),[45] 하이드레이션/전면검사,19995.0,19995.0,118500.0,16.87,118500.0,1
2025-12-28,A관(1공장),[80] 누수/규격검사,56799.0,61511.0,112903.0,50.31,112903.0,1
2025-12-28,C관(2공장),[10] 사출조립,376916.0,413466.0,811675.0,46.44,811675.0,1
2025-12-28,C관(2공장),[20] 분리,407671.0,476368.0,811675.0,50.23,811675.0,1
2025-12-28,C관(2공장),[45] 하이드레이션/전면검사,333415.0,333749.0,711430.0,46.87,711430.0,1
2025-12-28,C관(2공장),[80] 누수/규격검사,856270.0,863065.0,666581.0,128.46,666581.0,1
2025-12-28,S관(3공장),[10] 사출조립,18067.0,22124.0,263315.0,6.86,263315.0,1
2025-12-28,S관(3공장),[20] 분리,75943.0,102656.0,263315.0,28.84,263315.0,1
2025-12-28,S관(3공장),[45] 하이드레이션/전면검사,40196.0,42616.0,167207.0,24.04,167207.0,1
2025-12-28,S관(3공장),[80] 누수/규격검사,103425.0,103660.0,144130.0,71.76,144130.0,1
2025-12-29,S관(3공장),[20] 분리,4800.0,9509.0,263315.0,1.82,263315.0,1
2025-12-29,S관(3공장),[45] 하이드레이션/전면검사,8033.0,9765.0,167207.0,4.8,167207.0,1
