기간,공장,공정코드,기계코드,총_생산수량,총_양품수량,전체_수율(%),운영일수,이론상_총_생산량,가동률(%)
2026-01-03,A관(1공장),[45] 하이드레이션/전면검사,워터배스1-5호기,13617.0,13617.0,100.0,1,150000.0,9.08
2026-01-03,A관(1공장),[45] 하이드레이션/전면검사,워터배스1-6호기,20401.0,20401.0,100.0,1,150000.0,13.6
2026-01-04,A관(1공장),[00] 배합,조립2호기,1023.93,1023.93,100.0,1,0.0,0.0
2026-01-04,A관(1공장),[00] 배합,조립3호기,1022.98,1022.98,100.0,1,0.0,0.0
2026-01-04,A관(1공장),[00] 배합,조립5호기,990.0,990.0,100.0,1,0.0,0.0
2026-01-04,A관(1공장),[00] 배합,조립6호기,1000.0,1000.0,100.0,1,0.0,0.0
2026-01-04,S관(3공장),[00] 배합,A형 인라인2호기,2000.0,2000.0,100.0,1,0.0,0.0
2026-01-05,A관(1공장),[00] 배합,조립2호기,1024.0,1024.0,100.0,1,0.0,0.0
2026-01-05,A관(1공장),[00] 배합,조립3호기,2045.98,2045.98,100.0,1,0.0,0.0
2026-01-05,A관(1공장),[00] 배합,조립5호기,989.51,989.51,100.0,1,0.0,0.0
2026-01-05,A관(1공장),[00] 배합,조립8호기,10000.0,10000.0,100.0,1,0.0,0.0
2026-01-05,A관(1공장),[10] 사출조립,조립2호기,4838.0,3623.0,74.89,1,43200.0,11.2
2026-01-05,A관(1공장),[10] 사출조립,조립30호기,42133.0,42133.0,100.0,1,86400.0,48.77
2026-01-05,A관(1공장),[10] 사출조립,조립31호기,47432.0,47432.0,100.0,1,86400.0,54.9
2026-01-05,A관(1공장),[10] 사출조립,조립3호기,15716.0,15716.0,100.0,1,43200.0,36.38
2026-01-05,A관(1공장),[10] 사출조립,조립7호기,2350.0,2058.0,87.57,1,43200.0,5.44
2026-01-05,A관(1공장),[10] 사출조립,조립8호기,14921.0,14921.0,100.0,1,43200.0,34.54
2026-01-05,A관(1공장),[20] 분리,분리14호기,3960.0,3403.0,85.93,1,54000.0,7.33
2026-01-05,A관(1공장),[20] 분리,분리3호기,607.0,558.0,91.93,1,17280.0,3.51
2026-01-05,A관(1공장),[45] 하이드레이션/전면검사,1공장 실리콘수화기,17825.0,17825.0,100.0,1,0.0,0.0
2026-01-05,A관(1공장),[45] 하이드레이션/전면검사,워터배스1-1호기,200.0,200.0,100.0,1,30000.0,0.67
2026-01-05,A관(1공장),[45] 하이드레이션/전면검사,워터배스1-2호기,7152.0,7152.0,100.0,1,30000.0,23.84
2026-01-05,A관(1공장),[45] 하이드레이션/전면검사,워터배스1-3호기,17051.0,17051.0,100.0,1,30000.0,56.84
2026-01-05,A관(1공장),[45] 하이드레이션/전면검사,워터배스1-4호기,25032.0,25032.0,100.0,1,30000.0,83.44
2026-01-05,A관(1공장),[45] 하이드레이션/전면검사,워터배스1-5호기,39508.0,39508.0,100.0,1,150000.0,26.34
2026-01-05,A관(1공장),[45] 하이드레이션/전면검사,워터배스1-6호기,20156.0,20156.0,100.0,1,150000.0,13.44
2026-01-05,A관(1공장),[55] 접착/ 멸균,검사10호기,10932.0,10568.0,96.67,1,13293.0,82.24
2026-01-05,A관(1공장),[55] 접착/ 멸균,검사11호기,3996.0,3922.0,98.15,1,13293.0,30.06
2026-01-05,A관(1공장),[55] 접착/ 멸균,검사14호기,12566.0,11851.0,94.31,1,13293.0,94.53
2026-01-05,A관(1공장),[55] 접착/ 멸균,검사16호기,4596.0,4408.0,95.91,1,13293.0,34.57
2026-01-05,A관(1공장),[55] 접착/ 멸균,검사17호기,3880.0,3772.0,97.22,1,13293.0,29.19
2026-01-05,A관(1공장),[55] 접착/ 멸균,검사18호기,11790.0,11502.0,97.56,1,13293.0,88.69
2026-01-05,A관(1공장),[55] 접착/ 멸균,검사19호기,5034.0,4860.0,96.54,1,13293.0,37.87
2026-01-05,A관(1공장),[55] 접착/ 멸균,검사20호기,3391.0,3124.0,92.13,1,13293.0,25.51
2026-01-05,A관(1공장),[55] 접착/ 멸균,검사21호기,1600.0,1528.0,95.5,1,13293.0,12.04
2026-01-05,A관(1공장),[55] 접착/ 멸균,검사22호기,497.0,412.0,82.9,1,13293.0,3.74
2026-01-05,A관(1공장),[55] 접착/ 멸균,검사6호기,3400.0,3240.0,95.29,1,13293.0,25.58
2026-01-05,A관(1공장),[55] 접착/ 멸균,검사8호기,11260.0,11100.0,98.58,1,13293.0,84.71
2026-01-05,A관(1공장),[55] 접착/ 멸균,바이알캡핑기,5751.0,4873.0,84.73,1,0.0,0.0
2026-01-05,A관(1공장),[80] 누수/규격검사,누수/규격검사(1공장),33213.0,31014.0,93.38,1,112902.0,29.42
2026-01-05,C관(2공장),[00] 배합,조립10호기,20366.0,20366.0,100.0,1,0.0,0.0
2026-01-05,C관(2공장),[00] 배합,조립49호기,20415.0,20415.0,100.0,1,0.0,0.0
2026-01-05,C관(2공장),[10] 사출조립,조립10호기,22390.0,22227.0,99.27,1,43200.0,51.83
2026-01-05,C관(2공장),[10] 사출조립,조립11호기,25961.0,25961.0,100.0,1,43200.0,60.09
2026-01-05,C관(2공장),[10] 사출조립,조립12호기,11542.0,11441.0,99.12,1,0.0,0.0
2026-01-05,C관(2공장),[10] 사출조립,조립13호기,44843.0,41365.0,92.24,1,0.0,0.0
2026-01-05,C관(2공장),[10] 사출조립,조립16호기,52659.0,51451.0,97.71,1,43200.0,121.9
2026-01-05,C관(2공장),[10] 사출조립,조립17호기,24709.0,24325.0,98.45,1,43200.0,57.2
2026-01-05,C관(2공장),[10] 사출조립,조립22호기,33341.0,30143.0,90.41,1,43200.0,77.18
2026-01-05,C관(2공장),[10] 사출조립,조립23호기,14419.0,13381.0,92.8,1,43200.0,33.38
2026-01-05,C관(2공장),[10] 사출조립,조립24호기,32848.0,28013.0,85.28,1,43200.0,76.04
2026-01-05,C관(2공장),[10] 사출조립,조립25호기,24070.0,23892.0,99.26,1,43200.0,55.72
2026-01-05,C관(2공장),[10] 사출조립,조립27호기,22785.0,20016.0,87.85,1,43200.0,52.74
2026-01-05,C관(2공장),[10] 사출조립,조립41호기,27347.0,25684.0,93.92,1,43200.0,63.3
2026-01-05,C관(2공장),[10] 사출조립,조립44호기,26003.0,24195.0,93.05,1,43200.0,60.19
2026-01-05,C관(2공장),[10] 사출조립,조립46호기,10389.0,10389.0,100.0,1,43200.0,24.05
2026-01-05,C관(2공장),[10] 사출조립,조립47호기,51166.0,45321.0,88.58,1,43200.0,118.44
2026-01-05,C관(2공장),[10] 사출조립,조립49호기,22819.0,20169.0,88.39,1,43200.0,52.82
2026-01-05,C관(2공장),[10] 사출조립,조립50호기,33511.0,28468.0,84.95,1,43200.0,77.57
2026-01-05,C관(2공장),[10] 사출조립,조립52호기,29079.0,25579.0,87.96,1,43200.0,67.31
2026-01-05,C관(2공장),[10] 사출조립,조립53호기,47376.0,45818.0,96.71,1,43200.0,109.67
2026-01-05,C관(2공장),[10] 사출조립,조립54호기,28738.0,25371.0,88.28,1,43200.0,66.52
2026-01-05,C관(2공장),[10] 사출조립,조립55호기,48174.0,42769.0,88.78,1,43200.0,111.51
2026-01-05,C관(2공장),[10] 사출조립,조립58호기,13197.0,11230.0,85.1,1,43200.0,30.55
2026-01-05,C관(2공장),[10] 사출조립,조립59호기,19696.0,17155.0,87.1,1,43200.0,45.59
2026-01-05,C관(2공장),[20] 분리,분리12호기,4943.0,4536.0,91.77,1,0.0,0.0
2026-01-05,C관(2공장),[20] 분리,분리15호기,4938.0,4382.0,88.74,1,0.0,0.0
2026-01-05,C관(2공장),[20] 분리,분리16호기,41378.0,35212.0,85.1,1,61715.0,67.05
2026-01-05,C관(2공장),[20] 분리,분리17호기,42344.0,37969.0,89.67,1,61715.0,68.61
2026-01-05,C관(2공장),[20] 분리,분리18호기,42139.0,34843.0,82.69,1,61715.0,68.28
2026-01-05,C관(2공장),[20] 분리,분리19호기,44231.0,37536.0,84.86,1,61715.0,71.67
2026-01-05,C관(2공장),[20] 분리,분리20호기,43107.0,37194.0,86.28,1,61715.0,69.85
2026-01-05,C관(2공장),[20] 분리,분리21호기,43752.0,39138.0,89.45,1,61715.0,70.89
2026-01-05,C관(2공장),[20] 분리,분리22호기,41791.0,30955.0,74.07,1,61715.0,67.72
2026-01-05,C관(2공장),[20] 분리,분리23호기,37264.0,26633.0,71.47,1,61715.0,60.38
2026-01-05,C관(2공장),[20] 분리,분리24호기,37991.0,33687.0,88.67,1,61715.0,61.56
2026-01-05,C관(2공장),[20] 분리,분리25호기,45935.0,37421.0,81.47,1,61715.0,74.43
2026-01-05,C관(2공장),[20] 분리,분리26호기,40158.0,34483.0,85.87,1,54000.0,74.37
2026-01-05,C관(2공장),[20] 분리,분리27호기,38417.0,33402.0,86.95,1,54000.0,71.14
2026-01-05,C관(2공장),[20] 분리,분리28호기,34885.0,27583.0,79.07,1,54000.0,64.6
2026-01-05,C관(2공장),[20] 분리,분리29호기,31063.0,22651.0,72.92,1,54000.0,57.52
2026-01-05,C관(2공장),[20] 분리,분리30호기,50491.0,44989.0,89.1,1,54000.0,93.5
2026-01-05,C관(2공장),[20] 분리,분리31호기,47511.0,40311.0,84.85,1,54000.0,87.98
2026-01-05,C관(2공장),[20] 분리,분리32호기,47063.0,42138.0,89.54,1,54000.0,87.15
2026-01-05,C관(2공장),[20] 분리,분리33호기,44506.0,40354.0,90.67,1,54000.0,82.42
2026-01-05,C관(2공장),[20] 분리,분리34호기,46994.0,40739.0,86.69,1,54000.0,87.03
2026-01-05,C관(2공장),[20] 분리,분리35호기,43310.0,37573.0,86.75,1,54000.0,80.2
2026-01-05,C관(2공장),[20] 분리,분리36호기,51086.0,42424.0,83.04,1,54000.0,94.6
2026-01-05,C관(2공장),[20] 분리,분리37호기,43106.0,36804.0,85.38,1,54000.0,79.83
2026-01-05,C관(2공장),[20] 분리,분리43호기,31638.0,26276.0,83.05,1,54000.0,58.59
2026-01-05,C관(2공장),[45] 하이드레이션/전면검사,워터배스2-10호기,88307.0,88220.0,99.9,1,120000.0,73.59
2026-01-05,C관(2공장),[45] 하이드레이션/전면검사,워터배스2-11호기,60090.0,60010.0,99.87,1,150000.0,40.06
2026-01-05,C관(2공장),[45] 하이드레이션/전면검사,워터배스2-12호기,56720.0,56600.0,99.79,1,150000.0,37.81
2026-01-05,C관(2공장),[45] 하이드레이션/전면검사,워터배스2-13호기,94479.0,94360.0,99.87,1,150000.0,62.99
2026-01-05,C관(2공장),[45] 하이드레이션/전면검사,워터배스2-14호기,94803.0,94705.0,99.9,1,150000.0,63.2
2026-01-05,C관(2공장),[45] 하이드레이션/전면검사,워터배스2-1호기,63204.0,63145.0,99.91,1,120000.0,52.67
2026-01-05,C관(2공장),[45] 하이드레이션/전면검사,워터배스2-2호기,36715.0,36675.0,99.89,1,120000.0,30.6
2026-01-05,C관(2공장),[45] 하이드레이션/전면검사,워터배스2-3호기,56027.0,55860.0,99.7,1,120000.0,46.69
2026-01-05,C관(2공장),[45] 하이드레이션/전면검사,워터배스2-4호기,74720.0,74650.0,99.91,1,120000.0,62.27
2026-01-05,C관(2공장),[45] 하이드레이션/전면검사,워터배스2-5호기,82979.0,82900.0,99.9,1,120000.0,69.15
2026-01-05,C관(2공장),[45] 하이드레이션/전면검사,워터배스2-7호기,50995.0,50960.0,99.93,1,120000.0,42.5
2026-01-05,C관(2공장),[45] 하이드레이션/전면검사,워터배스2-8호기,87544.0,87465.0,99.91,1,120000.0,72.95
2026-01-05,C관(2공장),[45] 하이드레이션/전면검사,워터배스2-9호기,67179.0,67115.0,99.9,1,120000.0,55.98
2026-01-05,C관(2공장),[55] 접착/ 멸균,검사32호기,29765.0,29380.0,98.71,1,0.0,0.0
2026-01-05,C관(2공장),[55] 접착/ 멸균,검사33호기,16450.0,15745.0,95.71,1,66462.0,24.75
2026-01-05,C관(2공장),[55] 접착/ 멸균,검사34호기,38665.0,37985.0,98.24,1,78546.0,49.23
2026-01-05,C관(2공장),[55] 접착/ 멸균,검사35호기,29305.0,28560.0,97.46,1,78546.0,37.31
2026-01-05,C관(2공장),[55] 접착/ 멸균,검사36호기,50110.0,49640.0,99.06,1,78546.0,63.8
2026-01-05,C관(2공장),[55] 접착/ 멸균,검사37호기,45465.0,45040.0,99.07,1,78546.0,57.88
2026-01-05,C관(2공장),[55] 접착/ 멸균,검사38호기,40145.0,39400.0,98.14,1,78546.0,51.11
2026-01-05,C관(2공장),[55] 접착/ 멸균,검사39호기,16670.0,16320.0,97.9,1,78546.0,21.22
2026-01-05,C관(2공장),[55] 접착/ 멸균,검사40호기,45495.0,44735.0,98.33,1,78546.0,57.92
2026-01-05,C관(2공장),[55] 접착/ 멸균,검사41호기,38320.0,37415.0,97.64,1,78546.0,48.79
2026-01-05,C관(2공장),[55] 접착/ 멸균,검사42호기,46310.0,45670.0,98.62,1,78546.0,58.96
2026-01-05,C관(2공장),[55] 접착/ 멸균,검사43호기,37695.0,37215.0,98.73,1,78546.0,47.99
2026-01-05,C관(2공장),[55] 접착/ 멸균,검사44호기,39830.0,39120.0,98.22,1,78546.0,50.71
2026-01-05,C관(2공장),[55] 접착/ 멸균,검사45호기,22595.0,22120.0,97.9,1,78546.0,28.77
2026-01-05,C관(2공장),[55] 접착/ 멸균,검사46호기,41560.0,41095.0,98.88,1,78546.0,52.91
2026-01-05,C관(2공장),[55] 접착/ 멸균,검사47호기,37750.0,37135.0,98.37,1,78546.0,48.06
2026-01-05,C관(2공장),[55] 접착/ 멸균,검사48호기,34085.0,33435.0,98.09,1,78546.0,43.39
2026-01-05,C관(2공장),[80] 누수/규격검사,누수/규격검사(2공장),445855.0,444005.0,99.59,1,720000.0,61.92
2026-01-05,S관(3공장),[00] 배합,B형 조립중합3호기,2039.0,2039.0,100.0,1,0.0,0.0
2026-01-05,S관(3공장),[10] 사출조립,A형 인라인2호기,13704.0,13704.0,100.0,1,43200.0,31.72
2026-01-05,S관(3공장),[10] 사출조립,A형 인라인3호기,10889.0,10889.0,100.0,1,43200.0,25.21
2026-01-05,S관(3공장),[10] 사출조립,B형 조립중합5호기,16544.0,12690.0,76.7,1,76800.0,21.54
2026-01-05,S관(3공장),[10] 사출조립,B형 조립중합7호기,16632.0,14551.0,87.49,1,76800.0,21.66
2026-01-05,S관(3공장),[20] 분리,B형 분리수화접착4호기,3129.0,1690.0,54.01,1,53170.0,5.88
2026-01-05,S관(3공장),[20] 분리,B형 분리수화접착5호기,19356.0,15792.0,81.59,1,53170.0,36.4
2026-01-05,S관(3공장),[20] 분리,B형 분리수화접착6호기,13222.0,9362.0,70.81,1,53170.0,24.87
2026-01-05,S관(3공장),[20] 분리,B형 분리수화접착7호기,5120.0,2891.0,56.46,1,53170.0,9.63
2026-01-05,S관(3공장),[45] 하이드레이션/전면검사,A형 인라인2호기,26175.0,26082.0,99.64,1,60000.0,43.62
2026-01-05,S관(3공장),[45] 하이드레이션/전면검사,B형 분리수화접착3호기,5303.0,5298.0,99.91,1,60000.0,8.84
2026-01-05,S관(3공장),[45] 하이드레이션/전면검사,B형 분리수화접착4호기,6020.0,6012.0,99.87,1,60000.0,10.03
2026-01-05,S관(3공장),[45] 하이드레이션/전면검사,B형 분리수화접착5호기,7297.0,7282.0,99.79,1,60000.0,12.16
2026-01-05,S관(3공장),[45] 하이드레이션/전면검사,S관 실리콘 자동수화기,37841.0,37798.0,99.89,1,240000.0,15.77
2026-01-05,S관(3공장),[55] 접착/ 멸균,A형 인라인3호기,1829.0,1740.0,95.13,1,54000.0,3.39
2026-01-05,S관(3공장),[55] 접착/ 멸균,A형 인라인4호기,17130.0,16350.0,95.45,1,54000.0,31.72
2026-01-05,S관(3공장),[55] 접착/ 멸균,A형 인라인5호기,5590.0,4900.0,87.66,1,54000.0,10.35
2026-01-05,S관(3공장),[55] 접착/ 멸균,A형 인라인6호기,16540.0,15880.0,96.01,1,54000.0,30.63
2026-01-05,S관(3공장),[80] 누수/규격검사,누수/규격검사(3공장),23920.0,23895.0,99.9,1,100645.0,23.77
2026-01-06,A관(1공장),[00] 배합,조립2호기,1024.0,1024.0,100.0,1,0.0,0.0
2026-01-06,A관(1공장),[00] 배합,조립3호기,2046.0,2046.0,100.0,1,0.0,0.0
2026-01-06,A관(1공장),[00] 배합,조립5호기,2968.52,2968.52,100.0,1,0.0,0.0
2026-01-06,A관(1공장),[00] 배합,조립7호기,1000.0,1000.0,100.0,1,0.0,0.0
2026-01-06,A관(1공장),[10] 사출조립,조립1호기,37555.0,34316.0,91.38,1,43200.0,86.93
2026-01-06,A관(1공장),[10] 사출조립,조립2호기,8767.0,6084.0,69.4,1,43200.0,20.29
2026-01-06,A관(1공장),[10] 사출조립,조립30호기,46388.0,46388.0,100.0,1,86400.0,53.69
2026-01-06,A관(1공장),[10] 사출조립,조립31호기,49836.0,49125.0,98.57,1,86400.0,57.68
2026-01-06,A관(1공장),[10] 사출조립,조립3호기,34888.0,34888.0,100.0,1,43200.0,80.76
2026-01-06,A관(1공장),[10] 사출조립,조립8호기,37606.0,37606.0,100.0,1,43200.0,87.05
2026-01-06,A관(1공장),[20] 분리,분리10호기,10610.0,7152.0,67.41,1,17280.0,61.4
2026-01-06,A관(1공장),[20] 분리,분리14호기,24284.0,22416.0,92.31,1,54000.0,44.97
2026-01-06,A관(1공장),[20] 분리,분리4호기,3924.0,2715.0,69.19,1,17280.0,22.71
2026-01-06,A관(1공장),[20] 분리,분리5호기,3904.0,3665.0,93.88,1,17280.0,22.59
2026-01-06,A관(1공장),[45] 하이드레이션/전면검사,1공장 실리콘수화기,8508.0,8508.0,100.0,1,0.0,0.0
2026-01-06,A관(1공장),[45] 하이드레이션/전면검사,워터배스1-2호기,12081.0,12081.0,100.0,1,30000.0,40.27
2026-01-06,A관(1공장),[45] 하이드레이션/전면검사,워터배스1-3호기,19394.0,19394.0,100.0,1,30000.0,64.65
2026-01-06,A관(1공장),[45] 하이드레이션/전면검사,워터배스1-4호기,12147.0,12147.0,100.0,1,30000.0,40.49
2026-01-06,A관(1공장),[45] 하이드레이션/전면검사,워터배스1-5호기,36427.0,36427.0,100.0,1,150000.0,24.28
2026-01-06,A관(1공장),[45] 하이드레이션/전면검사,워터배스1-6호기,19005.0,19005.0,100.0,1,150000.0,12.67
2026-01-06,A관(1공장),[55] 접착/ 멸균,검사10호기,7378.0,6108.0,82.79,1,13293.0,55.5
2026-01-06,A관(1공장),[55] 접착/ 멸균,검사11호기,9459.0,9215.0,97.42,1,13293.0,71.16
2026-01-06,A관(1공장),[55] 접착/ 멸균,검사14호기,4402.0,3756.0,85.32,1,13293.0,33.12
2026-01-06,A관(1공장),[55] 접착/ 멸균,검사16호기,2995.0,2876.0,96.03,1,13293.0,22.53
2026-01-06,A관(1공장),[55] 접착/ 멸균,검사17호기,4012.0,3546.0,88.38,1,13293.0,30.18
2026-01-06,A관(1공장),[55] 접착/ 멸균,검사18호기,10995.0,10637.0,96.74,1,13293.0,82.71
2026-01-06,A관(1공장),[55] 접착/ 멸균,검사19호기,1215.0,1136.0,93.5,1,13293.0,9.14
2026-01-06,A관(1공장),[55] 접착/ 멸균,검사20호기,10530.0,9600.0,91.17,1,13293.0,79.21
2026-01-06,A관(1공장),[55] 접착/ 멸균,검사22호기,7935.0,7756.0,97.74,1,13293.0,59.69
2026-01-06,A관(1공장),[55] 접착/ 멸균,검사6호기,1404.0,1307.0,93.09,1,13293.0,10.56
2026-01-06,A관(1공장),[55] 접착/ 멸균,검사8호기,8618.0,7781.0,90.29,1,13293.0,64.83
2026-01-06,A관(1공장),[55] 접착/ 멸균,바이알캡핑기,6262.0,5224.0,83.42,1,0.0,0.0
2026-01-06,A관(1공장),[80] 누수/규격검사,누수/규격검사(1공장),50093.0,47033.0,93.89,1,112902.0,44.37
2026-01-06,C관(2공장),[00] 배합,조립13호기,20366.0,20366.0,100.0,1,0.0,0.0
2026-01-06,C관(2공장),[00] 배합,조립22호기,20366.0,20366.0,100.0,1,0.0,0.0
2026-01-06,C관(2공장),[00] 배합,조립26호기,20366.0,20366.0,100.0,1,0.0,0.0
2026-01-06,C관(2공장),[00] 배합,조립40호기,20366.0,20366.0,100.0,1,0.0,0.0
2026-01-06,C관(2공장),[00] 배합,조립47호기,19915.97,19915.97,100.0,1,0.0,0.0
2026-01-06,C관(2공장),[00] 배합,조립52호기,20566.0,20566.0,100.0,1,0.0,0.0
2026-01-06,C관(2공장),[00] 배합,조립55호기,20366.0,20366.0,100.0,1,0.0,0.0
2026-01-06,C관(2공장),[10] 사출조립,조립10호기,41451.0,40875.0,98.61,1,43200.0,95.95
2026-01-06,C관(2공장),[10] 사출조립,조립11호기,32124.0,31372.0,97.66,1,43200.0,74.36
2026-01-06,C관(2공장),[10] 사출조립,조립12호기,42499.0,39338.0,92.56,1,0.0,0.0
2026-01-06,C관(2공장),[10] 사출조립,조립13호기,32978.0,32378.0,98.18,1,0.0,0.0
2026-01-06,C관(2공장),[10] 사출조립,조립16호기,22280.0,18630.0,83.62,1,43200.0,51.57
2026-01-06,C관(2공장),[10] 사출조립,조립17호기,33160.0,31075.0,93.71,1,43200.0,76.76
2026-01-06,C관(2공장),[10] 사출조립,조립22호기,28295.0,24936.0,88.13,1,43200.0,65.5
2026-01-06,C관(2공장),[10] 사출조립,조립24호기,50340.0,45232.0,89.85,1,43200.0,116.53
2026-01-06,C관(2공장),[10] 사출조립,조립25호기,17600.0,13700.0,77.84,1,43200.0,40.74
2026-01-06,C관(2공장),[10] 사출조립,조립26호기,54220.0,52378.0,96.6,1,43200.0,125.51
2026-01-06,C관(2공장),[10] 사출조립,조립27호기,24139.0,20383.0,84.44,1,43200.0,55.88
2026-01-06,C관(2공장),[10] 사출조립,조립40호기,31714.0,30814.0,97.16,1,43200.0,73.41
2026-01-06,C관(2공장),[10] 사출조립,조립41호기,32649.0,31349.0,96.02,1,43200.0,75.58
2026-01-06,C관(2공장),[10] 사출조립,조립44호기,18691.0,18642.0,99.74,1,43200.0,43.27
2026-01-06,C관(2공장),[10] 사출조립,조립45호기,43488.0,41907.0,96.36,1,43200.0,100.67
2026-01-06,C관(2공장),[10] 사출조립,조립46호기,39259.0,37580.0,95.72,1,43200.0,90.88
2026-01-06,C관(2공장),[10] 사출조립,조립49호기,30836.0,30086.0,97.57,1,43200.0,71.38
2026-01-06,C관(2공장),[10] 사출조립,조립50호기,29508.0,29340.0,99.43,1,43200.0,68.31
2026-01-06,C관(2공장),[10] 사출조립,조립52호기,32222.0,32222.0,100.0,1,43200.0,74.59
2026-01-06,C관(2공장),[10] 사출조립,조립53호기,31424.0,28732.0,91.43,1,43200.0,72.74
2026-01-06,C관(2공장),[10] 사출조립,조립54호기,29928.0,29928.0,100.0,1,43200.0,69.28
2026-01-06,C관(2공장),[10] 사출조립,조립56호기,57988.0,51965.0,89.61,1,43200.0,134.23
2026-01-06,C관(2공장),[10] 사출조립,조립57호기,53176.0,45488.0,85.54,1,43200.0,123.09
2026-01-06,C관(2공장),[10] 사출조립,조립58호기,18510.0,18510.0,100.0,1,43200.0,42.85
2026-01-06,C관(2공장),[10] 사출조립,조립59호기,19459.0,14261.0,73.29,1,43200.0,45.04
2026-01-06,C관(2공장),[20] 분리,분리12호기,48538.0,42550.0,87.66,1,0.0,0.0
2026-01-06,C관(2공장),[20] 분리,분리13호기,1584.0,0.0,0.0,1,61715.0,2.57
2026-01-06,C관(2공장),[20] 분리,분리15호기,43763.0,35872.0,81.97,1,0.0,0.0
2026-01-06,C관(2공장),[20] 분리,분리16호기,36291.0,29435.0,81.11,1,61715.0,58.8
2026-01-06,C관(2공장),[20] 분리,분리17호기,38051.0,31820.0,83.62,1,61715.0,61.66
2026-01-06,C관(2공장),[20] 분리,분리18호기,41594.0,35286.0,84.83,1,61715.0,67.4
2026-01-06,C관(2공장),[20] 분리,분리19호기,39303.0,31467.0,80.06,1,61715.0,63.68
2026-01-06,C관(2공장),[20] 분리,분리20호기,41497.0,35625.0,85.85,1,61715.0,67.24
2026-01-06,C관(2공장),[20] 분리,분리21호기,39426.0,34356.0,87.14,1,61715.0,63.88
2026-01-06,C관(2공장),[20] 분리,분리22호기,48844.0,34000.0,69.61,1,61715.0,79.14
2026-01-06,C관(2공장),[20] 분리,분리23호기,42084.0,31742.0,75.43,1,61715.0,68.19
2026-01-06,C관(2공장),[20] 분리,분리24호기,42958.0,36301.0,84.5,1,61715.0,69.61
2026-01-06,C관(2공장),[20] 분리,분리25호기,39632.0,31925.0,80.55,1,61715.0,64.22
2026-01-06,C관(2공장),[20] 분리,분리26호기,41063.0,35159.0,85.62,1,54000.0,76.04
2026-01-06,C관(2공장),[20] 분리,분리27호기,41887.0,34804.0,83.09,1,54000.0,77.57
2026-01-06,C관(2공장),[20] 분리,분리28호기,44202.0,34824.0,78.78,1,54000.0,81.86
2026-01-06,C관(2공장),[20] 분리,분리29호기,40571.0,33249.0,81.95,1,54000.0,75.13
2026-01-06,C관(2공장),[20] 분리,분리30호기,52055.0,46012.0,88.39,1,54000.0,96.4
2026-01-06,C관(2공장),[20] 분리,분리31호기,43721.0,25580.0,58.51,1,54000.0,80.96
2026-01-06,C관(2공장),[20] 분리,분리32호기,48668.0,41534.0,85.34,1,54000.0,90.13
2026-01-06,C관(2공장),[20] 분리,분리33호기,49413.0,44387.0,89.83,1,54000.0,91.51
2026-01-06,C관(2공장),[20] 분리,분리34호기,51198.0,40757.0,79.61,1,54000.0,94.81
2026-01-06,C관(2공장),[20] 분리,분리35호기,45815.0,38566.0,84.18,1,54000.0,84.84
2026-01-06,C관(2공장),[20] 분리,분리36호기,51692.0,39372.0,76.17,1,54000.0,95.73
2026-01-06,C관(2공장),[20] 분리,분리37호기,46233.0,37128.0,80.31,1,54000.0,85.62
2026-01-06,C관(2공장),[20] 분리,분리43호기,41146.0,32759.0,79.62,1,54000.0,76.2
2026-01-06,C관(2공장),[45] 하이드레이션/전면검사,워터배스2-10호기,64632.0,64560.0,99.89,1,120000.0,53.86
2026-01-06,C관(2공장),[45] 하이드레이션/전면검사,워터배스2-11호기,75302.0,75190.0,99.85,1,150000.0,50.2
2026-01-06,C관(2공장),[45] 하이드레이션/전면검사,워터배스2-12호기,40109.0,40055.0,99.87,1,150000.0,26.74
2026-01-06,C관(2공장),[45] 하이드레이션/전면검사,워터배스2-13호기,103691.0,103570.0,99.88,1,150000.0,69.13
2026-01-06,C관(2공장),[45] 하이드레이션/전면검사,워터배스2-14호기,79071.0,78980.0,99.88,1,150000.0,52.71
2026-01-06,C관(2공장),[45] 하이드레이션/전면검사,워터배스2-1호기,93192.0,93105.0,99.91,1,120000.0,77.66
2026-01-06,C관(2공장),[45] 하이드레이션/전면검사,워터배스2-2호기,68297.0,68209.0,99.87,1,120000.0,56.91
2026-01-06,C관(2공장),[45] 하이드레이션/전면검사,워터배스2-3호기,83241.0,83145.0,99.88,1,120000.0,69.37
2026-01-06,C관(2공장),[45] 하이드레이션/전면검사,워터배스2-4호기,50473.0,50395.0,99.85,1,120000.0,42.06
2026-01-06,C관(2공장),[45] 하이드레이션/전면검사,워터배스2-5호기,30729.0,30690.0,99.87,1,120000.0,25.61
2026-01-06,C관(2공장),[45] 하이드레이션/전면검사,워터배스2-7호기,35754.0,35690.0,99.82,1,120000.0,29.8
2026-01-06,C관(2공장),[45] 하이드레이션/전면검사,워터배스2-8호기,51728.0,51685.0,99.92,1,120000.0,43.11
2026-01-06,C관(2공장),[45] 하이드레이션/전면검사,워터배스2-9호기,46118.0,46065.0,99.89,1,120000.0,38.43
2026-01-06,C관(2공장),[55] 접착/ 멸균,검사32호기,18365.0,18115.0,98.64,1,0.0,0.0
2026-01-06,C관(2공장),[55] 접착/ 멸균,검사33호기,10665.0,10515.0,98.59,1,66462.0,16.05
2026-01-06,C관(2공장),[55] 접착/ 멸균,검사34호기,42210.0,41535.0,98.4,1,78546.0,53.74
2026-01-06,C관(2공장),[55] 접착/ 멸균,검사35호기,41335.0,40620.0,98.27,1,78546.0,52.63
2026-01-06,C관(2공장),[55] 접착/ 멸균,검사36호기,49530.0,48900.0,98.73,1,78546.0,63.06
2026-01-06,C관(2공장),[55] 접착/ 멸균,검사37호기,46085.0,45645.0,99.05,1,78546.0,58.67
2026-01-06,C관(2공장),[55] 접착/ 멸균,검사38호기,51505.0,51010.0,99.04,1,78546.0,65.57
2026-01-06,C관(2공장),[55] 접착/ 멸균,검사39호기,43310.0,42805.0,98.83,1,78546.0,55.14
2026-01-06,C관(2공장),[55] 접착/ 멸균,검사40호기,47100.0,46625.0,98.99,1,78546.0,59.96
2026-01-06,C관(2공장),[55] 접착/ 멸균,검사41호기,47935.0,47170.0,98.4,1,78546.0,61.03
2026-01-06,C관(2공장),[55] 접착/ 멸균,검사42호기,47935.0,47335.0,98.75,1,78546.0,61.03
2026-01-06,C관(2공장),[55] 접착/ 멸균,검사43호기,43090.0,42625.0,98.92,1,78546.0,54.86
2026-01-06,C관(2공장),[55] 접착/ 멸균,검사44호기,48735.0,47485.0,97.44,1,78546.0,62.05
2026-01-06,C관(2공장),[55] 접착/ 멸균,검사45호기,41065.0,40545.0,98.73,1,78546.0,52.28
2026-01-06,C관(2공장),[55] 접착/ 멸균,검사46호기,38180.0,37665.0,98.65,1,78546.0,48.61
2026-01-06,C관(2공장),[55] 접착/ 멸균,검사47호기,49265.0,48370.0,98.18,1,78546.0,62.72
2026-01-06,C관(2공장),[55] 접착/ 멸균,검사48호기,52785.0,52210.0,98.91,1,78546.0,67.2
2026-01-06,C관(2공장),[80] 누수/규격검사,누수/규격검사(2공장),677955.0,675205.0,99.59,1,720000.0,94.16
2026-01-06,S관(3공장),[00] 배합,A형 인라인2호기,4999.0,4999.0,100.0,1,0.0,0.0
2026-01-06,S관(3공장),[00] 배합,A형 인라인5호기,2000.0,2000.0,100.0,1,0.0,0.0
2026-01-06,S관(3공장),[10] 사출조립,A형 인라인1호기,2677.0,2677.0,100.0,1,43200.0,6.2
2026-01-06,S관(3공장),[10] 사출조립,A형 인라인2호기,20732.0,20732.0,100.0,1,43200.0,47.99
2026-01-06,S관(3공장),[10] 사출조립,A형 인라인3호기,22061.0,22061.0,100.0,1,43200.0,51.07
2026-01-06,S관(3공장),[10] 사출조립,A형 인라인5호기,16474.0,16452.0,99.87,1,43200.0,38.13
2026-01-06,S관(3공장),[10] 사출조립,A형 인라인6호기,6000.0,6000.0,100.0,1,43200.0,13.89
2026-01-06,S관(3공장),[10] 사출조립,B형 조립중합5호기,32632.0,20705.0,63.45,1,76800.0,42.49
2026-01-06,S관(3공장),[10] 사출조립,B형 조립중합7호기,33128.0,24235.0,73.16,1,76800.0,43.14
2026-01-06,S관(3공장),[20] 분리,A형 인라인1호기,2677.0,2000.0,74.71,1,43200.0,6.2
2026-01-06,S관(3공장),[20] 분리,A형 인라인2호기,12377.0,11215.0,90.61,1,43200.0,28.65
2026-01-06,S관(3공장),[20] 분리,A형 인라인3호기,16898.0,14984.0,88.67,1,43200.0,39.12
2026-01-06,S관(3공장),[20] 분리,A형 인라인6호기,6000.0,6000.0,100.0,1,43200.0,13.89
2026-01-06,S관(3공장),[20] 분리,B형 분리수화접착3호기,4377.0,2993.0,68.38,1,53170.0,8.23
2026-01-06,S관(3공장),[20] 분리,B형 분리수화접착4호기,10298.0,6850.0,66.52,1,53170.0,19.37
2026-01-06,S관(3공장),[20] 분리,B형 분리수화접착5호기,8727.0,6818.0,78.13,1,53170.0,16.41
2026-01-06,S관(3공장),[20] 분리,B형 분리수화접착6호기,13013.0,8618.0,66.23,1,53170.0,24.47
2026-01-06,S관(3공장),[20] 분리,B형 분리수화접착7호기,13118.0,7426.0,56.61,1,53170.0,24.67
2026-01-06,S관(3공장),[20] 분리,B형 분리수화접착8호기,20216.0,12259.0,60.64,1,53170.0,38.02
2026-01-06,S관(3공장),[45] 하이드레이션/전면검사,A형 인라인2호기,16434.0,16387.0,99.71,1,60000.0,27.39
2026-01-06,S관(3공장),[45] 하이드레이션/전면검사,B형 분리수화접착4호기,18968.0,18871.0,99.49,1,60000.0,31.61
2026-01-06,S관(3공장),[45] 하이드레이션/전면검사,B형 분리수화접착5호기,22809.0,22712.0,99.57,1,60000.0,38.02
2026-01-06,S관(3공장),[45] 하이드레이션/전면검사,S관 실리콘 자동수화기,113135.0,112781.0,99.69,1,240000.0,47.14
2026-01-06,S관(3공장),[55] 접착/ 멸균,A형 인라인1호기,10054.0,9695.0,96.43,1,54000.0,18.62
2026-01-06,S관(3공장),[55] 접착/ 멸균,A형 인라인3호기,26848.0,21345.0,79.5,1,54000.0,49.72
2026-01-06,S관(3공장),[55] 접착/ 멸균,A형 인라인4호기,33756.0,32140.0,95.21,1,54000.0,62.51
2026-01-06,S관(3공장),[55] 접착/ 멸균,A형 인라인5호기,8400.0,8155.0,97.08,1,54000.0,15.56
2026-01-06,S관(3공장),[55] 접착/ 멸균,A형 인라인6호기,36991.0,30820.0,83.32,1,54000.0,68.5
2026-01-06,S관(3공장),[80] 누수/규격검사,누수/규격검사(3공장),75570.0,75320.0,99.67,1,100645.0,75.09
2026-01-07,A관(1공장),[00] 배합,조립1호기,5132.469999999999,5132.469999999999,100.0,1,0.0,0.0
2026-01-07,A관(1공장),[00] 배합,조립2호기,1024.0,1024.0,100.0,1,0.0,0.0
2026-01-07,A관(1공장),[00] 배합,조립3호기,3064.0,3064.0,100.0,1,0.0,0.0
2026-01-07,A관(1공장),[00] 배합,조립7호기,3000.0,3000.0,100.0,1,0.0,0.0
2026-01-07,A관(1공장),[00] 배합,조립8호기,20000.0,20000.0,100.0,1,0.0,0.0
2026-01-07,A관(1공장),[10] 사출조립,조립1호기,30983.0,30983.0,100.0,1,43200.0,71.72
2026-01-07,A관(1공장),[10] 사출조립,조립2호기,22735.0,21130.0,92.94,1,43200.0,52.63
2026-01-07,A관(1공장),[10] 사출조립,조립30호기,50099.0,50099.0,100.0,1,86400.0,57.98
2026-01-07,A관(1공장),[10] 사출조립,조립31호기,100294.0,99798.0,99.51,1,86400.0,116.08
2026-01-07,A관(1공장),[10] 사출조립,조립3호기,35048.0,34668.0,98.92,1,43200.0,81.13
2026-01-07,A관(1공장),[10] 사출조립,조립8호기,42594.0,42594.0,100.0,1,43200.0,98.6
2026-01-07,A관(1공장),[20] 분리,분리10호기,13935.0,10672.0,76.58,1,17280.0,80.64
2026-01-07,A관(1공장),[20] 분리,분리14호기,38147.0,34244.0,89.77,1,54000.0,70.64
2026-01-07,A관(1공장),[20] 분리,분리3호기,6148.0,2755.0,44.81,1,17280.0,35.58
2026-01-07,A관(1공장),[45] 하이드레이션/전면검사,1공장 실리콘수화기,22425.0,22425.0,100.0,1,0.0,0.0
2026-01-07,A관(1공장),[45] 하이드레이션/전면검사,워터배스1-2호기,5772.0,5772.0,100.0,1,30000.0,19.24
2026-01-07,A관(1공장),[45] 하이드레이션/전면검사,워터배스1-3호기,6967.0,6967.0,100.0,1,30000.0,23.22
2026-01-07,A관(1공장),[45] 하이드레이션/전면검사,워터배스1-4호기,8209.0,8209.0,100.0,1,30000.0,27.36
2026-01-07,A관(1공장),[45] 하이드레이션/전면검사,워터배스1-5호기,21284.0,21284.0,100.0,1,150000.0,14.19
2026-01-07,A관(1공장),[45] 하이드레이션/전면검사,워터배스1-6호기,36185.0,36185.0,100.0,1,150000.0,24.12
2026-01-07,A관(1공장),[55] 접착/ 멸균,검사10호기,8122.0,6715.0,82.68,1,13293.0,61.1
2026-01-07,A관(1공장),[55] 접착/ 멸균,검사11호기,9420.0,8869.0,94.15,1,13293.0,70.86
2026-01-07,A관(1공장),[55] 접착/ 멸균,검사14호기,9260.0,9008.0,97.28,1,13293.0,69.66
2026-01-07,A관(1공장),[55] 접착/ 멸균,검사16호기,4210.0,3750.0,89.07,1,13293.0,31.67
2026-01-07,A관(1공장),[55] 접착/ 멸균,검사17호기,3602.0,3264.0,90.62,1,13293.0,27.1
2026-01-07,A관(1공장),[55] 접착/ 멸균,검사18호기,5581.0,4644.0,83.21,1,13293.0,41.98
2026-01-07,A관(1공장),[55] 접착/ 멸균,검사19호기,4471.0,4194.0,93.8,1,13293.0,33.63
2026-01-07,A관(1공장),[55] 접착/ 멸균,검사20호기,11138.0,10598.0,95.15,1,13293.0,83.79
2026-01-07,A관(1공장),[55] 접착/ 멸균,검사22호기,15254.0,14831.0,97.23,1,13293.0,114.75
2026-01-07,A관(1공장),[55] 접착/ 멸균,검사6호기,4213.0,2327.0,55.23,1,13293.0,31.69
2026-01-07,A관(1공장),[55] 접착/ 멸균,검사8호기,7794.0,7126.0,91.43,1,13293.0,58.63
2026-01-07,A관(1공장),[55] 접착/ 멸균,바이알캡핑기,7951.0,7467.0,93.91,1,0.0,0.0
2026-01-07,A관(1공장),[80] 누수/규격검사,누수/규격검사(1공장),53895.0,50685.0,94.04,1,112902.0,47.74
2026-01-07,C관(2공장),[00] 배합,조립22호기,20365.87,20365.87,100.0,1,0.0,0.0
2026-01-07,C관(2공장),[00] 배합,조립40호기,20365.88,20365.88,100.0,1,0.0,0.0
2026-01-07,C관(2공장),[00] 배합,조립51호기,19916.0,19916.0,100.0,1,0.0,0.0
2026-01-07,C관(2공장),[00] 배합,조립56호기,19916.0,19916.0,100.0,1,0.0,0.0
2026-01-07,C관(2공장),[00] 배합,조립58호기,19915.83,19915.83,100.0,1,0.0,0.0
2026-01-07,C관(2공장),[10] 사출조립,조립11호기,61173.0,60650.0,99.15,1,43200.0,141.6
2026-01-07,C관(2공장),[10] 사출조립,조립12호기,54924.0,53823.0,98.0,1,0.0,0.0
2026-01-07,C관(2공장),[10] 사출조립,조립13호기,17199.0,15299.0,88.95,1,0.0,0.0
2026-01-07,C관(2공장),[10] 사출조립,조립16호기,13975.0,13891.0,99.4,1,43200.0,32.35
2026-01-07,C관(2공장),[10] 사출조립,조립17호기,57412.0,55779.0,97.16,1,43200.0,132.9
2026-01-07,C관(2공장),[10] 사출조립,조립24호기,26055.0,24245.0,93.05,1,43200.0,60.31
2026-01-07,C관(2공장),[10] 사출조립,조립25호기,17393.0,15893.0,91.38,1,43200.0,40.26
2026-01-07,C관(2공장),[10] 사출조립,조립26호기,35694.0,30270.0,84.8,1,43200.0,82.62
2026-01-07,C관(2공장),[10] 사출조립,조립27호기,17357.0,16747.0,96.49,1,43200.0,40.18
2026-01-07,C관(2공장),[10] 사출조립,조립40호기,54998.0,54324.0,98.77,1,43200.0,127.31
2026-01-07,C관(2공장),[10] 사출조립,조립41호기,33668.0,29983.0,89.05,1,43200.0,77.94
2026-01-07,C관(2공장),[10] 사출조립,조립44호기,69122.0,68076.0,98.49,1,43200.0,160.0
2026-01-07,C관(2공장),[10] 사출조립,조립45호기,21291.0,16957.0,79.64,1,43200.0,49.28
2026-01-07,C관(2공장),[10] 사출조립,조립46호기,12527.0,10332.0,82.48,1,43200.0,29.0
2026-01-07,C관(2공장),[10] 사출조립,조립47호기,31373.0,26952.0,85.91,1,43200.0,72.62
2026-01-07,C관(2공장),[10] 사출조립,조립48호기,32181.0,28745.0,89.32,1,43200.0,74.49
2026-01-07,C관(2공장),[10] 사출조립,조립49호기,22300.0,19633.0,88.04,1,43200.0,51.62
2026-01-07,C관(2공장),[10] 사출조립,조립50호기,29193.0,29118.0,99.74,1,43200.0,67.58
2026-01-07,C관(2공장),[10] 사출조립,조립51호기,26611.0,23917.0,89.88,1,43200.0,61.6
2026-01-07,C관(2공장),[10] 사출조립,조립52호기,54731.0,54592.0,99.75,1,43200.0,126.69
2026-01-07,C관(2공장),[10] 사출조립,조립53호기,55574.0,54337.0,97.77,1,43200.0,128.64
2026-01-07,C관(2공장),[10] 사출조립,조립54호기,30925.0,29555.0,95.57,1,43200.0,71.59
2026-01-07,C관(2공장),[10] 사출조립,조립55호기,15265.0,9292.0,60.87,1,43200.0,35.34
2026-01-07,C관(2공장),[10] 사출조립,조립57호기,29982.0,29025.0,96.81,1,43200.0,69.4
2026-01-07,C관(2공장),[10] 사출조립,조립59호기,25267.0,18385.0,72.76,1,43200.0,58.49
2026-01-07,C관(2공장),[20] 분리,분리12호기,45519.0,38987.0,85.65,1,0.0,0.0
2026-01-07,C관(2공장),[20] 분리,분리13호기,617.0,0.0,0.0,1,61715.0,1.0
2026-01-07,C관(2공장),[20] 분리,분리15호기,45951.0,38702.0,84.22,1,0.0,0.0
2026-01-07,C관(2공장),[20] 분리,분리16호기,41894.0,33906.0,80.93,1,61715.0,67.88
2026-01-07,C관(2공장),[20] 분리,분리17호기,36028.0,31130.0,86.41,1,61715.0,58.38
2026-01-07,C관(2공장),[20] 분리,분리18호기,43529.0,36024.0,82.76,1,61715.0,70.53
2026-01-07,C관(2공장),[20] 분리,분리19호기,41639.0,34134.0,81.98,1,61715.0,67.47
2026-01-07,C관(2공장),[20] 분리,분리20호기,43060.0,37679.0,87.5,1,61715.0,69.77
2026-01-07,C관(2공장),[20] 분리,분리21호기,46243.0,41982.0,90.79,1,61715.0,74.93
2026-01-07,C관(2공장),[20] 분리,분리22호기,48326.0,37272.0,77.13,1,61715.0,78.31
2026-01-07,C관(2공장),[20] 분리,분리23호기,43771.0,34319.0,78.41,1,61715.0,70.92
2026-01-07,C관(2공장),[20] 분리,분리24호기,35196.0,30514.0,86.7,1,61715.0,57.03
2026-01-07,C관(2공장),[20] 분리,분리25호기,43067.0,35056.0,81.4,1,61715.0,69.78
2026-01-07,C관(2공장),[20] 분리,분리26호기,46529.0,39578.0,85.06,1,54000.0,86.16
2026-01-07,C관(2공장),[20] 분리,분리27호기,39266.0,31572.0,80.41,1,54000.0,72.71
2026-01-07,C관(2공장),[20] 분리,분리28호기,37308.0,29986.0,80.37,1,54000.0,69.09
2026-01-07,C관(2공장),[20] 분리,분리29호기,46381.0,38428.0,82.85,1,54000.0,85.89
2026-01-07,C관(2공장),[20] 분리,분리30호기,57329.0,50309.0,87.75,1,54000.0,106.16
2026-01-07,C관(2공장),[20] 분리,분리31호기,47024.0,35449.0,75.38,1,54000.0,87.08
2026-01-07,C관(2공장),[20] 분리,분리32호기,50118.0,41210.0,82.23,1,54000.0,92.81
2026-01-07,C관(2공장),[20] 분리,분리33호기,49231.0,44534.0,90.46,1,54000.0,91.17
2026-01-07,C관(2공장),[20] 분리,분리34호기,47314.0,35561.0,75.16,1,54000.0,87.62
2026-01-07,C관(2공장),[20] 분리,분리35호기,33208.0,28186.0,84.88,1,54000.0,61.5
2026-01-07,C관(2공장),[20] 분리,분리36호기,47147.0,37099.0,78.69,1,54000.0,87.31
2026-01-07,C관(2공장),[20] 분리,분리37호기,45628.0,35834.0,78.54,1,54000.0,84.5
2026-01-07,C관(2공장),[20] 분리,분리43호기,42994.0,35425.0,82.4,1,54000.0,79.62
2026-01-07,C관(2공장),[45] 하이드레이션/전면검사,워터배스2-10호기,72260.0,72200.0,99.92,1,120000.0,60.22
2026-01-07,C관(2공장),[45] 하이드레이션/전면검사,워터배스2-11호기,107775.0,107645.0,99.88,1,150000.0,71.85
2026-01-07,C관(2공장),[45] 하이드레이션/전면검사,워터배스2-12호기,18204.0,18185.0,99.9,1,150000.0,12.14
2026-01-07,C관(2공장),[45] 하이드레이션/전면검사,워터배스2-13호기,78815.0,78705.0,99.86,1,150000.0,52.54
2026-01-07,C관(2공장),[45] 하이드레이션/전면검사,워터배스2-14호기,53507.0,53440.0,99.87,1,150000.0,35.67
2026-01-07,C관(2공장),[45] 하이드레이션/전면검사,워터배스2-1호기,71752.0,71705.0,99.93,1,120000.0,59.79
2026-01-07,C관(2공장),[45] 하이드레이션/전면검사,워터배스2-2호기,22593.0,22560.0,99.85,1,120000.0,18.83
2026-01-07,C관(2공장),[45] 하이드레이션/전면검사,워터배스2-3호기,100138.0,100030.0,99.89,1,120000.0,83.45
2026-01-07,C관(2공장),[45] 하이드레이션/전면검사,워터배스2-4호기,95522.0,95440.0,99.91,1,120000.0,79.6
2026-01-07,C관(2공장),[45] 하이드레이션/전면검사,워터배스2-5호기,74517.0,74385.0,99.82,1,120000.0,62.1
2026-01-07,C관(2공장),[45] 하이드레이션/전면검사,워터배스2-7호기,58623.0,58585.0,99.94,1,120000.0,48.85
2026-01-07,C관(2공장),[45] 하이드레이션/전면검사,워터배스2-8호기,52129.0,52085.0,99.92,1,120000.0,43.44
2026-01-07,C관(2공장),[45] 하이드레이션/전면검사,워터배스2-9호기,58693.0,58645.0,99.92,1,120000.0,48.91
2026-01-07,C관(2공장),[55] 접착/ 멸균,검사32호기,11035.0,10650.0,96.51,1,0.0,0.0
2026-01-07,C관(2공장),[55] 접착/ 멸균,검사33호기,9095.0,8370.0,92.03,1,66462.0,13.68
2026-01-07,C관(2공장),[55] 접착/ 멸균,검사34호기,52145.0,49605.0,95.13,1,78546.0,66.39
2026-01-07,C관(2공장),[55] 접착/ 멸균,검사35호기,48260.0,47285.0,97.98,1,78546.0,61.44
2026-01-07,C관(2공장),[55] 접착/ 멸균,검사36호기,57975.0,56930.0,98.2,1,78546.0,73.81
2026-01-07,C관(2공장),[55] 접착/ 멸균,검사37호기,56145.0,55595.0,99.02,1,78546.0,71.48
2026-01-07,C관(2공장),[55] 접착/ 멸균,검사38호기,52810.0,51995.0,98.46,1,78546.0,67.23
2026-01-07,C관(2공장),[55] 접착/ 멸균,검사39호기,47404.0,46850.0,98.83,1,78546.0,60.35
2026-01-07,C관(2공장),[55] 접착/ 멸균,검사40호기,55825.0,55170.0,98.83,1,78546.0,71.07
2026-01-07,C관(2공장),[55] 접착/ 멸균,검사41호기,49870.0,48745.0,97.74,1,78546.0,63.49
2026-01-07,C관(2공장),[55] 접착/ 멸균,검사42호기,59620.0,58660.0,98.39,1,78546.0,75.9
2026-01-07,C관(2공장),[55] 접착/ 멸균,검사43호기,44070.0,43280.0,98.21,1,78546.0,56.11
2026-01-07,C관(2공장),[55] 접착/ 멸균,검사44호기,52225.0,51350.0,98.32,1,78546.0,66.49
2026-01-07,C관(2공장),[55] 접착/ 멸균,검사45호기,43720.0,43090.0,98.56,1,78546.0,55.66
2026-01-07,C관(2공장),[55] 접착/ 멸균,검사46호기,46545.0,45875.0,98.56,1,78546.0,59.26
2026-01-07,C관(2공장),[55] 접착/ 멸균,검사47호기,49200.0,48415.0,98.4,1,78546.0,62.64
2026-01-07,C관(2공장),[55] 접착/ 멸균,검사48호기,45090.0,44370.0,98.4,1,78546.0,57.41
2026-01-07,C관(2공장),[80] 누수/규격검사,누수/규격검사(2공장),729810.0,722370.0,98.98,1,720000.0,101.36
2026-01-07,S관(3공장),[00] 배합,A형 인라인2호기,1999.6,1999.6,100.0,1,0.0,0.0
2026-01-07,S관(3공장),[00] 배합,A형 인라인5호기,1999.92,1999.92,100.0,1,0.0,0.0
2026-01-07,S관(3공장),[00] 배합,B형 조립중합5호기,5940.0,5940.0,100.0,1,0.0,0.0
2026-01-07,S관(3공장),[10] 사출조립,A형 인라인1호기,26161.0,26130.0,99.88,1,43200.0,60.56
2026-01-07,S관(3공장),[10] 사출조립,A형 인라인3호기,22653.0,22653.0,100.0,1,43200.0,52.44
2026-01-07,S관(3공장),[10] 사출조립,A형 인라인5호기,41417.0,41077.0,99.18,1,43200.0,95.87
2026-01-07,S관(3공장),[10] 사출조립,B형 조립중합5호기,47712.0,31749.0,66.54,1,76800.0,62.12
2026-01-07,S관(3공장),[10] 사출조립,B형 조립중합7호기,50672.0,45324.0,89.45,1,76800.0,65.98
2026-01-07,S관(3공장),[20] 분리,A형 인라인3호기,16597.0,14965.0,90.17,1,43200.0,38.42
2026-01-07,S관(3공장),[20] 분리,B형 분리수화접착1호기,11193.0,8701.0,77.74,1,53170.0,21.05
2026-01-07,S관(3공장),[20] 분리,B형 분리수화접착2호기,758.0,474.0,62.53,1,53170.0,1.43
2026-01-07,S관(3공장),[20] 분리,B형 분리수화접착3호기,4297.0,2739.0,63.74,1,53170.0,8.08
2026-01-07,S관(3공장),[20] 분리,B형 분리수화접착4호기,3214.0,2098.0,65.28,1,53170.0,6.04
2026-01-07,S관(3공장),[20] 분리,B형 분리수화접착5호기,30365.0,23091.0,76.04,1,53170.0,57.11
2026-01-07,S관(3공장),[20] 분리,B형 분리수화접착6호기,20133.0,13938.0,69.23,1,53170.0,37.87
2026-01-07,S관(3공장),[20] 분리,B형 분리수화접착7호기,3268.0,2021.0,61.84,1,53170.0,6.15
2026-01-07,S관(3공장),[20] 분리,B형 분리수화접착8호기,21368.0,14818.0,69.35,1,53170.0,40.19
2026-01-07,S관(3공장),[20] 분리,CAM분리4호기,11188.0,8890.0,79.46,1,39273.0,28.49
2026-01-07,S관(3공장),[45] 하이드레이션/전면검사,A형 인라인2호기,20306.0,20272.0,99.83,1,60000.0,33.84
2026-01-07,S관(3공장),[45] 하이드레이션/전면검사,B형 분리수화접착4호기,9503.0,9435.0,99.28,1,60000.0,15.84
2026-01-07,S관(3공장),[45] 하이드레이션/전면검사,B형 분리수화접착5호기,7756.0,7733.0,99.7,1,60000.0,12.93
2026-01-07,S관(3공장),[45] 하이드레이션/전면검사,S관 실리콘 자동수화기,100496.0,100099.0,99.6,1,240000.0,41.87
2026-01-07,S관(3공장),[55] 접착/ 멸균,A형 인라인2호기,13098.0,12700.0,96.96,1,54000.0,24.26
2026-01-07,S관(3공장),[55] 접착/ 멸균,A형 인라인3호기,43681.0,42740.0,97.85,1,54000.0,80.89
2026-01-07,S관(3공장),[55] 접착/ 멸균,A형 인라인4호기,36463.0,33210.0,91.08,1,54000.0,67.52
2026-01-07,S관(3공장),[55] 접착/ 멸균,A형 인라인5호기,32759.0,31560.0,96.34,1,54000.0,60.66
2026-01-07,S관(3공장),[55] 접착/ 멸균,A형 인라인6호기,22762.0,21765.0,95.62,1,54000.0,42.15
2026-01-07,S관(3공장),[80] 누수/규격검사,누수/규격검사(3공장),159105.0,158800.0,99.81,1,100645.0,158.09
2026-01-08,A관(1공장),[00] 배합,조립1호기,2046.0,2046.0,100.0,1,0.0,0.0
2026-01-08,A관(1공장),[00] 배합,조립2호기,1021.0,1021.0,100.0,1,0.0,0.0
2026-01-08,A관(1공장),[00] 배합,조립4호기,3000.0,3000.0,100.0,1,0.0,0.0
2026-01-08,A관(1공장),[00] 배합,조립6호기,4000.0,4000.0,100.0,1,0.0,0.0
2026-01-08,A관(1공장),[00] 배합,조립7호기,1000.0,1000.0,100.0,1,0.0,0.0
2026-01-08,A관(1공장),[00] 배합,조립8호기,15000.0,15000.0,100.0,1,0.0,0.0
2026-01-08,A관(1공장),[10] 사출조립,조립1호기,34055.0,34055.0,100.0,1,43200.0,78.83
2026-01-08,A관(1공장),[10] 사출조립,조립2호기,21771.0,20719.0,95.17,1,43200.0,50.4
2026-01-08,A관(1공장),[10] 사출조립,조립30호기,91622.0,90510.0,98.79,1,86400.0,106.04
2026-01-08,A관(1공장),[10] 사출조립,조립31호기,52933.0,52933.0,100.0,1,86400.0,61.27
2026-01-08,A관(1공장),[10] 사출조립,조립3호기,37797.0,37289.0,98.66,1,43200.0,87.49
2026-01-08,A관(1공장),[10] 사출조립,조립8호기,42283.0,42283.0,100.0,1,43200.0,97.88
2026-01-08,A관(1공장),[20] 분리,분리10호기,15281.0,12241.0,80.11,1,17280.0,88.43
2026-01-08,A관(1공장),[20] 분리,분리14호기,34949.0,30244.0,86.54,1,54000.0,64.72
2026-01-08,A관(1공장),[20] 분리,분리3호기,2338.0,2163.0,92.51,1,17280.0,13.53
2026-01-08,A관(1공장),[20] 분리,분리5호기,15668.0,13915.0,88.81,1,17280.0,90.67
2026-01-08,A관(1공장),[45] 하이드레이션/전면검사,워터배스1-2호기,9349.0,9349.0,100.0,1,30000.0,31.16
2026-01-08,A관(1공장),[45] 하이드레이션/전면검사,워터배스1-3호기,24041.0,23934.0,99.55,1,30000.0,80.14
2026-01-08,A관(1공장),[45] 하이드레이션/전면검사,워터배스1-4호기,13735.0,13735.0,100.0,1,30000.0,45.78
2026-01-08,A관(1공장),[45] 하이드레이션/전면검사,워터배스1-5호기,28858.0,28858.0,100.0,1,150000.0,19.24
2026-01-08,A관(1공장),[45] 하이드레이션/전면검사,워터배스1-6호기,10350.0,10350.0,100.0,1,150000.0,6.9
2026-01-08,A관(1공장),[55] 접착/ 멸균,검사10호기,2134.0,1928.0,90.35,1,13293.0,16.05
2026-01-08,A관(1공장),[55] 접착/ 멸균,검사11호기,7402.0,6590.0,89.03,1,13293.0,55.68
2026-01-08,A관(1공장),[55] 접착/ 멸균,검사14호기,4740.0,4591.0,96.86,1,13293.0,35.66
2026-01-08,A관(1공장),[55] 접착/ 멸균,검사15호기,3122.0,3122.0,100.0,1,13293.0,23.49
2026-01-08,A관(1공장),[55] 접착/ 멸균,검사16호기,9267.0,9000.0,97.12,1,13293.0,69.71
2026-01-08,A관(1공장),[55] 접착/ 멸균,검사17호기,4159.0,3432.0,82.52,1,13293.0,31.29
2026-01-08,A관(1공장),[55] 접착/ 멸균,검사18호기,10077.0,9449.0,93.77,1,13293.0,75.81
2026-01-08,A관(1공장),[55] 접착/ 멸균,검사19호기,4947.0,4742.0,95.86,1,13293.0,37.22
2026-01-08,A관(1공장),[55] 접착/ 멸균,검사20호기,12973.0,11828.0,91.17,1,13293.0,97.59
2026-01-08,A관(1공장),[55] 접착/ 멸균,검사22호기,5392.0,5199.0,96.42,1,13293.0,40.56
2026-01-08,A관(1공장),[55] 접착/ 멸균,검사23호기,1874.0,1856.0,99.04,1,13293.0,14.1
2026-01-08,A관(1공장),[55] 접착/ 멸균,검사6호기,2977.0,2862.0,96.14,1,13293.0,22.4
2026-01-08,A관(1공장),[55] 접착/ 멸균,검사8호기,10140.0,8784.0,86.63,1,13293.0,76.28
2026-01-08,A관(1공장),[55] 접착/ 멸균,바이알캡핑기,6916.0,6190.0,89.5,1,0.0,0.0
2026-01-08,A관(1공장),[80] 누수/규격검사,누수/규격검사(1공장),65421.0,62354.0,95.31,1,112902.0,57.94
2026-01-08,C관(2공장),[00] 배합,조립12호기,20366.0,20366.0,100.0,1,0.0,0.0
2026-01-08,C관(2공장),[00] 배합,조립16호기,20366.0,20366.0,100.0,1,0.0,0.0
2026-01-08,C관(2공장),[00] 배합,조립46호기,20407.0,20407.0,100.0,1,0.0,0.0
2026-01-08,C관(2공장),[00] 배합,조립57호기,20366.0,20366.0,100.0,1,0.0,0.0
2026-01-08,C관(2공장),[10] 사출조립,조립10호기,25371.0,23315.0,91.9,1,43200.0,58.73
2026-01-08,C관(2공장),[10] 사출조립,조립11호기,15358.0,10515.0,68.47,1,43200.0,35.55
2026-01-08,C관(2공장),[10] 사출조립,조립12호기,32374.0,32226.0,99.54,1,0.0,0.0
2026-01-08,C관(2공장),[10] 사출조립,조립13호기,58055.0,49369.0,85.04,1,0.0,0.0
2026-01-08,C관(2공장),[10] 사출조립,조립16호기,47374.0,42890.0,90.53,1,43200.0,109.66
2026-01-08,C관(2공장),[10] 사출조립,조립17호기,50189.0,46869.0,93.39,1,43200.0,116.18
2026-01-08,C관(2공장),[10] 사출조립,조립22호기,30357.0,26824.0,88.36,1,43200.0,70.27
2026-01-08,C관(2공장),[10] 사출조립,조립24호기,28941.0,26900.0,92.95,1,43200.0,66.99
2026-01-08,C관(2공장),[10] 사출조립,조립25호기,20598.0,16570.0,80.44,1,43200.0,47.68
2026-01-08,C관(2공장),[10] 사출조립,조립26호기,19205.0,15836.0,82.46,1,43200.0,44.46
2026-01-08,C관(2공장),[10] 사출조립,조립27호기,23422.0,23422.0,100.0,1,43200.0,54.22
2026-01-08,C관(2공장),[10] 사출조립,조립40호기,29317.0,24980.0,85.21,1,43200.0,67.86
2026-01-08,C관(2공장),[10] 사출조립,조립41호기,32767.0,32015.0,97.71,1,43200.0,75.85
2026-01-08,C관(2공장),[10] 사출조립,조립44호기,26865.0,25753.0,95.86,1,43200.0,62.19
2026-01-08,C관(2공장),[10] 사출조립,조립45호기,43745.0,37647.0,86.06,1,43200.0,101.26
2026-01-08,C관(2공장),[10] 사출조립,조립46호기,22829.0,22716.0,99.51,1,43200.0,52.84
2026-01-08,C관(2공장),[10] 사출조립,조립47호기,46202.0,40041.0,86.67,1,43200.0,106.95
2026-01-08,C관(2공장),[10] 사출조립,조립48호기,62461.0,57705.0,92.39,1,43200.0,144.59
2026-01-08,C관(2공장),[10] 사출조립,조립49호기,42513.0,36454.0,85.75,1,43200.0,98.41
2026-01-08,C관(2공장),[10] 사출조립,조립50호기,25792.0,25728.0,99.75,1,43200.0,59.7
2026-01-08,C관(2공장),[10] 사출조립,조립52호기,29970.0,28718.0,95.82,1,43200.0,69.38
2026-01-08,C관(2공장),[10] 사출조립,조립53호기,30169.0,29161.0,96.66,1,43200.0,69.84
2026-01-08,C관(2공장),[10] 사출조립,조립54호기,44750.0,39819.0,88.98,1,43200.0,103.59
2026-01-08,C관(2공장),[10] 사출조립,조립55호기,16619.0,9696.0,58.34,1,43200.0,38.47
2026-01-08,C관(2공장),[10] 사출조립,조립56호기,42794.0,34949.0,81.67,1,43200.0,99.06
2026-01-08,C관(2공장),[10] 사출조립,조립57호기,29702.0,28026.0,94.36,1,43200.0,68.75
2026-01-08,C관(2공장),[10] 사출조립,조립58호기,25274.0,23956.0,94.79,1,43200.0,58.5
2026-01-08,C관(2공장),[10] 사출조립,조립59호기,31839.0,27076.0,85.04,1,43200.0,73.7
2026-01-08,C관(2공장),[20] 분리,분리12호기,23551.0,18483.0,78.48,1,0.0,0.0
2026-01-08,C관(2공장),[20] 분리,분리13호기,762.0,0.0,0.0,1,61715.0,1.23
2026-01-08,C관(2공장),[20] 분리,분리15호기,24256.0,20195.0,83.26,1,0.0,0.0
2026-01-08,C관(2공장),[20] 분리,분리16호기,43470.0,36697.0,84.42,1,61715.0,70.44
2026-01-08,C관(2공장),[20] 분리,분리17호기,40904.0,35325.0,86.36,1,61715.0,66.28
2026-01-08,C관(2공장),[20] 분리,분리18호기,46272.0,37543.0,81.14,1,61715.0,74.98
2026-01-08,C관(2공장),[20] 분리,분리19호기,47789.0,41929.0,87.74,1,61715.0,77.43
2026-01-08,C관(2공장),[20] 분리,분리20호기,45247.0,38841.0,85.84,1,61715.0,73.32
2026-01-08,C관(2공장),[20] 분리,분리21호기,42941.0,36744.0,85.57,1,61715.0,69.58
2026-01-08,C관(2공장),[20] 분리,분리22호기,49122.0,36466.0,74.24,1,61715.0,79.59
2026-01-08,C관(2공장),[20] 분리,분리23호기,44910.0,37078.0,82.56,1,61715.0,72.77
2026-01-08,C관(2공장),[20] 분리,분리24호기,43458.0,37726.0,86.81,1,61715.0,70.42
2026-01-08,C관(2공장),[20] 분리,분리25호기,42771.0,35027.0,81.89,1,61715.0,69.3
2026-01-08,C관(2공장),[20] 분리,분리26호기,46631.0,40696.0,87.27,1,54000.0,86.35
2026-01-08,C관(2공장),[20] 분리,분리27호기,42366.0,36043.0,85.08,1,54000.0,78.46
2026-01-08,C관(2공장),[20] 분리,분리28호기,41733.0,33619.0,80.56,1,54000.0,77.28
2026-01-08,C관(2공장),[20] 분리,분리29호기,42497.0,29354.0,69.07,1,54000.0,78.7
2026-01-08,C관(2공장),[20] 분리,분리30호기,53327.0,46695.0,87.56,1,54000.0,98.75
2026-01-08,C관(2공장),[20] 분리,분리31호기,50476.0,40696.0,80.62,1,54000.0,93.47
2026-01-08,C관(2공장),[20] 분리,분리32호기,51674.0,39823.0,77.07,1,54000.0,95.69
2026-01-08,C관(2공장),[20] 분리,분리33호기,31562.0,25596.0,81.1,1,54000.0,58.45
2026-01-08,C관(2공장),[20] 분리,분리34호기,49466.0,35547.0,71.86,1,54000.0,91.6
2026-01-08,C관(2공장),[20] 분리,분리35호기,51909.0,43166.0,83.16,1,54000.0,96.13
2026-01-08,C관(2공장),[20] 분리,분리36호기,50831.0,39260.0,77.24,1,54000.0,94.13
2026-01-08,C관(2공장),[20] 분리,분리37호기,45749.0,35593.0,77.8,1,54000.0,84.72
2026-01-08,C관(2공장),[20] 분리,분리43호기,40775.0,31491.0,77.23,1,54000.0,75.51
2026-01-08,C관(2공장),[45] 하이드레이션/전면검사,워터배스2-10호기,71819.0,71755.0,99.91,1,120000.0,59.85
2026-01-08,C관(2공장),[45] 하이드레이션/전면검사,워터배스2-11호기,91051.0,90915.0,99.85,1,150000.0,60.7
2026-01-08,C관(2공장),[45] 하이드레이션/전면검사,워터배스2-12호기,71808.0,71710.0,99.86,1,150000.0,47.87
2026-01-08,C관(2공장),[45] 하이드레이션/전면검사,워터배스2-13호기,100413.0,100310.0,99.9,1,150000.0,66.94
2026-01-08,C관(2공장),[45] 하이드레이션/전면검사,워터배스2-14호기,71722.0,71615.0,99.85,1,150000.0,47.81
2026-01-08,C관(2공장),[45] 하이드레이션/전면검사,워터배스2-1호기,64020.0,63975.0,99.93,1,120000.0,53.35
2026-01-08,C관(2공장),[45] 하이드레이션/전면검사,워터배스2-2호기,75552.0,75445.0,99.86,1,120000.0,62.96
2026-01-08,C관(2공장),[45] 하이드레이션/전면검사,워터배스2-4호기,59641.0,59590.0,99.91,1,120000.0,49.7
2026-01-08,C관(2공장),[45] 하이드레이션/전면검사,워터배스2-5호기,60997.0,60905.0,99.85,1,120000.0,50.83
2026-01-08,C관(2공장),[45] 하이드레이션/전면검사,워터배스2-7호기,67746.0,67695.0,99.92,1,120000.0,56.46
2026-01-08,C관(2공장),[45] 하이드레이션/전면검사,워터배스2-8호기,53035.0,52985.0,99.91,1,120000.0,44.2
2026-01-08,C관(2공장),[45] 하이드레이션/전면검사,워터배스2-9호기,48025.0,47965.0,99.88,1,120000.0,40.02
2026-01-08,C관(2공장),[55] 접착/ 멸균,검사32호기,20225.0,19375.0,95.8,1,0.0,0.0
2026-01-08,C관(2공장),[55] 접착/ 멸균,검사33호기,20380.0,19800.0,97.15,1,66462.0,30.66
2026-01-08,C관(2공장),[55] 접착/ 멸균,검사34호기,52720.0,50660.0,96.09,1,78546.0,67.12
2026-01-08,C관(2공장),[55] 접착/ 멸균,검사35호기,48565.0,47755.0,98.33,1,78546.0,61.83
2026-01-08,C관(2공장),[55] 접착/ 멸균,검사36호기,55315.0,54605.0,98.72,1,78546.0,70.42
2026-01-08,C관(2공장),[55] 접착/ 멸균,검사37호기,55110.0,54260.0,98.46,1,78546.0,70.16
2026-01-08,C관(2공장),[55] 접착/ 멸균,검사38호기,49345.0,48030.0,97.34,1,78546.0,62.82
2026-01-08,C관(2공장),[55] 접착/ 멸균,검사39호기,49745.0,49045.0,98.59,1,78546.0,63.33
2026-01-08,C관(2공장),[55] 접착/ 멸균,검사40호기,52390.0,51540.0,98.38,1,78546.0,66.7
2026-01-08,C관(2공장),[55] 접착/ 멸균,검사41호기,51565.0,50570.0,98.07,1,78546.0,65.65
2026-01-08,C관(2공장),[55] 접착/ 멸균,검사42호기,49195.0,48760.0,99.12,1,78546.0,62.63
2026-01-08,C관(2공장),[55] 접착/ 멸균,검사43호기,49910.0,45815.0,91.8,1,78546.0,63.54
2026-01-08,C관(2공장),[55] 접착/ 멸균,검사44호기,58565.0,57865.0,98.8,1,78546.0,74.56
2026-01-08,C관(2공장),[55] 접착/ 멸균,검사45호기,40005.0,39405.0,98.5,1,78546.0,50.93
2026-01-08,C관(2공장),[55] 접착/ 멸균,검사46호기,44865.0,44275.0,98.68,1,78546.0,57.12
2026-01-08,C관(2공장),[55] 접착/ 멸균,검사47호기,44655.0,43415.0,97.22,1,78546.0,56.85
2026-01-08,C관(2공장),[55] 접착/ 멸균,검사48호기,42835.0,42125.0,98.34,1,78546.0,54.53
2026-01-08,C관(2공장),[80] 누수/규격검사,누수/규격검사(2공장),730215.0,722100.0,98.89,1,720000.0,101.42
2026-01-08,S관(3공장),[00] 배합,A형 인라인2호기,2000.0,2000.0,100.0,1,0.0,0.0
2026-01-08,S관(3공장),[00] 배합,A형 인라인5호기,1999.93,1999.93,100.0,1,0.0,0.0
2026-01-08,S관(3공장),[00] 배합,B형 조립중합1호기,1019.27,1019.27,100.0,1,0.0,0.0
2026-01-08,S관(3공장),[00] 배합,B형 조립중합7호기,5945.0,5945.0,100.0,1,0.0,0.0
2026-01-08,S관(3공장),[10] 사출조립,A형 인라인1호기,18381.0,16012.0,87.11,1,43200.0,42.55
2026-01-08,S관(3공장),[10] 사출조립,A형 인라인2호기,2537.0,2537.0,100.0,1,43200.0,5.87
2026-01-08,S관(3공장),[10] 사출조립,A형 인라인3호기,29785.0,29753.0,99.89,1,43200.0,68.95
2026-01-08,S관(3공장),[10] 사출조립,A형 인라인5호기,56650.0,54474.0,96.16,1,43200.0,131.13
2026-01-08,S관(3공장),[10] 사출조립,B형 조립중합1호기,12480.0,8884.0,71.19,1,76800.0,16.25
2026-01-08,S관(3공장),[10] 사출조립,B형 조립중합7호기,49232.0,41789.0,84.88,1,76800.0,64.1
2026-01-08,S관(3공장),[20] 분리,A형 인라인2호기,2537.0,2442.0,96.26,1,43200.0,5.87
2026-01-08,S관(3공장),[20] 분리,A형 인라인3호기,21161.0,18977.0,89.68,1,43200.0,48.98
2026-01-08,S관(3공장),[20] 분리,B형 분리수화접착1호기,10030.0,8475.0,84.5,1,53170.0,18.86
2026-01-08,S관(3공장),[20] 분리,B형 분리수화접착3호기,7834.0,4680.0,59.74,1,53170.0,14.73
2026-01-08,S관(3공장),[20] 분리,B형 분리수화접착4호기,4300.0,2652.0,61.67,1,53170.0,8.09
2026-01-08,S관(3공장),[20] 분리,B형 분리수화접착5호기,22753.0,17297.0,76.02,1,53170.0,42.79
2026-01-08,S관(3공장),[20] 분리,B형 분리수화접착6호기,16155.0,12944.0,80.12,1,53170.0,30.38
2026-01-08,S관(3공장),[20] 분리,B형 분리수화접착7호기,9160.0,5659.0,61.78,1,53170.0,17.23
2026-01-08,S관(3공장),[20] 분리,B형 분리수화접착8호기,14603.0,8509.0,58.27,1,53170.0,27.46
2026-01-08,S관(3공장),[20] 분리,CAM분리1호기,1668.0,1046.0,62.71,1,39273.0,4.25
2026-01-08,S관(3공장),[20] 분리,CAM분리3호기,7444.0,5712.0,76.73,1,39273.0,18.95
2026-01-08,S관(3공장),[20] 분리,CAM분리4호기,13452.0,10374.0,77.12,1,39273.0,34.25
2026-01-08,S관(3공장),[45] 하이드레이션/전면검사,A형 인라인2호기,27271.0,27144.0,99.53,1,60000.0,45.45
2026-01-08,S관(3공장),[45] 하이드레이션/전면검사,B형 분리수화접착2호기,19214.0,19181.0,99.83,1,60000.0,32.02
2026-01-08,S관(3공장),[45] 하이드레이션/전면검사,B형 분리수화접착4호기,1046.0,1032.0,98.66,1,60000.0,1.74
2026-01-08,S관(3공장),[45] 하이드레이션/전면검사,S관 실리콘 자동수화기,93829.0,93359.0,99.5,1,240000.0,39.1
2026-01-08,S관(3공장),[55] 접착/ 멸균,A형 인라인1호기,7633.0,7070.0,92.62,1,54000.0,14.14
2026-01-08,S관(3공장),[55] 접착/ 멸균,A형 인라인2호기,19732.0,19350.0,98.06,1,54000.0,36.54
2026-01-08,S관(3공장),[55] 접착/ 멸균,A형 인라인3호기,36345.0,35330.0,97.21,1,54000.0,67.31
2026-01-08,S관(3공장),[55] 접착/ 멸균,A형 인라인4호기,33534.0,30975.0,92.37,1,54000.0,62.1
2026-01-08,S관(3공장),[55] 접착/ 멸균,A형 인라인5호기,29121.0,28490.0,97.83,1,54000.0,53.93
2026-01-08,S관(3공장),[55] 접착/ 멸균,A형 인라인6호기,28392.0,25865.0,91.1,1,54000.0,52.58
2026-01-08,S관(3공장),[80] 누수/규격검사,누수/규격검사(3공장),101150.0,100665.0,99.52,1,100645.0,100.5
2026-01-09,A관(1공장),[00] 배합,조립1호기,1978.97,1978.97,100.0,1,0.0,0.0
2026-01-09,A관(1공장),[00] 배합,조립2호기,2043.0,2043.0,100.0,1,0.0,0.0
2026-01-09,A관(1공장),[00] 배합,조립30호기,19999.78,19999.78,100.0,1,0.0,0.0
2026-01-09,A관(1공장),[00] 배합,조립3호기,2045.94,2045.94,100.0,1,0.0,0.0
2026-01-09,A관(1공장),[00] 배합,조립7호기,4000.0,4000.0,100.0,1,0.0,0.0
2026-01-09,A관(1공장),[10] 사출조립,조립1호기,36547.0,35017.0,95.81,1,43200.0,84.6
2026-01-09,A관(1공장),[10] 사출조립,조립30호기,51805.0,50115.0,96.74,1,86400.0,59.96
2026-01-09,A관(1공장),[10] 사출조립,조립31호기,53656.0,52724.0,98.26,1,86400.0,62.1
2026-01-09,A관(1공장),[10] 사출조립,조립3호기,39227.0,38741.0,98.76,1,43200.0,90.8
2026-01-09,A관(1공장),[10] 사출조립,조립4호기,35672.0,34741.0,97.39,1,43200.0,82.57
2026-01-09,A관(1공장),[10] 사출조립,조립7호기,4722.0,4119.0,87.23,1,43200.0,10.93
2026-01-09,A관(1공장),[10] 사출조립,조립8호기,42147.0,41715.0,98.98,1,43200.0,97.56
2026-01-09,A관(1공장),[20] 분리,분리10호기,14198.0,11132.0,78.41,1,17280.0,82.16
2026-01-09,A관(1공장),[20] 분리,분리14호기,38112.0,33186.0,87.07,1,54000.0,70.58
2026-01-09,A관(1공장),[20] 분리,분리5호기,18014.0,16451.0,91.32,1,17280.0,104.25
2026-01-09,A관(1공장),[45] 하이드레이션/전면검사,1공장 실리콘수화기,14746.0,14746.0,100.0,1,0.0,0.0
2026-01-09,A관(1공장),[45] 하이드레이션/전면검사,워터배스1-2호기,18794.0,18794.0,100.0,1,30000.0,62.65
2026-01-09,A관(1공장),[45] 하이드레이션/전면검사,워터배스1-3호기,17043.0,17043.0,100.0,1,30000.0,56.81
2026-01-09,A관(1공장),[45] 하이드레이션/전면검사,워터배스1-4호기,3904.0,3904.0,100.0,1,30000.0,13.01
2026-01-09,A관(1공장),[55] 접착/ 멸균,검사10호기,6719.0,5894.0,87.72,1,13293.0,50.55
2026-01-09,A관(1공장),[55] 접착/ 멸균,검사11호기,8338.0,8082.0,96.93,1,13293.0,62.72
2026-01-09,A관(1공장),[55] 접착/ 멸균,검사14호기,4733.0,4456.0,94.15,1,13293.0,35.61
2026-01-09,A관(1공장),[55] 접착/ 멸균,검사16호기,3767.0,3604.0,95.67,1,13293.0,28.34
2026-01-09,A관(1공장),[55] 접착/ 멸균,검사17호기,2364.0,1900.0,80.37,1,13293.0,17.78
2026-01-09,A관(1공장),[55] 접착/ 멸균,검사18호기,9660.0,8775.0,90.84,1,13293.0,72.67
2026-01-09,A관(1공장),[55] 접착/ 멸균,검사19호기,6653.0,6372.0,95.78,1,13293.0,50.05
2026-01-09,A관(1공장),[55] 접착/ 멸균,검사20호기,8522.0,7000.0,82.14,1,13293.0,64.11
2026-01-09,A관(1공장),[55] 접착/ 멸균,검사21호기,16.0,16.0,100.0,1,13293.0,0.12
2026-01-09,A관(1공장),[55] 접착/ 멸균,검사22호기,13154.0,12830.0,97.54,1,13293.0,98.95
2026-01-09,A관(1공장),[55] 접착/ 멸균,검사23호기,5379.0,4418.0,82.13,1,13293.0,40.46
2026-01-09,A관(1공장),[55] 접착/ 멸균,검사6호기,2756.0,2426.0,88.03,1,13293.0,20.73
2026-01-09,A관(1공장),[55] 접착/ 멸균,검사8호기,6226.0,5688.0,91.36,1,13293.0,46.84
2026-01-09,A관(1공장),[55] 접착/ 멸균,검사9호기,986.0,760.0,77.08,1,13293.0,7.42
2026-01-09,A관(1공장),[55] 접착/ 멸균,바이알캡핑기,5796.0,4705.0,81.18,1,0.0,0.0
2026-01-09,A관(1공장),[80] 누수/규격검사,누수/규격검사(1공장),62482.0,59685.0,95.52,1,112902.0,55.34
2026-01-09,C관(2공장),[00] 배합,조립40호기,20366.0,20366.0,100.0,1,0.0,0.0
2026-01-09,C관(2공장),[00] 배합,조립41호기,20366.0,20366.0,100.0,1,0.0,0.0
2026-01-09,C관(2공장),[00] 배합,조립45호기,19916.0,19916.0,100.0,1,0.0,0.0
2026-01-09,C관(2공장),[00] 배합,조립47호기,19716.0,19716.0,100.0,1,0.0,0.0
2026-01-09,C관(2공장),[00] 배합,조립53호기,10283.0,10283.0,100.0,1,0.0,0.0
2026-01-09,C관(2공장),[10] 사출조립,조립10호기,32263.0,31818.0,98.62,1,43200.0,74.68
2026-01-09,C관(2공장),[10] 사출조립,조립11호기,16398.0,15805.0,96.38,1,43200.0,37.96
2026-01-09,C관(2공장),[10] 사출조립,조립12호기,23825.0,21370.0,89.7,1,0.0,0.0
2026-01-09,C관(2공장),[10] 사출조립,조립13호기,4120.0,2620.0,63.59,1,0.0,0.0
2026-01-09,C관(2공장),[10] 사출조립,조립16호기,21281.0,21281.0,100.0,1,43200.0,49.26
2026-01-09,C관(2공장),[10] 사출조립,조립17호기,27393.0,27213.0,99.34,1,43200.0,63.41
2026-01-09,C관(2공장),[10] 사출조립,조립22호기,17782.0,14532.0,81.72,1,43200.0,41.16
2026-01-09,C관(2공장),[10] 사출조립,조립24호기,9905.0,7863.0,79.38,1,43200.0,22.93
2026-01-09,C관(2공장),[10] 사출조립,조립26호기,31143.0,29326.0,94.17,1,43200.0,72.09
2026-01-09,C관(2공장),[10] 사출조립,조립27호기,28284.0,22125.0,78.22,1,43200.0,65.47
2026-01-09,C관(2공장),[10] 사출조립,조립40호기,18885.0,15485.0,82.0,1,43200.0,43.72
2026-01-09,C관(2공장),[10] 사출조립,조립41호기,4856.0,3656.0,75.29,1,43200.0,11.24
2026-01-09,C관(2공장),[10] 사출조립,조립44호기,47640.0,46751.0,98.13,1,43200.0,110.28
2026-01-09,C관(2공장),[10] 사출조립,조립45호기,42293.0,39833.0,94.18,1,43200.0,97.9
2026-01-09,C관(2공장),[10] 사출조립,조립46호기,14091.0,12691.0,90.06,1,43200.0,32.62
2026-01-09,C관(2공장),[10] 사출조립,조립47호기,32905.0,30925.0,93.98,1,43200.0,76.17
2026-01-09,C관(2공장),[10] 사출조립,조립48호기,28445.0,27236.0,95.75,1,43200.0,65.84
2026-01-09,C관(2공장),[10] 사출조립,조립49호기,25005.0,24177.0,96.69,1,43200.0,57.88
2026-01-09,C관(2공장),[10] 사출조립,조립50호기,42766.0,40766.0,95.32,1,43200.0,99.0
2026-01-09,C관(2공장),[10] 사출조립,조립52호기,53658.0,53584.0,99.86,1,43200.0,124.21
2026-01-09,C관(2공장),[10] 사출조립,조립53호기,24306.0,24306.0,100.0,1,43200.0,56.26
2026-01-09,C관(2공장),[10] 사출조립,조립54호기,16958.0,14628.0,86.26,1,43200.0,39.25
2026-01-09,C관(2공장),[10] 사출조립,조립56호기,31454.0,25564.0,81.27,1,43200.0,72.81
2026-01-09,C관(2공장),[10] 사출조립,조립57호기,30015.0,28621.0,95.36,1,43200.0,69.48
2026-01-09,C관(2공장),[10] 사출조립,조립58호기,19731.0,19719.0,99.94,1,43200.0,45.67
2026-01-09,C관(2공장),[10] 사출조립,조립59호기,43786.0,40491.0,92.47,1,43200.0,101.36
2026-01-09,C관(2공장),[20] 분리,분리12호기,25139.0,21790.0,86.68,1,0.0,0.0
2026-01-09,C관(2공장),[20] 분리,분리15호기,23686.0,19344.0,81.67,1,0.0,0.0
2026-01-09,C관(2공장),[20] 분리,분리16호기,42695.0,38242.0,89.57,1,61715.0,69.18
2026-01-09,C관(2공장),[20] 분리,분리18호기,49600.0,43448.0,87.6,1,61715.0,80.37
2026-01-09,C관(2공장),[20] 분리,분리19호기,43663.0,33485.0,76.69,1,61715.0,70.75
2026-01-09,C관(2공장),[20] 분리,분리20호기,44935.0,40081.0,89.2,1,61715.0,72.81
2026-01-09,C관(2공장),[20] 분리,분리21호기,44394.0,39209.0,88.32,1,61715.0,71.93
2026-01-09,C관(2공장),[20] 분리,분리22호기,50859.0,38694.0,76.08,1,61715.0,82.41
2026-01-09,C관(2공장),[20] 분리,분리23호기,47781.0,43221.0,90.46,1,61715.0,77.42
2026-01-09,C관(2공장),[20] 분리,분리24호기,43621.0,39309.0,90.11,1,61715.0,70.68
2026-01-09,C관(2공장),[20] 분리,분리25호기,46071.0,37169.0,80.68,1,61715.0,74.65
2026-01-09,C관(2공장),[20] 분리,분리26호기,43214.0,34460.0,79.74,1,54000.0,80.03
2026-01-09,C관(2공장),[20] 분리,분리27호기,43200.0,36293.0,84.01,1,54000.0,80.0
2026-01-09,C관(2공장),[20] 분리,분리28호기,42241.0,35009.0,82.88,1,54000.0,78.22
2026-01-09,C관(2공장),[20] 분리,분리29호기,26412.0,16072.0,60.85,1,54000.0,48.91
2026-01-09,C관(2공장),[20] 분리,분리30호기,51993.0,45927.0,88.33,1,54000.0,96.28
2026-01-09,C관(2공장),[20] 분리,분리31호기,47889.0,38968.0,81.37,1,54000.0,88.68
2026-01-09,C관(2공장),[20] 분리,분리32호기,47954.0,38213.0,79.69,1,54000.0,88.8
2026-01-09,C관(2공장),[20] 분리,분리33호기,50964.0,42930.0,84.24,1,54000.0,94.38
2026-01-09,C관(2공장),[20] 분리,분리34호기,50172.0,36876.0,73.5,1,54000.0,92.91
2026-01-09,C관(2공장),[20] 분리,분리35호기,44714.0,35846.0,80.17,1,54000.0,82.8
2026-01-09,C관(2공장),[20] 분리,분리36호기,49984.0,40000.0,80.03,1,54000.0,92.56
2026-01-09,C관(2공장),[20] 분리,분리37호기,45731.0,38252.0,83.65,1,54000.0,84.69
2026-01-09,C관(2공장),[20] 분리,분리43호기,42809.0,29940.0,69.94,1,54000.0,79.28
2026-01-09,C관(2공장),[45] 하이드레이션/전면검사,워터배스2-10호기,69057.0,68995.0,99.91,1,120000.0,57.55
2026-01-09,C관(2공장),[45] 하이드레이션/전면검사,워터배스2-11호기,37437.0,37375.0,99.83,1,150000.0,24.96
2026-01-09,C관(2공장),[45] 하이드레이션/전면검사,워터배스2-12호기,81883.0,81780.0,99.87,1,150000.0,54.59
2026-01-09,C관(2공장),[45] 하이드레이션/전면검사,워터배스2-13호기,71526.0,71435.0,99.87,1,150000.0,47.68
2026-01-09,C관(2공장),[45] 하이드레이션/전면검사,워터배스2-14호기,83467.0,83350.0,99.86,1,150000.0,55.64
2026-01-09,C관(2공장),[45] 하이드레이션/전면검사,워터배스2-1호기,81591.0,81525.0,99.92,1,120000.0,67.99
2026-01-09,C관(2공장),[45] 하이드레이션/전면검사,워터배스2-2호기,56672.0,56610.0,99.89,1,120000.0,47.23
2026-01-09,C관(2공장),[45] 하이드레이션/전면검사,워터배스2-3호기,46052.0,45981.0,99.85,1,120000.0,38.38
2026-01-09,C관(2공장),[45] 하이드레이션/전면검사,워터배스2-4호기,58572.0,58480.0,99.84,1,120000.0,48.81
2026-01-09,C관(2공장),[45] 하이드레이션/전면검사,워터배스2-5호기,37968.0,37915.0,99.86,1,120000.0,31.64
2026-01-09,C관(2공장),[45] 하이드레이션/전면검사,워터배스2-7호기,40799.0,40745.0,99.87,1,120000.0,34.0
2026-01-09,C관(2공장),[45] 하이드레이션/전면검사,워터배스2-8호기,66710.0,66670.0,99.94,1,120000.0,55.59
2026-01-09,C관(2공장),[45] 하이드레이션/전면검사,워터배스2-9호기,32828.0,32790.0,99.88,1,120000.0,27.36
2026-01-09,C관(2공장),[55] 접착/ 멸균,검사32호기,23030.0,22590.0,98.09,1,0.0,0.0
2026-01-09,C관(2공장),[55] 접착/ 멸균,검사33호기,23860.0,23430.0,98.2,1,66462.0,35.9
2026-01-09,C관(2공장),[55] 접착/ 멸균,검사34호기,54875.0,53970.0,98.35,1,78546.0,69.86
2026-01-09,C관(2공장),[55] 접착/ 멸균,검사35호기,53825.0,52455.0,97.45,1,78546.0,68.53
2026-01-09,C관(2공장),[55] 접착/ 멸균,검사36호기,52555.0,51770.0,98.51,1,78546.0,66.91
2026-01-09,C관(2공장),[55] 접착/ 멸균,검사37호기,52070.0,50960.0,97.87,1,78546.0,66.29
2026-01-09,C관(2공장),[55] 접착/ 멸균,검사38호기,59505.0,57665.0,96.91,1,78546.0,75.76
2026-01-09,C관(2공장),[55] 접착/ 멸균,검사39호기,49940.0,48990.0,98.1,1,78546.0,63.58
2026-01-09,C관(2공장),[55] 접착/ 멸균,검사40호기,51350.0,50550.0,98.44,1,78546.0,65.38
2026-01-09,C관(2공장),[55] 접착/ 멸균,검사41호기,25220.0,24795.0,98.31,1,78546.0,32.11
2026-01-09,C관(2공장),[55] 접착/ 멸균,검사42호기,58855.0,57660.0,97.97,1,78546.0,74.93
2026-01-09,C관(2공장),[55] 접착/ 멸균,검사43호기,54170.0,52640.0,97.18,1,78546.0,68.97
2026-01-09,C관(2공장),[55] 접착/ 멸균,검사44호기,58305.0,57045.0,97.84,1,78546.0,74.23
2026-01-09,C관(2공장),[55] 접착/ 멸균,검사45호기,46835.0,45765.0,97.72,1,78546.0,59.63
2026-01-09,C관(2공장),[55] 접착/ 멸균,검사46호기,49713.0,48200.0,96.96,1,78546.0,63.29
2026-01-09,C관(2공장),[55] 접착/ 멸균,검사47호기,54640.0,52970.0,96.94,1,78546.0,69.56
2026-01-09,C관(2공장),[55] 접착/ 멸균,검사48호기,54515.0,53590.0,98.3,1,78546.0,69.41
2026-01-09,C관(2공장),[80] 누수/규격검사,누수/규격검사(2공장),665165.0,656615.0,98.71,1,720000.0,92.38
2026-01-09,S관(3공장),[00] 배합,A형 인라인1호기,8999.0,8999.0,100.0,1,0.0,0.0
2026-01-09,S관(3공장),[00] 배합,A형 인라인5호기,3000.0,3000.0,100.0,1,0.0,0.0
2026-01-09,S관(3공장),[00] 배합,B형 조립중합1호기,9899.74,9899.74,100.0,1,0.0,0.0
2026-01-09,S관(3공장),[10] 사출조립,A형 인라인1호기,17828.0,17683.0,99.19,1,43200.0,41.27
2026-01-09,S관(3공장),[10] 사출조립,B형 조립중합1호기,7536.0,6345.0,84.2,1,76800.0,9.81
2026-01-09,S관(3공장),[10] 사출조립,B형 조립중합5호기,33512.0,28148.0,83.99,1,76800.0,43.64
2026-01-09,S관(3공장),[10] 사출조립,B형 조립중합7호기,17600.0,17143.0,97.4,1,76800.0,22.92
2026-01-09,S관(3공장),[20] 분리,B형 분리수화접착1호기,10912.0,9796.0,89.77,1,53170.0,20.52
2026-01-09,S관(3공장),[20] 분리,B형 분리수화접착2호기,2187.0,1960.0,89.62,1,53170.0,4.11
2026-01-09,S관(3공장),[20] 분리,B형 분리수화접착3호기,16469.0,11750.0,71.35,1,53170.0,30.97
2026-01-09,S관(3공장),[20] 분리,B형 분리수화접착4호기,12949.0,10380.0,80.16,1,53170.0,24.35
2026-01-09,S관(3공장),[20] 분리,B형 분리수화접착5호기,13247.0,9365.0,70.7,1,53170.0,24.91
2026-01-09,S관(3공장),[20] 분리,B형 분리수화접착6호기,9334.0,7333.0,78.56,1,53170.0,17.56
2026-01-09,S관(3공장),[20] 분리,B형 분리수화접착8호기,12883.0,9079.0,70.47,1,53170.0,24.23
2026-01-09,S관(3공장),[20] 분리,CAM분리3호기,4185.0,2776.0,66.33,1,39273.0,10.66
2026-01-09,S관(3공장),[20] 분리,CAM분리4호기,10782.0,9082.0,84.23,1,39273.0,27.45
2026-01-09,S관(3공장),[45] 하이드레이션/전면검사,A형 인라인2호기,37559.0,37334.0,99.4,1,60000.0,62.6
2026-01-09,S관(3공장),[45] 하이드레이션/전면검사,B형 분리수화접착2호기,18784.0,18742.0,99.78,1,60000.0,31.31
2026-01-09,S관(3공장),[45] 하이드레이션/전면검사,S관 실리콘 자동수화기,127261.0,126929.0,99.74,1,240000.0,53.03
2026-01-09,S관(3공장),[55] 접착/ 멸균,A형 인라인1호기,4090.0,3900.0,95.35,1,54000.0,7.57
2026-01-09,S관(3공장),[55] 접착/ 멸균,A형 인라인2호기,13654.0,13130.0,96.16,1,54000.0,25.29
2026-01-09,S관(3공장),[55] 접착/ 멸균,A형 인라인3호기,29713.0,29120.0,98.0,1,54000.0,55.02
2026-01-09,S관(3공장),[55] 접착/ 멸균,A형 인라인4호기,18586.0,17795.0,95.74,1,54000.0,34.42
2026-01-09,S관(3공장),[55] 접착/ 멸균,A형 인라인5호기,22365.0,21640.0,96.76,1,54000.0,41.42
2026-01-09,S관(3공장),[55] 접착/ 멸균,A형 인라인6호기,18948.0,17450.0,92.09,1,54000.0,35.09
2026-01-09,S관(3공장),[80] 누수/규격검사,누수/규격검사(3공장),135140.0,134745.0,99.71,1,100645.0,134.27
2026-01-10,A관(1공장),[00] 배합,조립2호기,6129.0,6129.0,100.0,1,0.0,0.0
2026-01-10,A관(1공장),[00] 배합,조립30호기,20000.0,20000.0,100.0,1,0.0,0.0
2026-01-10,A관(1공장),[00] 배합,조립31호기,20000.0,20000.0,100.0,1,0.0,0.0
2026-01-10,A관(1공장),[00] 배합,조립3호기,6137.99,6137.99,100.0,1,0.0,0.0
2026-01-10,A관(1공장),[00] 배합,조립4호기,4000.0,4000.0,100.0,1,0.0,0.0
2026-01-10,A관(1공장),[00] 배합,조립8호기,20000.0,20000.0,100.0,1,0.0,0.0
2026-01-10,A관(1공장),[10] 사출조립,조립1호기,33352.0,32865.0,98.54,1,43200.0,77.2
2026-01-10,A관(1공장),[10] 사출조립,조립2호기,39834.0,36672.0,92.06,1,43200.0,92.21
2026-01-10,A관(1공장),[10] 사출조립,조립30호기,46807.0,44514.0,95.1,1,86400.0,54.17
2026-01-10,A관(1공장),[10] 사출조립,조립31호기,94743.0,91547.0,96.63,1,86400.0,109.66
2026-01-10,A관(1공장),[10] 사출조립,조립32호기,47638.0,47638.0,100.0,1,86400.0,55.14
2026-01-10,A관(1공장),[10] 사출조립,조립3호기,33318.0,32887.0,98.71,1,43200.0,77.12
2026-01-10,A관(1공장),[10] 사출조립,조립4호기,31935.0,31935.0,100.0,1,43200.0,73.92
2026-01-10,A관(1공장),[10] 사출조립,조립7호기,5040.0,5040.0,100.0,1,43200.0,11.67
2026-01-10,A관(1공장),[10] 사출조립,조립8호기,37019.0,36543.0,98.71,1,43200.0,85.69
2026-01-10,A관(1공장),[20] 분리,분리10호기,15764.0,13112.0,83.18,1,17280.0,91.23
2026-01-10,A관(1공장),[20] 분리,분리14호기,42394.0,37304.0,87.99,1,54000.0,78.51
2026-01-10,A관(1공장),[20] 분리,분리3호기,508.0,73.0,14.37,1,17280.0,2.94
2026-01-10,A관(1공장),[20] 분리,분리5호기,12019.0,9518.0,79.19,1,17280.0,69.55
2026-01-10,A관(1공장),[45] 하이드레이션/전면검사,워터배스1-2호기,8620.0,8437.0,97.88,1,30000.0,28.73
2026-01-10,A관(1공장),[45] 하이드레이션/전면검사,워터배스1-3호기,11257.0,10483.0,93.12,1,30000.0,37.52
2026-01-10,A관(1공장),[45] 하이드레이션/전면검사,워터배스1-4호기,7678.0,7678.0,100.0,1,30000.0,25.59
2026-01-10,A관(1공장),[45] 하이드레이션/전면검사,워터배스1-5호기,16058.0,16058.0,100.0,1,150000.0,10.71
2026-01-10,A관(1공장),[55] 접착/ 멸균,검사10호기,4176.0,2468.0,59.1,1,13293.0,31.42
2026-01-10,A관(1공장),[55] 접착/ 멸균,검사11호기,4624.0,3814.0,82.48,1,13293.0,34.79
2026-01-10,A관(1공장),[55] 접착/ 멸균,검사14호기,8783.0,7932.0,90.31,1,13293.0,66.07
2026-01-10,A관(1공장),[55] 접착/ 멸균,검사15호기,1030.0,1030.0,100.0,1,13293.0,7.75
2026-01-10,A관(1공장),[55] 접착/ 멸균,검사17호기,3346.0,3002.0,89.72,1,13293.0,25.17
2026-01-10,A관(1공장),[55] 접착/ 멸균,검사18호기,6425.0,3568.0,55.53,1,13293.0,48.33
2026-01-10,A관(1공장),[55] 접착/ 멸균,검사20호기,5765.0,4648.0,80.62,1,13293.0,43.37
2026-01-10,A관(1공장),[55] 접착/ 멸균,검사21호기,6634.0,6538.0,98.55,1,13293.0,49.91
2026-01-10,A관(1공장),[55] 접착/ 멸균,검사22호기,6446.0,6093.0,94.52,1,13293.0,48.49
2026-01-10,A관(1공장),[55] 접착/ 멸균,검사23호기,9434.0,8610.0,91.27,1,13293.0,70.97
2026-01-10,A관(1공장),[55] 접착/ 멸균,검사8호기,8052.0,6375.0,79.17,1,13293.0,60.57
2026-01-10,A관(1공장),[55] 접착/ 멸균,바이알캡핑기,3798.0,3206.0,84.41,1,0.0,0.0
2026-01-10,A관(1공장),[80] 누수/규격검사,누수/규격검사(1공장),50203.0,47180.0,93.98,1,112902.0,44.47
2026-01-10,C관(2공장),[00] 배합,조립46호기,20365.92,20365.92,100.0,1,0.0,0.0
2026-01-10,C관(2공장),[00] 배합,조립52호기,5141.0,5141.0,100.0,1,0.0,0.0
2026-01-10,C관(2공장),[10] 사출조립,조립10호기,23903.0,20191.0,84.47,1,43200.0,55.33
2026-01-10,C관(2공장),[10] 사출조립,조립11호기,19215.0,16706.0,86.94,1,43200.0,44.48
2026-01-10,C관(2공장),[10] 사출조립,조립12호기,31695.0,30195.0,95.27,1,0.0,0.0
2026-01-10,C관(2공장),[10] 사출조립,조립13호기,32000.0,31400.0,98.12,1,0.0,0.0
2026-01-10,C관(2공장),[10] 사출조립,조립16호기,53868.0,53868.0,100.0,1,43200.0,124.69
2026-01-10,C관(2공장),[10] 사출조립,조립17호기,31577.0,29077.0,92.08,1,43200.0,73.09
2026-01-10,C관(2공장),[10] 사출조립,조립22호기,38981.0,34364.0,88.16,1,43200.0,90.23
2026-01-10,C관(2공장),[10] 사출조립,조립24호기,10741.0,10607.0,98.75,1,43200.0,24.86
2026-01-10,C관(2공장),[10] 사출조립,조립26호기,26543.0,22743.0,85.68,1,43200.0,61.44
2026-01-10,C관(2공장),[10] 사출조립,조립27호기,44910.0,41910.0,93.32,1,43200.0,103.96
2026-01-10,C관(2공장),[10] 사출조립,조립40호기,14204.0,11884.0,83.67,1,43200.0,32.88
2026-01-10,C관(2공장),[10] 사출조립,조립41호기,4847.0,4824.0,99.53,1,43200.0,11.22
2026-01-10,C관(2공장),[10] 사출조립,조립44호기,33283.0,32903.0,98.86,1,43200.0,77.04
2026-01-10,C관(2공장),[10] 사출조립,조립45호기,23382.0,21392.0,91.49,1,43200.0,54.12
2026-01-10,C관(2공장),[10] 사출조립,조립46호기,33224.0,31404.0,94.52,1,43200.0,76.91
2026-01-10,C관(2공장),[10] 사출조립,조립47호기,31441.0,26162.0,83.21,1,43200.0,72.78
2026-01-10,C관(2공장),[10] 사출조립,조립48호기,27334.0,27334.0,100.0,1,43200.0,63.27
2026-01-10,C관(2공장),[10] 사출조립,조립49호기,29286.0,28736.0,98.12,1,43200.0,67.79
2026-01-10,C관(2공장),[10] 사출조립,조립50호기,18154.0,16154.0,88.98,1,43200.0,42.02
2026-01-10,C관(2공장),[10] 사출조립,조립51호기,23525.0,15875.0,67.48,1,43200.0,54.46
2026-01-10,C관(2공장),[10] 사출조립,조립52호기,26581.0,26581.0,100.0,1,43200.0,61.53
2026-01-10,C관(2공장),[10] 사출조립,조립53호기,54877.0,53118.0,96.79,1,43200.0,127.03
2026-01-10,C관(2공장),[10] 사출조립,조립54호기,27857.0,25057.0,89.95,1,43200.0,64.48
2026-01-10,C관(2공장),[10] 사출조립,조립56호기,28667.0,25496.0,88.94,1,43200.0,66.36
2026-01-10,C관(2공장),[10] 사출조립,조립57호기,9818.0,7518.0,76.57,1,43200.0,22.73
2026-01-10,C관(2공장),[10] 사출조립,조립58호기,23820.0,21310.0,89.46,1,43200.0,55.14
2026-01-10,C관(2공장),[10] 사출조립,조립59호기,25061.0,22961.0,91.62,1,43200.0,58.01
2026-01-10,C관(2공장),[20] 분리,분리12호기,26580.0,23824.0,89.63,1,0.0,0.0
2026-01-10,C관(2공장),[20] 분리,분리15호기,26601.0,22624.0,85.05,1,0.0,0.0
2026-01-10,C관(2공장),[20] 분리,분리16호기,42158.0,36144.0,85.73,1,61715.0,68.31
2026-01-10,C관(2공장),[20] 분리,분리17호기,23276.0,21198.0,91.07,1,61715.0,37.72
2026-01-10,C관(2공장),[20] 분리,분리18호기,54868.0,45816.0,83.5,1,61715.0,88.91
2026-01-10,C관(2공장),[20] 분리,분리19호기,44757.0,36641.0,81.87,1,61715.0,72.52
2026-01-10,C관(2공장),[20] 분리,분리20호기,49705.0,43566.0,87.65,1,61715.0,80.54
2026-01-10,C관(2공장),[20] 분리,분리21호기,51455.0,45884.0,89.17,1,61715.0,83.38
2026-01-10,C관(2공장),[20] 분리,분리22호기,51091.0,40884.0,80.02,1,61715.0,82.79
2026-01-10,C관(2공장),[20] 분리,분리23호기,45176.0,38629.0,85.51,1,61715.0,73.2
2026-01-10,C관(2공장),[20] 분리,분리24호기,49527.0,45016.0,90.89,1,61715.0,80.25
2026-01-10,C관(2공장),[20] 분리,분리25호기,47767.0,38568.0,80.74,1,61715.0,77.4
2026-01-10,C관(2공장),[20] 분리,분리26호기,45095.0,38710.0,85.84,1,54000.0,83.51
2026-01-10,C관(2공장),[20] 분리,분리27호기,44392.0,35639.0,80.28,1,54000.0,82.21
2026-01-10,C관(2공장),[20] 분리,분리28호기,43690.0,36383.0,83.28,1,54000.0,80.91
2026-01-10,C관(2공장),[20] 분리,분리29호기,38505.0,28021.0,72.77,1,54000.0,71.31
2026-01-10,C관(2공장),[20] 분리,분리30호기,51262.0,46195.0,90.12,1,54000.0,94.93
2026-01-10,C관(2공장),[20] 분리,분리31호기,39470.0,31229.0,79.12,1,54000.0,73.09
2026-01-10,C관(2공장),[20] 분리,분리32호기,48820.0,36655.0,75.08,1,54000.0,90.41
2026-01-10,C관(2공장),[20] 분리,분리33호기,48592.0,40912.0,84.19,1,54000.0,89.99
2026-01-10,C관(2공장),[20] 분리,분리34호기,53866.0,44227.0,82.11,1,54000.0,99.75
2026-01-10,C관(2공장),[20] 분리,분리35호기,46926.0,39885.0,85.0,1,54000.0,86.9
2026-01-10,C관(2공장),[20] 분리,분리36호기,52606.0,43078.0,81.89,1,54000.0,97.42
2026-01-10,C관(2공장),[20] 분리,분리37호기,46522.0,37988.0,81.66,1,54000.0,86.15
2026-01-10,C관(2공장),[20] 분리,분리43호기,42296.0,34572.0,81.74,1,54000.0,78.33
2026-01-10,C관(2공장),[45] 하이드레이션/전면검사,워터배스2-10호기,46491.0,46455.0,99.92,1,120000.0,38.74
2026-01-10,C관(2공장),[45] 하이드레이션/전면검사,워터배스2-11호기,93393.0,92425.0,98.96,1,150000.0,62.26
2026-01-10,C관(2공장),[45] 하이드레이션/전면검사,워터배스2-12호기,41501.0,41470.0,99.93,1,150000.0,27.67
2026-01-10,C관(2공장),[45] 하이드레이션/전면검사,워터배스2-13호기,66037.0,65940.0,99.85,1,150000.0,44.02
2026-01-10,C관(2공장),[45] 하이드레이션/전면검사,워터배스2-14호기,114943.0,114830.0,99.9,1,150000.0,76.63
2026-01-10,C관(2공장),[45] 하이드레이션/전면검사,워터배스2-1호기,65745.0,65695.0,99.92,1,120000.0,54.79
2026-01-10,C관(2공장),[45] 하이드레이션/전면검사,워터배스2-2호기,29659.0,29630.0,99.9,1,120000.0,24.72
2026-01-10,C관(2공장),[45] 하이드레이션/전면검사,워터배스2-3호기,109774.0,109621.0,99.86,1,120000.0,91.48
2026-01-10,C관(2공장),[45] 하이드레이션/전면검사,워터배스2-4호기,70869.0,70770.0,99.86,1,120000.0,59.06
2026-01-10,C관(2공장),[45] 하이드레이션/전면검사,워터배스2-5호기,109497.0,109335.0,99.85,1,120000.0,91.25
2026-01-10,C관(2공장),[45] 하이드레이션/전면검사,워터배스2-6호기,3461.0,3455.0,99.83,1,30000.0,11.54
2026-01-10,C관(2공장),[45] 하이드레이션/전면검사,워터배스2-7호기,76117.0,76035.0,99.89,1,120000.0,63.43
2026-01-10,C관(2공장),[45] 하이드레이션/전면검사,워터배스2-8호기,58758.0,58705.0,99.91,1,120000.0,48.96
2026-01-10,C관(2공장),[45] 하이드레이션/전면검사,워터배스2-9호기,25336.0,25310.0,99.9,1,120000.0,21.11
2026-01-10,C관(2공장),[55] 접착/ 멸균,검사32호기,30620.0,30040.0,98.11,1,0.0,0.0
2026-01-10,C관(2공장),[55] 접착/ 멸균,검사33호기,35160.0,34460.0,98.01,1,66462.0,52.9
2026-01-10,C관(2공장),[55] 접착/ 멸균,검사34호기,56330.0,54430.0,96.63,1,78546.0,71.72
2026-01-10,C관(2공장),[55] 접착/ 멸균,검사35호기,55610.0,54390.0,97.81,1,78546.0,70.8
2026-01-10,C관(2공장),[55] 접착/ 멸균,검사36호기,59550.0,58980.0,99.04,1,78546.0,75.82
2026-01-10,C관(2공장),[55] 접착/ 멸균,검사37호기,62395.0,61490.0,98.55,1,78546.0,79.44
2026-01-10,C관(2공장),[55] 접착/ 멸균,검사38호기,57825.0,57100.0,98.75,1,78546.0,73.62
2026-01-10,C관(2공장),[55] 접착/ 멸균,검사39호기,47895.0,47265.0,98.68,1,78546.0,60.98
2026-01-10,C관(2공장),[55] 접착/ 멸균,검사40호기,48250.0,47610.0,98.67,1,78546.0,61.43
2026-01-10,C관(2공장),[55] 접착/ 멸균,검사41호기,26241.0,25305.0,96.43,1,78546.0,33.41
2026-01-10,C관(2공장),[55] 접착/ 멸균,검사42호기,48450.0,47735.0,98.52,1,78546.0,61.68
2026-01-10,C관(2공장),[55] 접착/ 멸균,검사43호기,60965.0,59670.0,97.88,1,78546.0,77.62
2026-01-10,C관(2공장),[55] 접착/ 멸균,검사44호기,58490.0,57860.0,98.92,1,78546.0,74.47
2026-01-10,C관(2공장),[55] 접착/ 멸균,검사45호기,54505.0,52940.0,97.13,1,78546.0,69.39
2026-01-10,C관(2공장),[55] 접착/ 멸균,검사46호기,48835.0,47655.0,97.58,1,78546.0,62.17
2026-01-10,C관(2공장),[55] 접착/ 멸균,검사47호기,49810.0,48775.0,97.92,1,78546.0,63.42
2026-01-10,C관(2공장),[55] 접착/ 멸균,검사48호기,41385.0,40650.0,98.22,1,78546.0,52.69
2026-01-10,C관(2공장),[80] 누수/규격검사,누수/규격검사(2공장),890674.0,884803.0,99.34,1,720000.0,123.7
2026-01-10,S관(3공장),[00] 배합,A형 인라인3호기,17998.0,17998.0,100.0,1,0.0,0.0
2026-01-10,S관(3공장),[00] 배합,A형 인라인5호기,7000.0,7000.0,100.0,1,0.0,0.0
2026-01-10,S관(3공장),[00] 배합,B형 조립중합7호기,13860.0,13860.0,100.0,1,0.0,0.0
2026-01-10,S관(3공장),[10] 사출조립,A형 인라인3호기,21943.0,21859.0,99.62,1,43200.0,50.79
2026-01-10,S관(3공장),[10] 사출조립,B형 조립중합5호기,48344.0,33569.0,69.44,1,76800.0,62.95
2026-01-10,S관(3공장),[10] 사출조립,B형 조립중합6호기,8384.0,3473.0,41.42,1,76800.0,10.92
2026-01-10,S관(3공장),[10] 사출조립,B형 조립중합7호기,39494.0,38238.0,96.82,1,76800.0,51.42
2026-01-10,S관(3공장),[20] 분리,A형 인라인3호기,8300.0,7483.0,90.16,1,43200.0,19.21
2026-01-10,S관(3공장),[20] 분리,B형 분리수화접착1호기,25688.0,22277.0,86.72,1,53170.0,48.31
2026-01-10,S관(3공장),[20] 분리,B형 분리수화접착2호기,3245.0,2490.0,76.73,1,53170.0,6.1
2026-01-10,S관(3공장),[20] 분리,B형 분리수화접착3호기,10197.0,6034.0,59.17,1,53170.0,19.18
2026-01-10,S관(3공장),[20] 분리,B형 분리수화접착4호기,8721.0,6437.0,73.81,1,53170.0,16.4
2026-01-10,S관(3공장),[20] 분리,B형 분리수화접착5호기,19051.0,13609.0,71.43,1,53170.0,35.83
2026-01-10,S관(3공장),[20] 분리,B형 분리수화접착6호기,16994.0,13907.0,81.83,1,53170.0,31.96
2026-01-10,S관(3공장),[20] 분리,CAM분리3호기,10218.0,8910.0,87.2,1,39273.0,26.02
2026-01-10,S관(3공장),[20] 분리,CAM분리4호기,10885.0,9397.0,86.33,1,39273.0,27.72
2026-01-10,S관(3공장),[45] 하이드레이션/전면검사,A형 인라인2호기,44074.0,43998.0,99.83,1,60000.0,73.46
2026-01-10,S관(3공장),[45] 하이드레이션/전면검사,S관 실리콘 자동수화기,99435.0,99142.0,99.71,1,240000.0,41.43
2026-01-10,S관(3공장),[55] 접착/ 멸균,A형 인라인1호기,24136.0,23230.0,96.25,1,54000.0,44.7
2026-01-10,S관(3공장),[55] 접착/ 멸균,A형 인라인2호기,4697.0,4595.0,97.83,1,54000.0,8.7
2026-01-10,S관(3공장),[55] 접착/ 멸균,A형 인라인3호기,57076.0,56095.0,98.28,1,54000.0,105.7
2026-01-10,S관(3공장),[55] 접착/ 멸균,A형 인라인4호기,33361.0,32300.0,96.82,1,54000.0,61.78
2026-01-10,S관(3공장),[55] 접착/ 멸균,A형 인라인5호기,17972.0,17285.0,96.18,1,54000.0,33.28
2026-01-10,S관(3공장),[55] 접착/ 멸균,A형 인라인6호기,23204.0,22405.0,96.56,1,54000.0,42.97
2026-01-10,S관(3공장),[80] 누수/규격검사,누수/규격검사(3공장),153980.0,153025.0,99.38,1,100645.0,152.99
2026-01-11,A관(1공장),[10] 사출조립,조립1호기,18804.0,16965.0,90.22,1,43200.0,43.53
2026-01-11,A관(1공장),[10] 사출조립,조립2호기,16820.0,15759.0,93.69,1,43200.0,38.94
2026-01-11,A관(1공장),[10] 사출조립,조립30호기,95353.0,85772.0,89.95,1,86400.0,110.36
2026-01-11,A관(1공장),[10] 사출조립,조립31호기,48467.0,47679.0,98.37,1,86400.0,56.1
2026-01-11,A관(1공장),[10] 사출조립,조립32호기,47014.0,45940.0,97.72,1,86400.0,54.41
2026-01-11,A관(1공장),[10] 사출조립,조립3호기,32334.0,32334.0,100.0,1,43200.0,74.85
2026-01-11,A관(1공장),[10] 사출조립,조립4호기,34897.0,34219.0,98.06,1,43200.0,80.78
2026-01-11,A관(1공장),[10] 사출조립,조립8호기,37644.0,37644.0,100.0,1,43200.0,87.14
2026-01-11,A관(1공장),[20] 분리,분리10호기,13600.0,11280.0,82.94,1,17280.0,78.7
2026-01-11,A관(1공장),[20] 분리,분리14호기,28867.0,24494.0,84.85,1,54000.0,53.46
2026-01-11,A관(1공장),[20] 분리,분리5호기,14550.0,10626.0,73.03,1,17280.0,84.2
2026-01-11,A관(1공장),[45] 하이드레이션/전면검사,1공장 실리콘수화기,27185.0,27185.0,100.0,1,0.0,0.0
2026-01-11,A관(1공장),[45] 하이드레이션/전면검사,워터배스1-2호기,8703.0,8530.0,98.01,1,30000.0,29.01
2026-01-11,A관(1공장),[45] 하이드레이션/전면검사,워터배스1-3호기,30336.0,29732.0,98.01,1,30000.0,101.12
2026-01-11,A관(1공장),[45] 하이드레이션/전면검사,워터배스1-4호기,6024.0,6024.0,100.0,1,30000.0,20.08
2026-01-11,A관(1공장),[45] 하이드레이션/전면검사,워터배스1-5호기,18303.0,18303.0,100.0,1,150000.0,12.2
2026-01-11,A관(1공장),[55] 접착/ 멸균,검사10호기,2815.0,1900.0,67.5,1,13293.0,21.18
2026-01-11,A관(1공장),[55] 접착/ 멸균,검사11호기,13826.0,13386.0,96.82,1,13293.0,104.01
2026-01-11,A관(1공장),[55] 접착/ 멸균,검사14호기,3981.0,3850.0,96.71,1,13293.0,29.95
2026-01-11,A관(1공장),[55] 접착/ 멸균,검사15호기,3089.0,3087.0,99.94,1,13293.0,23.24
2026-01-11,A관(1공장),[55] 접착/ 멸균,검사17호기,433.0,364.0,84.06,1,13293.0,3.26
2026-01-11,A관(1공장),[55] 접착/ 멸균,검사18호기,5130.0,4342.0,84.64,1,13293.0,38.59
2026-01-11,A관(1공장),[55] 접착/ 멸균,검사20호기,4866.0,4218.0,86.68,1,13293.0,36.61
2026-01-11,A관(1공장),[55] 접착/ 멸균,검사21호기,5842.0,5667.0,97.0,1,13293.0,43.95
2026-01-11,A관(1공장),[55] 접착/ 멸균,검사22호기,4671.0,4333.0,92.76,1,13293.0,35.14
2026-01-11,A관(1공장),[55] 접착/ 멸균,검사23호기,11191.0,10857.0,97.02,1,13293.0,84.19
2026-01-11,A관(1공장),[55] 접착/ 멸균,검사8호기,8817.0,7552.0,85.65,1,13293.0,66.33
2026-01-11,A관(1공장),[55] 접착/ 멸균,바이알캡핑기,7238.0,6440.0,88.97,1,0.0,0.0
2026-01-11,A관(1공장),[80] 누수/규격검사,누수/규격검사(1공장),57396.0,53833.0,93.79,1,112902.0,50.84
2026-01-11,C관(2공장),[10] 사출조립,조립10호기,28410.0,22210.0,78.18,1,43200.0,65.76
2026-01-11,C관(2공장),[10] 사출조립,조립11호기,41781.0,34714.0,83.09,1,43200.0,96.72
2026-01-11,C관(2공장),[10] 사출조립,조립12호기,43729.0,41951.0,95.93,1,0.0,0.0
2026-01-11,C관(2공장),[10] 사출조립,조립13호기,29596.0,29542.0,99.82,1,0.0,0.0
2026-01-11,C관(2공장),[10] 사출조립,조립16호기,19911.0,19882.0,99.85,1,43200.0,46.09
2026-01-11,C관(2공장),[10] 사출조립,조립17호기,48234.0,47530.0,98.54,1,43200.0,111.65
2026-01-11,C관(2공장),[10] 사출조립,조립22호기,22404.0,19173.0,85.58,1,43200.0,51.86
2026-01-11,C관(2공장),[10] 사출조립,조립24호기,26948.0,18640.0,69.17,1,43200.0,62.38
2026-01-11,C관(2공장),[10] 사출조립,조립26호기,31392.0,30742.0,97.93,1,43200.0,72.67
2026-01-11,C관(2공장),[10] 사출조립,조립27호기,20101.0,18033.0,89.71,1,43200.0,46.53
2026-01-11,C관(2공장),[10] 사출조립,조립40호기,39173.0,36129.0,92.23,1,43200.0,90.68
2026-01-11,C관(2공장),[10] 사출조립,조립41호기,25433.0,25264.0,99.34,1,43200.0,58.87
2026-01-11,C관(2공장),[10] 사출조립,조립44호기,53435.0,53359.0,99.86,1,43200.0,123.69
2026-01-11,C관(2공장),[10] 사출조립,조립45호기,20388.0,20388.0,100.0,1,43200.0,47.19
2026-01-11,C관(2공장),[10] 사출조립,조립46호기,32325.0,31415.0,97.18,1,43200.0,74.83
2026-01-11,C관(2공장),[10] 사출조립,조립47호기,11084.0,9734.0,87.82,1,43200.0,25.66
2026-01-11,C관(2공장),[10] 사출조립,조립48호기,63404.0,60567.0,95.53,1,43200.0,146.77
2026-01-11,C관(2공장),[10] 사출조립,조립49호기,29557.0,28738.0,97.23,1,43200.0,68.42
2026-01-11,C관(2공장),[10] 사출조립,조립50호기,50164.0,45818.0,91.34,1,43200.0,116.12
2026-01-11,C관(2공장),[10] 사출조립,조립51호기,18554.0,17334.0,93.42,1,43200.0,42.95
2026-01-11,C관(2공장),[10] 사출조립,조립52호기,28742.0,25470.0,88.62,1,43200.0,66.53
2026-01-11,C관(2공장),[10] 사출조립,조립53호기,25194.0,24856.0,98.66,1,43200.0,58.32
2026-01-11,C관(2공장),[10] 사출조립,조립54호기,30913.0,27413.0,88.68,1,43200.0,71.56
2026-01-11,C관(2공장),[10] 사출조립,조립56호기,36548.0,33499.0,91.66,1,43200.0,84.6
2026-01-11,C관(2공장),[10] 사출조립,조립57호기,52810.0,43969.0,83.26,1,43200.0,122.25
2026-01-11,C관(2공장),[10] 사출조립,조립58호기,12419.0,10319.0,83.09,1,43200.0,28.75
2026-01-11,C관(2공장),[10] 사출조립,조립59호기,48149.0,43362.0,90.06,1,43200.0,111.46
2026-01-11,C관(2공장),[20] 분리,분리12호기,29457.0,26122.0,88.68,1,0.0,0.0
2026-01-11,C관(2공장),[20] 분리,분리13호기,519.0,0.0,0.0,1,61715.0,0.84
2026-01-11,C관(2공장),[20] 분리,분리15호기,28101.0,24888.0,88.57,1,0.0,0.0
2026-01-11,C관(2공장),[20] 분리,분리16호기,47503.0,41713.0,87.81,1,61715.0,76.97
2026-01-11,C관(2공장),[20] 분리,분리17호기,47040.0,42427.0,90.19,1,61715.0,76.22
2026-01-11,C관(2공장),[20] 분리,분리18호기,48448.0,43373.0,89.52,1,61715.0,78.5
2026-01-11,C관(2공장),[20] 분리,분리19호기,43535.0,34037.0,78.18,1,61715.0,70.54
2026-01-11,C관(2공장),[20] 분리,분리20호기,38629.0,34169.0,88.45,1,61715.0,62.59
2026-01-11,C관(2공장),[20] 분리,분리21호기,45921.0,39069.0,85.08,1,61715.0,74.41
2026-01-11,C관(2공장),[20] 분리,분리22호기,40457.0,30026.0,74.22,1,61715.0,65.55
2026-01-11,C관(2공장),[20] 분리,분리23호기,46521.0,40795.0,87.69,1,61715.0,75.38
2026-01-11,C관(2공장),[20] 분리,분리24호기,47633.0,43758.0,91.86,1,61715.0,77.18
2026-01-11,C관(2공장),[20] 분리,분리25호기,49786.0,41496.0,83.35,1,61715.0,80.67
2026-01-11,C관(2공장),[20] 분리,분리26호기,46144.0,40069.0,86.83,1,54000.0,85.45
2026-01-11,C관(2공장),[20] 분리,분리27호기,43087.0,35865.0,83.24,1,54000.0,79.79
2026-01-11,C관(2공장),[20] 분리,분리28호기,40659.0,33902.0,83.38,1,54000.0,75.29
2026-01-11,C관(2공장),[20] 분리,분리29호기,45590.0,39176.0,85.93,1,54000.0,84.43
2026-01-11,C관(2공장),[20] 분리,분리30호기,55914.0,49208.0,88.01,1,54000.0,103.54
2026-01-11,C관(2공장),[20] 분리,분리31호기,50911.0,42829.0,84.13,1,54000.0,94.28
2026-01-11,C관(2공장),[20] 분리,분리32호기,45765.0,35155.0,76.82,1,54000.0,84.75
2026-01-11,C관(2공장),[20] 분리,분리33호기,46758.0,38658.0,82.68,1,54000.0,86.59
2026-01-11,C관(2공장),[20] 분리,분리34호기,53063.0,44571.0,84.0,1,54000.0,98.26
2026-01-11,C관(2공장),[20] 분리,분리35호기,46105.0,38435.0,83.36,1,54000.0,85.38
2026-01-11,C관(2공장),[20] 분리,분리36호기,50908.0,41291.0,81.11,1,54000.0,94.27
2026-01-11,C관(2공장),[20] 분리,분리37호기,47700.0,40586.0,85.09,1,54000.0,88.33
2026-01-11,C관(2공장),[20] 분리,분리43호기,40420.0,31274.0,77.37,1,54000.0,74.85
2026-01-11,C관(2공장),[45] 하이드레이션/전면검사,워터배스2-10호기,84972.0,84880.0,99.89,1,120000.0,70.81
2026-01-11,C관(2공장),[45] 하이드레이션/전면검사,워터배스2-11호기,67374.0,64785.0,96.16,1,150000.0,44.92
2026-01-11,C관(2공장),[45] 하이드레이션/전면검사,워터배스2-12호기,56308.0,56215.0,99.83,1,150000.0,37.54
2026-01-11,C관(2공장),[45] 하이드레이션/전면검사,워터배스2-13호기,77201.0,77087.0,99.85,1,150000.0,51.47
2026-01-11,C관(2공장),[45] 하이드레이션/전면검사,워터배스2-14호기,95121.0,94965.0,99.84,1,150000.0,63.41
2026-01-11,C관(2공장),[45] 하이드레이션/전면검사,워터배스2-1호기,75863.0,75780.0,99.89,1,120000.0,63.22
2026-01-11,C관(2공장),[45] 하이드레이션/전면검사,워터배스2-2호기,38217.0,38175.0,99.89,1,120000.0,31.85
2026-01-11,C관(2공장),[45] 하이드레이션/전면검사,워터배스2-3호기,84437.0,84357.0,99.91,1,120000.0,70.36
2026-01-11,C관(2공장),[45] 하이드레이션/전면검사,워터배스2-4호기,61513.0,61440.0,99.88,1,120000.0,51.26
2026-01-11,C관(2공장),[45] 하이드레이션/전면검사,워터배스2-5호기,63949.0,63870.0,99.88,1,120000.0,53.29
2026-01-11,C관(2공장),[45] 하이드레이션/전면검사,워터배스2-6호기,12971.0,12950.0,99.84,1,30000.0,43.24
2026-01-11,C관(2공장),[45] 하이드레이션/전면검사,워터배스2-7호기,55035.0,54990.0,99.92,1,120000.0,45.86
2026-01-11,C관(2공장),[45] 하이드레이션/전면검사,워터배스2-8호기,76205.0,76130.0,99.9,1,120000.0,63.5
2026-01-11,C관(2공장),[45] 하이드레이션/전면검사,워터배스2-9호기,43516.0,43470.0,99.89,1,120000.0,36.26
2026-01-11,C관(2공장),[55] 접착/ 멸균,검사32호기,43705.0,42390.0,96.99,1,0.0,0.0
2026-01-11,C관(2공장),[55] 접착/ 멸균,검사33호기,38520.0,37700.0,97.87,1,66462.0,57.96
2026-01-11,C관(2공장),[55] 접착/ 멸균,검사34호기,56310.0,55010.0,97.69,1,78546.0,71.69
2026-01-11,C관(2공장),[55] 접착/ 멸균,검사35호기,40515.0,39760.0,98.14,1,78546.0,51.58
2026-01-11,C관(2공장),[55] 접착/ 멸균,검사36호기,53050.0,52460.0,98.89,1,78546.0,67.54
2026-01-11,C관(2공장),[55] 접착/ 멸균,검사37호기,55435.0,54880.0,99.0,1,78546.0,70.58
2026-01-11,C관(2공장),[55] 접착/ 멸균,검사38호기,55900.0,54600.0,97.67,1,78546.0,71.17
2026-01-11,C관(2공장),[55] 접착/ 멸균,검사39호기,43250.0,42550.0,98.38,1,78546.0,55.06
2026-01-11,C관(2공장),[55] 접착/ 멸균,검사40호기,56820.0,56070.0,98.68,1,78546.0,72.34
2026-01-11,C관(2공장),[55] 접착/ 멸균,검사41호기,31704.0,30849.0,97.3,1,78546.0,40.36
2026-01-11,C관(2공장),[55] 접착/ 멸균,검사42호기,57550.0,56515.0,98.2,1,78546.0,73.27
2026-01-11,C관(2공장),[55] 접착/ 멸균,검사43호기,58680.0,56985.0,97.11,1,78546.0,74.71
2026-01-11,C관(2공장),[55] 접착/ 멸균,검사44호기,59460.0,58335.0,98.11,1,78546.0,75.7
2026-01-11,C관(2공장),[55] 접착/ 멸균,검사45호기,53305.0,51990.0,97.53,1,78546.0,67.86
2026-01-11,C관(2공장),[55] 접착/ 멸균,검사46호기,50600.0,39605.0,78.27,1,78546.0,64.42
2026-01-11,C관(2공장),[55] 접착/ 멸균,검사47호기,51370.0,50435.0,98.18,1,78546.0,65.4
2026-01-11,C관(2공장),[55] 접착/ 멸균,검사48호기,56140.0,55000.0,97.97,1,78546.0,71.47
2026-01-11,C관(2공장),[80] 누수/규격검사,누수/규격검사(2공장),844717.0,839151.0,99.34,1,720000.0,117.32
2026-01-11,S관(3공장),[10] 사출조립,A형 인라인1호기,37983.0,37983.0,100.0,1,43200.0,87.92
2026-01-11,S관(3공장),[10] 사출조립,A형 인라인2호기,39338.0,39338.0,100.0,1,43200.0,91.06
2026-01-11,S관(3공장),[10] 사출조립,A형 인라인5호기,15944.0,15944.0,100.0,1,43200.0,36.91
2026-01-11,S관(3공장),[10] 사출조립,B형 조립중합1호기,17720.0,16628.0,93.84,1,76800.0,23.07
2026-01-11,S관(3공장),[10] 사출조립,B형 조립중합5호기,17232.0,15061.0,87.4,1,76800.0,22.44
2026-01-11,S관(3공장),[10] 사출조립,B형 조립중합6호기,8256.0,7760.0,93.99,1,76800.0,10.75
2026-01-11,S관(3공장),[20] 분리,A형 인라인2호기,20653.0,18821.0,91.13,1,43200.0,47.81
2026-01-11,S관(3공장),[20] 분리,B형 분리수화접착1호기,31025.0,27165.0,87.56,1,53170.0,58.35
2026-01-11,S관(3공장),[20] 분리,B형 분리수화접착3호기,10041.0,7829.0,77.97,1,53170.0,18.88
2026-01-11,S관(3공장),[20] 분리,B형 분리수화접착4호기,10194.0,7432.0,72.91,1,53170.0,19.17
2026-01-11,S관(3공장),[20] 분리,B형 분리수화접착5호기,21226.0,17311.0,81.56,1,53170.0,39.92
2026-01-11,S관(3공장),[20] 분리,B형 분리수화접착6호기,25712.0,18472.0,71.84,1,53170.0,48.36
2026-01-11,S관(3공장),[20] 분리,CAM분리3호기,21411.0,17450.0,81.5,1,39273.0,54.52
2026-01-11,S관(3공장),[20] 분리,CAM분리4호기,22983.0,20229.0,88.02,1,39273.0,58.52
2026-01-11,S관(3공장),[45] 하이드레이션/전면검사,A형 인라인2호기,26972.0,26929.0,99.84,1,60000.0,44.95
2026-01-11,S관(3공장),[45] 하이드레이션/전면검사,S관 실리콘 자동수화기,108731.0,108390.0,99.69,1,240000.0,45.3
2026-01-11,S관(3공장),[55] 접착/ 멸균,A형 인라인1호기,17244.0,16575.0,96.12,1,54000.0,31.93
2026-01-11,S관(3공장),[55] 접착/ 멸균,A형 인라인2호기,7828.0,7670.0,97.98,1,54000.0,14.5
2026-01-11,S관(3공장),[55] 접착/ 멸균,A형 인라인3호기,39273.0,38500.0,98.03,1,54000.0,72.73
2026-01-11,S관(3공장),[55] 접착/ 멸균,A형 인라인4호기,39128.0,37440.0,95.69,1,54000.0,72.46
2026-01-11,S관(3공장),[55] 접착/ 멸균,A형 인라인6호기,29201.0,28235.0,96.69,1,54000.0,54.08
2026-01-11,S관(3공장),[80] 누수/규격검사,누수/규격검사(3공장),126645.0,126050.0,99.53,1,100645.0,125.83
2026-01-12,A관(1공장),[00] 배합,조립1호기,1005.0,1005.0,100.0,1,0.0,0.0
2026-01-12,A관(1공장),[00] 배합,조립31호기,20000.0,20000.0,100.0,1,0.0,0.0
2026-01-12,A관(1공장),[00] 배합,조립3호기,2057.0,2057.0,100.0,1,0.0,0.0
2026-01-12,A관(1공장),[00] 배합,조립8호기,3000.0,3000.0,100.0,1,0.0,0.0
2026-01-12,A관(1공장),[10] 사출조립,조립1호기,35195.0,35195.0,100.0,1,43200.0,81.47
2026-01-12,A관(1공장),[10] 사출조립,조립2호기,35917.0,35236.0,98.1,1,43200.0,83.14
2026-01-12,A관(1공장),[10] 사출조립,조립30호기,45558.0,42022.0,92.24,1,86400.0,52.73
2026-01-12,A관(1공장),[10] 사출조립,조립31호기,103868.0,103868.0,100.0,1,86400.0,120.22
2026-01-12,A관(1공장),[10] 사출조립,조립32호기,103688.0,103224.0,99.55,1,86400.0,120.01
2026-01-12,A관(1공장),[10] 사출조립,조립3호기,37832.0,37832.0,100.0,1,43200.0,87.57
2026-01-12,A관(1공장),[10] 사출조립,조립4호기,18778.0,18036.0,96.05,1,43200.0,43.47
2026-01-12,A관(1공장),[10] 사출조립,조립8호기,51692.0,51692.0,100.0,1,43200.0,119.66
2026-01-12,A관(1공장),[20] 분리,분리10호기,16950.0,14445.0,85.22,1,17280.0,98.09
2026-01-12,A관(1공장),[20] 분리,분리14호기,34014.0,27891.0,82.0,1,54000.0,62.99
2026-01-12,A관(1공장),[20] 분리,분리3호기,516.0,272.0,52.71,1,17280.0,2.99
2026-01-12,A관(1공장),[20] 분리,분리5호기,15971.0,13745.0,86.06,1,17280.0,92.42
2026-01-12,A관(1공장),[45] 하이드레이션/전면검사,워터배스1-2호기,8574.0,7803.0,91.01,1,30000.0,28.58
2026-01-12,A관(1공장),[45] 하이드레이션/전면검사,워터배스1-3호기,16060.0,15516.0,96.61,1,30000.0,53.53
2026-01-12,A관(1공장),[45] 하이드레이션/전면검사,워터배스1-4호기,15950.0,15950.0,100.0,1,30000.0,53.17
2026-01-12,A관(1공장),[45] 하이드레이션/전면검사,워터배스1-5호기,11837.0,11837.0,100.0,1,150000.0,7.89
2026-01-12,A관(1공장),[45] 하이드레이션/전면검사,워터배스1-6호기,19710.0,19710.0,100.0,1,150000.0,13.14
2026-01-12,A관(1공장),[55] 접착/ 멸균,검사10호기,6415.0,6010.0,93.69,1,13293.0,48.26
2026-01-12,A관(1공장),[55] 접착/ 멸균,검사11호기,9535.0,8946.0,93.82,1,13293.0,71.73
2026-01-12,A관(1공장),[55] 접착/ 멸균,검사14호기,1824.0,1715.0,94.02,1,13293.0,13.72
2026-01-12,A관(1공장),[55] 접착/ 멸균,검사15호기,9311.0,9299.0,99.87,1,13293.0,70.04
2026-01-12,A관(1공장),[55] 접착/ 멸균,검사16호기,4830.0,4380.0,90.68,1,13293.0,36.33
2026-01-12,A관(1공장),[55] 접착/ 멸균,검사18호기,7884.0,7662.0,97.18,1,13293.0,59.31
2026-01-12,A관(1공장),[55] 접착/ 멸균,검사20호기,7892.0,7736.0,98.02,1,13293.0,59.37
2026-01-12,A관(1공장),[55] 접착/ 멸균,검사22호기,8397.0,7945.0,94.62,1,13293.0,63.17
2026-01-12,A관(1공장),[55] 접착/ 멸균,검사23호기,11364.0,10776.0,94.83,1,13293.0,85.49
2026-01-12,A관(1공장),[55] 접착/ 멸균,검사8호기,10189.0,8776.0,86.13,1,13293.0,76.65
2026-01-12,A관(1공장),[55] 접착/ 멸균,바이알캡핑기,8066.0,7093.0,87.94,1,0.0,0.0
2026-01-12,A관(1공장),[80] 누수/규격검사,누수/규격검사(1공장),67434.0,63477.0,94.13,1,112902.0,59.73
2026-01-12,C관(2공장),[00] 배합,조립13호기,20366.0,20366.0,100.0,1,0.0,0.0
2026-01-12,C관(2공장),[00] 배합,조립16호기,20366.0,20366.0,100.0,1,0.0,0.0
2026-01-12,C관(2공장),[00] 배합,조립40호기,20366.0,20366.0,100.0,1,0.0,0.0
2026-01-12,C관(2공장),[00] 배합,조립44호기,20366.0,20366.0,100.0,1,0.0,0.0
2026-01-12,C관(2공장),[00] 배합,조립51호기,20365.86,20365.86,100.0,1,0.0,0.0
2026-01-12,C관(2공장),[00] 배합,조립55호기,20366.0,20366.0,100.0,1,0.0,0.0
2026-01-12,C관(2공장),[00] 배합,조립58호기,20366.0,20366.0,100.0,1,0.0,0.0
2026-01-12,C관(2공장),[10] 사출조립,조립10호기,54828.0,49172.0,89.68,1,43200.0,126.92
2026-01-12,C관(2공장),[10] 사출조립,조립11호기,28693.0,27090.0,94.41,1,43200.0,66.42
2026-01-12,C관(2공장),[10] 사출조립,조립12호기,21993.0,21993.0,100.0,1,0.0,0.0
2026-01-12,C관(2공장),[10] 사출조립,조립13호기,28258.0,28243.0,99.95,1,0.0,0.0
2026-01-12,C관(2공장),[10] 사출조립,조립16호기,8158.0,6404.0,78.5,1,43200.0,18.88
2026-01-12,C관(2공장),[10] 사출조립,조립17호기,49351.0,49056.0,99.4,1,43200.0,114.24
2026-01-12,C관(2공장),[10] 사출조립,조립22호기,26331.0,25755.0,97.81,1,43200.0,60.95
2026-01-12,C관(2공장),[10] 사출조립,조립26호기,26887.0,25497.0,94.83,1,43200.0,62.24
2026-01-12,C관(2공장),[10] 사출조립,조립27호기,27944.0,22179.0,79.37,1,43200.0,64.69
2026-01-12,C관(2공장),[10] 사출조립,조립40호기,23367.0,22609.0,96.76,1,43200.0,54.09
2026-01-12,C관(2공장),[10] 사출조립,조립41호기,34950.0,29303.0,83.84,1,43200.0,80.9
2026-01-12,C관(2공장),[10] 사출조립,조립44호기,29946.0,26484.0,88.44,1,43200.0,69.32
2026-01-12,C관(2공장),[10] 사출조립,조립45호기,54811.0,51529.0,94.01,1,43200.0,126.88
2026-01-12,C관(2공장),[10] 사출조립,조립46호기,22563.0,15836.0,70.19,1,43200.0,52.23
2026-01-12,C관(2공장),[10] 사출조립,조립48호기,30797.0,29007.0,94.19,1,43200.0,71.29
2026-01-12,C관(2공장),[10] 사출조립,조립49호기,28397.0,27189.0,95.75,1,43200.0,65.73
2026-01-12,C관(2공장),[10] 사출조립,조립50호기,28323.0,26792.0,94.59,1,43200.0,65.56
2026-01-12,C관(2공장),[10] 사출조립,조립52호기,44016.0,34486.0,78.35,1,43200.0,101.89
2026-01-12,C관(2공장),[10] 사출조립,조립53호기,26130.0,25987.0,99.45,1,43200.0,60.49
2026-01-12,C관(2공장),[10] 사출조립,조립54호기,30174.0,29499.0,97.76,1,43200.0,69.85
2026-01-12,C관(2공장),[10] 사출조립,조립55호기,29222.0,24948.0,85.37,1,43200.0,67.64
2026-01-12,C관(2공장),[10] 사출조립,조립56호기,10444.0,5463.0,52.31,1,43200.0,24.18
2026-01-12,C관(2공장),[10] 사출조립,조립57호기,29991.0,27020.0,90.09,1,43200.0,69.42
2026-01-12,C관(2공장),[10] 사출조립,조립58호기,19810.0,18222.0,91.98,1,43200.0,45.86
2026-01-12,C관(2공장),[10] 사출조립,조립59호기,25018.0,23157.0,92.56,1,43200.0,57.91
2026-01-12,C관(2공장),[20] 분리,분리12호기,29078.0,25404.0,87.37,1,0.0,0.0
2026-01-12,C관(2공장),[20] 분리,분리13호기,3265.0,0.0,0.0,1,61715.0,5.29
2026-01-12,C관(2공장),[20] 분리,분리15호기,27715.0,24035.0,86.72,1,0.0,0.0
2026-01-12,C관(2공장),[20] 분리,분리16호기,36288.0,31090.0,85.68,1,61715.0,58.8
2026-01-12,C관(2공장),[20] 분리,분리17호기,43111.0,38121.0,88.43,1,61715.0,69.85
2026-01-12,C관(2공장),[20] 분리,분리18호기,49304.0,43126.0,87.47,1,61715.0,79.89
2026-01-12,C관(2공장),[20] 분리,분리19호기,43265.0,35113.0,81.16,1,61715.0,70.1
2026-01-12,C관(2공장),[20] 분리,분리20호기,45107.0,41124.0,91.17,1,61715.0,73.09
2026-01-12,C관(2공장),[20] 분리,분리21호기,41176.0,33999.0,82.57,1,61715.0,66.72
2026-01-12,C관(2공장),[20] 분리,분리22호기,41415.0,24573.0,59.33,1,61715.0,67.11
2026-01-12,C관(2공장),[20] 분리,분리23호기,49829.0,41727.0,83.74,1,61715.0,80.74
2026-01-12,C관(2공장),[20] 분리,분리24호기,45703.0,39803.0,87.09,1,61715.0,74.05
2026-01-12,C관(2공장),[20] 분리,분리25호기,46443.0,41682.0,89.75,1,61715.0,75.25
2026-01-12,C관(2공장),[20] 분리,분리26호기,46840.0,39768.0,84.9,1,54000.0,86.74
2026-01-12,C관(2공장),[20] 분리,분리27호기,44109.0,37308.0,84.58,1,54000.0,81.68
2026-01-12,C관(2공장),[20] 분리,분리28호기,41957.0,32512.0,77.49,1,54000.0,77.7
2026-01-12,C관(2공장),[20] 분리,분리29호기,52257.0,45090.0,86.29,1,54000.0,96.77
2026-01-12,C관(2공장),[20] 분리,분리30호기,52103.0,44328.0,85.08,1,54000.0,96.49
2026-01-12,C관(2공장),[20] 분리,분리31호기,50522.0,42635.0,84.39,1,54000.0,93.56
2026-01-12,C관(2공장),[20] 분리,분리32호기,51508.0,44029.0,85.48,1,54000.0,95.39
2026-01-12,C관(2공장),[20] 분리,분리33호기,46622.0,36929.0,79.21,1,54000.0,86.34
2026-01-12,C관(2공장),[20] 분리,분리34호기,50431.0,40120.0,79.55,1,54000.0,93.39
2026-01-12,C관(2공장),[20] 분리,분리35호기,46411.0,39127.0,84.31,1,54000.0,85.95
2026-01-12,C관(2공장),[20] 분리,분리36호기,49058.0,39202.0,79.91,1,54000.0,90.85
2026-01-12,C관(2공장),[20] 분리,분리37호기,43206.0,36908.0,85.42,1,54000.0,80.01
2026-01-12,C관(2공장),[20] 분리,분리43호기,41359.0,33057.0,79.93,1,54000.0,76.59
2026-01-12,C관(2공장),[45] 하이드레이션/전면검사,워터배스2-10호기,52538.0,52460.0,99.85,1,120000.0,43.78
2026-01-12,C관(2공장),[45] 하이드레이션/전면검사,워터배스2-11호기,116813.0,116675.0,99.88,1,150000.0,77.88
2026-01-12,C관(2공장),[45] 하이드레이션/전면검사,워터배스2-12호기,55556.0,55490.0,99.88,1,150000.0,37.04
2026-01-12,C관(2공장),[45] 하이드레이션/전면검사,워터배스2-13호기,85440.0,85355.0,99.9,1,150000.0,56.96
2026-01-12,C관(2공장),[45] 하이드레이션/전면검사,워터배스2-14호기,98804.0,98725.0,99.92,1,150000.0,65.87
2026-01-12,C관(2공장),[45] 하이드레이션/전면검사,워터배스2-1호기,64362.0,64295.0,99.9,1,120000.0,53.64
2026-01-12,C관(2공장),[45] 하이드레이션/전면검사,워터배스2-2호기,76484.0,76385.0,99.87,1,120000.0,63.74
2026-01-12,C관(2공장),[45] 하이드레이션/전면검사,워터배스2-3호기,50445.0,50385.0,99.88,1,120000.0,42.04
2026-01-12,C관(2공장),[45] 하이드레이션/전면검사,워터배스2-4호기,94626.0,94515.0,99.88,1,120000.0,78.86
2026-01-12,C관(2공장),[45] 하이드레이션/전면검사,워터배스2-5호기,45685.0,45610.0,99.84,1,120000.0,38.07
2026-01-12,C관(2공장),[45] 하이드레이션/전면검사,워터배스2-6호기,2400.0,2395.0,99.79,1,30000.0,8.0
2026-01-12,C관(2공장),[45] 하이드레이션/전면검사,워터배스2-7호기,37135.0,37120.0,99.96,1,120000.0,30.95
2026-01-12,C관(2공장),[45] 하이드레이션/전면검사,워터배스2-8호기,54170.0,54115.0,99.9,1,120000.0,45.14
2026-01-12,C관(2공장),[45] 하이드레이션/전면검사,워터배스2-9호기,65636.0,65540.0,99.85,1,120000.0,54.7
2026-01-12,C관(2공장),[55] 접착/ 멸균,검사32호기,33025.0,32650.0,98.86,1,0.0,0.0
2026-01-12,C관(2공장),[55] 접착/ 멸균,검사33호기,33065.0,32235.0,97.49,1,66462.0,49.75
2026-01-12,C관(2공장),[55] 접착/ 멸균,검사34호기,51380.0,50740.0,98.75,1,78546.0,65.41
2026-01-12,C관(2공장),[55] 접착/ 멸균,검사35호기,43130.0,41960.0,97.29,1,78546.0,54.91
2026-01-12,C관(2공장),[55] 접착/ 멸균,검사36호기,56295.0,55855.0,99.22,1,78546.0,71.67
2026-01-12,C관(2공장),[55] 접착/ 멸균,검사37호기,52700.0,52200.0,99.05,1,78546.0,67.09
2026-01-12,C관(2공장),[55] 접착/ 멸균,검사38호기,48460.0,46640.0,96.24,1,78546.0,61.7
2026-01-12,C관(2공장),[55] 접착/ 멸균,검사39호기,42920.0,41800.0,97.39,1,78546.0,54.64
2026-01-12,C관(2공장),[55] 접착/ 멸균,검사40호기,51875.0,51380.0,99.05,1,78546.0,66.04
2026-01-12,C관(2공장),[55] 접착/ 멸균,검사41호기,21973.0,21188.0,96.43,1,78546.0,27.97
2026-01-12,C관(2공장),[55] 접착/ 멸균,검사42호기,58995.0,58240.0,98.72,1,78546.0,75.11
2026-01-12,C관(2공장),[55] 접착/ 멸균,검사43호기,54105.0,53000.0,97.96,1,78546.0,68.88
2026-01-12,C관(2공장),[55] 접착/ 멸균,검사44호기,53755.0,52940.0,98.48,1,78546.0,68.44
2026-01-12,C관(2공장),[55] 접착/ 멸균,검사45호기,44550.0,43420.0,97.46,1,78546.0,56.72
2026-01-12,C관(2공장),[55] 접착/ 멸균,검사46호기,40650.0,36640.0,90.14,1,78546.0,51.75
2026-01-12,C관(2공장),[55] 접착/ 멸균,검사47호기,50435.0,49175.0,97.5,1,78546.0,64.21
2026-01-12,C관(2공장),[55] 접착/ 멸균,검사48호기,35051.0,33920.0,96.77,1,78546.0,44.62
2026-01-12,C관(2공장),[80] 누수/규격검사,누수/규격검사(2공장),835684.0,826269.0,98.87,1,720000.0,116.07
2026-01-12,S관(3공장),[00] 배합,A형 인라인2호기,5999.0,5999.0,100.0,1,0.0,0.0
2026-01-12,S관(3공장),[00] 배합,A형 인라인5호기,2000.0,2000.0,100.0,1,0.0,0.0
2026-01-12,S관(3공장),[00] 배합,B형 조립중합6호기,11880.0,11880.0,100.0,1,0.0,0.0
2026-01-12,S관(3공장),[10] 사출조립,A형 인라인1호기,17831.0,13374.0,75.0,1,43200.0,41.28
2026-01-12,S관(3공장),[10] 사출조립,A형 인라인2호기,47542.0,47542.0,100.0,1,43200.0,110.05
2026-01-12,S관(3공장),[10] 사출조립,A형 인라인3호기,37312.0,37312.0,100.0,1,43200.0,86.37
2026-01-12,S관(3공장),[10] 사출조립,A형 인라인5호기,57716.0,57716.0,100.0,1,43200.0,133.6
2026-01-12,S관(3공장),[10] 사출조립,A형 인라인6호기,1500.0,1500.0,100.0,1,43200.0,3.47
2026-01-12,S관(3공장),[10] 사출조립,B형 조립중합1호기,34456.0,22533.0,65.4,1,76800.0,44.86
2026-01-12,S관(3공장),[10] 사출조립,B형 조립중합5호기,32448.0,27485.0,84.7,1,76800.0,42.25
2026-01-12,S관(3공장),[10] 사출조립,B형 조립중합6호기,25688.0,17720.0,68.98,1,76800.0,33.45
2026-01-12,S관(3공장),[10] 사출조립,B형 조립중합7호기,27262.0,26393.0,96.81,1,76800.0,35.5
2026-01-12,S관(3공장),[20] 분리,A형 인라인2호기,20859.0,19263.0,92.35,1,43200.0,48.28
2026-01-12,S관(3공장),[20] 분리,A형 인라인3호기,27534.0,24980.0,90.72,1,43200.0,63.74
2026-01-12,S관(3공장),[20] 분리,A형 인라인6호기,1000.0,900.0,90.0,1,43200.0,2.31
2026-01-12,S관(3공장),[20] 분리,B형 분리수화접착1호기,14692.0,13147.0,89.48,1,53170.0,27.63
2026-01-12,S관(3공장),[20] 분리,B형 분리수화접착3호기,21507.0,18449.0,85.78,1,53170.0,40.45
2026-01-12,S관(3공장),[20] 분리,B형 분리수화접착4호기,19759.0,15076.0,76.3,1,53170.0,37.16
2026-01-12,S관(3공장),[20] 분리,B형 분리수화접착5호기,14419.0,11565.0,80.21,1,53170.0,27.12
2026-01-12,S관(3공장),[20] 분리,B형 분리수화접착6호기,29764.0,23220.0,78.01,1,53170.0,55.98
2026-01-12,S관(3공장),[20] 분리,B형 분리수화접착8호기,8848.0,7032.0,79.48,1,53170.0,16.64
2026-01-12,S관(3공장),[20] 분리,CAM분리3호기,19796.0,15132.0,76.44,1,39273.0,50.41
2026-01-12,S관(3공장),[20] 분리,CAM분리4호기,16777.0,12810.0,76.35,1,39273.0,42.72
2026-01-12,S관(3공장),[45] 하이드레이션/전면검사,A형 인라인2호기,96781.0,96634.0,99.85,1,60000.0,161.3
2026-01-12,S관(3공장),[45] 하이드레이션/전면검사,S관 실리콘 자동수화기,132401.0,132067.0,99.75,1,240000.0,55.17
2026-01-12,S관(3공장),[55] 접착/ 멸균,A형 인라인1호기,55017.0,52675.0,95.74,1,54000.0,101.88
2026-01-12,S관(3공장),[55] 접착/ 멸균,A형 인라인2호기,28003.0,27215.0,97.19,1,54000.0,51.86
2026-01-12,S관(3공장),[55] 접착/ 멸균,A형 인라인3호기,21437.0,20850.0,97.26,1,54000.0,39.7
2026-01-12,S관(3공장),[55] 접착/ 멸균,A형 인라인4호기,38055.0,35810.0,94.1,1,54000.0,70.47
2026-01-12,S관(3공장),[55] 접착/ 멸균,A형 인라인5호기,21209.0,20395.0,96.16,1,54000.0,39.28
2026-01-12,S관(3공장),[55] 접착/ 멸균,A형 인라인6호기,38511.0,36310.0,94.28,1,54000.0,71.32
2026-01-12,S관(3공장),[80] 누수/규격검사,누수/규격검사(3공장),152765.0,152310.0,99.7,1,100645.0,151.79
2026-01-13,A관(1공장),[00] 배합,조립2호기,1021.0,1021.0,100.0,1,0.0,0.0
2026-01-13,A관(1공장),[00] 배합,조립31호기,20000.0,20000.0,100.0,1,0.0,0.0
2026-01-13,A관(1공장),[00] 배합,조립3호기,1023.0,1023.0,100.0,1,0.0,0.0
2026-01-13,A관(1공장),[00] 배합,조립4호기,3000.0,3000.0,100.0,1,0.0,0.0
2026-01-13,A관(1공장),[00] 배합,조립8호기,4000.0,4000.0,100.0,1,0.0,0.0
2026-01-13,A관(1공장),[10] 사출조립,조립1호기,19371.0,17262.0,89.11,1,43200.0,44.84
2026-01-13,A관(1공장),[10] 사출조립,조립2호기,34797.0,30935.0,88.9,1,43200.0,80.55
2026-01-13,A관(1공장),[10] 사출조립,조립30호기,48269.0,48269.0,100.0,1,86400.0,55.87
2026-01-13,A관(1공장),[10] 사출조립,조립31호기,49425.0,47484.0,96.07,1,86400.0,57.2
2026-01-13,A관(1공장),[10] 사출조립,조립32호기,53523.0,51855.0,96.88,1,86400.0,61.95
2026-01-13,A관(1공장),[10] 사출조립,조립3호기,32609.0,32609.0,100.0,1,43200.0,75.48
2026-01-13,A관(1공장),[10] 사출조립,조립4호기,36005.0,36005.0,100.0,1,43200.0,83.34
2026-01-13,A관(1공장),[10] 사출조립,조립8호기,35562.0,33437.0,94.02,1,43200.0,82.32
2026-01-13,A관(1공장),[20] 분리,분리10호기,18373.0,15672.0,85.3,1,17280.0,106.33
2026-01-13,A관(1공장),[20] 분리,분리14호기,42127.0,37846.0,89.84,1,54000.0,78.01
2026-01-13,A관(1공장),[20] 분리,분리5호기,17909.0,14885.0,83.11,1,17280.0,103.64
2026-01-13,A관(1공장),[45] 하이드레이션/전면검사,1공장 실리콘수화기,9380.0,9380.0,100.0,1,0.0,0.0
2026-01-13,A관(1공장),[45] 하이드레이션/전면검사,워터배스1-2호기,17805.0,17805.0,100.0,1,30000.0,59.35
2026-01-13,A관(1공장),[45] 하이드레이션/전면검사,워터배스1-3호기,15121.0,14470.0,95.69,1,30000.0,50.4
2026-01-13,A관(1공장),[45] 하이드레이션/전면검사,워터배스1-4호기,3268.0,3268.0,100.0,1,30000.0,10.89
2026-01-13,A관(1공장),[45] 하이드레이션/전면검사,워터배스1-5호기,29079.0,29079.0,100.0,1,150000.0,19.39
2026-01-13,A관(1공장),[45] 하이드레이션/전면검사,워터배스1-6호기,26572.0,26572.0,100.0,1,150000.0,17.71
2026-01-13,A관(1공장),[55] 접착/ 멸균,검사10호기,1337.0,1274.0,95.29,1,13293.0,10.06
2026-01-13,A관(1공장),[55] 접착/ 멸균,검사11호기,12958.0,12502.0,96.48,1,13293.0,97.48
2026-01-13,A관(1공장),[55] 접착/ 멸균,검사14호기,10556.0,10204.0,96.67,1,13293.0,79.41
2026-01-13,A관(1공장),[55] 접착/ 멸균,검사15호기,2407.0,2405.0,99.92,1,13293.0,18.11
2026-01-13,A관(1공장),[55] 접착/ 멸균,검사18호기,7713.0,6974.0,90.42,1,13293.0,58.02
2026-01-13,A관(1공장),[55] 접착/ 멸균,검사19호기,3793.0,3690.0,97.28,1,13293.0,28.53
2026-01-13,A관(1공장),[55] 접착/ 멸균,검사20호기,10755.0,10445.0,97.12,1,13293.0,80.91
2026-01-13,A관(1공장),[55] 접착/ 멸균,검사21호기,1844.0,1816.0,98.48,1,13293.0,13.87
2026-01-13,A관(1공장),[55] 접착/ 멸균,검사22호기,5517.0,5340.0,96.79,1,13293.0,41.5
2026-01-13,A관(1공장),[55] 접착/ 멸균,검사23호기,10974.0,10156.0,92.55,1,13293.0,82.55
2026-01-13,A관(1공장),[55] 접착/ 멸균,검사6호기,3139.0,2864.0,91.24,1,13293.0,23.61
2026-01-13,A관(1공장),[55] 접착/ 멸균,검사7호기,675.0,0.0,0.0,1,13293.0,5.08
2026-01-13,A관(1공장),[55] 접착/ 멸균,검사8호기,10315.0,9914.0,96.11,1,13293.0,77.6
2026-01-13,A관(1공장),[55] 접착/ 멸균,바이알캡핑기,7075.0,6404.0,90.52,1,0.0,0.0
2026-01-13,A관(1공장),[80] 누수/규격검사,누수/규격검사(1공장),72646.0,67617.0,93.08,1,112902.0,64.34
2026-01-13,C관(2공장),[00] 배합,조립24호기,40282.0,40282.0,100.0,1,0.0,0.0
2026-01-13,C관(2공장),[00] 배합,조립45호기,20365.93,20365.93,100.0,1,0.0,0.0
2026-01-13,C관(2공장),[00] 배합,조립49호기,20366.0,20365.9,100.0,1,0.0,0.0
2026-01-13,C관(2공장),[00] 배합,조립53호기,20366.0,20366.0,100.0,1,0.0,0.0
2026-01-13,C관(2공장),[00] 배합,조립54호기,20366.0,20366.0,100.0,1,0.0,0.0
2026-01-13,C관(2공장),[00] 배합,조립56호기,20366.0,20366.0,100.0,1,0.0,0.0
2026-01-13,C관(2공장),[10] 사출조립,조립10호기,30227.0,28561.0,94.49,1,43200.0,69.97
2026-01-13,C관(2공장),[10] 사출조립,조립11호기,29222.0,28283.0,96.79,1,43200.0,67.64
2026-01-13,C관(2공장),[10] 사출조립,조립12호기,18509.0,12209.0,65.96,1,0.0,0.0
2026-01-13,C관(2공장),[10] 사출조립,조립13호기,22914.0,22483.0,98.12,1,0.0,0.0
2026-01-13,C관(2공장),[10] 사출조립,조립16호기,48914.0,47296.0,96.69,1,43200.0,113.23
2026-01-13,C관(2공장),[10] 사출조립,조립17호기,28036.0,26097.0,93.08,1,43200.0,64.9
2026-01-13,C관(2공장),[10] 사출조립,조립22호기,31005.0,24537.0,79.14,1,43200.0,71.77
2026-01-13,C관(2공장),[10] 사출조립,조립24호기,16374.0,14404.0,87.97,1,43200.0,37.9
2026-01-13,C관(2공장),[10] 사출조립,조립26호기,28360.0,18999.0,66.99,1,43200.0,65.65
2026-01-13,C관(2공장),[10] 사출조립,조립27호기,38089.0,34070.0,89.45,1,43200.0,88.17
2026-01-13,C관(2공장),[10] 사출조립,조립40호기,20409.0,16381.0,80.26,1,43200.0,47.24
2026-01-13,C관(2공장),[10] 사출조립,조립41호기,11283.0,9002.0,79.78,1,43200.0,26.12
2026-01-13,C관(2공장),[10] 사출조립,조립44호기,29131.0,28403.0,97.5,1,43200.0,67.43
2026-01-13,C관(2공장),[10] 사출조립,조립45호기,27737.0,24217.0,87.31,1,43200.0,64.21
2026-01-13,C관(2공장),[10] 사출조립,조립46호기,26685.0,24796.0,92.92,1,43200.0,61.77
2026-01-13,C관(2공장),[10] 사출조립,조립47호기,48594.0,42191.0,86.82,1,43200.0,112.49
2026-01-13,C관(2공장),[10] 사출조립,조립48호기,45035.0,42857.0,95.16,1,43200.0,104.25
2026-01-13,C관(2공장),[10] 사출조립,조립49호기,53000.0,48711.0,91.91,1,43200.0,122.69
2026-01-13,C관(2공장),[10] 사출조립,조립51호기,25975.0,21171.0,81.51,1,43200.0,60.13
2026-01-13,C관(2공장),[10] 사출조립,조립52호기,24162.0,24110.0,99.78,1,43200.0,55.93
2026-01-13,C관(2공장),[10] 사출조립,조립53호기,28119.0,25293.0,89.95,1,43200.0,65.09
2026-01-13,C관(2공장),[10] 사출조립,조립54호기,52370.0,50347.0,96.14,1,43200.0,121.23
2026-01-13,C관(2공장),[10] 사출조립,조립55호기,33099.0,26806.0,80.99,1,43200.0,76.62
2026-01-13,C관(2공장),[10] 사출조립,조립56호기,29699.0,28681.0,96.57,1,43200.0,68.75
2026-01-13,C관(2공장),[10] 사출조립,조립57호기,31538.0,26257.0,83.26,1,43200.0,73.0
2026-01-13,C관(2공장),[10] 사출조립,조립59호기,49298.0,44359.0,89.98,1,43200.0,114.12
2026-01-13,C관(2공장),[20] 분리,분리12호기,28500.0,25064.0,87.94,1,0.0,0.0
2026-01-13,C관(2공장),[20] 분리,분리15호기,22113.0,18705.0,84.59,1,0.0,0.0
2026-01-13,C관(2공장),[20] 분리,분리16호기,44707.0,37171.0,83.14,1,61715.0,72.44
2026-01-13,C관(2공장),[20] 분리,분리17호기,42348.0,36665.0,86.58,1,61715.0,68.62
2026-01-13,C관(2공장),[20] 분리,분리18호기,48669.0,42748.0,87.83,1,61715.0,78.86
2026-01-13,C관(2공장),[20] 분리,분리19호기,43425.0,35665.0,82.13,1,61715.0,70.36
2026-01-13,C관(2공장),[20] 분리,분리20호기,49859.0,43417.0,87.08,1,61715.0,80.79
2026-01-13,C관(2공장),[20] 분리,분리21호기,40738.0,31084.0,76.3,1,61715.0,66.01
2026-01-13,C관(2공장),[20] 분리,분리22호기,46933.0,32291.0,68.8,1,61715.0,76.05
2026-01-13,C관(2공장),[20] 분리,분리23호기,34489.0,29081.0,84.32,1,61715.0,55.88
2026-01-13,C관(2공장),[20] 분리,분리24호기,43330.0,35143.0,81.11,1,61715.0,70.21
2026-01-13,C관(2공장),[20] 분리,분리25호기,41475.0,37246.0,89.8,1,61715.0,67.2
2026-01-13,C관(2공장),[20] 분리,분리26호기,45916.0,38259.0,83.32,1,54000.0,85.03
2026-01-13,C관(2공장),[20] 분리,분리27호기,45368.0,39593.0,87.27,1,54000.0,84.01
2026-01-13,C관(2공장),[20] 분리,분리28호기,39943.0,31358.0,78.51,1,54000.0,73.97
2026-01-13,C관(2공장),[20] 분리,분리29호기,46387.0,39818.0,85.84,1,54000.0,85.9
2026-01-13,C관(2공장),[20] 분리,분리30호기,52776.0,46680.0,88.45,1,54000.0,97.73
2026-01-13,C관(2공장),[20] 분리,분리31호기,51309.0,42515.0,82.86,1,54000.0,95.02
2026-01-13,C관(2공장),[20] 분리,분리32호기,53718.0,44053.0,82.01,1,54000.0,99.48
2026-01-13,C관(2공장),[20] 분리,분리33호기,48420.0,44409.0,91.72,1,54000.0,89.67
2026-01-13,C관(2공장),[20] 분리,분리34호기,49072.0,38701.0,78.87,1,54000.0,90.87
2026-01-13,C관(2공장),[20] 분리,분리35호기,45417.0,37205.0,81.92,1,54000.0,84.11
2026-01-13,C관(2공장),[20] 분리,분리36호기,47415.0,39585.0,83.49,1,54000.0,87.81
2026-01-13,C관(2공장),[20] 분리,분리37호기,45622.0,35908.0,78.71,1,54000.0,84.49
2026-01-13,C관(2공장),[20] 분리,분리43호기,35285.0,28171.0,79.84,1,54000.0,65.34
2026-01-13,C관(2공장),[45] 하이드레이션/전면검사,워터배스2-10호기,47619.0,47575.0,99.91,1,120000.0,39.68
2026-01-13,C관(2공장),[45] 하이드레이션/전면검사,워터배스2-11호기,66088.0,66005.0,99.87,1,150000.0,44.06
2026-01-13,C관(2공장),[45] 하이드레이션/전면검사,워터배스2-12호기,60448.0,60390.0,99.9,1,150000.0,40.3
2026-01-13,C관(2공장),[45] 하이드레이션/전면검사,워터배스2-13호기,73056.0,72955.0,99.86,1,150000.0,48.7
2026-01-13,C관(2공장),[45] 하이드레이션/전면검사,워터배스2-14호기,75832.0,75740.0,99.88,1,150000.0,50.55
2026-01-13,C관(2공장),[45] 하이드레이션/전면검사,워터배스2-1호기,57115.0,57040.0,99.87,1,120000.0,47.6
2026-01-13,C관(2공장),[45] 하이드레이션/전면검사,워터배스2-2호기,64630.0,64560.0,99.89,1,120000.0,53.86
2026-01-13,C관(2공장),[45] 하이드레이션/전면검사,워터배스2-3호기,74438.0,74390.0,99.94,1,120000.0,62.03
2026-01-13,C관(2공장),[45] 하이드레이션/전면검사,워터배스2-4호기,67374.0,67270.0,99.85,1,120000.0,56.14
2026-01-13,C관(2공장),[45] 하이드레이션/전면검사,워터배스2-5호기,83087.0,82915.0,99.79,1,120000.0,69.24
2026-01-13,C관(2공장),[45] 하이드레이션/전면검사,워터배스2-7호기,73156.0,73095.0,99.92,1,120000.0,60.96
2026-01-13,C관(2공장),[45] 하이드레이션/전면검사,워터배스2-8호기,54510.0,54460.0,99.91,1,120000.0,45.42
2026-01-13,C관(2공장),[45] 하이드레이션/전면검사,워터배스2-9호기,34034.0,34000.0,99.9,1,120000.0,28.36
2026-01-13,C관(2공장),[55] 접착/ 멸균,검사32호기,39340.0,38935.0,98.97,1,0.0,0.0
2026-01-13,C관(2공장),[55] 접착/ 멸균,검사33호기,38595.0,37350.0,96.77,1,66462.0,58.07
2026-01-13,C관(2공장),[55] 접착/ 멸균,검사34호기,51800.0,51170.0,98.78,1,78546.0,65.95
2026-01-13,C관(2공장),[55] 접착/ 멸균,검사35호기,46825.0,46010.0,98.26,1,78546.0,59.61
2026-01-13,C관(2공장),[55] 접착/ 멸균,검사36호기,36075.0,35625.0,98.75,1,78546.0,45.93
2026-01-13,C관(2공장),[55] 접착/ 멸균,검사37호기,58385.0,57740.0,98.9,1,78546.0,74.33
2026-01-13,C관(2공장),[55] 접착/ 멸균,검사38호기,55875.0,55135.0,98.68,1,78546.0,71.14
2026-01-13,C관(2공장),[55] 접착/ 멸균,검사39호기,43415.0,42705.0,98.36,1,78546.0,55.27
2026-01-13,C관(2공장),[55] 접착/ 멸균,검사40호기,48535.0,48080.0,99.06,1,78546.0,61.79
2026-01-13,C관(2공장),[55] 접착/ 멸균,검사41호기,33970.0,33190.0,97.7,1,78546.0,43.25
2026-01-13,C관(2공장),[55] 접착/ 멸균,검사42호기,47395.0,46855.0,98.86,1,78546.0,60.34
2026-01-13,C관(2공장),[55] 접착/ 멸균,검사43호기,50565.0,49435.0,97.77,1,78546.0,64.38
2026-01-13,C관(2공장),[55] 접착/ 멸균,검사44호기,49505.0,48370.0,97.71,1,78546.0,63.03
2026-01-13,C관(2공장),[55] 접착/ 멸균,검사45호기,38895.0,37890.0,97.42,1,78546.0,49.52
2026-01-13,C관(2공장),[55] 접착/ 멸균,검사46호기,41120.0,40110.0,97.54,1,78546.0,52.35
2026-01-13,C관(2공장),[55] 접착/ 멸균,검사47호기,46090.0,44945.0,97.52,1,78546.0,58.68
2026-01-13,C관(2공장),[55] 접착/ 멸균,검사48호기,50670.0,49425.0,97.54,1,78546.0,64.51
2026-01-13,C관(2공장),[80] 누수/규격검사,누수/규격검사(2공장),759880.0,752625.0,99.05,1,720000.0,105.54
2026-01-13,S관(3공장),[00] 배합,A형 인라인2호기,5999.0,5999.0,100.0,1,0.0,0.0
2026-01-13,S관(3공장),[00] 배합,A형 인라인5호기,2000.0,2000.0,100.0,1,0.0,0.0
2026-01-13,S관(3공장),[00] 배합,B형 조립중합7호기,5940.0,5940.0,100.0,1,0.0,0.0
2026-01-13,S관(3공장),[10] 사출조립,A형 인라인2호기,43945.0,43945.0,100.0,1,43200.0,101.72
2026-01-13,S관(3공장),[10] 사출조립,A형 인라인3호기,18364.0,18364.0,100.0,1,43200.0,42.51
2026-01-13,S관(3공장),[10] 사출조립,A형 인라인5호기,16303.0,16303.0,100.0,1,43200.0,37.74
2026-01-13,S관(3공장),[10] 사출조립,B형 조립중합1호기,17490.0,10865.0,62.12,1,76800.0,22.77
2026-01-13,S관(3공장),[10] 사출조립,B형 조립중합5호기,33104.0,22472.0,67.88,1,76800.0,43.1
2026-01-13,S관(3공장),[10] 사출조립,B형 조립중합6호기,13328.0,10705.0,80.32,1,76800.0,17.35
2026-01-13,S관(3공장),[10] 사출조립,B형 조립중합7호기,29192.0,25369.0,86.9,1,76800.0,38.01
2026-01-13,S관(3공장),[10] 사출조립,B형 조립중합8호기,7936.0,7390.0,93.12,1,0.0,0.0
2026-01-13,S관(3공장),[20] 분리,A형 인라인2호기,18696.0,16757.0,89.63,1,43200.0,43.28
2026-01-13,S관(3공장),[20] 분리,A형 인라인3호기,16856.0,14996.0,88.97,1,43200.0,39.02
2026-01-13,S관(3공장),[20] 분리,A형 인라인6호기,500.0,470.0,94.0,1,43200.0,1.16
2026-01-13,S관(3공장),[20] 분리,B형 분리수화접착1호기,13314.0,11628.0,87.34,1,53170.0,25.04
2026-01-13,S관(3공장),[20] 분리,B형 분리수화접착3호기,25211.0,20951.0,83.1,1,53170.0,47.42
2026-01-13,S관(3공장),[20] 분리,B형 분리수화접착4호기,14535.0,11052.0,76.04,1,53170.0,27.34
2026-01-13,S관(3공장),[20] 분리,B형 분리수화접착5호기,11004.0,8516.0,77.39,1,53170.0,20.7
2026-01-13,S관(3공장),[20] 분리,B형 분리수화접착6호기,2577.0,1986.0,77.07,1,53170.0,4.85
2026-01-13,S관(3공장),[20] 분리,B형 분리수화접착7호기,3672.0,2346.0,63.89,1,53170.0,6.91
2026-01-13,S관(3공장),[20] 분리,B형 분리수화접착8호기,9395.0,8541.0,90.91,1,53170.0,17.67
2026-01-13,S관(3공장),[20] 분리,CAM분리3호기,12040.0,9137.0,75.89,1,39273.0,30.66
2026-01-13,S관(3공장),[20] 분리,CAM분리4호기,20282.0,15640.0,77.11,1,39273.0,51.64
2026-01-13,S관(3공장),[45] 하이드레이션/전면검사,A형 인라인2호기,49189.0,49128.0,99.88,1,60000.0,81.98
2026-01-13,S관(3공장),[45] 하이드레이션/전면검사,S관 실리콘 자동수화기,101283.0,100982.0,99.7,1,240000.0,42.2
2026-01-13,S관(3공장),[55] 접착/ 멸균,A형 인라인1호기,28252.0,27555.0,97.53,1,54000.0,52.32
2026-01-13,S관(3공장),[55] 접착/ 멸균,A형 인라인2호기,20138.0,19655.0,97.6,1,54000.0,37.29
2026-01-13,S관(3공장),[55] 접착/ 멸균,A형 인라인3호기,21528.0,20615.0,95.76,1,54000.0,39.87
2026-01-13,S관(3공장),[55] 접착/ 멸균,A형 인라인4호기,29460.0,28379.0,96.33,1,54000.0,54.56
2026-01-13,S관(3공장),[55] 접착/ 멸균,A형 인라인5호기,11345.0,10645.0,93.83,1,54000.0,21.01
2026-01-13,S관(3공장),[80] 누수/규격검사,누수/규격검사(3공장),174774.0,173902.0,99.5,1,100645.0,173.65
2026-01-14,A관(1공장),[00] 배합,조립1호기,3007.38,3007.38,100.0,1,0.0,0.0
2026-01-14,A관(1공장),[00] 배합,조립2호기,1021.0,1021.0,100.0,1,0.0,0.0
2026-01-14,A관(1공장),[00] 배합,조립3호기,2046.0,2046.0,100.0,1,0.0,0.0
2026-01-14,A관(1공장),[00] 배합,조립6호기,2000.0,2000.0,100.0,1,0.0,0.0
2026-01-14,A관(1공장),[00] 배합,조립8호기,15000.0,15000.0,100.0,1,0.0,0.0
2026-01-14,A관(1공장),[10] 사출조립,조립1호기,38443.0,38443.0,100.0,1,43200.0,88.99
2026-01-14,A관(1공장),[10] 사출조립,조립2호기,16946.0,15820.0,93.36,1,43200.0,39.23
2026-01-14,A관(1공장),[10] 사출조립,조립30호기,97585.0,96063.0,98.44,1,86400.0,112.95
2026-01-14,A관(1공장),[10] 사출조립,조립31호기,98143.0,98143.0,100.0,1,86400.0,113.59
2026-01-14,A관(1공장),[10] 사출조립,조립3호기,39108.0,39108.0,100.0,1,43200.0,90.53
2026-01-14,A관(1공장),[10] 사출조립,조립4호기,36975.0,32392.0,87.61,1,43200.0,85.59
2026-01-14,A관(1공장),[10] 사출조립,조립8호기,18817.0,18817.0,100.0,1,43200.0,43.56
2026-01-14,A관(1공장),[20] 분리,분리10호기,15387.0,13199.0,85.78,1,17280.0,89.05
2026-01-14,A관(1공장),[20] 분리,분리14호기,31449.0,27591.0,87.73,1,54000.0,58.24
2026-01-14,A관(1공장),[20] 분리,분리4호기,10427.0,6888.0,66.06,1,17280.0,60.34
2026-01-14,A관(1공장),[20] 분리,분리5호기,16983.0,14820.0,87.26,1,17280.0,98.28
2026-01-14,A관(1공장),[45] 하이드레이션/전면검사,1공장 실리콘수화기,4323.0,4323.0,100.0,1,0.0,0.0
2026-01-14,A관(1공장),[45] 하이드레이션/전면검사,워터배스1-2호기,7067.0,7067.0,100.0,1,30000.0,23.56
2026-01-14,A관(1공장),[45] 하이드레이션/전면검사,워터배스1-3호기,11813.0,11447.0,96.9,1,30000.0,39.38
2026-01-14,A관(1공장),[45] 하이드레이션/전면검사,워터배스1-4호기,15802.0,13707.0,86.74,1,30000.0,52.67
2026-01-14,A관(1공장),[45] 하이드레이션/전면검사,워터배스1-5호기,23042.0,23042.0,100.0,1,150000.0,15.36
2026-01-14,A관(1공장),[45] 하이드레이션/전면검사,워터배스1-6호기,21922.0,21922.0,100.0,1,150000.0,14.61
2026-01-14,A관(1공장),[55] 접착/ 멸균,검사10호기,9731.0,8448.0,86.82,1,13293.0,73.2
2026-01-14,A관(1공장),[55] 접착/ 멸균,검사11호기,10062.0,9090.0,90.34,1,13293.0,75.69
2026-01-14,A관(1공장),[55] 접착/ 멸균,검사14호기,6232.0,6204.0,99.55,1,13293.0,46.88
2026-01-14,A관(1공장),[55] 접착/ 멸균,검사15호기,7711.0,7708.0,99.96,1,13293.0,58.01
2026-01-14,A관(1공장),[55] 접착/ 멸균,검사17호기,3701.0,3362.0,90.84,1,13293.0,27.84
2026-01-14,A관(1공장),[55] 접착/ 멸균,검사18호기,8446.0,8106.0,95.97,1,13293.0,63.54
2026-01-14,A관(1공장),[55] 접착/ 멸균,검사20호기,6941.0,6861.0,98.85,1,13293.0,52.22
2026-01-14,A관(1공장),[55] 접착/ 멸균,검사21호기,48.0,48.0,100.0,1,13293.0,0.36
2026-01-14,A관(1공장),[55] 접착/ 멸균,검사22호기,5826.0,5487.0,94.18,1,13293.0,43.83
2026-01-14,A관(1공장),[55] 접착/ 멸균,검사23호기,4027.0,3474.0,86.27,1,13293.0,30.29
2026-01-14,A관(1공장),[55] 접착/ 멸균,검사8호기,10959.0,10212.0,93.18,1,13293.0,82.44
2026-01-14,A관(1공장),[55] 접착/ 멸균,검사9호기,100.0,90.0,90.0,1,13293.0,0.75
2026-01-14,A관(1공장),[55] 접착/ 멸균,바이알캡핑기,9509.0,8217.0,86.41,1,0.0,0.0
2026-01-14,A관(1공장),[80] 누수/규격검사,누수/규격검사(1공장),77472.0,71211.0,91.92,1,112902.0,68.62
2026-01-14,C관(2공장),[00] 배합,조립12호기,20366.0,20366.0,100.0,1,0.0,0.0
2026-01-14,C관(2공장),[00] 배합,조립17호기,20366.0,20366.0,100.0,1,0.0,0.0
2026-01-14,C관(2공장),[00] 배합,조립50호기,20366.03,20366.03,100.0,1,0.0,0.0
2026-01-14,C관(2공장),[00] 배합,조립51호기,5001.0,5001.0,100.0,1,0.0,0.0
2026-01-14,C관(2공장),[10] 사출조립,조립10호기,33466.0,30739.0,91.85,1,43200.0,77.47
2026-01-14,C관(2공장),[10] 사출조립,조립11호기,25959.0,25071.0,96.58,1,43200.0,60.09
2026-01-14,C관(2공장),[10] 사출조립,조립12호기,25218.0,23376.0,92.7,1,0.0,0.0
2026-01-14,C관(2공장),[10] 사출조립,조립13호기,42884.0,41343.0,96.41,1,0.0,0.0
2026-01-14,C관(2공장),[10] 사출조립,조립14호기,55960.0,52331.0,93.52,1,43200.0,129.54
2026-01-14,C관(2공장),[10] 사출조립,조립15호기,30837.0,26043.0,84.45,1,43200.0,71.38
2026-01-14,C관(2공장),[10] 사출조립,조립16호기,27593.0,26063.0,94.46,1,43200.0,63.87
2026-01-14,C관(2공장),[10] 사출조립,조립17호기,52048.0,50358.0,96.75,1,43200.0,120.48
2026-01-14,C관(2공장),[10] 사출조립,조립22호기,54792.0,47171.0,86.09,1,43200.0,126.83
2026-01-14,C관(2공장),[10] 사출조립,조립24호기,29256.0,21859.0,74.72,1,43200.0,67.72
2026-01-14,C관(2공장),[10] 사출조립,조립26호기,45433.0,38720.0,85.22,1,43200.0,105.17
2026-01-14,C관(2공장),[10] 사출조립,조립40호기,15811.0,12926.0,81.75,1,43200.0,36.6
2026-01-14,C관(2공장),[10] 사출조립,조립41호기,30355.0,26608.0,87.66,1,43200.0,70.27
2026-01-14,C관(2공장),[10] 사출조립,조립44호기,54716.0,54647.0,99.87,1,43200.0,126.66
2026-01-14,C관(2공장),[10] 사출조립,조립45호기,55754.0,54930.0,98.52,1,43200.0,129.06
2026-01-14,C관(2공장),[10] 사출조립,조립47호기,30351.0,30250.0,99.67,1,43200.0,70.26
2026-01-14,C관(2공장),[10] 사출조립,조립48호기,31678.0,31540.0,99.56,1,43200.0,73.33
2026-01-14,C관(2공장),[10] 사출조립,조립49호기,31698.0,30442.0,96.04,1,43200.0,73.38
2026-01-14,C관(2공장),[10] 사출조립,조립50호기,27967.0,24483.0,87.54,1,43200.0,64.74
2026-01-14,C관(2공장),[10] 사출조립,조립51호기,45466.0,40284.0,88.6,1,43200.0,105.25
2026-01-14,C관(2공장),[10] 사출조립,조립52호기,14640.0,12824.0,87.6,1,43200.0,33.89
2026-01-14,C관(2공장),[10] 사출조립,조립53호기,27021.0,26800.0,99.18,1,43200.0,62.55
2026-01-14,C관(2공장),[10] 사출조립,조립54호기,51003.0,50370.0,98.76,1,43200.0,118.06
2026-01-14,C관(2공장),[10] 사출조립,조립55호기,29977.0,29352.0,97.92,1,43200.0,69.39
2026-01-14,C관(2공장),[10] 사출조립,조립56호기,29715.0,27659.0,93.08,1,43200.0,68.78
2026-01-14,C관(2공장),[10] 사출조립,조립57호기,51630.0,47711.0,92.41,1,43200.0,119.51
2026-01-14,C관(2공장),[10] 사출조립,조립59호기,30469.0,29661.0,97.35,1,43200.0,70.53
2026-01-14,C관(2공장),[20] 분리,분리12호기,46835.0,39484.0,84.3,1,0.0,0.0
2026-01-14,C관(2공장),[20] 분리,분리13호기,1407.0,0.0,0.0,1,61715.0,2.28
2026-01-14,C관(2공장),[20] 분리,분리15호기,49095.0,41496.0,84.52,1,0.0,0.0
2026-01-14,C관(2공장),[20] 분리,분리16호기,45767.0,39024.0,85.27,1,61715.0,74.16
2026-01-14,C관(2공장),[20] 분리,분리17호기,41972.0,36773.0,87.61,1,61715.0,68.01
2026-01-14,C관(2공장),[20] 분리,분리18호기,43636.0,37804.0,86.63,1,61715.0,70.71
2026-01-14,C관(2공장),[20] 분리,분리19호기,43137.0,34729.0,80.51,1,61715.0,69.9
2026-01-14,C관(2공장),[20] 분리,분리20호기,49079.0,44304.0,90.27,1,61715.0,79.53
2026-01-14,C관(2공장),[20] 분리,분리21호기,45346.0,40209.0,88.67,1,61715.0,73.48
2026-01-14,C관(2공장),[20] 분리,분리22호기,45789.0,28154.0,61.49,1,61715.0,74.19
2026-01-14,C관(2공장),[20] 분리,분리23호기,49079.0,40680.0,82.89,1,61715.0,79.53
2026-01-14,C관(2공장),[20] 분리,분리24호기,46389.0,42074.0,90.7,1,61715.0,75.17
2026-01-14,C관(2공장),[20] 분리,분리25호기,43133.0,35656.0,82.67,1,61715.0,69.89
2026-01-14,C관(2공장),[20] 분리,분리26호기,48030.0,37764.0,78.63,1,54000.0,88.94
2026-01-14,C관(2공장),[20] 분리,분리27호기,43337.0,36711.0,84.71,1,54000.0,80.25
2026-01-14,C관(2공장),[20] 분리,분리28호기,43430.0,35242.0,81.15,1,54000.0,80.43
2026-01-14,C관(2공장),[20] 분리,분리29호기,45654.0,39723.0,87.01,1,54000.0,84.54
2026-01-14,C관(2공장),[20] 분리,분리30호기,54340.0,48750.0,89.71,1,54000.0,100.63
2026-01-14,C관(2공장),[20] 분리,분리31호기,30923.0,24378.0,78.83,1,54000.0,57.26
2026-01-14,C관(2공장),[20] 분리,분리32호기,51997.0,39141.0,75.28,1,54000.0,96.29
2026-01-14,C관(2공장),[20] 분리,분리33호기,51360.0,45315.0,88.23,1,54000.0,95.11
2026-01-14,C관(2공장),[20] 분리,분리34호기,47928.0,35980.0,75.07,1,54000.0,88.76
2026-01-14,C관(2공장),[20] 분리,분리35호기,38796.0,31076.0,80.1,1,54000.0,71.84
2026-01-14,C관(2공장),[20] 분리,분리36호기,49864.0,41102.0,82.43,1,54000.0,92.34
2026-01-14,C관(2공장),[20] 분리,분리37호기,44632.0,38733.0,86.78,1,54000.0,82.65
2026-01-14,C관(2공장),[20] 분리,분리43호기,34484.0,29379.0,85.2,1,54000.0,63.86
2026-01-14,C관(2공장),[45] 하이드레이션/전면검사,워터배스2-10호기,81035.0,80970.0,99.92,1,120000.0,67.53
2026-01-14,C관(2공장),[45] 하이드레이션/전면검사,워터배스2-11호기,86770.0,86660.0,99.87,1,150000.0,57.85
2026-01-14,C관(2공장),[45] 하이드레이션/전면검사,워터배스2-12호기,69276.0,69195.0,99.88,1,150000.0,46.18
2026-01-14,C관(2공장),[45] 하이드레이션/전면검사,워터배스2-13호기,88348.0,88245.0,99.88,1,150000.0,58.9
2026-01-14,C관(2공장),[45] 하이드레이션/전면검사,워터배스2-14호기,66220.0,66130.0,99.86,1,150000.0,44.15
2026-01-14,C관(2공장),[45] 하이드레이션/전면검사,워터배스2-1호기,42950.0,42875.0,99.83,1,120000.0,35.79
2026-01-14,C관(2공장),[45] 하이드레이션/전면검사,워터배스2-2호기,10889.0,10880.0,99.92,1,120000.0,9.07
2026-01-14,C관(2공장),[45] 하이드레이션/전면검사,워터배스2-3호기,39237.0,39195.0,99.89,1,120000.0,32.7
2026-01-14,C관(2공장),[45] 하이드레이션/전면검사,워터배스2-4호기,67122.0,67070.0,99.92,1,120000.0,55.94
2026-01-14,C관(2공장),[45] 하이드레이션/전면검사,워터배스2-5호기,87994.0,87905.0,99.9,1,120000.0,73.33
2026-01-14,C관(2공장),[45] 하이드레이션/전면검사,워터배스2-7호기,82506.0,82440.0,99.92,1,120000.0,68.76
2026-01-14,C관(2공장),[45] 하이드레이션/전면검사,워터배스2-8호기,66993.0,66765.0,99.66,1,120000.0,55.83
2026-01-14,C관(2공장),[45] 하이드레이션/전면검사,워터배스2-9호기,77930.0,77860.0,99.91,1,120000.0,64.94
2026-01-14,C관(2공장),[55] 접착/ 멸균,검사32호기,36455.0,35830.0,98.29,1,0.0,0.0
2026-01-14,C관(2공장),[55] 접착/ 멸균,검사33호기,43835.0,42955.0,97.99,1,66462.0,65.95
2026-01-14,C관(2공장),[55] 접착/ 멸균,검사34호기,51640.0,50890.0,98.55,1,78546.0,65.74
2026-01-14,C관(2공장),[55] 접착/ 멸균,검사35호기,54145.0,52475.0,96.92,1,78546.0,68.93
2026-01-14,C관(2공장),[55] 접착/ 멸균,검사36호기,50535.0,50060.0,99.06,1,78546.0,64.34
2026-01-14,C관(2공장),[55] 접착/ 멸균,검사37호기,61830.0,61030.0,98.71,1,78546.0,78.72
2026-01-14,C관(2공장),[55] 접착/ 멸균,검사38호기,54565.0,53695.0,98.41,1,78546.0,69.47
2026-01-14,C관(2공장),[55] 접착/ 멸균,검사39호기,44600.0,43870.0,98.36,1,78546.0,56.78
2026-01-14,C관(2공장),[55] 접착/ 멸균,검사40호기,57245.0,56755.0,99.14,1,78546.0,72.88
2026-01-14,C관(2공장),[55] 접착/ 멸균,검사41호기,59965.0,58975.0,98.35,1,78546.0,76.34
2026-01-14,C관(2공장),[55] 접착/ 멸균,검사42호기,52755.0,52080.0,98.72,1,78546.0,67.16
2026-01-14,C관(2공장),[55] 접착/ 멸균,검사43호기,51660.0,50775.0,98.29,1,78546.0,65.77
2026-01-14,C관(2공장),[55] 접착/ 멸균,검사44호기,52360.0,51745.0,98.83,1,78546.0,66.66
2026-01-14,C관(2공장),[55] 접착/ 멸균,검사45호기,43510.0,42490.0,97.66,1,78546.0,55.39
2026-01-14,C관(2공장),[55] 접착/ 멸균,검사46호기,45555.0,44665.0,98.05,1,78546.0,58.0
2026-01-14,C관(2공장),[55] 접착/ 멸균,검사47호기,43025.0,42125.0,97.91,1,78546.0,54.78
2026-01-14,C관(2공장),[55] 접착/ 멸균,검사48호기,48750.0,47625.0,97.69,1,78546.0,62.07
2026-01-14,C관(2공장),[80] 누수/규격검사,누수/규격검사(2공장),810230.0,805460.0,99.41,1,720000.0,112.53
2026-01-14,S관(3공장),[00] 배합,A형 인라인1호기,5999.45,5999.45,100.0,1,0.0,0.0
2026-01-14,S관(3공장),[00] 배합,A형 인라인5호기,4000.0,4000.0,100.0,1,0.0,0.0
2026-01-14,S관(3공장),[00] 배합,B형 조립중합5호기,5940.0,5940.0,100.0,1,0.0,0.0
2026-01-14,S관(3공장),[10] 사출조립,A형 인라인1호기,18561.0,18561.0,100.0,1,43200.0,42.97
2026-01-14,S관(3공장),[10] 사출조립,A형 인라인3호기,22662.0,22662.0,100.0,1,43200.0,52.46
2026-01-14,S관(3공장),[10] 사출조립,A형 인라인5호기,36511.0,36511.0,100.0,1,43200.0,84.52
2026-01-14,S관(3공장),[10] 사출조립,B형 조립중합1호기,9240.0,9014.0,97.55,1,76800.0,12.03
2026-01-14,S관(3공장),[10] 사출조립,B형 조립중합5호기,32024.0,26380.0,82.38,1,76800.0,41.7
2026-01-14,S관(3공장),[10] 사출조립,B형 조립중합6호기,8352.0,6103.0,73.07,1,76800.0,10.88
2026-01-14,S관(3공장),[10] 사출조립,B형 조립중합7호기,16592.0,15449.0,93.11,1,76800.0,21.6
2026-01-14,S관(3공장),[20] 분리,A형 인라인3호기,16046.0,14960.0,93.23,1,43200.0,37.14
2026-01-14,S관(3공장),[20] 분리,B형 분리수화접착1호기,8913.0,7307.0,81.98,1,53170.0,16.76
2026-01-14,S관(3공장),[20] 분리,B형 분리수화접착2호기,12956.0,9273.0,71.57,1,53170.0,24.37
2026-01-14,S관(3공장),[20] 분리,B형 분리수화접착3호기,20232.0,15684.0,77.52,1,53170.0,38.05
2026-01-14,S관(3공장),[20] 분리,B형 분리수화접착4호기,7984.0,6276.0,78.61,1,53170.0,15.02
2026-01-14,S관(3공장),[20] 분리,B형 분리수화접착5호기,16336.0,13107.0,80.23,1,53170.0,30.72
2026-01-14,S관(3공장),[20] 분리,B형 분리수화접착6호기,7469.0,5064.0,67.8,1,53170.0,14.05
2026-01-14,S관(3공장),[20] 분리,B형 분리수화접착7호기,10820.0,5211.0,48.16,1,53170.0,20.35
2026-01-14,S관(3공장),[20] 분리,B형 분리수화접착8호기,13143.0,11894.0,90.5,1,53170.0,24.72
2026-01-14,S관(3공장),[20] 분리,CAM분리3호기,14368.0,10927.0,76.05,1,39273.0,36.58
2026-01-14,S관(3공장),[20] 분리,CAM분리4호기,16836.0,11823.0,70.22,1,39273.0,42.87
2026-01-14,S관(3공장),[45] 하이드레이션/전면검사,A형 인라인2호기,32859.0,32747.0,99.66,1,60000.0,54.76
2026-01-14,S관(3공장),[45] 하이드레이션/전면검사,S관 실리콘 자동수화기,105211.0,104726.0,99.54,1,240000.0,43.84
2026-01-14,S관(3공장),[55] 접착/ 멸균,A형 인라인1호기,24855.0,24240.0,97.53,1,54000.0,46.03
2026-01-14,S관(3공장),[55] 접착/ 멸균,A형 인라인2호기,24834.0,24300.0,97.85,1,54000.0,45.99
2026-01-14,S관(3공장),[55] 접착/ 멸균,A형 인라인3호기,34291.0,33540.0,97.81,1,54000.0,63.5
2026-01-14,S관(3공장),[55] 접착/ 멸균,A형 인라인4호기,42299.0,41318.0,97.68,1,54000.0,78.33
2026-01-14,S관(3공장),[55] 접착/ 멸균,A형 인라인5호기,35309.0,34020.0,96.35,1,54000.0,65.39
2026-01-14,S관(3공장),[55] 접착/ 멸균,A형 인라인6호기,15556.0,14330.0,92.12,1,54000.0,28.81
2026-01-14,S관(3공장),[80] 누수/규격검사,누수/규격검사(3공장),155608.0,151903.0,97.62,1,100645.0,154.61
2026-01-15,A관(1공장),[00] 배합,조립2호기,1024.0,1024.0,100.0,1,0.0,0.0
2026-01-15,A관(1공장),[00] 배합,조립31호기,20000.0,20000.0,100.0,1,0.0,0.0
2026-01-15,A관(1공장),[00] 배합,조립3호기,5114.0,5114.0,100.0,1,0.0,0.0
2026-01-15,A관(1공장),[10] 사출조립,조립1호기,34737.0,34273.0,98.66,1,43200.0,80.41
2026-01-15,A관(1공장),[10] 사출조립,조립2호기,42134.0,32343.0,76.76,1,43200.0,97.53
2026-01-15,A관(1공장),[10] 사출조립,조립30호기,51391.0,51026.0,99.29,1,86400.0,59.48
2026-01-15,A관(1공장),[10] 사출조립,조립31호기,50851.0,50851.0,100.0,1,86400.0,58.86
2026-01-15,A관(1공장),[10] 사출조립,조립32호기,112394.0,108356.0,96.41,1,86400.0,130.09
2026-01-15,A관(1공장),[10] 사출조립,조립3호기,34965.0,33248.0,95.09,1,43200.0,80.94
2026-01-15,A관(1공장),[10] 사출조립,조립4호기,34749.0,34749.0,100.0,1,43200.0,80.44
2026-01-15,A관(1공장),[10] 사출조립,조립8호기,17425.0,14652.0,84.09,1,43200.0,40.34
2026-01-15,A관(1공장),[20] 분리,분리14호기,20242.0,15716.0,77.64,1,54000.0,37.49
2026-01-15,A관(1공장),[20] 분리,분리4호기,13902.0,9278.0,66.74,1,17280.0,80.45
2026-01-15,A관(1공장),[20] 분리,분리5호기,17252.0,14063.0,81.52,1,17280.0,99.84
2026-01-15,A관(1공장),[45] 하이드레이션/전면검사,1공장 실리콘수화기,8781.0,8781.0,100.0,1,0.0,0.0
2026-01-15,A관(1공장),[45] 하이드레이션/전면검사,워터배스1-2호기,23837.0,23837.0,100.0,1,30000.0,79.46
2026-01-15,A관(1공장),[45] 하이드레이션/전면검사,워터배스1-3호기,25286.0,24838.0,98.23,1,30000.0,84.29
2026-01-15,A관(1공장),[45] 하이드레이션/전면검사,워터배스1-4호기,16565.0,16565.0,100.0,1,30000.0,55.22
2026-01-15,A관(1공장),[45] 하이드레이션/전면검사,워터배스1-5호기,23711.0,23711.0,100.0,1,150000.0,15.81
2026-01-15,A관(1공장),[45] 하이드레이션/전면검사,워터배스1-6호기,11876.0,11876.0,100.0,1,150000.0,7.92
2026-01-15,A관(1공장),[55] 접착/ 멸균,검사10호기,11487.0,9330.0,81.22,1,13293.0,86.41
2026-01-15,A관(1공장),[55] 접착/ 멸균,검사11호기,8461.0,7769.0,91.82,1,13293.0,63.65
2026-01-15,A관(1공장),[55] 접착/ 멸균,검사14호기,2100.0,2018.0,96.1,1,13293.0,15.8
2026-01-15,A관(1공장),[55] 접착/ 멸균,검사15호기,6956.0,6802.0,97.79,1,13293.0,52.33
2026-01-15,A관(1공장),[55] 접착/ 멸균,검사16호기,3121.0,2898.0,92.85,1,13293.0,23.48
2026-01-15,A관(1공장),[55] 접착/ 멸균,검사17호기,6279.0,6124.0,97.53,1,13293.0,47.24
2026-01-15,A관(1공장),[55] 접착/ 멸균,검사18호기,11109.0,10514.0,94.64,1,13293.0,83.57
2026-01-15,A관(1공장),[55] 접착/ 멸균,검사20호기,15957.0,15682.0,98.28,1,13293.0,120.04
2026-01-15,A관(1공장),[55] 접착/ 멸균,검사21호기,6649.0,5600.0,84.22,1,13293.0,50.02
2026-01-15,A관(1공장),[55] 접착/ 멸균,검사22호기,4571.0,4499.0,98.42,1,13293.0,34.39
2026-01-15,A관(1공장),[55] 접착/ 멸균,검사23호기,6133.0,5416.0,88.31,1,13293.0,46.14
2026-01-15,A관(1공장),[55] 접착/ 멸균,검사6호기,1965.0,1852.0,94.25,1,13293.0,14.78
2026-01-15,A관(1공장),[55] 접착/ 멸균,검사8호기,7747.0,7280.0,93.97,1,13293.0,58.28
2026-01-15,A관(1공장),[55] 접착/ 멸균,검사9호기,8845.0,8424.0,95.24,1,13293.0,66.54
2026-01-15,A관(1공장),[55] 접착/ 멸균,바이알캡핑기,7484.0,6529.0,87.24,1,0.0,0.0
2026-01-15,A관(1공장),[80] 누수/규격검사,누수/규격검사(1공장),98335.0,93590.0,95.17,1,112902.0,87.1
2026-01-15,C관(2공장),[00] 배합,조립44호기,20366.0,20366.0,100.0,1,0.0,0.0
2026-01-15,C관(2공장),[00] 배합,조립45호기,20366.0,20366.0,100.0,1,0.0,0.0
2026-01-15,C관(2공장),[00] 배합,조립46호기,20365.95,20365.95,100.0,1,0.0,0.0
2026-01-15,C관(2공장),[00] 배합,조립50호기,40732.0,40732.0,100.0,1,0.0,0.0
2026-01-15,C관(2공장),[00] 배합,조립51호기,20365.86,20365.86,100.0,1,0.0,0.0
2026-01-15,C관(2공장),[00] 배합,조립54호기,20365.97,20365.97,100.0,1,0.0,0.0
2026-01-15,C관(2공장),[00] 배합,조립59호기,20366.0,20366.0,100.0,1,0.0,0.0
2026-01-15,C관(2공장),[10] 사출조립,조립10호기,24392.0,23790.0,97.53,1,43200.0,56.46
2026-01-15,C관(2공장),[10] 사출조립,조립11호기,51988.0,51665.0,99.38,1,43200.0,120.34
2026-01-15,C관(2공장),[10] 사출조립,조립12호기,55760.0,52372.0,93.92,1,0.0,0.0
2026-01-15,C관(2공장),[10] 사출조립,조립13호기,25740.0,24717.0,96.03,1,0.0,0.0
2026-01-15,C관(2공장),[10] 사출조립,조립14호기,5173.0,3857.0,74.56,1,43200.0,11.97
2026-01-15,C관(2공장),[10] 사출조립,조립15호기,18969.0,18832.0,99.28,1,43200.0,43.91
2026-01-15,C관(2공장),[10] 사출조립,조립16호기,39120.0,37580.0,96.06,1,43200.0,90.56
2026-01-15,C관(2공장),[10] 사출조립,조립17호기,22317.0,22236.0,99.64,1,43200.0,51.66
2026-01-15,C관(2공장),[10] 사출조립,조립22호기,29706.0,27033.0,91.0,1,43200.0,68.76
2026-01-15,C관(2공장),[10] 사출조립,조립24호기,35297.0,31274.0,88.6,1,43200.0,81.71
2026-01-15,C관(2공장),[10] 사출조립,조립26호기,27505.0,23455.0,85.28,1,43200.0,63.67
2026-01-15,C관(2공장),[10] 사출조립,조립27호기,36142.0,31900.0,88.26,1,43200.0,83.66
2026-01-15,C관(2공장),[10] 사출조립,조립40호기,17760.0,14559.0,81.98,1,43200.0,41.11
2026-01-15,C관(2공장),[10] 사출조립,조립41호기,24214.0,19695.0,81.34,1,43200.0,56.05
2026-01-15,C관(2공장),[10] 사출조립,조립44호기,27170.0,27072.0,99.64,1,43200.0,62.89
2026-01-15,C관(2공장),[10] 사출조립,조립45호기,27390.0,26901.0,98.21,1,43200.0,63.4
2026-01-15,C관(2공장),[10] 사출조립,조립46호기,31206.0,26635.0,85.35,1,43200.0,72.24
2026-01-15,C관(2공장),[10] 사출조립,조립47호기,31651.0,25083.0,79.25,1,43200.0,73.27
2026-01-15,C관(2공장),[10] 사출조립,조립48호기,30145.0,29927.0,99.28,1,43200.0,69.78
2026-01-15,C관(2공장),[10] 사출조립,조립49호기,29989.0,27939.0,93.16,1,43200.0,69.42
2026-01-15,C관(2공장),[10] 사출조립,조립50호기,53152.0,49727.0,93.56,1,43200.0,123.04
2026-01-15,C관(2공장),[10] 사출조립,조립52호기,17289.0,17217.0,99.58,1,43200.0,40.02
2026-01-15,C관(2공장),[10] 사출조립,조립53호기,18025.0,14761.0,81.89,1,43200.0,41.72
2026-01-15,C관(2공장),[10] 사출조립,조립54호기,29079.0,28563.0,98.23,1,43200.0,67.31
2026-01-15,C관(2공장),[10] 사출조립,조립55호기,21944.0,19284.0,87.88,1,43200.0,50.8
2026-01-15,C관(2공장),[10] 사출조립,조립56호기,40052.0,38293.0,95.61,1,43200.0,92.71
2026-01-15,C관(2공장),[10] 사출조립,조립57호기,27651.0,26087.0,94.34,1,43200.0,64.01
2026-01-15,C관(2공장),[10] 사출조립,조립58호기,22029.0,19111.0,86.75,1,43200.0,50.99
2026-01-15,C관(2공장),[10] 사출조립,조립59호기,51199.0,50409.0,98.46,1,43200.0,118.52
2026-01-15,C관(2공장),[20] 분리,분리12호기,54199.0,47044.0,86.8,1,0.0,0.0
2026-01-15,C관(2공장),[20] 분리,분리15호기,51511.0,41697.0,80.95,1,0.0,0.0
2026-01-15,C관(2공장),[20] 분리,분리16호기,45170.0,39291.0,86.98,1,61715.0,73.19
2026-01-15,C관(2공장),[20] 분리,분리17호기,45743.0,41449.0,90.61,1,61715.0,74.12
2026-01-15,C관(2공장),[20] 분리,분리18호기,46655.0,40856.0,87.57,1,61715.0,75.6
2026-01-15,C관(2공장),[20] 분리,분리19호기,45040.0,35661.0,79.18,1,61715.0,72.98
2026-01-15,C관(2공장),[20] 분리,분리20호기,42654.0,33561.0,78.68,1,61715.0,69.11
2026-01-15,C관(2공장),[20] 분리,분리21호기,44259.0,40224.0,90.88,1,61715.0,71.72
2026-01-15,C관(2공장),[20] 분리,분리22호기,42765.0,32799.0,76.7,1,61715.0,69.29
2026-01-15,C관(2공장),[20] 분리,분리23호기,46168.0,39315.0,85.16,1,61715.0,74.81
2026-01-15,C관(2공장),[20] 분리,분리24호기,46261.0,41033.0,88.7,1,61715.0,74.96
2026-01-15,C관(2공장),[20] 분리,분리25호기,31797.0,26245.0,82.54,1,61715.0,51.52
2026-01-15,C관(2공장),[20] 분리,분리26호기,38372.0,32673.0,85.15,1,54000.0,71.06
2026-01-15,C관(2공장),[20] 분리,분리27호기,40229.0,34419.0,85.56,1,54000.0,74.5
2026-01-15,C관(2공장),[20] 분리,분리28호기,37652.0,31682.0,84.14,1,54000.0,69.73
2026-01-15,C관(2공장),[20] 분리,분리29호기,51808.0,48026.0,92.7,1,54000.0,95.94
2026-01-15,C관(2공장),[20] 분리,분리30호기,51015.0,43621.0,85.51,1,54000.0,94.47
2026-01-15,C관(2공장),[20] 분리,분리31호기,49492.0,39579.0,79.97,1,54000.0,91.65
2026-01-15,C관(2공장),[20] 분리,분리32호기,50482.0,38500.0,76.26,1,54000.0,93.49
2026-01-15,C관(2공장),[20] 분리,분리33호기,46635.0,42335.0,90.78,1,54000.0,86.36
2026-01-15,C관(2공장),[20] 분리,분리34호기,46912.0,36610.0,78.04,1,54000.0,86.87
2026-01-15,C관(2공장),[20] 분리,분리35호기,45298.0,35648.0,78.7,1,54000.0,83.89
2026-01-15,C관(2공장),[20] 분리,분리36호기,49125.0,40134.0,81.7,1,54000.0,90.97
2026-01-15,C관(2공장),[20] 분리,분리37호기,44805.0,39334.0,87.79,1,54000.0,82.97
2026-01-15,C관(2공장),[20] 분리,분리43호기,36922.0,30164.0,81.7,1,54000.0,68.37
2026-01-15,C관(2공장),[45] 하이드레이션/전면검사,워터배스2-10호기,119135.0,119055.0,99.93,1,120000.0,99.28
2026-01-15,C관(2공장),[45] 하이드레이션/전면검사,워터배스2-11호기,104531.0,104000.0,99.49,1,150000.0,69.69
2026-01-15,C관(2공장),[45] 하이드레이션/전면검사,워터배스2-12호기,11553.0,11525.0,99.76,1,150000.0,7.7
2026-01-15,C관(2공장),[45] 하이드레이션/전면검사,워터배스2-13호기,107981.0,107855.0,99.88,1,150000.0,71.99
2026-01-15,C관(2공장),[45] 하이드레이션/전면검사,워터배스2-14호기,65459.0,65385.0,99.89,1,150000.0,43.64
2026-01-15,C관(2공장),[45] 하이드레이션/전면검사,워터배스2-1호기,79974.0,79895.0,99.9,1,120000.0,66.64
2026-01-15,C관(2공장),[45] 하이드레이션/전면검사,워터배스2-2호기,40195.0,40150.0,99.89,1,120000.0,33.5
2026-01-15,C관(2공장),[45] 하이드레이션/전면검사,워터배스2-3호기,52191.0,52140.0,99.9,1,120000.0,43.49
2026-01-15,C관(2공장),[45] 하이드레이션/전면검사,워터배스2-4호기,73499.0,73440.0,99.92,1,120000.0,61.25
2026-01-15,C관(2공장),[45] 하이드레이션/전면검사,워터배스2-5호기,75345.0,75255.0,99.88,1,120000.0,62.79
2026-01-15,C관(2공장),[45] 하이드레이션/전면검사,워터배스2-6호기,4140.0,4135.0,99.88,1,30000.0,13.8
2026-01-15,C관(2공장),[45] 하이드레이션/전면검사,워터배스2-7호기,82508.0,82435.0,99.91,1,120000.0,68.76
2026-01-15,C관(2공장),[45] 하이드레이션/전면검사,워터배스2-8호기,72382.0,72310.0,99.9,1,120000.0,60.32
2026-01-15,C관(2공장),[45] 하이드레이션/전면검사,워터배스2-9호기,75157.0,75095.0,99.92,1,120000.0,62.63
2026-01-15,C관(2공장),[55] 접착/ 멸균,검사32호기,36405.0,35845.0,98.46,1,0.0,0.0
2026-01-15,C관(2공장),[55] 접착/ 멸균,검사33호기,34350.0,34015.0,99.02,1,66462.0,51.68
2026-01-15,C관(2공장),[55] 접착/ 멸균,검사34호기,54070.0,53055.0,98.12,1,78546.0,68.84
2026-01-15,C관(2공장),[55] 접착/ 멸균,검사35호기,57810.0,55680.0,96.32,1,78546.0,73.6
2026-01-15,C관(2공장),[55] 접착/ 멸균,검사36호기,54095.0,53455.0,98.82,1,78546.0,68.87
2026-01-15,C관(2공장),[55] 접착/ 멸균,검사37호기,58296.0,57665.0,98.92,1,78546.0,74.22
2026-01-15,C관(2공장),[55] 접착/ 멸균,검사38호기,54470.0,53205.0,97.68,1,78546.0,69.35
2026-01-15,C관(2공장),[55] 접착/ 멸균,검사39호기,50075.0,49180.0,98.21,1,78546.0,63.75
2026-01-15,C관(2공장),[55] 접착/ 멸균,검사40호기,52600.0,52015.0,98.89,1,78546.0,66.97
2026-01-15,C관(2공장),[55] 접착/ 멸균,검사41호기,55920.0,54835.0,98.06,1,78546.0,71.19
2026-01-15,C관(2공장),[55] 접착/ 멸균,검사42호기,58160.0,57135.0,98.24,1,78546.0,74.05
2026-01-15,C관(2공장),[55] 접착/ 멸균,검사43호기,58415.0,57140.0,97.82,1,78546.0,74.37
2026-01-15,C관(2공장),[55] 접착/ 멸균,검사44호기,60040.0,59165.0,98.54,1,78546.0,76.44
2026-01-15,C관(2공장),[55] 접착/ 멸균,검사45호기,45750.0,44495.0,97.26,1,78546.0,58.25
2026-01-15,C관(2공장),[55] 접착/ 멸균,검사46호기,39400.0,38805.0,98.49,1,78546.0,50.16
2026-01-15,C관(2공장),[55] 접착/ 멸균,검사47호기,52140.0,49955.0,95.81,1,78546.0,66.38
2026-01-15,C관(2공장),[55] 접착/ 멸균,검사48호기,44525.0,43950.0,98.71,1,78546.0,56.69
2026-01-15,C관(2공장),[80] 누수/규격검사,누수/규격검사(2공장),853190.0,848370.0,99.44,1,720000.0,118.5
2026-01-15,S관(3공장),[00] 배합,A형 인라인1호기,8063.0,8063.0,100.0,1,0.0,0.0
2026-01-15,S관(3공장),[00] 배합,A형 인라인5호기,1999.9,1999.9,100.0,1,0.0,0.0
2026-01-15,S관(3공장),[00] 배합,B형 조립중합8호기,5939.93,5939.93,100.0,1,0.0,0.0
2026-01-15,S관(3공장),[10] 사출조립,A형 인라인1호기,19410.0,19410.0,100.0,1,43200.0,44.93
2026-01-15,S관(3공장),[10] 사출조립,A형 인라인3호기,38664.0,38664.0,100.0,1,43200.0,89.5
2026-01-15,S관(3공장),[10] 사출조립,A형 인라인5호기,20917.0,20917.0,100.0,1,43200.0,48.42
2026-01-15,S관(3공장),[10] 사출조립,B형 조립중합5호기,47416.0,38936.0,82.12,1,76800.0,61.74
2026-01-15,S관(3공장),[10] 사출조립,B형 조립중합7호기,50496.0,40859.0,80.92,1,76800.0,65.75
2026-01-15,S관(3공장),[10] 사출조립,B형 조립중합8호기,17592.0,14468.0,82.24,1,0.0,0.0
2026-01-15,S관(3공장),[20] 분리,A형 인라인3호기,22102.0,19966.0,90.34,1,43200.0,51.16
2026-01-15,S관(3공장),[20] 분리,B형 분리수화접착1호기,6442.0,5468.0,84.88,1,53170.0,12.12
2026-01-15,S관(3공장),[20] 분리,B형 분리수화접착2호기,8535.0,5933.0,69.51,1,53170.0,16.05
2026-01-15,S관(3공장),[20] 분리,B형 분리수화접착3호기,25751.0,16615.0,64.52,1,53170.0,48.43
2026-01-15,S관(3공장),[20] 분리,B형 분리수화접착4호기,21068.0,15548.0,73.8,1,53170.0,39.62
2026-01-15,S관(3공장),[20] 분리,B형 분리수화접착5호기,13285.0,9561.0,71.97,1,53170.0,24.99
2026-01-15,S관(3공장),[20] 분리,B형 분리수화접착6호기,8064.0,5843.0,72.46,1,53170.0,15.17
2026-01-15,S관(3공장),[20] 분리,B형 분리수화접착7호기,1911.0,1029.0,53.85,1,53170.0,3.59
2026-01-15,S관(3공장),[20] 분리,CAM분리3호기,20014.0,15374.0,76.82,1,39273.0,50.96
2026-01-15,S관(3공장),[20] 분리,CAM분리4호기,22513.0,17692.0,78.59,1,39273.0,57.32
2026-01-15,S관(3공장),[45] 하이드레이션/전면검사,A형 인라인2호기,26456.0,26313.0,99.46,1,60000.0,44.09
2026-01-15,S관(3공장),[45] 하이드레이션/전면검사,S관 실리콘 자동수화기,103900.0,103539.0,99.65,1,240000.0,43.29
2026-01-15,S관(3공장),[55] 접착/ 멸균,A형 인라인1호기,49954.0,48415.0,96.92,1,54000.0,92.51
2026-01-15,S관(3공장),[55] 접착/ 멸균,A형 인라인2호기,29006.0,28185.0,97.17,1,54000.0,53.71
2026-01-15,S관(3공장),[55] 접착/ 멸균,A형 인라인3호기,49373.0,48598.0,98.43,1,54000.0,91.43
2026-01-15,S관(3공장),[55] 접착/ 멸균,A형 인라인4호기,19449.0,18560.0,95.43,1,54000.0,36.02
2026-01-15,S관(3공장),[55] 접착/ 멸균,A형 인라인5호기,32712.0,31829.0,97.3,1,54000.0,60.58
2026-01-15,S관(3공장),[55] 접착/ 멸균,A형 인라인6호기,45112.0,42240.0,93.63,1,54000.0,83.54
2026-01-15,S관(3공장),[80] 누수/규격검사,누수/규격검사(3공장),129845.0,127735.0,98.37,1,100645.0,129.01
2026-01-16,A관(1공장),[00] 배합,조립1호기,6037.0,6037.0,100.0,1,0.0,0.0
2026-01-16,A관(1공장),[00] 배합,조립31호기,19999.86,19999.86,100.0,1,0.0,0.0
2026-01-16,A관(1공장),[00] 배합,조립3호기,2043.0,2043.0,100.0,1,0.0,0.0
2026-01-16,A관(1공장),[00] 배합,조립4호기,2000.0,2000.0,100.0,1,0.0,0.0
2026-01-16,A관(1공장),[10] 사출조립,조립1호기,31931.0,31931.0,100.0,1,43200.0,73.91
2026-01-16,A관(1공장),[10] 사출조립,조립2호기,14367.0,11611.0,80.82,1,43200.0,33.26
2026-01-16,A관(1공장),[10] 사출조립,조립30호기,95915.0,94458.0,98.48,1,86400.0,111.01
2026-01-16,A관(1공장),[10] 사출조립,조립31호기,93529.0,93232.0,99.68,1,86400.0,108.25
2026-01-16,A관(1공장),[10] 사출조립,조립32호기,44302.0,44302.0,100.0,1,86400.0,51.28
2026-01-16,A관(1공장),[10] 사출조립,조립3호기,34209.0,32446.0,94.85,1,43200.0,79.19
2026-01-16,A관(1공장),[10] 사출조립,조립4호기,35032.0,34099.0,97.34,1,43200.0,81.09
2026-01-16,A관(1공장),[10] 사출조립,조립8호기,31934.0,31934.0,100.0,1,43200.0,73.92
2026-01-16,A관(1공장),[20] 분리,분리10호기,11945.0,9296.0,77.82,1,17280.0,69.13
2026-01-16,A관(1공장),[20] 분리,분리14호기,36567.0,31848.0,87.09,1,54000.0,67.72
2026-01-16,A관(1공장),[20] 분리,분리4호기,13455.0,11300.0,83.98,1,17280.0,77.86
2026-01-16,A관(1공장),[20] 분리,분리5호기,16329.0,13985.0,85.65,1,17280.0,94.5
2026-01-16,A관(1공장),[45] 하이드레이션/전면검사,1공장 실리콘수화기,20563.0,20563.0,100.0,1,0.0,0.0
2026-01-16,A관(1공장),[45] 하이드레이션/전면검사,워터배스1-2호기,14161.0,14161.0,100.0,1,30000.0,47.2
2026-01-16,A관(1공장),[45] 하이드레이션/전면검사,워터배스1-3호기,30865.0,30865.0,100.0,1,30000.0,102.88
2026-01-16,A관(1공장),[45] 하이드레이션/전면검사,워터배스1-4호기,33942.0,33919.0,99.93,1,30000.0,113.14
2026-01-16,A관(1공장),[45] 하이드레이션/전면검사,워터배스1-5호기,17216.0,17216.0,100.0,1,150000.0,11.48
2026-01-16,A관(1공장),[45] 하이드레이션/전면검사,워터배스1-6호기,15993.0,15993.0,100.0,1,150000.0,10.66
2026-01-16,A관(1공장),[55] 접착/ 멸균,검사10호기,5079.0,4250.0,83.68,1,13293.0,38.21
2026-01-16,A관(1공장),[55] 접착/ 멸균,검사11호기,12877.0,10767.0,83.61,1,13293.0,96.87
2026-01-16,A관(1공장),[55] 접착/ 멸균,검사14호기,7053.0,6982.0,98.99,1,13293.0,53.06
2026-01-16,A관(1공장),[55] 접착/ 멸균,검사15호기,102.0,102.0,100.0,1,13293.0,0.77
2026-01-16,A관(1공장),[55] 접착/ 멸균,검사16호기,2639.0,2558.0,96.93,1,13293.0,19.85
2026-01-16,A관(1공장),[55] 접착/ 멸균,검사17호기,12037.0,11696.0,97.17,1,13293.0,90.55
2026-01-16,A관(1공장),[55] 접착/ 멸균,검사18호기,12202.0,11702.0,95.9,1,13293.0,91.79
2026-01-16,A관(1공장),[55] 접착/ 멸균,검사20호기,11658.0,11284.0,96.79,1,13293.0,87.7
2026-01-16,A관(1공장),[55] 접착/ 멸균,검사22호기,6961.0,6390.0,91.8,1,13293.0,52.37
2026-01-16,A관(1공장),[55] 접착/ 멸균,검사23호기,9861.0,9545.0,96.8,1,13293.0,74.18
2026-01-16,A관(1공장),[55] 접착/ 멸균,검사8호기,11755.0,11522.0,98.02,1,13293.0,88.43
2026-01-16,A관(1공장),[55] 접착/ 멸균,검사9호기,11000.0,10717.0,97.43,1,13293.0,82.75
2026-01-16,A관(1공장),[55] 접착/ 멸균,바이알캡핑기,6373.0,5245.0,82.3,1,0.0,0.0
2026-01-16,A관(1공장),[80] 누수/규격검사,누수/규격검사(1공장),100890.0,95404.0,94.56,1,112902.0,89.36
2026-01-16,C관(2공장),[00] 배합,조립12호기,20366.0,20366.0,100.0,1,0.0,0.0
2026-01-16,C관(2공장),[00] 배합,조립16호기,20365.92,20365.92,100.0,1,0.0,0.0
2026-01-16,C관(2공장),[00] 배합,조립22호기,20366.0,20366.0,100.0,1,0.0,0.0
2026-01-16,C관(2공장),[00] 배합,조립41호기,20366.0,20366.0,100.0,1,0.0,0.0
2026-01-16,C관(2공장),[00] 배합,조립47호기,20366.0,20366.0,100.0,1,0.0,0.0
2026-01-16,C관(2공장),[10] 사출조립,조립10호기,26659.0,26059.0,97.75,1,43200.0,61.71
2026-01-16,C관(2공장),[10] 사출조립,조립11호기,21979.0,21979.0,100.0,1,43200.0,50.88
2026-01-16,C관(2공장),[10] 사출조립,조립12호기,21773.0,21749.0,99.89,1,0.0,0.0
2026-01-16,C관(2공장),[10] 사출조립,조립13호기,28753.0,28209.0,98.11,1,0.0,0.0
2026-01-16,C관(2공장),[10] 사출조립,조립14호기,31693.0,28793.0,90.85,1,43200.0,73.36
2026-01-16,C관(2공장),[10] 사출조립,조립15호기,24536.0,23536.0,95.92,1,43200.0,56.8
2026-01-16,C관(2공장),[10] 사출조립,조립16호기,31471.0,27941.0,88.78,1,43200.0,72.85
2026-01-16,C관(2공장),[10] 사출조립,조립17호기,27953.0,27953.0,100.0,1,43200.0,64.71
2026-01-16,C관(2공장),[10] 사출조립,조립22호기,10321.0,5210.0,50.48,1,43200.0,23.89
2026-01-16,C관(2공장),[10] 사출조립,조립24호기,9878.0,8684.0,87.91,1,43200.0,22.87
2026-01-16,C관(2공장),[10] 사출조립,조립26호기,35323.0,26261.0,74.35,1,43200.0,81.77
2026-01-16,C관(2공장),[10] 사출조립,조립27호기,28446.0,27200.0,95.62,1,43200.0,65.85
2026-01-16,C관(2공장),[10] 사출조립,조립41호기,29492.0,29492.0,100.0,1,43200.0,68.27
2026-01-16,C관(2공장),[10] 사출조립,조립44호기,67555.0,65947.0,97.62,1,43200.0,156.38
2026-01-16,C관(2공장),[10] 사출조립,조립45호기,56430.0,52428.0,92.91,1,43200.0,130.62
2026-01-16,C관(2공장),[10] 사출조립,조립46호기,19759.0,17227.0,87.19,1,43200.0,45.74
2026-01-16,C관(2공장),[10] 사출조립,조립47호기,5982.0,2931.0,49.0,1,43200.0,13.85
2026-01-16,C관(2공장),[10] 사출조립,조립48호기,56293.0,48647.0,86.42,1,43200.0,130.31
2026-01-16,C관(2공장),[10] 사출조립,조립49호기,58165.0,56023.0,96.32,1,43200.0,134.64
2026-01-16,C관(2공장),[10] 사출조립,조립50호기,21772.0,16522.0,75.89,1,43200.0,50.4
2026-01-16,C관(2공장),[10] 사출조립,조립51호기,31062.0,31054.0,99.97,1,43200.0,71.9
2026-01-16,C관(2공장),[10] 사출조립,조립52호기,19228.0,16153.0,84.01,1,43200.0,44.51
2026-01-16,C관(2공장),[10] 사출조립,조립53호기,41189.0,33189.0,80.58,1,43200.0,95.34
2026-01-16,C관(2공장),[10] 사출조립,조립54호기,28719.0,27719.0,96.52,1,43200.0,66.48
2026-01-16,C관(2공장),[10] 사출조립,조립55호기,27618.0,26518.0,96.02,1,43200.0,63.93
2026-01-16,C관(2공장),[10] 사출조립,조립56호기,19984.0,17941.0,89.78,1,43200.0,46.26
2026-01-16,C관(2공장),[10] 사출조립,조립57호기,23210.0,12852.0,55.37,1,43200.0,53.73
2026-01-16,C관(2공장),[10] 사출조립,조립58호기,18200.0,17800.0,97.8,1,43200.0,42.13
2026-01-16,C관(2공장),[10] 사출조립,조립59호기,27241.0,26841.0,98.53,1,43200.0,63.06
2026-01-16,C관(2공장),[20] 분리,분리12호기,52087.0,44034.0,84.54,1,0.0,0.0
2026-01-16,C관(2공장),[20] 분리,분리15호기,47444.0,34382.0,72.47,1,0.0,0.0
2026-01-16,C관(2공장),[20] 분리,분리16호기,46724.0,42218.0,90.36,1,61715.0,75.71
2026-01-16,C관(2공장),[20] 분리,분리17호기,49082.0,41431.0,84.41,1,61715.0,79.53
2026-01-16,C관(2공장),[20] 분리,분리18호기,51279.0,45209.0,88.16,1,61715.0,83.09
2026-01-16,C관(2공장),[20] 분리,분리19호기,45898.0,36888.0,80.37,1,61715.0,74.37
2026-01-16,C관(2공장),[20] 분리,분리20호기,49562.0,43540.0,87.85,1,61715.0,80.31
2026-01-16,C관(2공장),[20] 분리,분리21호기,44095.0,39864.0,90.4,1,61715.0,71.45
2026-01-16,C관(2공장),[20] 분리,분리22호기,45244.0,37258.0,82.35,1,61715.0,73.31
2026-01-16,C관(2공장),[20] 분리,분리23호기,49066.0,42070.0,85.74,1,61715.0,79.5
2026-01-16,C관(2공장),[20] 분리,분리24호기,47971.0,41341.0,86.18,1,61715.0,77.73
2026-01-16,C관(2공장),[20] 분리,분리25호기,41428.0,34757.0,83.9,1,61715.0,67.13
2026-01-16,C관(2공장),[20] 분리,분리26호기,46280.0,40219.0,86.9,1,54000.0,85.7
2026-01-16,C관(2공장),[20] 분리,분리27호기,43174.0,37042.0,85.8,1,54000.0,79.95
2026-01-16,C관(2공장),[20] 분리,분리28호기,34110.0,28350.0,83.11,1,54000.0,63.17
2026-01-16,C관(2공장),[20] 분리,분리29호기,48637.0,44443.0,91.38,1,54000.0,90.07
2026-01-16,C관(2공장),[20] 분리,분리30호기,48542.0,43060.0,88.71,1,54000.0,89.89
2026-01-16,C관(2공장),[20] 분리,분리31호기,49530.0,40299.0,81.36,1,54000.0,91.72
2026-01-16,C관(2공장),[20] 분리,분리32호기,51306.0,42261.0,82.37,1,54000.0,95.01
2026-01-16,C관(2공장),[20] 분리,분리33호기,50753.0,44162.0,87.01,1,54000.0,93.99
2026-01-16,C관(2공장),[20] 분리,분리34호기,48149.0,41191.0,85.55,1,54000.0,89.16
2026-01-16,C관(2공장),[20] 분리,분리35호기,50304.0,42190.0,83.87,1,54000.0,93.16
2026-01-16,C관(2공장),[20] 분리,분리36호기,46173.0,37348.0,80.89,1,54000.0,85.51
2026-01-16,C관(2공장),[20] 분리,분리37호기,45768.0,37916.0,82.84,1,54000.0,84.76
2026-01-16,C관(2공장),[20] 분리,분리43호기,37967.0,31671.0,83.42,1,54000.0,70.31
2026-01-16,C관(2공장),[45] 하이드레이션/전면검사,워터배스2-10호기,62580.0,62525.0,99.91,1,120000.0,52.15
2026-01-16,C관(2공장),[45] 하이드레이션/전면검사,워터배스2-11호기,72482.0,72380.0,99.86,1,150000.0,48.32
2026-01-16,C관(2공장),[45] 하이드레이션/전면검사,워터배스2-12호기,56292.0,56238.0,99.9,1,150000.0,37.53
2026-01-16,C관(2공장),[45] 하이드레이션/전면검사,워터배스2-13호기,47204.0,47135.0,99.85,1,150000.0,31.47
2026-01-16,C관(2공장),[45] 하이드레이션/전면검사,워터배스2-14호기,67009.0,66850.0,99.76,1,150000.0,44.67
2026-01-16,C관(2공장),[45] 하이드레이션/전면검사,워터배스2-1호기,55016.0,54920.0,99.83,1,120000.0,45.85
2026-01-16,C관(2공장),[45] 하이드레이션/전면검사,워터배스2-2호기,48261.0,48196.0,99.87,1,120000.0,40.22
2026-01-16,C관(2공장),[45] 하이드레이션/전면검사,워터배스2-3호기,70515.0,70455.0,99.91,1,120000.0,58.76
2026-01-16,C관(2공장),[45] 하이드레이션/전면검사,워터배스2-4호기,71060.0,70990.0,99.9,1,120000.0,59.22
2026-01-16,C관(2공장),[45] 하이드레이션/전면검사,워터배스2-5호기,73200.0,73095.0,99.86,1,120000.0,61.0
2026-01-16,C관(2공장),[45] 하이드레이션/전면검사,워터배스2-7호기,62307.0,62140.0,99.73,1,120000.0,51.92
2026-01-16,C관(2공장),[45] 하이드레이션/전면검사,워터배스2-8호기,77886.0,77755.0,99.83,1,120000.0,64.9
2026-01-16,C관(2공장),[45] 하이드레이션/전면검사,워터배스2-9호기,70652.0,70570.0,99.88,1,120000.0,58.88
2026-01-16,C관(2공장),[55] 접착/ 멸균,검사32호기,38435.0,38040.0,98.97,1,0.0,0.0
2026-01-16,C관(2공장),[55] 접착/ 멸균,검사33호기,50225.0,49155.0,97.87,1,66462.0,75.57
2026-01-16,C관(2공장),[55] 접착/ 멸균,검사34호기,60150.0,59000.0,98.09,1,78546.0,76.58
2026-01-16,C관(2공장),[55] 접착/ 멸균,검사35호기,52040.0,51060.0,98.12,1,78546.0,66.25
2026-01-16,C관(2공장),[55] 접착/ 멸균,검사36호기,57970.0,57190.0,98.65,1,78546.0,73.8
2026-01-16,C관(2공장),[55] 접착/ 멸균,검사37호기,54595.0,53920.0,98.76,1,78546.0,69.51
2026-01-16,C관(2공장),[55] 접착/ 멸균,검사38호기,60725.0,59745.0,98.39,1,78546.0,77.31
2026-01-16,C관(2공장),[55] 접착/ 멸균,검사39호기,49930.0,49180.0,98.5,1,78546.0,63.57
2026-01-16,C관(2공장),[55] 접착/ 멸균,검사40호기,48930.0,48265.0,98.64,1,78546.0,62.29
2026-01-16,C관(2공장),[55] 접착/ 멸균,검사41호기,53150.0,52330.0,98.46,1,78546.0,67.67
2026-01-16,C관(2공장),[55] 접착/ 멸균,검사42호기,54365.0,53690.0,98.76,1,78546.0,69.21
2026-01-16,C관(2공장),[55] 접착/ 멸균,검사43호기,55985.0,54755.0,97.8,1,78546.0,71.28
2026-01-16,C관(2공장),[55] 접착/ 멸균,검사44호기,60905.0,59955.0,98.44,1,78546.0,77.54
2026-01-16,C관(2공장),[55] 접착/ 멸균,검사45호기,48515.0,47670.0,98.26,1,78546.0,61.77
2026-01-16,C관(2공장),[55] 접착/ 멸균,검사46호기,45365.0,44405.0,97.88,1,78546.0,57.76
2026-01-16,C관(2공장),[55] 접착/ 멸균,검사47호기,53290.0,52305.0,98.15,1,78546.0,67.85
2026-01-16,C관(2공장),[55] 접착/ 멸균,검사48호기,49550.0,48970.0,98.83,1,78546.0,63.08
2026-01-16,C관(2공장),[80] 누수/규격검사,누수/규격검사(2공장),892510.0,884710.0,99.13,1,720000.0,123.96
2026-01-16,S관(3공장),[00] 배합,A형 인라인3호기,3999.48,3999.48,100.0,1,0.0,0.0
2026-01-16,S관(3공장),[00] 배합,A형 인라인5호기,4064.0,4064.0,100.0,1,0.0,0.0
2026-01-16,S관(3공장),[00] 배합,B형 조립중합3호기,3058.0,3058.0,100.0,1,0.0,0.0
2026-01-16,S관(3공장),[00] 배합,B형 조립중합5호기,10890.0,10890.0,100.0,1,0.0,0.0
2026-01-16,S관(3공장),[10] 사출조립,A형 인라인1호기,22433.0,22433.0,100.0,1,43200.0,51.93
2026-01-16,S관(3공장),[10] 사출조립,A형 인라인3호기,35969.0,35969.0,100.0,1,43200.0,83.26
2026-01-16,S관(3공장),[10] 사출조립,B형 조립중합5호기,16680.0,15156.0,90.86,1,76800.0,21.72
2026-01-16,S관(3공장),[10] 사출조립,B형 조립중합7호기,15984.0,15721.0,98.35,1,76800.0,20.81
2026-01-16,S관(3공장),[20] 분리,B형 분리수화접착1호기,19120.0,15636.0,81.78,1,53170.0,35.96
2026-01-16,S관(3공장),[20] 분리,B형 분리수화접착2호기,18057.0,13465.0,74.57,1,53170.0,33.96
2026-01-16,S관(3공장),[20] 분리,B형 분리수화접착3호기,23454.0,17747.0,75.67,1,53170.0,44.11
2026-01-16,S관(3공장),[20] 분리,B형 분리수화접착4호기,21810.0,14164.0,64.94,1,53170.0,41.02
2026-01-16,S관(3공장),[20] 분리,B형 분리수화접착5호기,14363.0,11683.0,81.34,1,53170.0,27.01
2026-01-16,S관(3공장),[20] 분리,B형 분리수화접착6호기,9941.0,7478.0,75.22,1,53170.0,18.7
2026-01-16,S관(3공장),[20] 분리,B형 분리수화접착7호기,9348.0,5916.0,63.29,1,53170.0,17.58
2026-01-16,S관(3공장),[20] 분리,B형 분리수화접착8호기,8934.0,7078.0,79.23,1,53170.0,16.8
2026-01-16,S관(3공장),[45] 하이드레이션/전면검사,A형 인라인2호기,11930.0,11890.0,99.66,1,60000.0,19.88
2026-01-16,S관(3공장),[45] 하이드레이션/전면검사,B형 분리수화접착3호기,8913.0,8869.0,99.51,1,60000.0,14.85
2026-01-16,S관(3공장),[45] 하이드레이션/전면검사,B형 분리수화접착4호기,17926.0,17845.0,99.55,1,60000.0,29.88
2026-01-16,S관(3공장),[45] 하이드레이션/전면검사,B형 분리수화접착5호기,11223.0,11173.0,99.55,1,60000.0,18.7
2026-01-16,S관(3공장),[45] 하이드레이션/전면검사,S관 실리콘 자동수화기,175098.0,174520.0,99.67,1,240000.0,72.96
2026-01-16,S관(3공장),[55] 접착/ 멸균,A형 인라인1호기,27487.0,26645.0,96.94,1,54000.0,50.9
2026-01-16,S관(3공장),[55] 접착/ 멸균,A형 인라인2호기,25299.0,24165.0,95.52,1,54000.0,46.85
2026-01-16,S관(3공장),[55] 접착/ 멸균,A형 인라인3호기,32396.0,31940.0,98.59,1,54000.0,59.99
2026-01-16,S관(3공장),[55] 접착/ 멸균,A형 인라인4호기,12119.0,11145.0,91.96,1,54000.0,22.44
2026-01-16,S관(3공장),[55] 접착/ 멸균,A형 인라인5호기,15559.0,14790.0,95.06,1,54000.0,28.81
2026-01-16,S관(3공장),[55] 접착/ 멸균,A형 인라인6호기,12476.0,9910.0,79.43,1,54000.0,23.1
2026-01-16,S관(3공장),[80] 누수/규격검사,누수/규격검사(3공장),172240.0,171415.0,99.52,1,100645.0,171.14
2026-01-17,A관(1공장),[00] 배합,조립2호기,3067.0,3067.0,100.0,1,0.0,0.0
2026-01-17,A관(1공장),[00] 배합,조립30호기,35000.0,35000.0,100.0,1,0.0,0.0
2026-01-17,A관(1공장),[00] 배합,조립3호기,7160.96,7160.96,100.0,1,0.0,0.0
2026-01-17,A관(1공장),[00] 배합,조립4호기,1000.0,1000.0,100.0,1,0.0,0.0
2026-01-17,A관(1공장),[00] 배합,조립8호기,3957.97,3957.97,100.0,1,0.0,0.0
2026-01-17,A관(1공장),[10] 사출조립,조립1호기,30548.0,29469.0,96.47,1,43200.0,70.71
2026-01-17,A관(1공장),[10] 사출조립,조립2호기,21083.0,17473.0,82.88,1,43200.0,48.8
2026-01-17,A관(1공장),[10] 사출조립,조립30호기,46098.0,46098.0,100.0,1,86400.0,53.35
2026-01-17,A관(1공장),[10] 사출조립,조립31호기,47578.0,47578.0,100.0,1,86400.0,55.07
2026-01-17,A관(1공장),[10] 사출조립,조립32호기,48474.0,46519.0,95.97,1,86400.0,56.1
2026-01-17,A관(1공장),[10] 사출조립,조립3호기,20605.0,20605.0,100.0,1,43200.0,47.7
2026-01-17,A관(1공장),[10] 사출조립,조립4호기,17186.0,17186.0,100.0,1,43200.0,39.78
2026-01-17,A관(1공장),[10] 사출조립,조립8호기,38747.0,38747.0,100.0,1,43200.0,89.69
2026-01-17,A관(1공장),[20] 분리,분리10호기,17025.0,13683.0,80.37,1,17280.0,98.52
2026-01-17,A관(1공장),[20] 분리,분리14호기,40870.0,36093.0,88.31,1,54000.0,75.69
2026-01-17,A관(1공장),[20] 분리,분리4호기,14022.0,12523.0,89.31,1,17280.0,81.15
2026-01-17,A관(1공장),[20] 분리,분리5호기,16301.0,13854.0,84.99,1,17280.0,94.33
2026-01-17,A관(1공장),[45] 하이드레이션/전면검사,1공장 실리콘수화기,27101.0,27101.0,100.0,1,0.0,0.0
2026-01-17,A관(1공장),[45] 하이드레이션/전면검사,워터배스1-2호기,15391.0,15391.0,100.0,1,30000.0,51.3
2026-01-17,A관(1공장),[45] 하이드레이션/전면검사,워터배스1-3호기,22604.0,22604.0,100.0,1,30000.0,75.35
2026-01-17,A관(1공장),[45] 하이드레이션/전면검사,워터배스1-4호기,4180.0,4180.0,100.0,1,30000.0,13.93
2026-01-17,A관(1공장),[45] 하이드레이션/전면검사,워터배스1-5호기,40296.0,40296.0,100.0,1,150000.0,26.86
2026-01-17,A관(1공장),[55] 접착/ 멸균,검사10호기,8988.0,8302.0,92.37,1,13293.0,67.61
2026-01-17,A관(1공장),[55] 접착/ 멸균,검사11호기,13520.0,12154.0,89.9,1,13293.0,101.71
2026-01-17,A관(1공장),[55] 접착/ 멸균,검사17호기,3891.0,3512.0,90.26,1,13293.0,29.27
2026-01-17,A관(1공장),[55] 접착/ 멸균,검사18호기,7727.0,6672.0,86.35,1,13293.0,58.13
2026-01-17,A관(1공장),[55] 접착/ 멸균,검사20호기,13215.0,12714.0,96.21,1,13293.0,99.41
2026-01-17,A관(1공장),[55] 접착/ 멸균,검사22호기,5004.0,4896.0,97.84,1,13293.0,37.64
2026-01-17,A관(1공장),[55] 접착/ 멸균,검사23호기,10276.0,9914.0,96.48,1,13293.0,77.3
2026-01-17,A관(1공장),[55] 접착/ 멸균,검사8호기,13852.0,13448.0,97.08,1,13293.0,104.21
2026-01-17,A관(1공장),[55] 접착/ 멸균,검사9호기,12961.0,12613.0,97.32,1,13293.0,97.5
2026-01-17,A관(1공장),[55] 접착/ 멸균,바이알캡핑기,5684.0,4997.0,87.91,1,0.0,0.0
2026-01-17,A관(1공장),[80] 누수/규격검사,누수/규격검사(1공장),92580.0,85878.0,92.76,1,112902.0,82.0
2026-01-17,C관(2공장),[00] 배합,조립13호기,20366.0,20366.0,100.0,1,0.0,0.0
2026-01-17,C관(2공장),[00] 배합,조립25호기,9858.0,9858.0,100.0,1,0.0,0.0
2026-01-17,C관(2공장),[10] 사출조립,조립10호기,44224.0,37645.0,85.12,1,43200.0,102.37
2026-01-17,C관(2공장),[10] 사출조립,조립11호기,32305.0,28287.0,87.56,1,43200.0,74.78
2026-01-17,C관(2공장),[10] 사출조립,조립12호기,31576.0,26832.0,84.98,1,0.0,0.0
2026-01-17,C관(2공장),[10] 사출조립,조립13호기,24979.0,21885.0,87.61,1,0.0,0.0
2026-01-17,C관(2공장),[10] 사출조립,조립15호기,46168.0,41868.0,90.69,1,43200.0,106.87
2026-01-17,C관(2공장),[10] 사출조립,조립16호기,26596.0,24796.0,93.23,1,43200.0,61.56
2026-01-17,C관(2공장),[10] 사출조립,조립17호기,45136.0,41486.0,91.91,1,43200.0,104.48
2026-01-17,C관(2공장),[10] 사출조립,조립22호기,23091.0,19374.0,83.9,1,43200.0,53.45
2026-01-17,C관(2공장),[10] 사출조립,조립24호기,15538.0,13797.0,88.8,1,43200.0,35.97
2026-01-17,C관(2공장),[10] 사출조립,조립26호기,14576.0,11581.0,79.45,1,43200.0,33.74
2026-01-17,C관(2공장),[10] 사출조립,조립27호기,43248.0,35809.0,82.8,1,43200.0,100.11
2026-01-17,C관(2공장),[10] 사출조립,조립40호기,28121.0,26422.0,93.96,1,43200.0,65.09
2026-01-17,C관(2공장),[10] 사출조립,조립41호기,24368.0,24068.0,98.77,1,43200.0,56.41
2026-01-17,C관(2공장),[10] 사출조립,조립44호기,25482.0,25482.0,100.0,1,43200.0,58.99
2026-01-17,C관(2공장),[10] 사출조립,조립45호기,27386.0,25626.0,93.57,1,43200.0,63.39
2026-01-17,C관(2공장),[10] 사출조립,조립46호기,55023.0,49609.0,90.16,1,43200.0,127.37
2026-01-17,C관(2공장),[10] 사출조립,조립47호기,29546.0,28188.0,95.4,1,43200.0,68.39
2026-01-17,C관(2공장),[10] 사출조립,조립48호기,31871.0,29921.0,93.88,1,43200.0,73.78
2026-01-17,C관(2공장),[10] 사출조립,조립49호기,30174.0,27029.0,89.58,1,43200.0,69.85
2026-01-17,C관(2공장),[10] 사출조립,조립50호기,29593.0,20228.0,68.35,1,43200.0,68.5
2026-01-17,C관(2공장),[10] 사출조립,조립51호기,30411.0,29711.0,97.7,1,43200.0,70.4
2026-01-17,C관(2공장),[10] 사출조립,조립53호기,47497.0,41298.0,86.95,1,43200.0,109.95
2026-01-17,C관(2공장),[10] 사출조립,조립54호기,31005.0,28205.0,90.97,1,43200.0,71.77
2026-01-17,C관(2공장),[10] 사출조립,조립55호기,28138.0,22438.0,79.74,1,43200.0,65.13
2026-01-17,C관(2공장),[10] 사출조립,조립56호기,19043.0,15441.0,81.08,1,43200.0,44.08
2026-01-17,C관(2공장),[10] 사출조립,조립57호기,13241.0,11741.0,88.67,1,43200.0,30.65
2026-01-17,C관(2공장),[10] 사출조립,조립58호기,26927.0,24062.0,89.36,1,43200.0,62.33
2026-01-17,C관(2공장),[10] 사출조립,조립59호기,27048.0,24438.0,90.35,1,43200.0,62.61
2026-01-17,C관(2공장),[20] 분리,분리12호기,55772.0,49435.0,88.64,1,0.0,0.0
2026-01-17,C관(2공장),[20] 분리,분리15호기,51241.0,35710.0,69.69,1,0.0,0.0
2026-01-17,C관(2공장),[20] 분리,분리16호기,49843.0,44802.0,89.89,1,61715.0,80.76
2026-01-17,C관(2공장),[20] 분리,분리17호기,49852.0,42108.0,84.47,1,61715.0,80.78
2026-01-17,C관(2공장),[20] 분리,분리18호기,53233.0,47798.0,89.79,1,61715.0,86.26
2026-01-17,C관(2공장),[20] 분리,분리19호기,44761.0,34992.0,78.18,1,61715.0,72.53
2026-01-17,C관(2공장),[20] 분리,분리20호기,47773.0,42330.0,88.61,1,61715.0,77.41
2026-01-17,C관(2공장),[20] 분리,분리21호기,44099.0,38538.0,87.39,1,61715.0,71.46
2026-01-17,C관(2공장),[20] 분리,분리22호기,45286.0,35531.0,78.46,1,61715.0,73.38
2026-01-17,C관(2공장),[20] 분리,분리23호기,45623.0,37917.0,83.11,1,61715.0,73.93
2026-01-17,C관(2공장),[20] 분리,분리24호기,45816.0,40133.0,87.6,1,61715.0,74.24
2026-01-17,C관(2공장),[20] 분리,분리25호기,47169.0,39415.0,83.56,1,61715.0,76.43
2026-01-17,C관(2공장),[20] 분리,분리26호기,45597.0,36539.0,80.13,1,54000.0,84.44
2026-01-17,C관(2공장),[20] 분리,분리27호기,40722.0,34674.0,85.15,1,54000.0,75.41
2026-01-17,C관(2공장),[20] 분리,분리28호기,37604.0,32728.0,87.03,1,54000.0,69.64
2026-01-17,C관(2공장),[20] 분리,분리29호기,49975.0,44761.0,89.57,1,54000.0,92.55
2026-01-17,C관(2공장),[20] 분리,분리30호기,53843.0,47103.0,87.48,1,54000.0,99.71
2026-01-17,C관(2공장),[20] 분리,분리31호기,35138.0,26779.0,76.21,1,54000.0,65.07
2026-01-17,C관(2공장),[20] 분리,분리32호기,48163.0,40687.0,84.48,1,54000.0,89.19
2026-01-17,C관(2공장),[20] 분리,분리33호기,52183.0,46941.0,89.95,1,54000.0,96.64
2026-01-17,C관(2공장),[20] 분리,분리34호기,53695.0,47089.0,87.7,1,54000.0,99.44
2026-01-17,C관(2공장),[20] 분리,분리35호기,48577.0,40595.0,83.57,1,54000.0,89.96
2026-01-17,C관(2공장),[20] 분리,분리36호기,50803.0,41196.0,81.09,1,54000.0,94.08
2026-01-17,C관(2공장),[20] 분리,분리37호기,44510.0,36034.0,80.96,1,54000.0,82.43
2026-01-17,C관(2공장),[20] 분리,분리43호기,41146.0,33212.0,80.72,1,54000.0,76.2
2026-01-17,C관(2공장),[45] 하이드레이션/전면검사,워터배스2-10호기,60671.0,60615.0,99.91,1,120000.0,50.56
2026-01-17,C관(2공장),[45] 하이드레이션/전면검사,워터배스2-11호기,100953.0,100820.0,99.87,1,150000.0,67.3
2026-01-17,C관(2공장),[45] 하이드레이션/전면검사,워터배스2-12호기,30807.0,30750.0,99.81,1,150000.0,20.54
2026-01-17,C관(2공장),[45] 하이드레이션/전면검사,워터배스2-13호기,25588.0,25565.0,99.91,1,150000.0,17.06
2026-01-17,C관(2공장),[45] 하이드레이션/전면검사,워터배스2-14호기,108840.0,107090.0,98.39,1,150000.0,72.56
2026-01-17,C관(2공장),[45] 하이드레이션/전면검사,워터배스2-1호기,42817.0,42780.0,99.91,1,120000.0,35.68
2026-01-17,C관(2공장),[45] 하이드레이션/전면검사,워터배스2-2호기,9271.0,9250.0,99.77,1,120000.0,7.73
2026-01-17,C관(2공장),[45] 하이드레이션/전면검사,워터배스2-3호기,99547.0,99455.0,99.91,1,120000.0,82.96
2026-01-17,C관(2공장),[45] 하이드레이션/전면검사,워터배스2-4호기,64003.0,63935.0,99.89,1,120000.0,53.34
2026-01-17,C관(2공장),[45] 하이드레이션/전면검사,워터배스2-5호기,83742.0,83595.0,99.82,1,120000.0,69.78
2026-01-17,C관(2공장),[45] 하이드레이션/전면검사,워터배스2-7호기,67620.0,67560.0,99.91,1,120000.0,56.35
2026-01-17,C관(2공장),[45] 하이드레이션/전면검사,워터배스2-8호기,71854.0,71780.0,99.9,1,120000.0,59.88
2026-01-17,C관(2공장),[45] 하이드레이션/전면검사,워터배스2-9호기,59935.0,56895.0,94.93,1,120000.0,49.95
2026-01-17,C관(2공장),[55] 접착/ 멸균,검사31호기,2560.0,2535.0,99.02,1,0.0,0.0
2026-01-17,C관(2공장),[55] 접착/ 멸균,검사32호기,46065.0,45545.0,98.87,1,0.0,0.0
2026-01-17,C관(2공장),[55] 접착/ 멸균,검사33호기,50945.0,50260.0,98.66,1,66462.0,76.65
2026-01-17,C관(2공장),[55] 접착/ 멸균,검사34호기,55980.0,54120.0,96.68,1,78546.0,71.27
2026-01-17,C관(2공장),[55] 접착/ 멸균,검사35호기,53870.0,53025.0,98.43,1,78546.0,68.58
2026-01-17,C관(2공장),[55] 접착/ 멸균,검사36호기,55800.0,55140.0,98.82,1,78546.0,71.04
2026-01-17,C관(2공장),[55] 접착/ 멸균,검사37호기,62805.0,61895.0,98.55,1,78546.0,79.96
2026-01-17,C관(2공장),[55] 접착/ 멸균,검사38호기,61040.0,60310.0,98.8,1,78546.0,77.71
2026-01-17,C관(2공장),[55] 접착/ 멸균,검사39호기,52345.0,51565.0,98.51,1,78546.0,66.64
2026-01-17,C관(2공장),[55] 접착/ 멸균,검사40호기,53230.0,52425.0,98.49,1,78546.0,67.77
2026-01-17,C관(2공장),[55] 접착/ 멸균,검사41호기,57080.0,55765.0,97.7,1,78546.0,72.67
2026-01-17,C관(2공장),[55] 접착/ 멸균,검사42호기,60000.0,59145.0,98.58,1,78546.0,76.39
2026-01-17,C관(2공장),[55] 접착/ 멸균,검사43호기,54885.0,54190.0,98.73,1,78546.0,69.88
2026-01-17,C관(2공장),[55] 접착/ 멸균,검사44호기,54895.0,54110.0,98.57,1,78546.0,69.89
2026-01-17,C관(2공장),[55] 접착/ 멸균,검사45호기,50305.0,49175.0,97.75,1,78546.0,64.05
2026-01-17,C관(2공장),[55] 접착/ 멸균,검사46호기,59065.0,58445.0,98.95,1,78546.0,75.2
2026-01-17,C관(2공장),[55] 접착/ 멸균,검사47호기,51790.0,50830.0,98.15,1,78546.0,65.94
2026-01-17,C관(2공장),[55] 접착/ 멸균,검사48호기,59460.0,58650.0,98.64,1,78546.0,75.7
2026-01-17,C관(2공장),[80] 누수/규격검사,누수/규격검사(2공장),906080.0,900350.0,99.37,1,720000.0,125.84
2026-01-17,S관(3공장),[00] 배합,A형 인라인1호기,11998.56,11998.56,100.0,1,0.0,0.0
2026-01-17,S관(3공장),[00] 배합,A형 인라인5호기,4128.0,4128.0,100.0,1,0.0,0.0
2026-01-17,S관(3공장),[00] 배합,B형 조립중합5호기,14850.0,14850.0,100.0,1,0.0,0.0
2026-01-17,S관(3공장),[10] 사출조립,A형 인라인1호기,18128.0,18128.0,100.0,1,43200.0,41.96
2026-01-17,S관(3공장),[10] 사출조립,A형 인라인5호기,20883.0,20883.0,100.0,1,43200.0,48.34
2026-01-17,S관(3공장),[10] 사출조립,B형 조립중합5호기,30968.0,28943.0,93.46,1,76800.0,40.32
2026-01-17,S관(3공장),[10] 사출조립,B형 조립중합7호기,30728.0,29519.0,96.07,1,76800.0,40.01
2026-01-17,S관(3공장),[10] 사출조립,B형 조립중합8호기,24160.0,17139.0,70.94,1,0.0,0.0
2026-01-17,S관(3공장),[20] 분리,A형 인라인3호기,15841.0,14893.0,94.02,1,43200.0,36.67
2026-01-17,S관(3공장),[20] 분리,B형 분리수화접착1호기,20583.0,16843.0,81.83,1,53170.0,38.71
2026-01-17,S관(3공장),[20] 분리,B형 분리수화접착2호기,24296.0,18439.0,75.89,1,53170.0,45.69
2026-01-17,S관(3공장),[20] 분리,B형 분리수화접착3호기,25549.0,17826.0,69.77,1,53170.0,48.05
2026-01-17,S관(3공장),[20] 분리,B형 분리수화접착4호기,18134.0,12330.0,67.99,1,53170.0,34.11
2026-01-17,S관(3공장),[20] 분리,B형 분리수화접착5호기,20928.0,17048.0,81.46,1,53170.0,39.36
2026-01-17,S관(3공장),[20] 분리,B형 분리수화접착6호기,17821.0,14277.0,80.11,1,53170.0,33.52
2026-01-17,S관(3공장),[20] 분리,B형 분리수화접착7호기,19279.0,13913.0,72.17,1,53170.0,36.26
2026-01-17,S관(3공장),[20] 분리,B형 분리수화접착8호기,12491.0,9880.0,79.1,1,53170.0,23.49
2026-01-17,S관(3공장),[45] 하이드레이션/전면검사,B형 분리수화접착3호기,13011.0,12969.0,99.68,1,60000.0,21.68
2026-01-17,S관(3공장),[45] 하이드레이션/전면검사,B형 분리수화접착4호기,23994.0,23899.0,99.6,1,60000.0,39.99
2026-01-17,S관(3공장),[45] 하이드레이션/전면검사,B형 분리수화접착5호기,19819.0,19723.0,99.52,1,60000.0,33.03
2026-01-17,S관(3공장),[45] 하이드레이션/전면검사,S관 실리콘 자동수화기,85374.0,85039.0,99.61,1,240000.0,35.57
2026-01-17,S관(3공장),[55] 접착/ 멸균,A형 인라인1호기,27297.0,26620.0,97.52,1,54000.0,50.55
2026-01-17,S관(3공장),[55] 접착/ 멸균,A형 인라인2호기,10484.0,9180.0,87.56,1,54000.0,19.41
2026-01-17,S관(3공장),[55] 접착/ 멸균,A형 인라인3호기,32081.0,31635.0,98.61,1,54000.0,59.41
2026-01-17,S관(3공장),[55] 접착/ 멸균,A형 인라인4호기,23427.0,21470.0,91.65,1,54000.0,43.38
2026-01-17,S관(3공장),[55] 접착/ 멸균,A형 인라인5호기,19588.0,18675.0,95.34,1,54000.0,36.27
2026-01-17,S관(3공장),[55] 접착/ 멸균,A형 인라인6호기,28445.0,26440.0,92.95,1,54000.0,52.68
2026-01-17,S관(3공장),[80] 누수/규격검사,누수/규격검사(3공장),172295.0,171275.0,99.41,1,100645.0,171.19
2026-01-18,A관(1공장),[10] 사출조립,조립1호기,18714.0,18314.0,97.86,1,43200.0,43.32
2026-01-18,A관(1공장),[10] 사출조립,조립2호기,8864.0,4963.0,55.99,1,43200.0,20.52
2026-01-18,A관(1공장),[10] 사출조립,조립30호기,90830.0,90245.0,99.36,1,86400.0,105.13
2026-01-18,A관(1공장),[10] 사출조립,조립31호기,94707.0,94096.0,99.35,1,86400.0,109.61
2026-01-18,A관(1공장),[10] 사출조립,조립3호기,38065.0,38065.0,100.0,1,43200.0,88.11
2026-01-18,A관(1공장),[10] 사출조립,조립4호기,4734.0,4144.0,87.54,1,43200.0,10.96
2026-01-18,A관(1공장),[10] 사출조립,조립7호기,9248.0,8093.0,87.51,1,43200.0,21.41
2026-01-18,A관(1공장),[10] 사출조립,조립8호기,38976.0,38976.0,100.0,1,43200.0,90.22
2026-01-18,A관(1공장),[20] 분리,분리10호기,18408.0,16531.0,89.8,1,17280.0,106.53
2026-01-18,A관(1공장),[20] 분리,분리14호기,37760.0,31280.0,82.84,1,54000.0,69.93
2026-01-18,A관(1공장),[20] 분리,분리4호기,16885.0,15490.0,91.74,1,17280.0,97.71
2026-01-18,A관(1공장),[20] 분리,분리5호기,20701.0,16431.0,79.37,1,17280.0,119.8
2026-01-18,A관(1공장),[45] 하이드레이션/전면검사,1공장 실리콘수화기,8585.0,8585.0,100.0,1,0.0,0.0
2026-01-18,A관(1공장),[45] 하이드레이션/전면검사,워터배스1-2호기,17096.0,16582.0,96.99,1,30000.0,56.99
2026-01-18,A관(1공장),[45] 하이드레이션/전면검사,워터배스1-3호기,24182.0,24182.0,100.0,1,30000.0,80.61
2026-01-18,A관(1공장),[45] 하이드레이션/전면검사,워터배스1-4호기,19272.0,19272.0,100.0,1,30000.0,64.24
2026-01-18,A관(1공장),[45] 하이드레이션/전면검사,워터배스1-5호기,43242.0,43242.0,100.0,1,150000.0,28.83
2026-01-18,A관(1공장),[45] 하이드레이션/전면검사,워터배스1-6호기,18266.0,18266.0,100.0,1,150000.0,12.18
2026-01-18,A관(1공장),[55] 접착/ 멸균,검사10호기,11809.0,10264.0,86.92,1,13293.0,88.84
2026-01-18,A관(1공장),[55] 접착/ 멸균,검사11호기,11678.0,11243.0,96.28,1,13293.0,87.85
2026-01-18,A관(1공장),[55] 접착/ 멸균,검사14호기,10016.0,9756.0,97.4,1,13293.0,75.35
2026-01-18,A관(1공장),[55] 접착/ 멸균,검사15호기,3688.0,3688.0,100.0,1,13293.0,27.74
2026-01-18,A관(1공장),[55] 접착/ 멸균,검사16호기,3117.0,2604.0,83.54,1,13293.0,23.45
2026-01-18,A관(1공장),[55] 접착/ 멸균,검사17호기,6051.0,5940.0,98.17,1,13293.0,45.52
2026-01-18,A관(1공장),[55] 접착/ 멸균,검사18호기,7882.0,7093.0,89.99,1,13293.0,59.29
2026-01-18,A관(1공장),[55] 접착/ 멸균,검사20호기,13626.0,13410.0,98.41,1,13293.0,102.51
2026-01-18,A관(1공장),[55] 접착/ 멸균,검사22호기,6962.0,6742.0,96.84,1,13293.0,52.37
2026-01-18,A관(1공장),[55] 접착/ 멸균,검사23호기,11377.0,10578.0,92.98,1,13293.0,85.59
2026-01-18,A관(1공장),[55] 접착/ 멸균,검사7호기,1804.0,1672.0,92.68,1,13293.0,13.57
2026-01-18,A관(1공장),[55] 접착/ 멸균,검사8호기,10806.0,10072.0,93.21,1,13293.0,81.29
2026-01-18,A관(1공장),[55] 접착/ 멸균,검사9호기,13165.0,12702.0,96.48,1,13293.0,99.04
2026-01-18,A관(1공장),[55] 접착/ 멸균,바이알캡핑기,6341.0,5653.0,89.15,1,0.0,0.0
2026-01-18,A관(1공장),[80] 누수/규격검사,누수/규격검사(1공장),101445.0,94065.0,92.73,1,112902.0,89.85
2026-01-18,C관(2공장),[10] 사출조립,조립10호기,21611.0,17911.0,82.88,1,43200.0,50.03
2026-01-18,C관(2공장),[10] 사출조립,조립11호기,32644.0,31873.0,97.64,1,43200.0,75.56
2026-01-18,C관(2공장),[10] 사출조립,조립12호기,32625.0,28478.0,87.29,1,0.0,0.0
2026-01-18,C관(2공장),[10] 사출조립,조립13호기,34453.0,31582.0,91.67,1,0.0,0.0
2026-01-18,C관(2공장),[10] 사출조립,조립14호기,60357.0,50057.0,82.93,1,43200.0,139.72
2026-01-18,C관(2공장),[10] 사출조립,조립15호기,23337.0,22287.0,95.5,1,43200.0,54.02
2026-01-18,C관(2공장),[10] 사출조립,조립16호기,41164.0,41086.0,99.81,1,43200.0,95.29
2026-01-18,C관(2공장),[10] 사출조립,조립17호기,24663.0,24358.0,98.76,1,43200.0,57.09
2026-01-18,C관(2공장),[10] 사출조립,조립22호기,33426.0,30021.0,89.81,1,43200.0,77.38
2026-01-18,C관(2공장),[10] 사출조립,조립24호기,18118.0,14668.0,80.96,1,43200.0,41.94
2026-01-18,C관(2공장),[10] 사출조립,조립26호기,6780.0,5930.0,87.46,1,43200.0,15.69
2026-01-18,C관(2공장),[10] 사출조립,조립40호기,30662.0,28262.0,92.17,1,43200.0,70.98
2026-01-18,C관(2공장),[10] 사출조립,조립41호기,27251.0,25551.0,93.76,1,43200.0,63.08
2026-01-18,C관(2공장),[10] 사출조립,조립44호기,26643.0,25143.0,94.37,1,43200.0,61.67
2026-01-18,C관(2공장),[10] 사출조립,조립45호기,56807.0,54849.0,96.55,1,43200.0,131.5
2026-01-18,C관(2공장),[10] 사출조립,조립46호기,25182.0,21629.0,85.89,1,43200.0,58.29
2026-01-18,C관(2공장),[10] 사출조립,조립47호기,31446.0,26546.0,84.42,1,43200.0,72.79
2026-01-18,C관(2공장),[10] 사출조립,조립48호기,52035.0,49526.0,95.18,1,43200.0,120.45
2026-01-18,C관(2공장),[10] 사출조립,조립49호기,28299.0,27949.0,98.76,1,43200.0,65.51
2026-01-18,C관(2공장),[10] 사출조립,조립50호기,53030.0,50330.0,94.91,1,43200.0,122.75
2026-01-18,C관(2공장),[10] 사출조립,조립51호기,29608.0,28836.0,97.39,1,43200.0,68.54
2026-01-18,C관(2공장),[10] 사출조립,조립52호기,23102.0,18001.0,77.92,1,43200.0,53.48
2026-01-18,C관(2공장),[10] 사출조립,조립53호기,7367.0,6052.0,82.15,1,43200.0,17.05
2026-01-18,C관(2공장),[10] 사출조립,조립54호기,56128.0,54102.0,96.39,1,43200.0,129.93
2026-01-18,C관(2공장),[10] 사출조립,조립55호기,17913.0,17913.0,100.0,1,43200.0,41.47
2026-01-18,C관(2공장),[10] 사출조립,조립56호기,32218.0,29622.0,91.94,1,43200.0,74.58
2026-01-18,C관(2공장),[10] 사출조립,조립57호기,44564.0,40629.0,91.17,1,43200.0,103.16
2026-01-18,C관(2공장),[10] 사출조립,조립58호기,22259.0,22119.0,99.37,1,43200.0,51.53
2026-01-18,C관(2공장),[10] 사출조립,조립59호기,32373.0,31609.0,97.64,1,43200.0,74.94
2026-01-18,C관(2공장),[20] 분리,분리12호기,29378.0,26730.0,90.99,1,0.0,0.0
2026-01-18,C관(2공장),[20] 분리,분리15호기,28934.0,24278.0,83.91,1,0.0,0.0
2026-01-18,C관(2공장),[20] 분리,분리16호기,47013.0,42345.0,90.07,1,61715.0,76.18
2026-01-18,C관(2공장),[20] 분리,분리17호기,42289.0,36047.0,85.24,1,61715.0,68.52
2026-01-18,C관(2공장),[20] 분리,분리18호기,49133.0,42459.0,86.42,1,61715.0,79.61
2026-01-18,C관(2공장),[20] 분리,분리19호기,40677.0,31669.0,77.85,1,61715.0,65.91
2026-01-18,C관(2공장),[20] 분리,분리20호기,47395.0,40205.0,84.83,1,61715.0,76.8
2026-01-18,C관(2공장),[20] 분리,분리21호기,42921.0,38529.0,89.77,1,61715.0,69.55
2026-01-18,C관(2공장),[20] 분리,분리22호기,46935.0,37438.0,79.77,1,61715.0,76.05
2026-01-18,C관(2공장),[20] 분리,분리23호기,46612.0,37165.0,79.73,1,61715.0,75.53
2026-01-18,C관(2공장),[20] 분리,분리24호기,50519.0,47064.0,93.16,1,61715.0,81.86
2026-01-18,C관(2공장),[20] 분리,분리25호기,47004.0,38993.0,82.96,1,61715.0,76.16
2026-01-18,C관(2공장),[20] 분리,분리26호기,42881.0,36537.0,85.21,1,54000.0,79.41
2026-01-18,C관(2공장),[20] 분리,분리27호기,43059.0,35812.0,83.17,1,54000.0,79.74
2026-01-18,C관(2공장),[20] 분리,분리28호기,38887.0,30435.0,78.27,1,54000.0,72.01
2026-01-18,C관(2공장),[20] 분리,분리29호기,51806.0,45569.0,87.96,1,54000.0,95.94
2026-01-18,C관(2공장),[20] 분리,분리30호기,54203.0,47752.0,88.1,1,54000.0,100.38
2026-01-18,C관(2공장),[20] 분리,분리31호기,48428.0,38308.0,79.1,1,54000.0,89.68
2026-01-18,C관(2공장),[20] 분리,분리32호기,50418.0,41721.0,82.75,1,54000.0,93.37
2026-01-18,C관(2공장),[20] 분리,분리33호기,52770.0,48249.0,91.43,1,54000.0,97.72
2026-01-18,C관(2공장),[20] 분리,분리34호기,50819.0,43163.0,84.93,1,54000.0,94.11
2026-01-18,C관(2공장),[20] 분리,분리35호기,43080.0,33707.0,78.24,1,54000.0,79.78
2026-01-18,C관(2공장),[20] 분리,분리36호기,48963.0,42837.0,87.49,1,54000.0,90.67
2026-01-18,C관(2공장),[20] 분리,분리37호기,41367.0,33279.0,80.45,1,54000.0,76.61
2026-01-18,C관(2공장),[20] 분리,분리43호기,37858.0,28887.0,76.3,1,54000.0,70.11
2026-01-18,C관(2공장),[45] 하이드레이션/전면검사,워터배스2-10호기,87146.0,87045.0,99.88,1,120000.0,72.62
2026-01-18,C관(2공장),[45] 하이드레이션/전면검사,워터배스2-11호기,81933.0,81845.0,99.89,1,150000.0,54.62
2026-01-18,C관(2공장),[45] 하이드레이션/전면검사,워터배스2-12호기,14490.0,14475.0,99.9,1,150000.0,9.66
2026-01-18,C관(2공장),[45] 하이드레이션/전면검사,워터배스2-13호기,130017.0,129825.0,99.85,1,150000.0,86.68
2026-01-18,C관(2공장),[45] 하이드레이션/전면검사,워터배스2-14호기,77337.0,77245.0,99.88,1,150000.0,51.56
2026-01-18,C관(2공장),[45] 하이드레이션/전면검사,워터배스2-1호기,15849.0,15830.0,99.88,1,120000.0,13.21
2026-01-18,C관(2공장),[45] 하이드레이션/전면검사,워터배스2-2호기,49788.0,49740.0,99.9,1,120000.0,41.49
2026-01-18,C관(2공장),[45] 하이드레이션/전면검사,워터배스2-3호기,66147.0,66105.0,99.94,1,120000.0,55.12
2026-01-18,C관(2공장),[45] 하이드레이션/전면검사,워터배스2-4호기,63672.0,63605.0,99.89,1,120000.0,53.06
2026-01-18,C관(2공장),[45] 하이드레이션/전면검사,워터배스2-5호기,60502.0,60400.0,99.83,1,120000.0,50.42
2026-01-18,C관(2공장),[45] 하이드레이션/전면검사,워터배스2-6호기,3087.0,3085.0,99.94,1,30000.0,10.29
2026-01-18,C관(2공장),[45] 하이드레이션/전면검사,워터배스2-7호기,61430.0,61385.0,99.93,1,120000.0,51.19
2026-01-18,C관(2공장),[45] 하이드레이션/전면검사,워터배스2-8호기,68363.0,68275.0,99.87,1,120000.0,56.97
2026-01-18,C관(2공장),[45] 하이드레이션/전면검사,워터배스2-9호기,70533.0,70485.0,99.93,1,120000.0,58.78
2026-01-18,C관(2공장),[55] 접착/ 멸균,검사32호기,41195.0,40570.0,98.48,1,0.0,0.0
2026-01-18,C관(2공장),[55] 접착/ 멸균,검사33호기,46395.0,45835.0,98.79,1,66462.0,69.81
2026-01-18,C관(2공장),[55] 접착/ 멸균,검사34호기,58130.0,57360.0,98.68,1,78546.0,74.01
2026-01-18,C관(2공장),[55] 접착/ 멸균,검사35호기,58285.0,57460.0,98.58,1,78546.0,74.2
2026-01-18,C관(2공장),[55] 접착/ 멸균,검사36호기,51920.0,51370.0,98.94,1,78546.0,66.1
2026-01-18,C관(2공장),[55] 접착/ 멸균,검사37호기,59353.0,58570.0,98.68,1,78546.0,75.56
2026-01-18,C관(2공장),[55] 접착/ 멸균,검사38호기,58175.0,57665.0,99.12,1,78546.0,74.06
2026-01-18,C관(2공장),[55] 접착/ 멸균,검사39호기,52950.0,51855.0,97.93,1,78546.0,67.41
2026-01-18,C관(2공장),[55] 접착/ 멸균,검사40호기,54245.0,53765.0,99.12,1,78546.0,69.06
2026-01-18,C관(2공장),[55] 접착/ 멸균,검사41호기,54800.0,53925.0,98.4,1,78546.0,69.77
2026-01-18,C관(2공장),[55] 접착/ 멸균,검사42호기,57110.0,56140.0,98.3,1,78546.0,72.71
2026-01-18,C관(2공장),[55] 접착/ 멸균,검사43호기,54130.0,53395.0,98.64,1,78546.0,68.92
2026-01-18,C관(2공장),[55] 접착/ 멸균,검사44호기,53340.0,52450.0,98.33,1,78546.0,67.91
2026-01-18,C관(2공장),[55] 접착/ 멸균,검사45호기,46690.0,45405.0,97.25,1,78546.0,59.44
2026-01-18,C관(2공장),[55] 접착/ 멸균,검사46호기,58185.0,57435.0,98.71,1,78546.0,74.08
2026-01-18,C관(2공장),[55] 접착/ 멸균,검사47호기,53570.0,52515.0,98.03,1,78546.0,68.2
2026-01-18,C관(2공장),[55] 접착/ 멸균,검사48호기,59590.0,58905.0,98.85,1,78546.0,75.87
2026-01-18,C관(2공장),[80] 누수/규격검사,누수/규격검사(2공장),878090.0,870565.0,99.14,1,720000.0,121.96
2026-01-18,S관(3공장),[10] 사출조립,A형 인라인1호기,17901.0,17901.0,100.0,1,43200.0,41.44
2026-01-18,S관(3공장),[10] 사출조립,A형 인라인2호기,16744.0,14651.0,87.5,1,43200.0,38.76
2026-01-18,S관(3공장),[10] 사출조립,A형 인라인3호기,11906.0,11906.0,100.0,1,43200.0,27.56
2026-01-18,S관(3공장),[10] 사출조립,A형 인라인5호기,15575.0,15575.0,100.0,1,43200.0,36.05
2026-01-18,S관(3공장),[10] 사출조립,B형 조립중합5호기,31600.0,27977.0,88.53,1,76800.0,41.15
2026-01-18,S관(3공장),[10] 사출조립,B형 조립중합6호기,5352.0,5279.0,98.64,1,76800.0,6.97
2026-01-18,S관(3공장),[10] 사출조립,B형 조립중합7호기,32448.0,31385.0,96.72,1,76800.0,42.25
2026-01-18,S관(3공장),[20] 분리,A형 인라인3호기,2783.0,2500.0,89.83,1,43200.0,6.44
2026-01-18,S관(3공장),[20] 분리,B형 분리수화접착1호기,10220.0,9241.0,90.42,1,53170.0,19.22
2026-01-18,S관(3공장),[20] 분리,B형 분리수화접착2호기,12160.0,8690.0,71.46,1,53170.0,22.87
2026-01-18,S관(3공장),[20] 분리,B형 분리수화접착3호기,22828.0,18488.0,80.99,1,53170.0,42.93
2026-01-18,S관(3공장),[20] 분리,B형 분리수화접착4호기,23036.0,17883.0,77.63,1,53170.0,43.33
2026-01-18,S관(3공장),[20] 분리,B형 분리수화접착5호기,19773.0,15736.0,79.58,1,53170.0,37.19
2026-01-18,S관(3공장),[20] 분리,B형 분리수화접착6호기,14963.0,11598.0,77.51,1,53170.0,28.14
2026-01-18,S관(3공장),[20] 분리,B형 분리수화접착7호기,17270.0,12496.0,72.36,1,53170.0,32.48
2026-01-18,S관(3공장),[20] 분리,B형 분리수화접착8호기,17078.0,14030.0,82.15,1,53170.0,32.12
2026-01-18,S관(3공장),[20] 분리,CAM분리3호기,8278.0,6014.0,72.65,1,39273.0,21.08
2026-01-18,S관(3공장),[20] 분리,CAM분리4호기,6074.0,3005.0,49.47,1,39273.0,15.47
2026-01-18,S관(3공장),[45] 하이드레이션/전면검사,B형 분리수화접착3호기,24725.0,24453.0,98.9,1,60000.0,41.21
2026-01-18,S관(3공장),[45] 하이드레이션/전면검사,B형 분리수화접착4호기,40088.0,39887.0,99.5,1,60000.0,66.81
2026-01-18,S관(3공장),[45] 하이드레이션/전면검사,B형 분리수화접착5호기,46176.0,45741.0,99.06,1,60000.0,76.96
2026-01-18,S관(3공장),[45] 하이드레이션/전면검사,S관 실리콘 자동수화기,84977.0,84797.0,99.79,1,240000.0,35.41
2026-01-18,S관(3공장),[55] 접착/ 멸균,A형 인라인1호기,21985.0,21535.0,97.95,1,54000.0,40.71
2026-01-18,S관(3공장),[55] 접착/ 멸균,A형 인라인2호기,17723.0,16970.0,95.75,1,54000.0,32.82
2026-01-18,S관(3공장),[55] 접착/ 멸균,A형 인라인3호기,19584.0,19145.0,97.76,1,54000.0,36.27
2026-01-18,S관(3공장),[55] 접착/ 멸균,A형 인라인4호기,38757.0,35540.0,91.7,1,54000.0,71.77
2026-01-18,S관(3공장),[55] 접착/ 멸균,A형 인라인5호기,9689.0,9105.0,93.97,1,54000.0,17.94
2026-01-18,S관(3공장),[55] 접착/ 멸균,A형 인라인6호기,38631.0,37535.0,97.16,1,54000.0,71.54
2026-01-18,S관(3공장),[80] 누수/규격검사,누수/규격검사(3공장),92760.0,90700.0,97.78,1,100645.0,92.17
2026-01-19,A관(1공장),[00] 배합,조립1호기,6131.31,6131.31,100.0,1,0.0,0.0
2026-01-19,A관(1공장),[00] 배합,조립2호기,1024.0,1024.0,100.0,1,0.0,0.0
2026-01-19,A관(1공장),[00] 배합,조립30호기,4999.99,4999.99,100.0,1,0.0,0.0
2026-01-19,A관(1공장),[00] 배합,조립5호기,1028.5,1028.5,100.0,1,0.0,0.0
2026-01-19,A관(1공장),[00] 배합,조립7호기,2014.0,2014.0,100.0,1,0.0,0.0
2026-01-19,A관(1공장),[10] 사출조립,조립1호기,30229.0,30229.0,100.0,1,43200.0,69.97
2026-01-19,A관(1공장),[10] 사출조립,조립2호기,7443.0,5654.0,75.96,1,43200.0,17.23
2026-01-19,A관(1공장),[10] 사출조립,조립30호기,46577.0,45939.0,98.63,1,86400.0,53.91
2026-01-19,A관(1공장),[10] 사출조립,조립31호기,50632.0,50632.0,100.0,1,86400.0,58.6
2026-01-19,A관(1공장),[10] 사출조립,조립3호기,35520.0,34479.0,97.07,1,43200.0,82.22
2026-01-19,A관(1공장),[10] 사출조립,조립8호기,39193.0,38064.0,97.12,1,43200.0,90.72
2026-01-19,A관(1공장),[20] 분리,분리10호기,13330.0,12206.0,91.57,1,17280.0,77.14
2026-01-19,A관(1공장),[20] 분리,분리14호기,40400.0,36209.0,89.63,1,54000.0,74.81
2026-01-19,A관(1공장),[20] 분리,분리4호기,15357.0,13711.0,89.28,1,17280.0,88.87
2026-01-19,A관(1공장),[20] 분리,분리5호기,13542.0,10884.0,80.37,1,17280.0,78.37
2026-01-19,A관(1공장),[45] 하이드레이션/전면검사,1공장 실리콘수화기,19711.0,19711.0,100.0,1,0.0,0.0
2026-01-19,A관(1공장),[45] 하이드레이션/전면검사,워터배스1-2호기,13718.0,13718.0,100.0,1,30000.0,45.73
2026-01-19,A관(1공장),[45] 하이드레이션/전면검사,워터배스1-3호기,20679.0,20679.0,100.0,1,30000.0,68.93
2026-01-19,A관(1공장),[45] 하이드레이션/전면검사,워터배스1-4호기,8007.0,8007.0,100.0,1,30000.0,26.69
2026-01-19,A관(1공장),[45] 하이드레이션/전면검사,워터배스1-5호기,17480.0,17480.0,100.0,1,150000.0,11.65
2026-01-19,A관(1공장),[55] 접착/ 멸균,검사10호기,5111.0,4052.0,79.28,1,13293.0,38.45
2026-01-19,A관(1공장),[55] 접착/ 멸균,검사11호기,10581.0,9952.0,94.06,1,13293.0,79.6
2026-01-19,A관(1공장),[55] 접착/ 멸균,검사14호기,4459.0,4289.0,96.19,1,13293.0,33.54
2026-01-19,A관(1공장),[55] 접착/ 멸균,검사16호기,1634.0,1582.0,96.82,1,13293.0,12.29
2026-01-19,A관(1공장),[55] 접착/ 멸균,검사17호기,12017.0,11715.0,97.49,1,13293.0,90.4
2026-01-19,A관(1공장),[55] 접착/ 멸균,검사18호기,11601.0,10924.0,94.16,1,13293.0,87.27
2026-01-19,A관(1공장),[55] 접착/ 멸균,검사20호기,15614.0,15276.0,97.84,1,13293.0,117.46
2026-01-19,A관(1공장),[55] 접착/ 멸균,검사22호기,5342.0,5233.0,97.96,1,13293.0,40.19
2026-01-19,A관(1공장),[55] 접착/ 멸균,검사23호기,6424.0,6154.0,95.8,1,13293.0,48.33
2026-01-19,A관(1공장),[55] 접착/ 멸균,검사7호기,1643.0,1625.0,98.9,1,13293.0,12.36
2026-01-19,A관(1공장),[55] 접착/ 멸균,검사8호기,14351.0,12569.0,87.58,1,13293.0,107.96
2026-01-19,A관(1공장),[55] 접착/ 멸균,검사9호기,9265.0,8584.0,92.65,1,13293.0,69.7
2026-01-19,A관(1공장),[55] 접착/ 멸균,바이알캡핑기,8959.0,8208.0,91.62,1,0.0,0.0
2026-01-19,A관(1공장),[80] 누수/규격검사,누수/규격검사(1공장),83999.0,78740.0,93.74,1,112902.0,74.4
2026-01-19,C관(2공장),[00] 배합,조립16호기,20365.91,20365.91,100.0,1,0.0,0.0
2026-01-19,C관(2공장),[00] 배합,조립45호기,20366.0,20365.88,100.0,1,0.0,0.0
2026-01-19,C관(2공장),[00] 배합,조립46호기,20366.0,20366.0,100.0,1,0.0,0.0
2026-01-19,C관(2공장),[00] 배합,조립48호기,20366.0,20366.0,100.0,1,0.0,0.0
2026-01-19,C관(2공장),[00] 배합,조립56호기,20365.94,20365.94,100.0,1,0.0,0.0
2026-01-19,C관(2공장),[00] 배합,조립57호기,20366.0,20366.0,100.0,1,0.0,0.0
2026-01-19,C관(2공장),[00] 배합,조립58호기,20366.0,20366.0,100.0,1,0.0,0.0
2026-01-19,C관(2공장),[10] 사출조립,조립10호기,29947.0,26747.0,89.31,1,43200.0,69.32
2026-01-19,C관(2공장),[10] 사출조립,조립11호기,28364.0,27690.0,97.62,1,43200.0,65.66
2026-01-19,C관(2공장),[10] 사출조립,조립12호기,45557.0,45441.0,99.75,1,0.0,0.0
2026-01-19,C관(2공장),[10] 사출조립,조립13호기,11850.0,11229.0,94.76,1,0.0,0.0
2026-01-19,C관(2공장),[10] 사출조립,조립14호기,30593.0,26891.0,87.9,1,43200.0,70.82
2026-01-19,C관(2공장),[10] 사출조립,조립15호기,27483.0,27452.0,99.89,1,43200.0,63.62
2026-01-19,C관(2공장),[10] 사출조립,조립16호기,29559.0,27465.0,92.92,1,43200.0,68.42
2026-01-19,C관(2공장),[10] 사출조립,조립17호기,59960.0,57120.0,95.26,1,43200.0,138.8
2026-01-19,C관(2공장),[10] 사출조립,조립22호기,18369.0,15053.0,81.95,1,43200.0,42.52
2026-01-19,C관(2공장),[10] 사출조립,조립24호기,22140.0,18381.0,83.02,1,43200.0,51.25
2026-01-19,C관(2공장),[10] 사출조립,조립26호기,22702.0,18926.0,83.37,1,43200.0,52.55
2026-01-19,C관(2공장),[10] 사출조립,조립27호기,30987.0,25233.0,81.43,1,43200.0,71.73
2026-01-19,C관(2공장),[10] 사출조립,조립41호기,22010.0,18004.0,81.8,1,43200.0,50.95
2026-01-19,C관(2공장),[10] 사출조립,조립44호기,55716.0,50700.0,91.0,1,43200.0,128.97
2026-01-19,C관(2공장),[10] 사출조립,조립45호기,27854.0,27820.0,99.88,1,43200.0,64.48
2026-01-19,C관(2공장),[10] 사출조립,조립46호기,24283.0,20762.0,85.5,1,43200.0,56.21
2026-01-19,C관(2공장),[10] 사출조립,조립47호기,30192.0,23908.0,79.19,1,43200.0,69.89
2026-01-19,C관(2공장),[10] 사출조립,조립48호기,31465.0,31068.0,98.74,1,43200.0,72.84
2026-01-19,C관(2공장),[10] 사출조립,조립49호기,24692.0,23968.0,97.07,1,43200.0,57.16
2026-01-19,C관(2공장),[10] 사출조립,조립50호기,28607.0,28409.0,99.31,1,43200.0,66.22
2026-01-19,C관(2공장),[10] 사출조립,조립51호기,21406.0,20501.0,95.77,1,43200.0,49.55
2026-01-19,C관(2공장),[10] 사출조립,조립53호기,56685.0,55567.0,98.03,1,43200.0,131.22
2026-01-19,C관(2공장),[10] 사출조립,조립54호기,24338.0,23282.0,95.66,1,43200.0,56.34
2026-01-19,C관(2공장),[10] 사출조립,조립55호기,32814.0,29916.0,91.17,1,43200.0,75.96
2026-01-19,C관(2공장),[10] 사출조립,조립56호기,15765.0,15411.0,97.75,1,43200.0,36.49
2026-01-19,C관(2공장),[10] 사출조립,조립57호기,7189.0,5986.0,83.27,1,43200.0,16.64
2026-01-19,C관(2공장),[10] 사출조립,조립58호기,29128.0,24708.0,84.83,1,43200.0,67.43
2026-01-19,C관(2공장),[10] 사출조립,조립59호기,46668.0,41367.0,88.64,1,43200.0,108.03
2026-01-19,C관(2공장),[20] 분리,분리12호기,56107.0,46566.0,82.99,1,0.0,0.0
2026-01-19,C관(2공장),[20] 분리,분리15호기,47725.0,40730.0,85.34,1,0.0,0.0
2026-01-19,C관(2공장),[20] 분리,분리16호기,30010.0,24991.0,83.28,1,61715.0,48.63
2026-01-19,C관(2공장),[20] 분리,분리17호기,42277.0,33383.0,78.96,1,61715.0,68.5
2026-01-19,C관(2공장),[20] 분리,분리18호기,37738.0,33716.0,89.34,1,61715.0,61.15
2026-01-19,C관(2공장),[20] 분리,분리19호기,36260.0,28161.0,77.66,1,61715.0,58.75
2026-01-19,C관(2공장),[20] 분리,분리20호기,40529.0,33581.0,82.86,1,61715.0,65.67
2026-01-19,C관(2공장),[20] 분리,분리21호기,42087.0,38235.0,90.85,1,61715.0,68.2
2026-01-19,C관(2공장),[20] 분리,분리22호기,40163.0,31118.0,77.48,1,61715.0,65.08
2026-01-19,C관(2공장),[20] 분리,분리23호기,43445.0,34579.0,79.59,1,61715.0,70.4
2026-01-19,C관(2공장),[20] 분리,분리24호기,46069.0,42000.0,91.17,1,61715.0,74.65
2026-01-19,C관(2공장),[20] 분리,분리25호기,42857.0,35100.0,81.9,1,61715.0,69.44
2026-01-19,C관(2공장),[20] 분리,분리26호기,45293.0,39443.0,87.08,1,54000.0,83.88
2026-01-19,C관(2공장),[20] 분리,분리27호기,40034.0,34214.0,85.46,1,54000.0,74.14
2026-01-19,C관(2공장),[20] 분리,분리28호기,42404.0,35204.0,83.02,1,54000.0,78.53
2026-01-19,C관(2공장),[20] 분리,분리29호기,46322.0,37756.0,81.51,1,54000.0,85.78
2026-01-19,C관(2공장),[20] 분리,분리30호기,54574.0,46844.0,85.84,1,54000.0,101.06
2026-01-19,C관(2공장),[20] 분리,분리31호기,49684.0,42601.0,85.74,1,54000.0,92.01
2026-01-19,C관(2공장),[20] 분리,분리32호기,54841.0,49388.0,90.06,1,54000.0,101.56
2026-01-19,C관(2공장),[20] 분리,분리33호기,54353.0,49636.0,91.32,1,54000.0,100.65
2026-01-19,C관(2공장),[20] 분리,분리34호기,54292.0,47723.0,87.9,1,54000.0,100.54
2026-01-19,C관(2공장),[20] 분리,분리35호기,38626.0,28615.0,74.08,1,54000.0,71.53
2026-01-19,C관(2공장),[20] 분리,분리36호기,53507.0,47063.0,87.96,1,54000.0,99.09
2026-01-19,C관(2공장),[20] 분리,분리37호기,45266.0,36534.0,80.71,1,54000.0,83.83
2026-01-19,C관(2공장),[20] 분리,분리43호기,40843.0,32516.0,79.61,1,54000.0,75.64
2026-01-19,C관(2공장),[45] 하이드레이션/전면검사,워터배스2-10호기,75676.0,75610.0,99.91,1,120000.0,63.06
2026-01-19,C관(2공장),[45] 하이드레이션/전면검사,워터배스2-11호기,80981.0,78670.0,97.15,1,150000.0,53.99
2026-01-19,C관(2공장),[45] 하이드레이션/전면검사,워터배스2-12호기,54524.0,52825.0,96.88,1,150000.0,36.35
2026-01-19,C관(2공장),[45] 하이드레이션/전면검사,워터배스2-13호기,40006.0,39830.0,99.56,1,150000.0,26.67
2026-01-19,C관(2공장),[45] 하이드레이션/전면검사,워터배스2-14호기,77574.0,77360.0,99.72,1,150000.0,51.72
2026-01-19,C관(2공장),[45] 하이드레이션/전면검사,워터배스2-1호기,33396.0,33365.0,99.91,1,120000.0,27.83
2026-01-19,C관(2공장),[45] 하이드레이션/전면검사,워터배스2-2호기,21159.0,21140.0,99.91,1,120000.0,17.63
2026-01-19,C관(2공장),[45] 하이드레이션/전면검사,워터배스2-3호기,23821.0,23805.0,99.93,1,120000.0,19.85
2026-01-19,C관(2공장),[45] 하이드레이션/전면검사,워터배스2-4호기,60535.0,60445.0,99.85,1,120000.0,50.45
2026-01-19,C관(2공장),[45] 하이드레이션/전면검사,워터배스2-5호기,89346.0,89160.0,99.79,1,120000.0,74.46
2026-01-19,C관(2공장),[45] 하이드레이션/전면검사,워터배스2-6호기,3029.0,3025.0,99.87,1,30000.0,10.1
2026-01-19,C관(2공장),[45] 하이드레이션/전면검사,워터배스2-7호기,67338.0,67250.0,99.87,1,120000.0,56.12
2026-01-19,C관(2공장),[45] 하이드레이션/전면검사,워터배스2-8호기,66870.0,66765.0,99.84,1,120000.0,55.72
2026-01-19,C관(2공장),[45] 하이드레이션/전면검사,워터배스2-9호기,72217.0,72145.0,99.9,1,120000.0,60.18
2026-01-19,C관(2공장),[55] 접착/ 멸균,검사32호기,40875.0,40515.0,99.12,1,0.0,0.0
2026-01-19,C관(2공장),[55] 접착/ 멸균,검사33호기,48420.0,47890.0,98.91,1,66462.0,72.85
2026-01-19,C관(2공장),[55] 접착/ 멸균,검사34호기,55195.0,54535.0,98.8,1,78546.0,70.27
2026-01-19,C관(2공장),[55] 접착/ 멸균,검사35호기,50020.0,48885.0,97.73,1,78546.0,63.68
2026-01-19,C관(2공장),[55] 접착/ 멸균,검사36호기,50635.0,50025.0,98.8,1,78546.0,64.47
2026-01-19,C관(2공장),[55] 접착/ 멸균,검사37호기,55930.0,54980.0,98.3,1,78546.0,71.21
2026-01-19,C관(2공장),[55] 접착/ 멸균,검사38호기,56765.0,55710.0,98.14,1,78546.0,72.27
2026-01-19,C관(2공장),[55] 접착/ 멸균,검사39호기,52915.0,52410.0,99.05,1,78546.0,67.37
2026-01-19,C관(2공장),[55] 접착/ 멸균,검사40호기,54340.0,53925.0,99.24,1,78546.0,69.18
2026-01-19,C관(2공장),[55] 접착/ 멸균,검사41호기,56415.0,55320.0,98.06,1,78546.0,71.82
2026-01-19,C관(2공장),[55] 접착/ 멸균,검사42호기,53975.0,52705.0,97.65,1,78546.0,68.72
2026-01-19,C관(2공장),[55] 접착/ 멸균,검사43호기,56430.0,55495.0,98.34,1,78546.0,71.84
2026-01-19,C관(2공장),[55] 접착/ 멸균,검사44호기,52800.0,52170.0,98.81,1,78546.0,67.22
2026-01-19,C관(2공장),[55] 접착/ 멸균,검사45호기,37940.0,35680.0,94.04,1,78546.0,48.3
2026-01-19,C관(2공장),[55] 접착/ 멸균,검사46호기,44710.0,44065.0,98.56,1,78546.0,56.92
2026-01-19,C관(2공장),[55] 접착/ 멸균,검사47호기,55270.0,54190.0,98.05,1,78546.0,70.37
2026-01-19,C관(2공장),[55] 접착/ 멸균,검사48호기,60600.0,59835.0,98.74,1,78546.0,77.15
2026-01-19,C관(2공장),[80] 누수/규격검사,누수/규격검사(2공장),894605.0,887550.0,99.21,1,720000.0,124.25
2026-01-19,S관(3공장),[00] 배합,A형 인라인3호기,7999.0,7999.0,100.0,1,0.0,0.0
2026-01-19,S관(3공장),[00] 배합,B형 조립중합5호기,9899.89,9899.89,100.0,1,0.0,0.0
2026-01-19,S관(3공장),[00] 배합,B형 조립중합6호기,1985.0,1985.0,100.0,1,0.0,0.0
2026-01-19,S관(3공장),[10] 사출조립,A형 인라인1호기,36218.0,36218.0,100.0,1,43200.0,83.84
2026-01-19,S관(3공장),[10] 사출조립,A형 인라인2호기,37327.0,37327.0,100.0,1,43200.0,86.41
2026-01-19,S관(3공장),[10] 사출조립,B형 조립중합5호기,37296.0,32926.0,88.28,1,76800.0,48.56
2026-01-19,S관(3공장),[10] 사출조립,B형 조립중합6호기,26792.0,26083.0,97.35,1,76800.0,34.89
2026-01-19,S관(3공장),[10] 사출조립,B형 조립중합7호기,49088.0,43584.0,88.79,1,76800.0,63.92
2026-01-19,S관(3공장),[20] 분리,B형 분리수화접착1호기,11260.0,10559.0,93.77,1,53170.0,21.18
2026-01-19,S관(3공장),[20] 분리,B형 분리수화접착2호기,7081.0,5095.0,71.95,1,53170.0,13.32
2026-01-19,S관(3공장),[20] 분리,B형 분리수화접착3호기,28413.0,20987.0,73.86,1,53170.0,53.44
2026-01-19,S관(3공장),[20] 분리,B형 분리수화접착4호기,18947.0,13898.0,73.35,1,53170.0,35.63
2026-01-19,S관(3공장),[20] 분리,B형 분리수화접착5호기,17990.0,14361.0,79.83,1,53170.0,33.83
2026-01-19,S관(3공장),[20] 분리,B형 분리수화접착6호기,16477.0,13840.0,84.0,1,53170.0,30.99
2026-01-19,S관(3공장),[20] 분리,B형 분리수화접착7호기,10385.0,7978.0,76.82,1,53170.0,19.53
2026-01-19,S관(3공장),[20] 분리,B형 분리수화접착8호기,11582.0,10261.0,88.59,1,53170.0,21.78
2026-01-19,S관(3공장),[20] 분리,CAM분리1호기,2131.0,1516.0,71.14,1,39273.0,5.43
2026-01-19,S관(3공장),[20] 분리,CAM분리2호기,8620.0,6746.0,78.26,1,39273.0,21.95
2026-01-19,S관(3공장),[45] 하이드레이션/전면검사,A형 인라인2호기,11042.0,11014.0,99.75,1,60000.0,18.4
2026-01-19,S관(3공장),[45] 하이드레이션/전면검사,B형 분리수화접착3호기,38111.0,37934.0,99.54,1,60000.0,63.52
2026-01-19,S관(3공장),[45] 하이드레이션/전면검사,B형 분리수화접착4호기,28121.0,27990.0,99.53,1,60000.0,46.87
2026-01-19,S관(3공장),[45] 하이드레이션/전면검사,B형 분리수화접착5호기,27685.0,27467.0,99.21,1,60000.0,46.14
2026-01-19,S관(3공장),[45] 하이드레이션/전면검사,S관 실리콘 자동수화기,131847.0,131290.0,99.58,1,240000.0,54.94
2026-01-19,S관(3공장),[55] 접착/ 멸균,A형 인라인1호기,28836.0,28295.0,98.12,1,54000.0,53.4
2026-01-19,S관(3공장),[55] 접착/ 멸균,A형 인라인2호기,35421.0,34270.0,96.75,1,54000.0,65.59
2026-01-19,S관(3공장),[55] 접착/ 멸균,A형 인라인3호기,31246.0,30655.0,98.11,1,54000.0,57.86
2026-01-19,S관(3공장),[55] 접착/ 멸균,A형 인라인4호기,35310.0,33970.0,96.21,1,54000.0,65.39
2026-01-19,S관(3공장),[55] 접착/ 멸균,A형 인라인5호기,26428.0,25175.0,95.26,1,54000.0,48.94
2026-01-19,S관(3공장),[55] 접착/ 멸균,A형 인라인6호기,46220.0,42485.0,91.92,1,54000.0,85.59
2026-01-19,S관(3공장),[80] 누수/규격검사,누수/규격검사(3공장),179245.0,177610.0,99.09,1,100645.0,178.1
2026-01-20,A관(1공장),[00] 배합,조립2호기,1024.0,1024.0,100.0,1,0.0,0.0
2026-01-20,A관(1공장),[00] 배합,조립31호기,15000.0,15000.0,100.0,1,0.0,0.0
2026-01-20,A관(1공장),[00] 배합,조립4호기,1000.0,1000.0,100.0,1,0.0,0.0
2026-01-20,A관(1공장),[00] 배합,조립8호기,2968.0,2968.0,100.0,1,0.0,0.0
2026-01-20,A관(1공장),[10] 사출조립,조립1호기,24401.0,24013.0,98.41,1,43200.0,56.48
2026-01-20,A관(1공장),[10] 사출조립,조립2호기,8807.0,8294.0,94.18,1,43200.0,20.39
2026-01-20,A관(1공장),[10] 사출조립,조립30호기,88296.0,87801.0,99.44,1,86400.0,102.19
2026-01-20,A관(1공장),[10] 사출조립,조립31호기,51006.0,50754.0,99.51,1,86400.0,59.03
2026-01-20,A관(1공장),[10] 사출조립,조립3호기,36476.0,36476.0,100.0,1,43200.0,84.44
2026-01-20,A관(1공장),[10] 사출조립,조립7호기,8729.0,6864.0,78.63,1,43200.0,20.21
2026-01-20,A관(1공장),[10] 사출조립,조립8호기,41986.0,41986.0,100.0,1,43200.0,97.19
2026-01-20,A관(1공장),[20] 분리,분리10호기,16651.0,14525.0,87.23,1,17280.0,96.36
2026-01-20,A관(1공장),[20] 분리,분리14호기,39879.0,35988.0,90.24,1,54000.0,73.85
2026-01-20,A관(1공장),[20] 분리,분리4호기,14613.0,12422.0,85.01,1,17280.0,84.57
2026-01-20,A관(1공장),[20] 분리,분리5호기,16395.0,13757.0,83.91,1,17280.0,94.88
2026-01-20,A관(1공장),[45] 하이드레이션/전면검사,1공장 실리콘수화기,27477.0,27477.0,100.0,1,0.0,0.0
2026-01-20,A관(1공장),[45] 하이드레이션/전면검사,워터배스1-2호기,19449.0,19449.0,100.0,1,30000.0,64.83
2026-01-20,A관(1공장),[45] 하이드레이션/전면검사,워터배스1-3호기,25412.0,25412.0,100.0,1,30000.0,84.71
2026-01-20,A관(1공장),[45] 하이드레이션/전면검사,워터배스1-4호기,26688.0,26688.0,100.0,1,30000.0,88.96
2026-01-20,A관(1공장),[45] 하이드레이션/전면검사,워터배스1-5호기,11623.0,11623.0,100.0,1,150000.0,7.75
2026-01-20,A관(1공장),[45] 하이드레이션/전면검사,워터배스1-6호기,25838.0,25838.0,100.0,1,150000.0,17.23
2026-01-20,A관(1공장),[55] 접착/ 멸균,검사10호기,8131.0,7282.0,89.56,1,13293.0,61.17
2026-01-20,A관(1공장),[55] 접착/ 멸균,검사11호기,9737.0,8287.0,85.11,1,13293.0,73.25
2026-01-20,A관(1공장),[55] 접착/ 멸균,검사14호기,13324.0,13046.0,97.91,1,13293.0,100.23
2026-01-20,A관(1공장),[55] 접착/ 멸균,검사15호기,81.0,61.0,75.31,1,13293.0,0.61
2026-01-20,A관(1공장),[55] 접착/ 멸균,검사17호기,9309.0,8872.0,95.31,1,13293.0,70.03
2026-01-20,A관(1공장),[55] 접착/ 멸균,검사18호기,5064.0,4046.0,79.9,1,13293.0,38.1
2026-01-20,A관(1공장),[55] 접착/ 멸균,검사20호기,11550.0,11239.0,97.31,1,13293.0,86.89
2026-01-20,A관(1공장),[55] 접착/ 멸균,검사22호기,6473.0,6403.0,98.92,1,13293.0,48.69
2026-01-20,A관(1공장),[55] 접착/ 멸균,검사23호기,9671.0,9436.0,97.57,1,13293.0,72.75
2026-01-20,A관(1공장),[55] 접착/ 멸균,검사8호기,11021.0,8346.0,75.73,1,13293.0,82.91
2026-01-20,A관(1공장),[55] 접착/ 멸균,검사9호기,9357.0,8113.0,86.71,1,13293.0,70.39
2026-01-20,A관(1공장),[55] 접착/ 멸균,바이알캡핑기,5625.0,4964.0,88.25,1,0.0,0.0
2026-01-20,A관(1공장),[80] 누수/규격검사,누수/규격검사(1공장),90881.0,87612.0,96.4,1,112902.0,80.5
2026-01-20,C관(2공장),[00] 배합,조립10호기,20366.0,20366.0,100.0,1,0.0,0.0
2026-01-20,C관(2공장),[00] 배합,조립14호기,20366.0,20366.0,100.0,1,0.0,0.0
2026-01-20,C관(2공장),[00] 배합,조립46호기,20365.94,20365.94,100.0,1,0.0,0.0
2026-01-20,C관(2공장),[00] 배합,조립49호기,20365.95,20365.95,100.0,1,0.0,0.0
2026-01-20,C관(2공장),[00] 배합,조립53호기,20366.0,20366.0,100.0,1,0.0,0.0
2026-01-20,C관(2공장),[00] 배합,조립56호기,19716.0,19716.0,100.0,1,0.0,0.0
2026-01-20,C관(2공장),[00] 배합,조립58호기,20365.92,20365.92,100.0,1,0.0,0.0
2026-01-20,C관(2공장),[10] 사출조립,조립10호기,24736.0,23904.0,96.64,1,43200.0,57.26
2026-01-20,C관(2공장),[10] 사출조립,조립11호기,51824.0,48562.0,93.71,1,43200.0,119.96
2026-01-20,C관(2공장),[10] 사출조립,조립12호기,33451.0,32303.0,96.57,1,0.0,0.0
2026-01-20,C관(2공장),[10] 사출조립,조립13호기,25748.0,24113.0,93.65,1,0.0,0.0
2026-01-20,C관(2공장),[10] 사출조립,조립14호기,29427.0,26316.0,89.43,1,43200.0,68.12
2026-01-20,C관(2공장),[10] 사출조립,조립15호기,59128.0,58042.0,98.16,1,43200.0,136.87
2026-01-20,C관(2공장),[10] 사출조립,조립16호기,24774.0,24560.0,99.14,1,43200.0,57.35
2026-01-20,C관(2공장),[10] 사출조립,조립17호기,30580.0,29374.0,96.06,1,43200.0,70.79
2026-01-20,C관(2공장),[10] 사출조립,조립22호기,23025.0,22633.0,98.3,1,43200.0,53.3
2026-01-20,C관(2공장),[10] 사출조립,조립24호기,28941.0,23493.0,81.18,1,43200.0,66.99
2026-01-20,C관(2공장),[10] 사출조립,조립26호기,32640.0,23377.0,71.62,1,43200.0,75.56
2026-01-20,C관(2공장),[10] 사출조립,조립27호기,21196.0,19196.0,90.56,1,43200.0,49.06
2026-01-20,C관(2공장),[10] 사출조립,조립44호기,26494.0,26459.0,99.87,1,43200.0,61.33
2026-01-20,C관(2공장),[10] 사출조립,조립45호기,28274.0,27747.0,98.14,1,43200.0,65.45
2026-01-20,C관(2공장),[10] 사출조립,조립46호기,31193.0,29953.0,96.02,1,43200.0,72.21
2026-01-20,C관(2공장),[10] 사출조립,조립47호기,21014.0,18076.0,86.02,1,43200.0,48.64
2026-01-20,C관(2공장),[10] 사출조립,조립48호기,48221.0,43234.0,89.66,1,43200.0,111.62
2026-01-20,C관(2공장),[10] 사출조립,조립49호기,49592.0,47154.0,95.08,1,43200.0,114.8
2026-01-20,C관(2공장),[10] 사출조립,조립50호기,20386.0,20278.0,99.47,1,43200.0,47.19
2026-01-20,C관(2공장),[10] 사출조립,조립51호기,67941.0,54891.0,80.79,1,43200.0,157.27
2026-01-20,C관(2공장),[10] 사출조립,조립52호기,27772.0,22054.0,79.41,1,43200.0,64.29
2026-01-20,C관(2공장),[10] 사출조립,조립53호기,28587.0,27651.0,96.73,1,43200.0,66.17
2026-01-20,C관(2공장),[10] 사출조립,조립54호기,49736.0,46355.0,93.2,1,43200.0,115.13
2026-01-20,C관(2공장),[10] 사출조립,조립55호기,35271.0,33003.0,93.57,1,43200.0,81.65
2026-01-20,C관(2공장),[10] 사출조립,조립56호기,35298.0,30631.0,86.78,1,43200.0,81.71
2026-01-20,C관(2공장),[10] 사출조립,조립57호기,23516.0,21720.0,92.36,1,43200.0,54.44
2026-01-20,C관(2공장),[10] 사출조립,조립58호기,54610.0,52515.0,96.16,1,43200.0,126.41
2026-01-20,C관(2공장),[20] 분리,분리12호기,52783.0,46265.0,87.65,1,0.0,0.0
2026-01-20,C관(2공장),[20] 분리,분리15호기,47583.0,40151.0,84.38,1,0.0,0.0
2026-01-20,C관(2공장),[20] 분리,분리16호기,49125.0,44642.0,90.87,1,61715.0,79.6
2026-01-20,C관(2공장),[20] 분리,분리17호기,42150.0,37406.0,88.74,1,61715.0,68.3
2026-01-20,C관(2공장),[20] 분리,분리18호기,47791.0,40848.0,85.47,1,61715.0,77.44
2026-01-20,C관(2공장),[20] 분리,분리19호기,38434.0,28224.0,73.43,1,61715.0,62.28
2026-01-20,C관(2공장),[20] 분리,분리20호기,44321.0,36521.0,82.4,1,61715.0,71.82
2026-01-20,C관(2공장),[20] 분리,분리21호기,37759.0,33415.0,88.5,1,61715.0,61.18
2026-01-20,C관(2공장),[20] 분리,분리22호기,45156.0,33610.0,74.43,1,61715.0,73.17
2026-01-20,C관(2공장),[20] 분리,분리23호기,41762.0,31561.0,75.57,1,61715.0,67.67
2026-01-20,C관(2공장),[20] 분리,분리24호기,41873.0,37627.0,89.86,1,61715.0,67.85
2026-01-20,C관(2공장),[20] 분리,분리25호기,45237.0,36601.0,80.91,1,61715.0,73.3
2026-01-20,C관(2공장),[20] 분리,분리26호기,44562.0,31785.0,71.33,1,54000.0,82.52
2026-01-20,C관(2공장),[20] 분리,분리27호기,40893.0,33537.0,82.01,1,54000.0,75.73
2026-01-20,C관(2공장),[20] 분리,분리28호기,44245.0,37569.0,84.91,1,54000.0,81.94
2026-01-20,C관(2공장),[20] 분리,분리29호기,41133.0,25330.0,61.58,1,54000.0,76.17
2026-01-20,C관(2공장),[20] 분리,분리30호기,53661.0,47364.0,88.27,1,54000.0,99.37
2026-01-20,C관(2공장),[20] 분리,분리31호기,53289.0,48444.0,90.91,1,54000.0,98.68
2026-01-20,C관(2공장),[20] 분리,분리32호기,55533.0,46710.0,84.11,1,54000.0,102.84
2026-01-20,C관(2공장),[20] 분리,분리33호기,52733.0,46805.0,88.76,1,54000.0,97.65
2026-01-20,C관(2공장),[20] 분리,분리34호기,50638.0,44339.0,87.56,1,54000.0,93.77
2026-01-20,C관(2공장),[20] 분리,분리35호기,39424.0,32714.0,82.98,1,54000.0,73.01
2026-01-20,C관(2공장),[20] 분리,분리36호기,55097.0,49198.0,89.29,1,54000.0,102.03
2026-01-20,C관(2공장),[20] 분리,분리37호기,40332.0,34924.0,86.59,1,54000.0,74.69
2026-01-20,C관(2공장),[20] 분리,분리43호기,30327.0,25829.0,85.17,1,54000.0,56.16
2026-01-20,C관(2공장),[45] 하이드레이션/전면검사,워터배스2-10호기,49846.0,49810.0,99.93,1,120000.0,41.54
2026-01-20,C관(2공장),[45] 하이드레이션/전면검사,워터배스2-11호기,75066.0,74955.0,99.85,1,150000.0,50.04
2026-01-20,C관(2공장),[45] 하이드레이션/전면검사,워터배스2-12호기,28462.0,26770.0,94.06,1,150000.0,18.97
2026-01-20,C관(2공장),[45] 하이드레이션/전면검사,워터배스2-13호기,98532.0,98375.0,99.84,1,150000.0,65.69
2026-01-20,C관(2공장),[45] 하이드레이션/전면검사,워터배스2-14호기,48530.0,48470.0,99.88,1,150000.0,32.35
2026-01-20,C관(2공장),[45] 하이드레이션/전면검사,워터배스2-1호기,50983.0,50945.0,99.93,1,120000.0,42.49
2026-01-20,C관(2공장),[45] 하이드레이션/전면검사,워터배스2-2호기,33241.0,33190.0,99.85,1,120000.0,27.7
2026-01-20,C관(2공장),[45] 하이드레이션/전면검사,워터배스2-3호기,50687.0,50650.0,99.93,1,120000.0,42.24
2026-01-20,C관(2공장),[45] 하이드레이션/전면검사,워터배스2-4호기,74609.0,74550.0,99.92,1,120000.0,62.17
2026-01-20,C관(2공장),[45] 하이드레이션/전면검사,워터배스2-5호기,64287.0,64155.0,99.79,1,120000.0,53.57
2026-01-20,C관(2공장),[45] 하이드레이션/전면검사,워터배스2-7호기,71195.0,71135.0,99.92,1,120000.0,59.33
2026-01-20,C관(2공장),[45] 하이드레이션/전면검사,워터배스2-8호기,39561.0,39525.0,99.91,1,120000.0,32.97
2026-01-20,C관(2공장),[45] 하이드레이션/전면검사,워터배스2-9호기,105023.0,104945.0,99.93,1,120000.0,87.52
2026-01-20,C관(2공장),[55] 접착/ 멸균,검사32호기,40080.0,39420.0,98.35,1,0.0,0.0
2026-01-20,C관(2공장),[55] 접착/ 멸균,검사33호기,43750.0,42700.0,97.6,1,66462.0,65.83
2026-01-20,C관(2공장),[55] 접착/ 멸균,검사34호기,52080.0,51355.0,98.61,1,78546.0,66.31
2026-01-20,C관(2공장),[55] 접착/ 멸균,검사35호기,44645.0,43745.0,97.98,1,78546.0,56.84
2026-01-20,C관(2공장),[55] 접착/ 멸균,검사36호기,57250.0,56375.0,98.47,1,78546.0,72.89
2026-01-20,C관(2공장),[55] 접착/ 멸균,검사37호기,55795.0,54985.0,98.55,1,78546.0,71.03
2026-01-20,C관(2공장),[55] 접착/ 멸균,검사38호기,49970.0,48880.0,97.82,1,78546.0,63.62
2026-01-20,C관(2공장),[55] 접착/ 멸균,검사39호기,51850.0,51020.0,98.4,1,78546.0,66.01
2026-01-20,C관(2공장),[55] 접착/ 멸균,검사40호기,52005.0,51370.0,98.78,1,78546.0,66.21
2026-01-20,C관(2공장),[55] 접착/ 멸균,검사41호기,48880.0,47885.0,97.96,1,78546.0,62.23
2026-01-20,C관(2공장),[55] 접착/ 멸균,검사42호기,53825.0,52340.0,97.24,1,78546.0,68.53
2026-01-20,C관(2공장),[55] 접착/ 멸균,검사43호기,56270.0,55330.0,98.33,1,78546.0,71.64
2026-01-20,C관(2공장),[55] 접착/ 멸균,검사44호기,56255.0,55145.0,98.03,1,78546.0,71.62
2026-01-20,C관(2공장),[55] 접착/ 멸균,검사45호기,43880.0,43175.0,98.39,1,78546.0,55.87
2026-01-20,C관(2공장),[55] 접착/ 멸균,검사46호기,45930.0,45190.0,98.39,1,78546.0,58.48
2026-01-20,C관(2공장),[55] 접착/ 멸균,검사47호기,49205.0,48355.0,98.27,1,78546.0,62.64
2026-01-20,C관(2공장),[55] 접착/ 멸균,검사48호기,56720.0,55665.0,98.14,1,78546.0,72.21
2026-01-20,C관(2공장),[80] 누수/규격검사,누수/규격검사(2공장),786275.0,780165.0,99.22,1,720000.0,109.2
2026-01-20,S관(3공장),[00] 배합,A형 인라인3호기,5000.0,5000.0,100.0,1,0.0,0.0
2026-01-20,S관(3공장),[00] 배합,B형 조립중합6호기,9900.0,9900.0,100.0,1,0.0,0.0
2026-01-20,S관(3공장),[10] 사출조립,A형 인라인1호기,38356.0,38356.0,100.0,1,43200.0,88.79
2026-01-20,S관(3공장),[10] 사출조립,A형 인라인2호기,18122.0,18122.0,100.0,1,43200.0,41.95
2026-01-20,S관(3공장),[10] 사출조립,A형 인라인3호기,44381.0,44381.0,100.0,1,43200.0,102.73
2026-01-20,S관(3공장),[10] 사출조립,B형 조립중합5호기,32176.0,28291.0,87.93,1,76800.0,41.9
2026-01-20,S관(3공장),[10] 사출조립,B형 조립중합6호기,7712.0,6299.0,81.68,1,76800.0,10.04
2026-01-20,S관(3공장),[10] 사출조립,B형 조립중합7호기,32184.0,27972.0,86.91,1,76800.0,41.91
2026-01-20,S관(3공장),[20] 분리,A형 인라인1호기,12353.0,11083.0,89.72,1,43200.0,28.59
2026-01-20,S관(3공장),[20] 분리,A형 인라인3호기,18357.0,14943.0,81.4,1,43200.0,42.49
2026-01-20,S관(3공장),[20] 분리,B형 분리수화접착1호기,12818.0,11016.0,85.94,1,53170.0,24.11
2026-01-20,S관(3공장),[20] 분리,B형 분리수화접착2호기,12314.0,9396.0,76.3,1,53170.0,23.16
2026-01-20,S관(3공장),[20] 분리,B형 분리수화접착3호기,27968.0,19841.0,70.94,1,53170.0,52.6
2026-01-20,S관(3공장),[20] 분리,B형 분리수화접착4호기,23533.0,19051.0,80.95,1,53170.0,44.26
2026-01-20,S관(3공장),[20] 분리,B형 분리수화접착5호기,17981.0,14531.0,80.81,1,53170.0,33.82
2026-01-20,S관(3공장),[20] 분리,B형 분리수화접착6호기,14023.0,11625.0,82.9,1,53170.0,26.37
2026-01-20,S관(3공장),[20] 분리,B형 분리수화접착7호기,14566.0,11665.0,80.08,1,53170.0,27.4
2026-01-20,S관(3공장),[20] 분리,B형 분리수화접착8호기,11645.0,9596.0,82.4,1,53170.0,21.9
2026-01-20,S관(3공장),[20] 분리,CAM분리1호기,7044.0,5310.0,75.38,1,39273.0,17.94
2026-01-20,S관(3공장),[20] 분리,CAM분리3호기,2061.0,1912.0,92.77,1,39273.0,5.25
2026-01-20,S관(3공장),[45] 하이드레이션/전면검사,A형 인라인2호기,26892.0,26539.0,98.69,1,60000.0,44.82
2026-01-20,S관(3공장),[45] 하이드레이션/전면검사,B형 분리수화접착2호기,18870.0,18818.0,99.72,1,60000.0,31.45
2026-01-20,S관(3공장),[45] 하이드레이션/전면검사,B형 분리수화접착3호기,14004.0,13990.0,99.9,1,60000.0,23.34
2026-01-20,S관(3공장),[45] 하이드레이션/전면검사,B형 분리수화접착4호기,19652.0,19606.0,99.77,1,60000.0,32.75
2026-01-20,S관(3공장),[45] 하이드레이션/전면검사,B형 분리수화접착5호기,23319.0,23264.0,99.76,1,60000.0,38.86
2026-01-20,S관(3공장),[45] 하이드레이션/전면검사,S관 실리콘 자동수화기,78852.0,78641.0,99.73,1,240000.0,32.86
2026-01-20,S관(3공장),[55] 접착/ 멸균,A형 인라인1호기,39521.0,38140.0,96.51,1,54000.0,73.19
2026-01-20,S관(3공장),[55] 접착/ 멸균,A형 인라인2호기,53661.0,51720.0,96.38,1,54000.0,99.37
2026-01-20,S관(3공장),[55] 접착/ 멸균,A형 인라인3호기,39079.0,37980.0,97.19,1,54000.0,72.37
2026-01-20,S관(3공장),[55] 접착/ 멸균,A형 인라인4호기,45138.0,42634.0,94.45,1,54000.0,83.59
2026-01-20,S관(3공장),[55] 접착/ 멸균,A형 인라인5호기,35416.0,33820.0,95.49,1,54000.0,65.59
2026-01-20,S관(3공장),[55] 접착/ 멸균,A형 인라인6호기,54797.0,53130.0,96.96,1,54000.0,101.48
2026-01-20,S관(3공장),[80] 누수/규격검사,누수/규격검사(3공장),123325.0,122525.0,99.35,1,100645.0,122.53
2026-01-21,A관(1공장),[00] 배합,조립1호기,3050.89,3050.89,100.0,1,0.0,0.0
2026-01-21,A관(1공장),[00] 배합,조립2호기,1023.92,1023.92,100.0,1,0.0,0.0
2026-01-21,A관(1공장),[00] 배합,조립30호기,14999.86,14999.86,100.0,1,0.0,0.0
2026-01-21,A관(1공장),[00] 배합,조립7호기,2000.0,2000.0,100.0,1,0.0,0.0
2026-01-21,A관(1공장),[00] 배합,조립8호기,1979.0,1979.0,100.0,1,0.0,0.0
2026-01-21,A관(1공장),[10] 사출조립,조립1호기,18663.0,17968.0,96.28,1,43200.0,43.2
2026-01-21,A관(1공장),[10] 사출조립,조립2호기,4343.0,3792.0,87.31,1,43200.0,10.05
2026-01-21,A관(1공장),[10] 사출조립,조립30호기,52404.0,52404.0,100.0,1,86400.0,60.65
2026-01-21,A관(1공장),[10] 사출조립,조립31호기,101542.0,100197.0,98.68,1,86400.0,117.53
2026-01-21,A관(1공장),[10] 사출조립,조립3호기,35947.0,35214.0,97.96,1,43200.0,83.21
2026-01-21,A관(1공장),[10] 사출조립,조립7호기,9262.0,8131.0,87.79,1,43200.0,21.44
2026-01-21,A관(1공장),[10] 사출조립,조립8호기,43040.0,43040.0,100.0,1,43200.0,99.63
2026-01-21,A관(1공장),[20] 분리,분리10호기,16840.0,14685.0,87.2,1,17280.0,97.45
2026-01-21,A관(1공장),[20] 분리,분리14호기,39179.0,34688.0,88.54,1,54000.0,72.55
2026-01-21,A관(1공장),[20] 분리,분리4호기,17415.0,14612.0,83.9,1,17280.0,100.78
2026-01-21,A관(1공장),[20] 분리,분리5호기,16194.0,12726.0,78.58,1,17280.0,93.72
2026-01-21,A관(1공장),[45] 하이드레이션/전면검사,1공장 실리콘수화기,15338.0,15338.0,100.0,1,0.0,0.0
2026-01-21,A관(1공장),[45] 하이드레이션/전면검사,워터배스1-2호기,23302.0,23302.0,100.0,1,30000.0,77.67
2026-01-21,A관(1공장),[45] 하이드레이션/전면검사,워터배스1-3호기,25068.0,24639.0,98.29,1,30000.0,83.56
2026-01-21,A관(1공장),[45] 하이드레이션/전면검사,워터배스1-4호기,18182.0,18182.0,100.0,1,30000.0,60.61
2026-01-21,A관(1공장),[45] 하이드레이션/전면검사,워터배스1-5호기,12147.0,12147.0,100.0,1,150000.0,8.1
2026-01-21,A관(1공장),[55] 접착/ 멸균,검사10호기,7545.0,6806.0,90.21,1,13293.0,56.76
2026-01-21,A관(1공장),[55] 접착/ 멸균,검사11호기,5371.0,5124.0,95.4,1,13293.0,40.4
2026-01-21,A관(1공장),[55] 접착/ 멸균,검사14호기,11187.0,10672.0,95.4,1,13293.0,84.16
2026-01-21,A관(1공장),[55] 접착/ 멸균,검사16호기,2361.0,2138.0,90.55,1,13293.0,17.76
2026-01-21,A관(1공장),[55] 접착/ 멸균,검사17호기,4757.0,4397.0,92.43,1,13293.0,35.79
2026-01-21,A관(1공장),[55] 접착/ 멸균,검사18호기,7981.0,7235.0,90.65,1,13293.0,60.04
2026-01-21,A관(1공장),[55] 접착/ 멸균,검사20호기,10582.0,10099.0,95.44,1,13293.0,79.61
2026-01-21,A관(1공장),[55] 접착/ 멸균,검사21호기,1941.0,1826.0,94.08,1,13293.0,14.6
2026-01-21,A관(1공장),[55] 접착/ 멸균,검사22호기,6160.0,6052.0,98.25,1,13293.0,46.34
2026-01-21,A관(1공장),[55] 접착/ 멸균,검사23호기,20726.0,19547.0,94.31,1,13293.0,155.92
2026-01-21,A관(1공장),[55] 접착/ 멸균,검사6호기,2046.0,2010.0,98.24,1,13293.0,15.39
2026-01-21,A관(1공장),[55] 접착/ 멸균,검사8호기,12452.0,12122.0,97.35,1,13293.0,93.67
2026-01-21,A관(1공장),[55] 접착/ 멸균,검사9호기,10313.0,9624.0,93.32,1,13293.0,77.58
2026-01-21,A관(1공장),[55] 접착/ 멸균,바이알캡핑기,4979.0,4407.0,88.51,1,0.0,0.0
2026-01-21,A관(1공장),[80] 누수/규격검사,누수/규격검사(1공장),103502.0,97831.0,94.52,1,112902.0,91.67
2026-01-21,C관(2공장),[00] 배합,조립11호기,20366.0,20366.0,100.0,1,0.0,0.0
2026-01-21,C관(2공장),[00] 배합,조립15호기,20365.92,20365.92,100.0,1,0.0,0.0
2026-01-21,C관(2공장),[00] 배합,조립46호기,20366.0,20366.0,100.0,1,0.0,0.0
2026-01-21,C관(2공장),[00] 배합,조립47호기,20365.92,20365.92,100.0,1,0.0,0.0
2026-01-21,C관(2공장),[00] 배합,조립55호기,20366.0,20366.0,100.0,1,0.0,0.0
2026-01-21,C관(2공장),[10] 사출조립,조립10호기,32128.0,31128.0,96.89,1,43200.0,74.37
2026-01-21,C관(2공장),[10] 사출조립,조립12호기,26178.0,25277.0,96.56,1,0.0,0.0
2026-01-21,C관(2공장),[10] 사출조립,조립13호기,32389.0,29430.0,90.86,1,0.0,0.0
2026-01-21,C관(2공장),[10] 사출조립,조립15호기,32573.0,30596.0,93.93,1,43200.0,75.4
2026-01-21,C관(2공장),[10] 사출조립,조립16호기,54756.0,52048.0,95.05,1,43200.0,126.75
2026-01-21,C관(2공장),[10] 사출조립,조립19호기,41314.0,34876.0,84.42,1,43200.0,95.63
2026-01-21,C관(2공장),[10] 사출조립,조립22호기,37693.0,33472.0,88.8,1,43200.0,87.25
2026-01-21,C관(2공장),[10] 사출조립,조립27호기,12122.0,5733.0,47.29,1,43200.0,28.06
2026-01-21,C관(2공장),[10] 사출조립,조립40호기,28450.0,28450.0,100.0,1,43200.0,65.86
2026-01-21,C관(2공장),[10] 사출조립,조립42호기,48287.0,43842.0,90.79,1,43200.0,111.78
2026-01-21,C관(2공장),[10] 사출조립,조립45호기,49679.0,48225.0,97.07,1,43200.0,115.0
2026-01-21,C관(2공장),[10] 사출조립,조립46호기,15548.0,15508.0,99.74,1,43200.0,35.99
2026-01-21,C관(2공장),[10] 사출조립,조립47호기,38741.0,37265.0,96.19,1,43200.0,89.68
2026-01-21,C관(2공장),[10] 사출조립,조립48호기,26880.0,25231.0,93.87,1,43200.0,62.22
2026-01-21,C관(2공장),[10] 사출조립,조립49호기,27891.0,26846.0,96.25,1,43200.0,64.56
2026-01-21,C관(2공장),[10] 사출조립,조립50호기,33531.0,32523.0,96.99,1,43200.0,77.62
2026-01-21,C관(2공장),[10] 사출조립,조립52호기,15418.0,12678.0,82.23,1,43200.0,35.69
2026-01-21,C관(2공장),[10] 사출조립,조립53호기,30118.0,29277.0,97.21,1,43200.0,69.72
2026-01-21,C관(2공장),[10] 사출조립,조립54호기,22478.0,22467.0,99.95,1,43200.0,52.03
2026-01-21,C관(2공장),[10] 사출조립,조립55호기,9502.0,9447.0,99.42,1,43200.0,22.0
2026-01-21,C관(2공장),[10] 사출조립,조립56호기,27478.0,27429.0,99.82,1,43200.0,63.61
2026-01-21,C관(2공장),[10] 사출조립,조립57호기,56354.0,52442.0,93.06,1,43200.0,130.45
2026-01-21,C관(2공장),[10] 사출조립,조립59호기,49299.0,45643.0,92.58,1,43200.0,114.12
2026-01-21,C관(2공장),[20] 분리,분리12호기,30201.0,27484.0,91.0,1,0.0,0.0
2026-01-21,C관(2공장),[20] 분리,분리15호기,22306.0,19426.0,87.09,1,0.0,0.0
2026-01-21,C관(2공장),[20] 분리,분리16호기,36768.0,27318.0,74.3,1,61715.0,59.58
2026-01-21,C관(2공장),[20] 분리,분리17호기,41648.0,36139.0,86.77,1,61715.0,67.48
2026-01-21,C관(2공장),[20] 분리,분리18호기,40105.0,33419.0,83.33,1,61715.0,64.98
2026-01-21,C관(2공장),[20] 분리,분리19호기,39411.0,31600.0,80.18,1,61715.0,63.86
2026-01-21,C관(2공장),[20] 분리,분리20호기,47699.0,41849.0,87.74,1,61715.0,77.29
2026-01-21,C관(2공장),[20] 분리,분리21호기,43293.0,32857.0,75.89,1,61715.0,70.15
2026-01-21,C관(2공장),[20] 분리,분리22호기,45394.0,37171.0,81.89,1,61715.0,73.55
2026-01-21,C관(2공장),[20] 분리,분리23호기,35183.0,28248.0,80.29,1,61715.0,57.01
2026-01-21,C관(2공장),[20] 분리,분리24호기,44939.0,38617.0,85.93,1,61715.0,72.82
2026-01-21,C관(2공장),[20] 분리,분리25호기,40646.0,30686.0,75.5,1,61715.0,65.86
2026-01-21,C관(2공장),[20] 분리,분리26호기,38576.0,32892.0,85.27,1,54000.0,71.44
2026-01-21,C관(2공장),[20] 분리,분리27호기,38462.0,31601.0,82.16,1,54000.0,71.23
2026-01-21,C관(2공장),[20] 분리,분리28호기,46186.0,40411.0,87.5,1,54000.0,85.53
2026-01-21,C관(2공장),[20] 분리,분리29호기,44428.0,39895.0,89.8,1,54000.0,82.27
2026-01-21,C관(2공장),[20] 분리,분리30호기,52435.0,46892.0,89.43,1,54000.0,97.1
2026-01-21,C관(2공장),[20] 분리,분리31호기,53553.0,48704.0,90.95,1,54000.0,99.17
2026-01-21,C관(2공장),[20] 분리,분리32호기,46135.0,39847.0,86.37,1,54000.0,85.44
2026-01-21,C관(2공장),[20] 분리,분리33호기,39893.0,35177.0,88.18,1,54000.0,73.88
2026-01-21,C관(2공장),[20] 분리,분리34호기,29472.0,26088.0,88.52,1,54000.0,54.58
2026-01-21,C관(2공장),[20] 분리,분리35호기,41438.0,34792.0,83.96,1,54000.0,76.74
2026-01-21,C관(2공장),[20] 분리,분리36호기,47951.0,41146.0,85.81,1,54000.0,88.8
2026-01-21,C관(2공장),[20] 분리,분리37호기,37362.0,32614.0,87.29,1,54000.0,69.19
2026-01-21,C관(2공장),[20] 분리,분리43호기,34775.0,29405.0,84.56,1,54000.0,64.4
2026-01-21,C관(2공장),[45] 하이드레이션/전면검사,워터배스2-10호기,88328.0,88265.0,99.93,1,120000.0,73.61
2026-01-21,C관(2공장),[45] 하이드레이션/전면검사,워터배스2-11호기,94977.0,94845.0,99.86,1,150000.0,63.32
2026-01-21,C관(2공장),[45] 하이드레이션/전면검사,워터배스2-12호기,45799.0,45740.0,99.87,1,150000.0,30.53
2026-01-21,C관(2공장),[45] 하이드레이션/전면검사,워터배스2-13호기,90908.0,88280.0,97.11,1,150000.0,60.61
2026-01-21,C관(2공장),[45] 하이드레이션/전면검사,워터배스2-14호기,94611.0,94510.0,99.89,1,150000.0,63.07
2026-01-21,C관(2공장),[45] 하이드레이션/전면검사,워터배스2-1호기,60822.0,60785.0,99.94,1,120000.0,50.68
2026-01-21,C관(2공장),[45] 하이드레이션/전면검사,워터배스2-2호기,45423.0,45360.0,99.86,1,120000.0,37.85
2026-01-21,C관(2공장),[45] 하이드레이션/전면검사,워터배스2-3호기,66791.0,66725.0,99.9,1,120000.0,55.66
2026-01-21,C관(2공장),[45] 하이드레이션/전면검사,워터배스2-4호기,75311.0,75250.0,99.92,1,120000.0,62.76
2026-01-21,C관(2공장),[45] 하이드레이션/전면검사,워터배스2-5호기,78430.0,78320.0,99.86,1,120000.0,65.36
2026-01-21,C관(2공장),[45] 하이드레이션/전면검사,워터배스2-7호기,54385.0,54325.0,99.89,1,120000.0,45.32
2026-01-21,C관(2공장),[45] 하이드레이션/전면검사,워터배스2-8호기,64581.0,64540.0,99.94,1,120000.0,53.82
2026-01-21,C관(2공장),[45] 하이드레이션/전면검사,워터배스2-9호기,53161.0,53120.0,99.92,1,120000.0,44.3
2026-01-21,C관(2공장),[55] 접착/ 멸균,검사32호기,42320.0,41895.0,99.0,1,0.0,0.0
2026-01-21,C관(2공장),[55] 접착/ 멸균,검사33호기,52375.0,51685.0,98.68,1,66462.0,78.8
2026-01-21,C관(2공장),[55] 접착/ 멸균,검사34호기,56965.0,56110.0,98.5,1,78546.0,72.52
2026-01-21,C관(2공장),[55] 접착/ 멸균,검사35호기,56420.0,55420.0,98.23,1,78546.0,71.83
2026-01-21,C관(2공장),[55] 접착/ 멸균,검사36호기,57975.0,57090.0,98.47,1,78546.0,73.81
2026-01-21,C관(2공장),[55] 접착/ 멸균,검사37호기,53090.0,51900.0,97.76,1,78546.0,67.59
2026-01-21,C관(2공장),[55] 접착/ 멸균,검사38호기,57465.0,56100.0,97.62,1,78546.0,73.16
2026-01-21,C관(2공장),[55] 접착/ 멸균,검사39호기,51715.0,50945.0,98.51,1,78546.0,65.84
2026-01-21,C관(2공장),[55] 접착/ 멸균,검사40호기,52420.0,51495.0,98.24,1,78546.0,66.74
2026-01-21,C관(2공장),[55] 접착/ 멸균,검사41호기,54340.0,52820.0,97.2,1,78546.0,69.18
2026-01-21,C관(2공장),[55] 접착/ 멸균,검사42호기,58070.0,57235.0,98.56,1,78546.0,73.93
2026-01-21,C관(2공장),[55] 접착/ 멸균,검사43호기,46050.0,45320.0,98.41,1,78546.0,58.63
2026-01-21,C관(2공장),[55] 접착/ 멸균,검사44호기,55030.0,54200.0,98.49,1,78546.0,70.06
2026-01-21,C관(2공장),[55] 접착/ 멸균,검사45호기,43985.0,43560.0,99.03,1,78546.0,56.0
2026-01-21,C관(2공장),[55] 접착/ 멸균,검사46호기,53240.0,52055.0,97.77,1,78546.0,67.78
2026-01-21,C관(2공장),[55] 접착/ 멸균,검사47호기,52680.0,51685.0,98.11,1,78546.0,67.07
2026-01-21,C관(2공장),[55] 접착/ 멸균,검사48호기,52725.0,51915.0,98.46,1,78546.0,67.13
2026-01-21,C관(2공장),[80] 누수/규격검사,누수/규격검사(2공장),795275.0,792285.0,99.62,1,720000.0,110.45
2026-01-21,S관(3공장),[00] 배합,A형 인라인3호기,4999.0,4999.0,100.0,1,0.0,0.0
2026-01-21,S관(3공장),[00] 배합,B형 조립중합1호기,990.0,990.0,100.0,1,0.0,0.0
2026-01-21,S관(3공장),[00] 배합,B형 조립중합7호기,4950.0,4950.0,100.0,1,0.0,0.0
2026-01-21,S관(3공장),[10] 사출조립,A형 인라인1호기,18141.0,18141.0,100.0,1,43200.0,41.99
2026-01-21,S관(3공장),[10] 사출조립,A형 인라인3호기,13027.0,13027.0,100.0,1,43200.0,30.16
2026-01-21,S관(3공장),[10] 사출조립,A형 인라인5호기,35129.0,35129.0,100.0,1,43200.0,81.32
2026-01-21,S관(3공장),[10] 사출조립,B형 조립중합1호기,17304.0,14837.0,85.74,1,76800.0,22.53
2026-01-21,S관(3공장),[10] 사출조립,B형 조립중합5호기,34591.0,30286.0,87.55,1,76800.0,45.04
2026-01-21,S관(3공장),[10] 사출조립,B형 조립중합7호기,33400.0,31022.0,92.88,1,76800.0,43.49
2026-01-21,S관(3공장),[20] 분리,A형 인라인3호기,17117.0,13703.0,80.05,1,43200.0,39.62
2026-01-21,S관(3공장),[20] 분리,B형 분리수화접착1호기,13391.0,11316.0,84.5,1,53170.0,25.19
2026-01-21,S관(3공장),[20] 분리,B형 분리수화접착2호기,12298.0,9900.0,80.5,1,53170.0,23.13
2026-01-21,S관(3공장),[20] 분리,B형 분리수화접착3호기,20992.0,16017.0,76.3,1,53170.0,39.48
2026-01-21,S관(3공장),[20] 분리,B형 분리수화접착4호기,20318.0,15531.0,76.44,1,53170.0,38.21
2026-01-21,S관(3공장),[20] 분리,B형 분리수화접착5호기,17644.0,12795.0,72.52,1,53170.0,33.18
2026-01-21,S관(3공장),[20] 분리,B형 분리수화접착6호기,17336.0,14945.0,86.21,1,53170.0,32.6
2026-01-21,S관(3공장),[20] 분리,B형 분리수화접착7호기,11751.0,9377.0,79.8,1,53170.0,22.1
2026-01-21,S관(3공장),[20] 분리,B형 분리수화접착8호기,13497.0,11572.0,85.74,1,53170.0,25.38
2026-01-21,S관(3공장),[20] 분리,CAM분리3호기,4125.0,2964.0,71.85,1,39273.0,10.5
2026-01-21,S관(3공장),[20] 분리,CAM분리4호기,4728.0,3229.0,68.3,1,39273.0,12.04
2026-01-21,S관(3공장),[45] 하이드레이션/전면검사,A형 인라인2호기,23921.0,23900.0,99.91,1,60000.0,39.87
2026-01-21,S관(3공장),[45] 하이드레이션/전면검사,B형 분리수화접착2호기,38321.0,37955.0,99.04,1,60000.0,63.87
2026-01-21,S관(3공장),[45] 하이드레이션/전면검사,B형 분리수화접착3호기,20101.0,20063.0,99.81,1,60000.0,33.5
2026-01-21,S관(3공장),[45] 하이드레이션/전면검사,B형 분리수화접착4호기,27315.0,27232.0,99.7,1,60000.0,45.52
2026-01-21,S관(3공장),[45] 하이드레이션/전면검사,B형 분리수화접착5호기,28398.0,28241.0,99.45,1,60000.0,47.33
2026-01-21,S관(3공장),[45] 하이드레이션/전면검사,S관 실리콘 자동수화기,87822.0,87548.0,99.69,1,240000.0,36.59
2026-01-21,S관(3공장),[55] 접착/ 멸균,A형 인라인1호기,21927.0,21040.0,95.95,1,54000.0,40.61
2026-01-21,S관(3공장),[55] 접착/ 멸균,A형 인라인2호기,15293.0,14751.0,96.46,1,54000.0,28.32
2026-01-21,S관(3공장),[55] 접착/ 멸균,A형 인라인3호기,37750.0,36405.0,96.44,1,54000.0,69.91
2026-01-21,S관(3공장),[55] 접착/ 멸균,A형 인라인4호기,36132.0,34540.0,95.59,1,54000.0,66.91
2026-01-21,S관(3공장),[55] 접착/ 멸균,A형 인라인5호기,38077.0,36565.0,96.03,1,54000.0,70.51
2026-01-21,S관(3공장),[55] 접착/ 멸균,A형 인라인6호기,31816.0,30268.0,95.13,1,54000.0,58.92
2026-01-21,S관(3공장),[55] 접착/ 멸균,B형 분리수화접착1호기,3192.0,2985.0,93.52,1,0.0,0.0
2026-01-21,S관(3공장),[80] 누수/규격검사,누수/규격검사(3공장),146830.0,145305.0,98.96,1,100645.0,145.89
2026-01-22,A관(1공장),[00] 배합,조립2호기,1024.0,1024.0,100.0,1,0.0,0.0
2026-01-22,A관(1공장),[00] 배합,조립31호기,15000.0,15000.0,100.0,1,0.0,0.0
2026-01-22,A관(1공장),[00] 배합,조립7호기,1000.0,1000.0,100.0,1,0.0,0.0
2026-01-22,A관(1공장),[10] 사출조립,조립1호기,30369.0,30369.0,100.0,1,43200.0,70.3
2026-01-22,A관(1공장),[10] 사출조립,조립2호기,13058.0,9230.0,70.68,1,43200.0,30.23
2026-01-22,A관(1공장),[10] 사출조립,조립30호기,90237.0,89710.0,99.42,1,86400.0,104.44
2026-01-22,A관(1공장),[10] 사출조립,조립31호기,49018.0,49018.0,100.0,1,86400.0,56.73
2026-01-22,A관(1공장),[10] 사출조립,조립3호기,31228.0,29773.0,95.34,1,43200.0,72.29
2026-01-22,A관(1공장),[10] 사출조립,조립7호기,4387.0,4387.0,100.0,1,43200.0,10.16
2026-01-22,A관(1공장),[10] 사출조립,조립8호기,20207.0,20207.0,100.0,1,43200.0,46.78
2026-01-22,A관(1공장),[20] 분리,분리10호기,15627.0,13949.0,89.26,1,17280.0,90.43
2026-01-22,A관(1공장),[20] 분리,분리14호기,19003.0,16963.0,89.26,1,54000.0,35.19
2026-01-22,A관(1공장),[20] 분리,분리3호기,6638.0,4334.0,65.29,1,17280.0,38.41
2026-01-22,A관(1공장),[20] 분리,분리4호기,14888.0,12582.0,84.51,1,17280.0,86.16
2026-01-22,A관(1공장),[20] 분리,분리5호기,10420.0,8307.0,79.72,1,17280.0,60.3
2026-01-22,A관(1공장),[45] 하이드레이션/전면검사,1공장 실리콘수화기,8640.0,8640.0,100.0,1,0.0,0.0
2026-01-22,A관(1공장),[45] 하이드레이션/전면검사,워터배스1-2호기,12997.0,12997.0,100.0,1,30000.0,43.32
2026-01-22,A관(1공장),[45] 하이드레이션/전면검사,워터배스1-3호기,11554.0,11554.0,100.0,1,30000.0,38.51
2026-01-22,A관(1공장),[45] 하이드레이션/전면검사,워터배스1-4호기,10113.0,9770.0,96.61,1,30000.0,33.71
2026-01-22,A관(1공장),[45] 하이드레이션/전면검사,워터배스1-5호기,32272.0,32272.0,100.0,1,150000.0,21.51
2026-01-22,A관(1공장),[45] 하이드레이션/전면검사,워터배스1-6호기,9604.0,9604.0,100.0,1,150000.0,6.4
2026-01-22,A관(1공장),[55] 접착/ 멸균,검사10호기,4525.0,3798.0,83.93,1,13293.0,34.04
2026-01-22,A관(1공장),[55] 접착/ 멸균,검사11호기,11059.0,10768.0,97.37,1,13293.0,83.19
2026-01-22,A관(1공장),[55] 접착/ 멸균,검사14호기,10431.0,8810.0,84.46,1,13293.0,78.47
2026-01-22,A관(1공장),[55] 접착/ 멸균,검사15호기,1013.0,1013.0,100.0,1,13293.0,7.62
2026-01-22,A관(1공장),[55] 접착/ 멸균,검사17호기,1763.0,1655.0,93.87,1,13293.0,13.26
2026-01-22,A관(1공장),[55] 접착/ 멸균,검사18호기,7103.0,6362.0,89.57,1,13293.0,53.43
2026-01-22,A관(1공장),[55] 접착/ 멸균,검사20호기,10882.0,10739.0,98.69,1,13293.0,81.86
2026-01-22,A관(1공장),[55] 접착/ 멸균,검사21호기,997.0,997.0,100.0,1,13293.0,7.5
2026-01-22,A관(1공장),[55] 접착/ 멸균,검사22호기,11292.0,10768.0,95.36,1,13293.0,84.95
2026-01-22,A관(1공장),[55] 접착/ 멸균,검사23호기,13419.0,12502.0,93.17,1,13293.0,100.95
2026-01-22,A관(1공장),[55] 접착/ 멸균,검사6호기,610.0,550.0,90.16,1,13293.0,4.59
2026-01-22,A관(1공장),[55] 접착/ 멸균,검사8호기,11939.0,10804.0,90.49,1,13293.0,89.81
2026-01-22,A관(1공장),[55] 접착/ 멸균,검사9호기,13560.0,12936.0,95.4,1,13293.0,102.01
2026-01-22,A관(1공장),[55] 접착/ 멸균,바이알캡핑기,6120.0,5587.0,91.29,1,0.0,0.0
2026-01-22,A관(1공장),[80] 누수/규격검사,누수/규격검사(1공장),99198.0,94572.0,95.34,1,112902.0,87.86
2026-01-22,C관(2공장),[00] 배합,조립12호기,20366.0,20366.0,100.0,1,0.0,0.0
2026-01-22,C관(2공장),[00] 배합,조립14호기,20366.0,20366.0,100.0,1,0.0,0.0
2026-01-22,C관(2공장),[00] 배합,조립17호기,20366.0,20366.0,100.0,1,0.0,0.0
2026-01-22,C관(2공장),[00] 배합,조립19호기,20366.0,20366.0,100.0,1,0.0,0.0
2026-01-22,C관(2공장),[00] 배합,조립53호기,20366.0,20366.0,100.0,1,0.0,0.0
2026-01-22,C관(2공장),[10] 사출조립,조립10호기,48806.0,42007.0,86.07,1,43200.0,112.98
2026-01-22,C관(2공장),[10] 사출조립,조립11호기,25813.0,25746.0,99.74,1,43200.0,59.75
2026-01-22,C관(2공장),[10] 사출조립,조립12호기,27552.0,24502.0,88.93,1,0.0,0.0
2026-01-22,C관(2공장),[10] 사출조립,조립13호기,21194.0,16636.0,78.49,1,0.0,0.0
2026-01-22,C관(2공장),[10] 사출조립,조립14호기,29099.0,27412.0,94.2,1,43200.0,67.36
2026-01-22,C관(2공장),[10] 사출조립,조립15호기,21497.0,21358.0,99.35,1,43200.0,49.76
2026-01-22,C관(2공장),[10] 사출조립,조립16호기,27551.0,22696.0,82.38,1,43200.0,63.78
2026-01-22,C관(2공장),[10] 사출조립,조립17호기,31813.0,31376.0,98.63,1,43200.0,73.64
2026-01-22,C관(2공장),[10] 사출조립,조립19호기,21735.0,20297.0,93.38,1,43200.0,50.31
2026-01-22,C관(2공장),[10] 사출조립,조립22호기,22406.0,18357.0,81.93,1,43200.0,51.87
2026-01-22,C관(2공장),[10] 사출조립,조립23호기,2201.0,2122.0,96.41,1,43200.0,5.09
2026-01-22,C관(2공장),[10] 사출조립,조립24호기,29146.0,28146.0,96.57,1,43200.0,67.47
2026-01-22,C관(2공장),[10] 사출조립,조립26호기,37242.0,25085.0,67.36,1,43200.0,86.21
2026-01-22,C관(2공장),[10] 사출조립,조립27호기,6738.0,5877.0,87.22,1,43200.0,15.6
2026-01-22,C관(2공장),[10] 사출조립,조립40호기,15283.0,14748.0,96.5,1,43200.0,35.38
2026-01-22,C관(2공장),[10] 사출조립,조립42호기,16706.0,13804.0,82.63,1,43200.0,38.67
2026-01-22,C관(2공장),[10] 사출조립,조립44호기,27300.0,19351.0,70.88,1,43200.0,63.19
2026-01-22,C관(2공장),[10] 사출조립,조립45호기,28269.0,28269.0,100.0,1,43200.0,65.44
2026-01-22,C관(2공장),[10] 사출조립,조립46호기,20961.0,19750.0,94.22,1,43200.0,48.52
2026-01-22,C관(2공장),[10] 사출조립,조립47호기,6061.0,5361.0,88.45,1,43200.0,14.03
2026-01-22,C관(2공장),[10] 사출조립,조립48호기,14072.0,12658.0,89.95,1,43200.0,32.57
2026-01-22,C관(2공장),[10] 사출조립,조립49호기,31899.0,29168.0,91.44,1,43200.0,73.84
2026-01-22,C관(2공장),[10] 사출조립,조립50호기,30439.0,27939.0,91.79,1,43200.0,70.46
2026-01-22,C관(2공장),[10] 사출조립,조립51호기,28789.0,27654.0,96.06,1,43200.0,66.64
2026-01-22,C관(2공장),[10] 사출조립,조립52호기,54544.0,42262.0,77.48,1,43200.0,126.26
2026-01-22,C관(2공장),[10] 사출조립,조립53호기,28834.0,27461.0,95.24,1,43200.0,66.75
2026-01-22,C관(2공장),[10] 사출조립,조립54호기,26800.0,25054.0,93.49,1,43200.0,62.04
2026-01-22,C관(2공장),[10] 사출조립,조립55호기,29518.0,28918.0,97.97,1,43200.0,68.33
2026-01-22,C관(2공장),[10] 사출조립,조립56호기,23538.0,19616.0,83.34,1,43200.0,54.49
2026-01-22,C관(2공장),[10] 사출조립,조립57호기,26044.0,23636.0,90.75,1,43200.0,60.29
2026-01-22,C관(2공장),[10] 사출조립,조립58호기,58578.0,54113.0,92.38,1,43200.0,135.6
2026-01-22,C관(2공장),[10] 사출조립,조립59호기,27011.0,23003.0,85.16,1,43200.0,62.53
2026-01-22,C관(2공장),[20] 분리,분리12호기,25766.0,23424.0,90.91,1,0.0,0.0
2026-01-22,C관(2공장),[20] 분리,분리15호기,32819.0,29331.0,89.37,1,0.0,0.0
2026-01-22,C관(2공장),[20] 분리,분리16호기,44883.0,37753.0,84.11,1,61715.0,72.73
2026-01-22,C관(2공장),[20] 분리,분리17호기,44863.0,38466.0,85.74,1,61715.0,72.69
2026-01-22,C관(2공장),[20] 분리,분리18호기,41775.0,37180.0,89.0,1,61715.0,67.69
2026-01-22,C관(2공장),[20] 분리,분리19호기,43491.0,37202.0,85.54,1,61715.0,70.47
2026-01-22,C관(2공장),[20] 분리,분리20호기,44393.0,38204.0,86.06,1,61715.0,71.93
2026-01-22,C관(2공장),[20] 분리,분리21호기,43874.0,38193.0,87.05,1,61715.0,71.09
2026-01-22,C관(2공장),[20] 분리,분리22호기,40695.0,34715.0,85.31,1,61715.0,65.94
2026-01-22,C관(2공장),[20] 분리,분리23호기,44758.0,38330.0,85.64,1,61715.0,72.52
2026-01-22,C관(2공장),[20] 분리,분리24호기,48960.0,42646.0,87.1,1,61715.0,79.33
2026-01-22,C관(2공장),[20] 분리,분리25호기,47064.0,38735.0,82.3,1,61715.0,76.26
2026-01-22,C관(2공장),[20] 분리,분리26호기,44908.0,37720.0,83.99,1,54000.0,83.16
2026-01-22,C관(2공장),[20] 분리,분리27호기,39440.0,32105.0,81.4,1,54000.0,73.04
2026-01-22,C관(2공장),[20] 분리,분리28호기,45155.0,39163.0,86.73,1,54000.0,83.62
2026-01-22,C관(2공장),[20] 분리,분리29호기,49304.0,42259.0,85.71,1,54000.0,91.3
2026-01-22,C관(2공장),[20] 분리,분리30호기,51051.0,45559.0,89.24,1,54000.0,94.54
2026-01-22,C관(2공장),[20] 분리,분리31호기,49716.0,44717.0,89.94,1,54000.0,92.07
2026-01-22,C관(2공장),[20] 분리,분리32호기,48199.0,43240.0,89.71,1,54000.0,89.26
2026-01-22,C관(2공장),[20] 분리,분리33호기,50858.0,45029.0,88.54,1,54000.0,94.18
2026-01-22,C관(2공장),[20] 분리,분리34호기,53561.0,47017.0,87.78,1,54000.0,99.19
2026-01-22,C관(2공장),[20] 분리,분리35호기,41685.0,32695.0,78.43,1,54000.0,77.19
2026-01-22,C관(2공장),[20] 분리,분리36호기,52609.0,42107.0,80.04,1,54000.0,97.42
2026-01-22,C관(2공장),[20] 분리,분리37호기,43770.0,38324.0,87.56,1,54000.0,81.06
2026-01-22,C관(2공장),[20] 분리,분리43호기,39292.0,34313.0,87.33,1,54000.0,72.76
2026-01-22,C관(2공장),[45] 하이드레이션/전면검사,워터배스2-10호기,73659.0,73605.0,99.93,1,120000.0,61.38
2026-01-22,C관(2공장),[45] 하이드레이션/전면검사,워터배스2-11호기,88234.0,88125.0,99.88,1,150000.0,58.82
2026-01-22,C관(2공장),[45] 하이드레이션/전면검사,워터배스2-12호기,66919.0,64573.0,96.49,1,150000.0,44.61
2026-01-22,C관(2공장),[45] 하이드레이션/전면검사,워터배스2-13호기,92161.0,92055.0,99.88,1,150000.0,61.44
2026-01-22,C관(2공장),[45] 하이드레이션/전면검사,워터배스2-14호기,76363.0,76295.0,99.91,1,150000.0,50.91
2026-01-22,C관(2공장),[45] 하이드레이션/전면검사,워터배스2-1호기,77021.0,76939.0,99.89,1,120000.0,64.18
2026-01-22,C관(2공장),[45] 하이드레이션/전면검사,워터배스2-2호기,24280.0,24230.0,99.79,1,120000.0,20.23
2026-01-22,C관(2공장),[45] 하이드레이션/전면검사,워터배스2-3호기,99584.0,99470.0,99.89,1,120000.0,82.99
2026-01-22,C관(2공장),[45] 하이드레이션/전면검사,워터배스2-4호기,64897.0,64835.0,99.9,1,120000.0,54.08
2026-01-22,C관(2공장),[45] 하이드레이션/전면검사,워터배스2-5호기,61912.0,61835.0,99.88,1,120000.0,51.59
2026-01-22,C관(2공장),[45] 하이드레이션/전면검사,워터배스2-7호기,68028.0,67965.0,99.91,1,120000.0,56.69
2026-01-22,C관(2공장),[45] 하이드레이션/전면검사,워터배스2-8호기,64681.0,64605.0,99.88,1,120000.0,53.9
2026-01-22,C관(2공장),[45] 하이드레이션/전면검사,워터배스2-9호기,76521.0,76450.0,99.91,1,120000.0,63.77
2026-01-22,C관(2공장),[55] 접착/ 멸균,검사32호기,37255.0,36815.0,98.82,1,0.0,0.0
2026-01-22,C관(2공장),[55] 접착/ 멸균,검사33호기,37505.0,37040.0,98.76,1,66462.0,56.43
2026-01-22,C관(2공장),[55] 접착/ 멸균,검사34호기,55480.0,54460.0,98.16,1,78546.0,70.63
2026-01-22,C관(2공장),[55] 접착/ 멸균,검사35호기,56515.0,55840.0,98.81,1,78546.0,71.95
2026-01-22,C관(2공장),[55] 접착/ 멸균,검사36호기,58575.0,57895.0,98.84,1,78546.0,74.57
2026-01-22,C관(2공장),[55] 접착/ 멸균,검사37호기,59220.0,58610.0,98.97,1,78546.0,75.4
2026-01-22,C관(2공장),[55] 접착/ 멸균,검사38호기,63465.0,62335.0,98.22,1,78546.0,80.8
2026-01-22,C관(2공장),[55] 접착/ 멸균,검사39호기,50485.0,49875.0,98.79,1,78546.0,64.27
2026-01-22,C관(2공장),[55] 접착/ 멸균,검사40호기,56095.0,55445.0,98.84,1,78546.0,71.42
2026-01-22,C관(2공장),[55] 접착/ 멸균,검사41호기,35050.0,32152.0,91.73,1,78546.0,44.62
2026-01-22,C관(2공장),[55] 접착/ 멸균,검사42호기,48395.0,47495.0,98.14,1,78546.0,61.61
2026-01-22,C관(2공장),[55] 접착/ 멸균,검사43호기,50960.0,50140.0,98.39,1,78546.0,64.88
2026-01-22,C관(2공장),[55] 접착/ 멸균,검사44호기,52250.0,51350.0,98.28,1,78546.0,66.52
2026-01-22,C관(2공장),[55] 접착/ 멸균,검사45호기,45550.0,44850.0,98.46,1,78546.0,57.99
2026-01-22,C관(2공장),[55] 접착/ 멸균,검사46호기,46885.0,45980.0,98.07,1,78546.0,59.69
2026-01-22,C관(2공장),[55] 접착/ 멸균,검사47호기,56295.0,55510.0,98.61,1,78546.0,71.67
2026-01-22,C관(2공장),[55] 접착/ 멸균,검사48호기,54765.0,53790.0,98.22,1,78546.0,69.72
2026-01-22,C관(2공장),[80] 누수/규격검사,누수/규격검사(2공장),906977.0,901853.0,99.44,1,720000.0,125.97
2026-01-22,S관(3공장),[00] 배합,A형 인라인1호기,5999.0,5999.0,100.0,1,0.0,0.0
2026-01-22,S관(3공장),[00] 배합,B형 조립중합7호기,5940.0,5940.0,100.0,1,0.0,0.0
2026-01-22,S관(3공장),[10] 사출조립,A형 인라인1호기,37354.0,37354.0,100.0,1,43200.0,86.47
2026-01-22,S관(3공장),[10] 사출조립,A형 인라인3호기,20635.0,20635.0,100.0,1,43200.0,47.77
2026-01-22,S관(3공장),[10] 사출조립,A형 인라인5호기,34071.0,32301.0,94.8,1,43200.0,78.87
2026-01-22,S관(3공장),[10] 사출조립,B형 조립중합1호기,26568.0,21321.0,80.25,1,76800.0,34.59
2026-01-22,S관(3공장),[10] 사출조립,B형 조립중합7호기,29448.0,27337.0,92.83,1,76800.0,38.34
2026-01-22,S관(3공장),[20] 분리,B형 분리수화접착1호기,23442.0,18325.0,78.17,1,53170.0,44.09
2026-01-22,S관(3공장),[20] 분리,B형 분리수화접착2호기,24143.0,18278.0,75.71,1,53170.0,45.41
2026-01-22,S관(3공장),[20] 분리,B형 분리수화접착3호기,27753.0,23009.0,82.91,1,53170.0,52.2
2026-01-22,S관(3공장),[20] 분리,B형 분리수화접착4호기,24062.0,18617.0,77.37,1,53170.0,45.25
2026-01-22,S관(3공장),[20] 분리,B형 분리수화접착5호기,18094.0,14833.0,81.98,1,53170.0,34.03
2026-01-22,S관(3공장),[20] 분리,B형 분리수화접착6호기,20755.0,17027.0,82.04,1,53170.0,39.04
2026-01-22,S관(3공장),[20] 분리,B형 분리수화접착7호기,9334.0,7326.0,78.49,1,53170.0,17.56
2026-01-22,S관(3공장),[20] 분리,B형 분리수화접착8호기,20190.0,17828.0,88.3,1,53170.0,37.97
2026-01-22,S관(3공장),[20] 분리,CAM분리3호기,16732.0,13985.0,83.58,1,39273.0,42.6
2026-01-22,S관(3공장),[20] 분리,CAM분리4호기,16262.0,12418.0,76.36,1,39273.0,41.41
2026-01-22,S관(3공장),[45] 하이드레이션/전면검사,A형 인라인2호기,44514.0,44353.0,99.64,1,60000.0,74.19
2026-01-22,S관(3공장),[45] 하이드레이션/전면검사,B형 분리수화접착2호기,59264.0,59085.0,99.7,1,60000.0,98.77
2026-01-22,S관(3공장),[45] 하이드레이션/전면검사,B형 분리수화접착3호기,28661.0,28632.0,99.9,1,60000.0,47.77
2026-01-22,S관(3공장),[45] 하이드레이션/전면검사,B형 분리수화접착4호기,39642.0,39574.0,99.83,1,60000.0,66.07
2026-01-22,S관(3공장),[45] 하이드레이션/전면검사,B형 분리수화접착5호기,47073.0,47013.0,99.87,1,60000.0,78.46
2026-01-22,S관(3공장),[45] 하이드레이션/전면검사,S관 실리콘 자동수화기,127503.0,127272.0,99.82,1,240000.0,53.13
2026-01-22,S관(3공장),[55] 접착/ 멸균,A형 인라인1호기,20198.0,19620.0,97.14,1,54000.0,37.4
2026-01-22,S관(3공장),[55] 접착/ 멸균,A형 인라인2호기,32852.0,31877.0,97.03,1,54000.0,60.84
2026-01-22,S관(3공장),[55] 접착/ 멸균,A형 인라인3호기,20558.0,18310.0,89.07,1,54000.0,38.07
2026-01-22,S관(3공장),[55] 접착/ 멸균,A형 인라인4호기,33905.0,32540.0,95.97,1,54000.0,62.79
2026-01-22,S관(3공장),[55] 접착/ 멸균,A형 인라인5호기,14860.0,13110.0,88.22,1,54000.0,27.52
2026-01-22,S관(3공장),[55] 접착/ 멸균,A형 인라인6호기,40580.0,38925.0,95.92,1,54000.0,75.15
2026-01-22,S관(3공장),[80] 누수/규격검사,누수/규격검사(3공장),220125.0,217905.0,98.99,1,100645.0,218.71
2026-01-23,A관(1공장),[00] 배합,조립1호기,3066.0,3066.0,100.0,1,0.0,0.0
2026-01-23,A관(1공장),[00] 배합,조립2호기,1058.97,1058.97,100.0,1,0.0,0.0
2026-01-23,A관(1공장),[00] 배합,조립30호기,20000.0,20000.0,100.0,1,0.0,0.0
2026-01-23,A관(1공장),[00] 배합,조립31호기,27000.0,27000.0,100.0,1,0.0,0.0
2026-01-23,A관(1공장),[00] 배합,조립3호기,1022.95,1022.95,100.0,1,0.0,0.0
2026-01-23,A관(1공장),[00] 배합,조립5호기,20000.0,20000.0,100.0,1,0.0,0.0
2026-01-23,A관(1공장),[00] 배합,조립8호기,1979.0,1979.0,100.0,1,0.0,0.0
2026-01-23,A관(1공장),[10] 사출조립,조립1호기,9857.0,9857.0,100.0,1,43200.0,22.82
2026-01-23,A관(1공장),[10] 사출조립,조립2호기,4959.0,3711.0,74.83,1,43200.0,11.48
2026-01-23,A관(1공장),[10] 사출조립,조립30호기,46810.0,46810.0,100.0,1,86400.0,54.18
2026-01-23,A관(1공장),[10] 사출조립,조립31호기,97260.0,97260.0,100.0,1,86400.0,112.57
2026-01-23,A관(1공장),[10] 사출조립,조립3호기,26539.0,26039.0,98.12,1,43200.0,61.43
2026-01-23,A관(1공장),[10] 사출조립,조립5호기,12962.0,12962.0,100.0,1,43200.0,30.0
2026-01-23,A관(1공장),[10] 사출조립,조립7호기,7684.0,6723.0,87.49,1,43200.0,17.79
2026-01-23,A관(1공장),[10] 사출조립,조립8호기,37215.0,37215.0,100.0,1,43200.0,86.15
2026-01-23,A관(1공장),[20] 분리,분리10호기,17164.0,15195.0,88.53,1,17280.0,99.33
2026-01-23,A관(1공장),[20] 분리,분리11호기,1228.0,953.0,77.61,1,17280.0,7.11
2026-01-23,A관(1공장),[20] 분리,분리42호기(초음파),24191.0,20002.0,82.68,1,62837.0,38.5
2026-01-23,A관(1공장),[20] 분리,분리4호기,17199.0,14780.0,85.94,1,17280.0,99.53
2026-01-23,A관(1공장),[20] 분리,분리5호기,7709.0,6212.0,80.58,1,17280.0,44.61
2026-01-23,A관(1공장),[45] 하이드레이션/전면검사,1공장 실리콘수화기,18250.0,18250.0,100.0,1,0.0,0.0
2026-01-23,A관(1공장),[45] 하이드레이션/전면검사,워터배스1-2호기,24173.0,24173.0,100.0,1,30000.0,80.58
2026-01-23,A관(1공장),[45] 하이드레이션/전면검사,워터배스1-3호기,15272.0,15272.0,100.0,1,30000.0,50.91
2026-01-23,A관(1공장),[45] 하이드레이션/전면검사,워터배스1-4호기,17392.0,17392.0,100.0,1,30000.0,57.97
2026-01-23,A관(1공장),[45] 하이드레이션/전면검사,워터배스1-5호기,16498.0,16498.0,100.0,1,150000.0,11.0
2026-01-23,A관(1공장),[45] 하이드레이션/전면검사,워터배스1-6호기,3744.0,3744.0,100.0,1,150000.0,2.5
2026-01-23,A관(1공장),[55] 접착/ 멸균,검사10호기,2478.0,1772.0,71.51,1,13293.0,18.64
2026-01-23,A관(1공장),[55] 접착/ 멸균,검사11호기,13146.0,12420.0,94.48,1,13293.0,98.89
2026-01-23,A관(1공장),[55] 접착/ 멸균,검사14호기,4051.0,3540.0,87.39,1,13293.0,30.47
2026-01-23,A관(1공장),[55] 접착/ 멸균,검사15호기,150.0,150.0,100.0,1,13293.0,1.13
2026-01-23,A관(1공장),[55] 접착/ 멸균,검사16호기,3819.0,3302.0,86.46,1,13293.0,28.73
2026-01-23,A관(1공장),[55] 접착/ 멸균,검사17호기,10474.0,10218.0,97.56,1,13293.0,78.79
2026-01-23,A관(1공장),[55] 접착/ 멸균,검사18호기,11405.0,10218.0,89.59,1,13293.0,85.8
2026-01-23,A관(1공장),[55] 접착/ 멸균,검사20호기,12605.0,12406.0,98.42,1,13293.0,94.82
2026-01-23,A관(1공장),[55] 접착/ 멸균,검사21호기,3458.0,3326.0,96.18,1,13293.0,26.01
2026-01-23,A관(1공장),[55] 접착/ 멸균,검사22호기,5944.0,5827.0,98.03,1,13293.0,44.72
2026-01-23,A관(1공장),[55] 접착/ 멸균,검사23호기,6266.0,6024.0,96.14,1,13293.0,47.14
2026-01-23,A관(1공장),[55] 접착/ 멸균,검사6호기,1000.0,925.0,92.5,1,13293.0,7.52
2026-01-23,A관(1공장),[55] 접착/ 멸균,검사8호기,13731.0,13396.0,97.56,1,13293.0,103.29
2026-01-23,A관(1공장),[55] 접착/ 멸균,검사9호기,12150.0,11816.0,97.25,1,13293.0,91.4
2026-01-23,A관(1공장),[55] 접착/ 멸균,바이알캡핑기,5583.0,4384.0,78.52,1,0.0,0.0
2026-01-23,A관(1공장),[80] 누수/규격검사,누수/규격검사(1공장),99603.0,92806.0,93.18,1,112902.0,88.22
2026-01-23,C관(2공장),[00] 배합,조립10호기,20366.0,20366.0,100.0,1,0.0,0.0
2026-01-23,C관(2공장),[00] 배합,조립16호기,20365.89,20365.89,100.0,1,0.0,0.0
2026-01-23,C관(2공장),[00] 배합,조립27호기,20366.0,20366.0,100.0,1,0.0,0.0
2026-01-23,C관(2공장),[00] 배합,조립49호기,20365.87,20365.87,100.0,1,0.0,0.0
2026-01-23,C관(2공장),[00] 배합,조립50호기,20365.97,20365.97,100.0,1,0.0,0.0
2026-01-23,C관(2공장),[00] 배합,조립53호기,20366.0,20366.0,100.0,1,0.0,0.0
2026-01-23,C관(2공장),[10] 사출조립,조립10호기,27902.0,25997.0,93.17,1,43200.0,64.59
2026-01-23,C관(2공장),[10] 사출조립,조립11호기,29497.0,27806.0,94.27,1,43200.0,68.28
2026-01-23,C관(2공장),[10] 사출조립,조립12호기,31832.0,30282.0,95.13,1,0.0,0.0
2026-01-23,C관(2공장),[10] 사출조립,조립13호기,10794.0,6744.0,62.48,1,0.0,0.0
2026-01-23,C관(2공장),[10] 사출조립,조립14호기,29101.0,25672.0,88.22,1,43200.0,67.36
2026-01-23,C관(2공장),[10] 사출조립,조립15호기,40528.0,35838.0,88.43,1,43200.0,93.81
2026-01-23,C관(2공장),[10] 사출조립,조립16호기,17413.0,16495.0,94.73,1,43200.0,40.31
2026-01-23,C관(2공장),[10] 사출조립,조립17호기,62078.0,62078.0,100.0,1,43200.0,143.7
2026-01-23,C관(2공장),[10] 사출조립,조립18호기,5700.0,4254.0,74.63,1,43200.0,13.19
2026-01-23,C관(2공장),[10] 사출조립,조립19호기,56430.0,46108.0,81.71,1,43200.0,130.62
2026-01-23,C관(2공장),[10] 사출조립,조립22호기,29808.0,25158.0,84.4,1,43200.0,69.0
2026-01-23,C관(2공장),[10] 사출조립,조립23호기,32629.0,31029.0,95.1,1,43200.0,75.53
2026-01-23,C관(2공장),[10] 사출조립,조립24호기,29351.0,28294.0,96.4,1,43200.0,67.94
2026-01-23,C관(2공장),[10] 사출조립,조립26호기,35812.0,34393.0,96.04,1,43200.0,82.9
2026-01-23,C관(2공장),[10] 사출조립,조립27호기,29522.0,26933.0,91.23,1,43200.0,68.34
2026-01-23,C관(2공장),[10] 사출조립,조립40호기,10187.0,9587.0,94.11,1,43200.0,23.58
2026-01-23,C관(2공장),[10] 사출조립,조립42호기,42059.0,31713.0,75.4,1,43200.0,97.36
2026-01-23,C관(2공장),[10] 사출조립,조립44호기,24297.0,23557.0,96.95,1,43200.0,56.24
2026-01-23,C관(2공장),[10] 사출조립,조립45호기,32613.0,32408.0,99.37,1,43200.0,75.49
2026-01-23,C관(2공장),[10] 사출조립,조립46호기,28900.0,22658.0,78.4,1,43200.0,66.9
2026-01-23,C관(2공장),[10] 사출조립,조립47호기,35045.0,29479.0,84.12,1,43200.0,81.12
2026-01-23,C관(2공장),[10] 사출조립,조립48호기,24500.0,22949.0,93.67,1,43200.0,56.71
2026-01-23,C관(2공장),[10] 사출조립,조립49호기,29691.0,28375.0,95.57,1,43200.0,68.73
2026-01-23,C관(2공장),[10] 사출조립,조립50호기,32118.0,31947.0,99.47,1,43200.0,74.35
2026-01-23,C관(2공장),[10] 사출조립,조립51호기,30756.0,29142.0,94.75,1,43200.0,71.19
2026-01-23,C관(2공장),[10] 사출조립,조립52호기,24424.0,21113.0,86.44,1,43200.0,56.54
2026-01-23,C관(2공장),[10] 사출조립,조립53호기,28249.0,25157.0,89.05,1,43200.0,65.39
2026-01-23,C관(2공장),[10] 사출조립,조립54호기,55183.0,54707.0,99.14,1,43200.0,127.74
2026-01-23,C관(2공장),[10] 사출조립,조립55호기,40341.0,37262.0,92.37,1,43200.0,93.38
2026-01-23,C관(2공장),[10] 사출조립,조립56호기,43362.0,36324.0,83.77,1,43200.0,100.37
2026-01-23,C관(2공장),[10] 사출조립,조립57호기,36651.0,32304.0,88.14,1,43200.0,84.84
2026-01-23,C관(2공장),[10] 사출조립,조립58호기,34348.0,32117.0,93.5,1,43200.0,79.51
2026-01-23,C관(2공장),[10] 사출조립,조립59호기,28986.0,25775.0,88.92,1,43200.0,67.1
2026-01-23,C관(2공장),[20] 분리,분리12호기,3402.0,3080.0,90.53,1,0.0,0.0
2026-01-23,C관(2공장),[20] 분리,분리15호기,3783.0,3297.0,87.15,1,0.0,0.0
2026-01-23,C관(2공장),[20] 분리,분리16호기,43164.0,37060.0,85.86,1,61715.0,69.94
2026-01-23,C관(2공장),[20] 분리,분리17호기,48349.0,41661.0,86.17,1,61715.0,78.34
2026-01-23,C관(2공장),[20] 분리,분리18호기,50116.0,43278.0,86.36,1,61715.0,81.21
2026-01-23,C관(2공장),[20] 분리,분리19호기,46813.0,41711.0,89.1,1,61715.0,75.85
2026-01-23,C관(2공장),[20] 분리,분리20호기,40076.0,35261.0,87.99,1,61715.0,64.94
2026-01-23,C관(2공장),[20] 분리,분리21호기,31252.0,28807.0,92.18,1,61715.0,50.64
2026-01-23,C관(2공장),[20] 분리,분리22호기,41776.0,32608.0,78.05,1,61715.0,67.69
2026-01-23,C관(2공장),[20] 분리,분리23호기,45276.0,38012.0,83.96,1,61715.0,73.36
2026-01-23,C관(2공장),[20] 분리,분리24호기,22684.0,18882.0,83.24,1,61715.0,36.76
2026-01-23,C관(2공장),[20] 분리,분리25호기,48702.0,42656.0,87.59,1,61715.0,78.91
2026-01-23,C관(2공장),[20] 분리,분리26호기,47390.0,38545.0,81.34,1,54000.0,87.76
2026-01-23,C관(2공장),[20] 분리,분리27호기,36215.0,26774.0,73.93,1,54000.0,67.06
2026-01-23,C관(2공장),[20] 분리,분리28호기,45850.0,39862.0,86.94,1,54000.0,84.91
2026-01-23,C관(2공장),[20] 분리,분리29호기,48929.0,41997.0,85.83,1,54000.0,90.61
2026-01-23,C관(2공장),[20] 분리,분리30호기,48225.0,43100.0,89.37,1,54000.0,89.31
2026-01-23,C관(2공장),[20] 분리,분리31호기,54890.0,46372.0,84.48,1,54000.0,101.65
2026-01-23,C관(2공장),[20] 분리,분리32호기,49922.0,35755.0,71.62,1,54000.0,92.45
2026-01-23,C관(2공장),[20] 분리,분리33호기,29052.0,26041.0,89.64,1,54000.0,53.8
2026-01-23,C관(2공장),[20] 분리,분리34호기,36173.0,32227.0,89.09,1,54000.0,66.99
2026-01-23,C관(2공장),[20] 분리,분리35호기,36346.0,25951.0,71.4,1,54000.0,67.31
2026-01-23,C관(2공장),[20] 분리,분리36호기,29408.0,21663.0,73.66,1,54000.0,54.46
2026-01-23,C관(2공장),[20] 분리,분리37호기,33592.0,28472.0,84.76,1,54000.0,62.21
2026-01-23,C관(2공장),[20] 분리,분리43호기,32475.0,27491.0,84.65,1,54000.0,60.14
2026-01-23,C관(2공장),[45] 하이드레이션/전면검사,워터배스2-10호기,71614.0,71550.0,99.91,1,120000.0,59.68
2026-01-23,C관(2공장),[45] 하이드레이션/전면검사,워터배스2-11호기,120666.0,120550.0,99.9,1,150000.0,80.44
2026-01-23,C관(2공장),[45] 하이드레이션/전면검사,워터배스2-12호기,37386.0,35406.0,94.7,1,150000.0,24.92
2026-01-23,C관(2공장),[45] 하이드레이션/전면검사,워터배스2-13호기,68534.0,68435.0,99.86,1,150000.0,45.69
2026-01-23,C관(2공장),[45] 하이드레이션/전면검사,워터배스2-14호기,94891.0,94800.0,99.9,1,150000.0,63.26
2026-01-23,C관(2공장),[45] 하이드레이션/전면검사,워터배스2-1호기,77720.0,77623.0,99.88,1,120000.0,64.77
2026-01-23,C관(2공장),[45] 하이드레이션/전면검사,워터배스2-2호기,27693.0,27686.0,99.97,1,120000.0,23.08
2026-01-23,C관(2공장),[45] 하이드레이션/전면검사,워터배스2-3호기,61656.0,61605.0,99.92,1,120000.0,51.38
2026-01-23,C관(2공장),[45] 하이드레이션/전면검사,워터배스2-4호기,33215.0,33190.0,99.92,1,120000.0,27.68
2026-01-23,C관(2공장),[45] 하이드레이션/전면검사,워터배스2-5호기,70788.0,70675.0,99.84,1,120000.0,58.99
2026-01-23,C관(2공장),[45] 하이드레이션/전면검사,워터배스2-6호기,3160.0,3160.0,100.0,1,30000.0,10.53
2026-01-23,C관(2공장),[45] 하이드레이션/전면검사,워터배스2-7호기,57291.0,57245.0,99.92,1,120000.0,47.74
2026-01-23,C관(2공장),[45] 하이드레이션/전면검사,워터배스2-8호기,84152.0,84080.0,99.91,1,120000.0,70.13
2026-01-23,C관(2공장),[45] 하이드레이션/전면검사,워터배스2-9호기,112232.0,112100.0,99.88,1,120000.0,93.53
2026-01-23,C관(2공장),[55] 접착/ 멸균,검사32호기,14550.0,14080.0,96.77,1,0.0,0.0
2026-01-23,C관(2공장),[55] 접착/ 멸균,검사33호기,24925.0,24620.0,98.78,1,66462.0,37.5
2026-01-23,C관(2공장),[55] 접착/ 멸균,검사34호기,60975.0,60265.0,98.84,1,78546.0,77.63
2026-01-23,C관(2공장),[55] 접착/ 멸균,검사35호기,58460.0,57655.0,98.62,1,78546.0,74.43
2026-01-23,C관(2공장),[55] 접착/ 멸균,검사36호기,57240.0,56470.0,98.65,1,78546.0,72.87
2026-01-23,C관(2공장),[55] 접착/ 멸균,검사37호기,60350.0,59795.0,99.08,1,78546.0,76.83
2026-01-23,C관(2공장),[55] 접착/ 멸균,검사38호기,62220.0,61620.0,99.04,1,78546.0,79.21
2026-01-23,C관(2공장),[55] 접착/ 멸균,검사39호기,59035.0,58005.0,98.26,1,78546.0,75.16
2026-01-23,C관(2공장),[55] 접착/ 멸균,검사40호기,51535.0,50935.0,98.84,1,78546.0,65.61
2026-01-23,C관(2공장),[55] 접착/ 멸균,검사41호기,40407.0,37500.0,92.81,1,78546.0,51.44
2026-01-23,C관(2공장),[55] 접착/ 멸균,검사42호기,61300.0,60265.0,98.31,1,78546.0,78.04
2026-01-23,C관(2공장),[55] 접착/ 멸균,검사43호기,51480.0,50680.0,98.45,1,78546.0,65.54
2026-01-23,C관(2공장),[55] 접착/ 멸균,검사44호기,53755.0,53015.0,98.62,1,78546.0,68.44
2026-01-23,C관(2공장),[55] 접착/ 멸균,검사45호기,52940.0,52115.0,98.44,1,78546.0,67.4
2026-01-23,C관(2공장),[55] 접착/ 멸균,검사46호기,56850.0,55860.0,98.26,1,78546.0,72.38
2026-01-23,C관(2공장),[55] 접착/ 멸균,검사47호기,50405.0,49500.0,98.2,1,78546.0,64.17
2026-01-23,C관(2공장),[55] 접착/ 멸균,검사48호기,58170.0,57545.0,98.93,1,78546.0,74.06
2026-01-23,C관(2공장),[80] 누수/규격검사,누수/규격검사(2공장),851278.0,844349.0,99.19,1,720000.0,118.23
2026-01-23,S관(3공장),[00] 배합,A형 인라인3호기,5999.0,5999.0,100.0,1,0.0,0.0
2026-01-23,S관(3공장),[00] 배합,B형 조립중합1호기,6959.0,6959.0,100.0,1,0.0,0.0
2026-01-23,S관(3공장),[00] 배합,B형 조립중합7호기,5940.0,5940.0,100.0,1,0.0,0.0
2026-01-23,S관(3공장),[10] 사출조립,A형 인라인1호기,10967.0,10967.0,100.0,1,43200.0,25.39
2026-01-23,S관(3공장),[10] 사출조립,B형 조립중합1호기,26056.0,22765.0,87.37,1,76800.0,33.93
2026-01-23,S관(3공장),[10] 사출조립,B형 조립중합5호기,47464.0,42987.0,90.57,1,76800.0,61.8
2026-01-23,S관(3공장),[10] 사출조립,B형 조립중합6호기,8112.0,6959.0,85.79,1,76800.0,10.56
2026-01-23,S관(3공장),[10] 사출조립,B형 조립중합7호기,33808.0,32619.0,96.48,1,76800.0,44.02
2026-01-23,S관(3공장),[20] 분리,A형 인라인1호기,21318.0,18286.0,85.78,1,43200.0,49.35
2026-01-23,S관(3공장),[20] 분리,A형 인라인3호기,9174.0,7467.0,81.39,1,43200.0,21.24
2026-01-23,S관(3공장),[20] 분리,B형 분리수화접착1호기,22430.0,19446.0,86.7,1,53170.0,42.19
2026-01-23,S관(3공장),[20] 분리,B형 분리수화접착2호기,23644.0,17355.0,73.4,1,53170.0,44.47
2026-01-23,S관(3공장),[20] 분리,B형 분리수화접착3호기,25856.0,20313.0,78.56,1,53170.0,48.63
2026-01-23,S관(3공장),[20] 분리,B형 분리수화접착4호기,18596.0,15096.0,81.18,1,53170.0,34.97
2026-01-23,S관(3공장),[20] 분리,B형 분리수화접착5호기,18351.0,14618.0,79.66,1,53170.0,34.51
2026-01-23,S관(3공장),[20] 분리,B형 분리수화접착6호기,18972.0,15839.0,83.49,1,53170.0,35.68
2026-01-23,S관(3공장),[20] 분리,B형 분리수화접착7호기,1936.0,1415.0,73.09,1,53170.0,3.64
2026-01-23,S관(3공장),[20] 분리,B형 분리수화접착8호기,3554.0,3299.0,92.82,1,53170.0,6.68
2026-01-23,S관(3공장),[20] 분리,CAM분리3호기,9739.0,8224.0,84.44,1,39273.0,24.8
2026-01-23,S관(3공장),[20] 분리,CAM분리4호기,12031.0,9981.0,82.96,1,39273.0,30.63
2026-01-23,S관(3공장),[45] 하이드레이션/전면검사,A형 인라인2호기,33053.0,33004.0,99.85,1,60000.0,55.09
2026-01-23,S관(3공장),[45] 하이드레이션/전면검사,B형 분리수화접착2호기,23079.0,22998.0,99.65,1,60000.0,38.46
2026-01-23,S관(3공장),[45] 하이드레이션/전면검사,B형 분리수화접착3호기,28166.0,28154.0,99.96,1,60000.0,46.94
2026-01-23,S관(3공장),[45] 하이드레이션/전면검사,B형 분리수화접착4호기,36326.0,36291.0,99.9,1,60000.0,60.54
2026-01-23,S관(3공장),[45] 하이드레이션/전면검사,B형 분리수화접착5호기,34430.0,34366.0,99.81,1,60000.0,57.38
2026-01-23,S관(3공장),[45] 하이드레이션/전면검사,S관 실리콘 자동수화기,85026.0,84867.0,99.81,1,240000.0,35.43
2026-01-23,S관(3공장),[55] 접착/ 멸균,A형 인라인1호기,13869.0,13310.0,95.97,1,54000.0,25.68
2026-01-23,S관(3공장),[55] 접착/ 멸균,A형 인라인2호기,23499.0,21860.0,93.03,1,54000.0,43.52
2026-01-23,S관(3공장),[55] 접착/ 멸균,A형 인라인3호기,22532.0,21865.0,97.04,1,54000.0,41.73
2026-01-23,S관(3공장),[55] 접착/ 멸균,A형 인라인4호기,26276.0,25540.0,97.2,1,54000.0,48.66
2026-01-23,S관(3공장),[55] 접착/ 멸균,A형 인라인5호기,33416.0,31140.0,93.19,1,54000.0,61.88
2026-01-23,S관(3공장),[55] 접착/ 멸균,A형 인라인6호기,22967.0,22020.0,95.88,1,54000.0,42.53
2026-01-23,S관(3공장),[55] 접착/ 멸균,B형 분리수화접착1호기,1961.0,1885.0,96.12,1,0.0,0.0
2026-01-23,S관(3공장),[80] 누수/규격검사,누수/규격검사(3공장),183335.0,180810.0,98.62,1,100645.0,182.16
2026-01-24,A관(1공장),[00] 배합,조립7호기,2000.0,2000.0,100.0,1,0.0,0.0
2026-01-24,A관(1공장),[00] 배합,조립8호기,1979.0,1979.0,100.0,1,0.0,0.0
2026-01-24,A관(1공장),[10] 사출조립,조립1호기,34925.0,34925.0,100.0,1,43200.0,80.84
2026-01-24,A관(1공장),[10] 사출조립,조립2호기,4171.0,2792.0,66.94,1,43200.0,9.66
2026-01-24,A관(1공장),[10] 사출조립,조립30호기,93373.0,93373.0,100.0,1,86400.0,108.07
2026-01-24,A관(1공장),[10] 사출조립,조립31호기,100479.0,100479.0,100.0,1,86400.0,116.3
2026-01-24,A관(1공장),[10] 사출조립,조립3호기,32993.0,32993.0,100.0,1,43200.0,76.37
2026-01-24,A관(1공장),[10] 사출조립,조립5호기,36890.0,36890.0,100.0,1,43200.0,85.39
2026-01-24,A관(1공장),[10] 사출조립,조립7호기,4238.0,3700.0,87.31,1,43200.0,9.81
2026-01-24,A관(1공장),[10] 사출조립,조립8호기,38346.0,38346.0,100.0,1,43200.0,88.76
2026-01-24,A관(1공장),[20] 분리,분리10호기,15501.0,13867.0,89.46,1,17280.0,89.7
2026-01-24,A관(1공장),[20] 분리,분리11호기,14481.0,11668.0,80.57,1,17280.0,83.8
2026-01-24,A관(1공장),[20] 분리,분리3호기,12107.0,9693.0,80.06,1,17280.0,70.06
2026-01-24,A관(1공장),[20] 분리,분리4호기,15497.0,13099.0,84.53,1,17280.0,89.68
2026-01-24,A관(1공장),[45] 하이드레이션/전면검사,1공장 실리콘수화기,30937.0,30937.0,100.0,1,0.0,0.0
2026-01-24,A관(1공장),[45] 하이드레이션/전면검사,워터배스1-2호기,6831.0,6831.0,100.0,1,30000.0,22.77
2026-01-24,A관(1공장),[45] 하이드레이션/전면검사,워터배스1-3호기,28764.0,28764.0,100.0,1,30000.0,95.88
2026-01-24,A관(1공장),[45] 하이드레이션/전면검사,워터배스1-4호기,14234.0,14234.0,100.0,1,30000.0,47.45
2026-01-24,A관(1공장),[45] 하이드레이션/전면검사,워터배스1-5호기,31039.0,31039.0,100.0,1,150000.0,20.69
2026-01-24,A관(1공장),[55] 접착/ 멸균,검사10호기,5999.0,4852.0,80.88,1,13293.0,45.13
2026-01-24,A관(1공장),[55] 접착/ 멸균,검사11호기,11478.0,10624.0,92.56,1,13293.0,86.35
2026-01-24,A관(1공장),[55] 접착/ 멸균,검사14호기,11889.0,11154.0,93.82,1,13293.0,89.44
2026-01-24,A관(1공장),[55] 접착/ 멸균,검사16호기,1681.0,1552.0,92.33,1,13293.0,12.65
2026-01-24,A관(1공장),[55] 접착/ 멸균,검사17호기,12790.0,11994.0,93.78,1,13293.0,96.22
2026-01-24,A관(1공장),[55] 접착/ 멸균,검사18호기,6032.0,5147.0,85.33,1,13293.0,45.38
2026-01-24,A관(1공장),[55] 접착/ 멸균,검사20호기,12289.0,12139.0,98.78,1,13293.0,92.45
2026-01-24,A관(1공장),[55] 접착/ 멸균,검사21호기,3074.0,2870.0,93.36,1,13293.0,23.12
2026-01-24,A관(1공장),[55] 접착/ 멸균,검사22호기,8149.0,6578.0,80.72,1,13293.0,61.3
2026-01-24,A관(1공장),[55] 접착/ 멸균,검사23호기,17580.0,16961.0,96.48,1,13293.0,132.25
2026-01-24,A관(1공장),[55] 접착/ 멸균,검사6호기,4729.0,4127.0,87.27,1,13293.0,35.58
2026-01-24,A관(1공장),[55] 접착/ 멸균,검사7호기,1930.0,1794.0,92.95,1,13293.0,14.52
2026-01-24,A관(1공장),[55] 접착/ 멸균,검사8호기,10413.0,10048.0,96.49,1,13293.0,78.33
2026-01-24,A관(1공장),[55] 접착/ 멸균,검사9호기,6977.0,6688.0,95.86,1,13293.0,52.49
2026-01-24,A관(1공장),[55] 접착/ 멸균,바이알캡핑기,3985.0,3630.0,91.09,1,0.0,0.0
2026-01-24,A관(1공장),[80] 누수/규격검사,누수/규격검사(1공장),91425.0,87726.0,95.95,1,112902.0,80.98
2026-01-24,C관(2공장),[00] 배합,조립23호기,9858.0,9858.0,100.0,1,0.0,0.0
2026-01-24,C관(2공장),[00] 배합,조립49호기,20366.0,20366.0,100.0,1,0.0,0.0
2026-01-24,C관(2공장),[00] 배합,조립52호기,20366.0,20366.0,100.0,1,0.0,0.0
2026-01-24,C관(2공장),[10] 사출조립,조립10호기,24599.0,21226.0,86.29,1,43200.0,56.94
2026-01-24,C관(2공장),[10] 사출조립,조립11호기,33726.0,33572.0,99.54,1,43200.0,78.07
2026-01-24,C관(2공장),[10] 사출조립,조립12호기,39058.0,33134.0,84.83,1,0.0,0.0
2026-01-24,C관(2공장),[10] 사출조립,조립13호기,49391.0,45262.0,91.64,1,0.0,0.0
2026-01-24,C관(2공장),[10] 사출조립,조립14호기,25911.0,25311.0,97.68,1,43200.0,59.98
2026-01-24,C관(2공장),[10] 사출조립,조립15호기,23489.0,23449.0,99.83,1,43200.0,54.37
2026-01-24,C관(2공장),[10] 사출조립,조립16호기,29222.0,29172.0,99.83,1,43200.0,67.64
2026-01-24,C관(2공장),[10] 사출조립,조립17호기,39837.0,37747.0,94.75,1,43200.0,92.22
2026-01-24,C관(2공장),[10] 사출조립,조립18호기,26260.0,21956.0,83.61,1,43200.0,60.79
2026-01-24,C관(2공장),[10] 사출조립,조립19호기,28620.0,26830.0,93.75,1,43200.0,66.25
2026-01-24,C관(2공장),[10] 사출조립,조립22호기,60982.0,50553.0,82.9,1,43200.0,141.16
2026-01-24,C관(2공장),[10] 사출조립,조립24호기,29204.0,26211.0,89.75,1,43200.0,67.6
2026-01-24,C관(2공장),[10] 사출조립,조립25호기,25164.0,23173.0,92.09,1,43200.0,58.25
2026-01-24,C관(2공장),[10] 사출조립,조립26호기,27062.0,25110.0,92.79,1,43200.0,62.64
2026-01-24,C관(2공장),[10] 사출조립,조립27호기,20771.0,18375.0,88.46,1,43200.0,48.08
2026-01-24,C관(2공장),[10] 사출조립,조립40호기,48121.0,45575.0,94.71,1,43200.0,111.39
2026-01-24,C관(2공장),[10] 사출조립,조립42호기,27551.0,25723.0,93.37,1,43200.0,63.78
2026-01-24,C관(2공장),[10] 사출조립,조립44호기,22461.0,17072.0,76.01,1,43200.0,51.99
2026-01-24,C관(2공장),[10] 사출조립,조립45호기,29169.0,28019.0,96.06,1,43200.0,67.52
2026-01-24,C관(2공장),[10] 사출조립,조립46호기,54721.0,50857.0,92.94,1,43200.0,126.67
2026-01-24,C관(2공장),[10] 사출조립,조립47호기,29100.0,17301.0,59.45,1,43200.0,67.36
2026-01-24,C관(2공장),[10] 사출조립,조립48호기,30811.0,30741.0,99.77,1,43200.0,71.32
2026-01-24,C관(2공장),[10] 사출조립,조립50호기,25600.0,23644.0,92.36,1,43200.0,59.26
2026-01-24,C관(2공장),[10] 사출조립,조립51호기,34685.0,28950.0,83.47,1,43200.0,80.29
2026-01-24,C관(2공장),[10] 사출조립,조립52호기,11516.0,9724.0,84.44,1,43200.0,26.66
2026-01-24,C관(2공장),[10] 사출조립,조립53호기,25857.0,24216.0,93.65,1,43200.0,59.85
2026-01-24,C관(2공장),[10] 사출조립,조립54호기,43353.0,39287.0,90.62,1,43200.0,100.35
2026-01-24,C관(2공장),[10] 사출조립,조립55호기,56913.0,55380.0,97.31,1,43200.0,131.74
2026-01-24,C관(2공장),[10] 사출조립,조립56호기,16443.0,8828.0,53.69,1,43200.0,38.06
2026-01-24,C관(2공장),[10] 사출조립,조립57호기,6701.0,5892.0,87.93,1,43200.0,15.51
2026-01-24,C관(2공장),[10] 사출조립,조립58호기,20190.0,18676.0,92.5,1,43200.0,46.74
2026-01-24,C관(2공장),[10] 사출조립,조립59호기,56305.0,48909.0,86.86,1,43200.0,130.34
2026-01-24,C관(2공장),[20] 분리,분리16호기,43631.0,37254.0,85.38,1,61715.0,70.7
2026-01-24,C관(2공장),[20] 분리,분리17호기,45913.0,39226.0,85.44,1,61715.0,74.4
2026-01-24,C관(2공장),[20] 분리,분리18호기,41119.0,34201.0,83.18,1,61715.0,66.63
2026-01-24,C관(2공장),[20] 분리,분리19호기,28354.0,22868.0,80.65,1,61715.0,45.94
2026-01-24,C관(2공장),[20] 분리,분리20호기,45191.0,38124.0,84.36,1,61715.0,73.23
2026-01-24,C관(2공장),[20] 분리,분리21호기,29798.0,26998.0,90.6,1,61715.0,48.28
2026-01-24,C관(2공장),[20] 분리,분리22호기,48026.0,37309.0,77.69,1,61715.0,77.82
2026-01-24,C관(2공장),[20] 분리,분리23호기,48157.0,39707.0,82.45,1,61715.0,78.03
2026-01-24,C관(2공장),[20] 분리,분리24호기,48784.0,42270.0,86.65,1,61715.0,79.05
2026-01-24,C관(2공장),[20] 분리,분리25호기,46907.0,40640.0,86.64,1,61715.0,76.01
2026-01-24,C관(2공장),[20] 분리,분리26호기,37217.0,26984.0,72.5,1,54000.0,68.92
2026-01-24,C관(2공장),[20] 분리,분리27호기,42622.0,35966.0,84.38,1,54000.0,78.93
2026-01-24,C관(2공장),[20] 분리,분리28호기,46616.0,39079.0,83.83,1,54000.0,86.33
2026-01-24,C관(2공장),[20] 분리,분리29호기,50935.0,42904.0,84.23,1,54000.0,94.32
2026-01-24,C관(2공장),[20] 분리,분리30호기,33386.0,29750.0,89.11,1,54000.0,61.83
2026-01-24,C관(2공장),[20] 분리,분리31호기,53759.0,45391.0,84.43,1,54000.0,99.55
2026-01-24,C관(2공장),[20] 분리,분리32호기,41767.0,36279.0,86.86,1,54000.0,77.35
2026-01-24,C관(2공장),[20] 분리,분리33호기,40613.0,35517.0,87.45,1,54000.0,75.21
2026-01-24,C관(2공장),[20] 분리,분리34호기,41015.0,35820.0,87.33,1,54000.0,75.95
2026-01-24,C관(2공장),[20] 분리,분리35호기,44100.0,33834.0,76.72,1,54000.0,81.67
2026-01-24,C관(2공장),[20] 분리,분리36호기,52273.0,42305.0,80.93,1,54000.0,96.8
2026-01-24,C관(2공장),[20] 분리,분리37호기,39563.0,32777.0,82.85,1,54000.0,73.26
2026-01-24,C관(2공장),[20] 분리,분리43호기,37405.0,31319.0,83.73,1,54000.0,69.27
2026-01-24,C관(2공장),[45] 하이드레이션/전면검사,워터배스2-10호기,64314.0,64255.0,99.91,1,120000.0,53.6
2026-01-24,C관(2공장),[45] 하이드레이션/전면검사,워터배스2-11호기,65746.0,65645.0,99.85,1,150000.0,43.83
2026-01-24,C관(2공장),[45] 하이드레이션/전면검사,워터배스2-12호기,40890.0,39447.0,96.47,1,150000.0,27.26
2026-01-24,C관(2공장),[45] 하이드레이션/전면검사,워터배스2-13호기,101117.0,100985.0,99.87,1,150000.0,67.41
2026-01-24,C관(2공장),[45] 하이드레이션/전면검사,워터배스2-14호기,69178.0,69065.0,99.84,1,150000.0,46.12
2026-01-24,C관(2공장),[45] 하이드레이션/전면검사,워터배스2-1호기,69705.0,69645.0,99.91,1,120000.0,58.09
2026-01-24,C관(2공장),[45] 하이드레이션/전면검사,워터배스2-2호기,38839.0,38805.0,99.91,1,120000.0,32.37
2026-01-24,C관(2공장),[45] 하이드레이션/전면검사,워터배스2-3호기,78580.0,78515.0,99.92,1,120000.0,65.48
2026-01-24,C관(2공장),[45] 하이드레이션/전면검사,워터배스2-4호기,77152.0,77080.0,99.91,1,120000.0,64.29
2026-01-24,C관(2공장),[45] 하이드레이션/전면검사,워터배스2-5호기,18928.0,18920.0,99.96,1,120000.0,15.77
2026-01-24,C관(2공장),[45] 하이드레이션/전면검사,워터배스2-7호기,43416.0,43375.0,99.91,1,120000.0,36.18
2026-01-24,C관(2공장),[45] 하이드레이션/전면검사,워터배스2-8호기,51080.0,51040.0,99.92,1,120000.0,42.57
2026-01-24,C관(2공장),[45] 하이드레이션/전면검사,워터배스2-9호기,59520.0,56640.0,95.16,1,120000.0,49.6
2026-01-24,C관(2공장),[55] 접착/ 멸균,검사32호기,21010.0,20795.0,98.98,1,0.0,0.0
2026-01-24,C관(2공장),[55] 접착/ 멸균,검사33호기,26705.0,26215.0,98.17,1,66462.0,40.18
2026-01-24,C관(2공장),[55] 접착/ 멸균,검사34호기,51750.0,51210.0,98.96,1,78546.0,65.88
2026-01-24,C관(2공장),[55] 접착/ 멸균,검사35호기,58040.0,57405.0,98.91,1,78546.0,73.89
2026-01-24,C관(2공장),[55] 접착/ 멸균,검사36호기,52175.0,51565.0,98.83,1,78546.0,66.43
2026-01-24,C관(2공장),[55] 접착/ 멸균,검사37호기,62050.0,61375.0,98.91,1,78546.0,79.0
2026-01-24,C관(2공장),[55] 접착/ 멸균,검사38호기,55115.0,54520.0,98.92,1,78546.0,70.17
2026-01-24,C관(2공장),[55] 접착/ 멸균,검사39호기,46240.0,45555.0,98.52,1,78546.0,58.87
2026-01-24,C관(2공장),[55] 접착/ 멸균,검사40호기,54315.0,53580.0,98.65,1,78546.0,69.15
2026-01-24,C관(2공장),[55] 접착/ 멸균,검사41호기,34233.0,33738.0,98.55,1,78546.0,43.58
2026-01-24,C관(2공장),[55] 접착/ 멸균,검사42호기,56495.0,55585.0,98.39,1,78546.0,71.93
2026-01-24,C관(2공장),[55] 접착/ 멸균,검사43호기,57655.0,56715.0,98.37,1,78546.0,73.4
2026-01-24,C관(2공장),[55] 접착/ 멸균,검사44호기,50130.0,49545.0,98.83,1,78546.0,63.82
2026-01-24,C관(2공장),[55] 접착/ 멸균,검사45호기,46710.0,45840.0,98.14,1,78546.0,59.47
2026-01-24,C관(2공장),[55] 접착/ 멸균,검사46호기,50685.0,49920.0,98.49,1,78546.0,64.53
2026-01-24,C관(2공장),[55] 접착/ 멸균,검사47호기,55425.0,54030.0,97.48,1,78546.0,70.56
2026-01-24,C관(2공장),[55] 접착/ 멸균,검사48호기,54380.0,53585.0,98.54,1,78546.0,69.23
2026-01-24,C관(2공장),[80] 누수/규격검사,누수/규격검사(2공장),779137.0,770272.0,98.86,1,720000.0,108.21
2026-01-24,S관(3공장),[00] 배합,A형 인라인1호기,15738.0,15738.0,100.0,1,0.0,0.0
2026-01-24,S관(3공장),[00] 배합,B형 조립중합5호기,13860.0,13860.0,100.0,1,0.0,0.0
2026-01-24,S관(3공장),[10] 사출조립,A형 인라인1호기,9942.0,9942.0,100.0,1,43200.0,23.01
2026-01-24,S관(3공장),[10] 사출조립,A형 인라인2호기,61298.0,61298.0,100.0,1,43200.0,141.89
2026-01-24,S관(3공장),[10] 사출조립,A형 인라인3호기,40088.0,40088.0,100.0,1,43200.0,92.8
2026-01-24,S관(3공장),[10] 사출조립,B형 조립중합1호기,18256.0,13399.0,73.4,1,76800.0,23.77
2026-01-24,S관(3공장),[10] 사출조립,B형 조립중합5호기,16152.0,13586.0,84.11,1,76800.0,21.03
2026-01-24,S관(3공장),[10] 사출조립,B형 조립중합7호기,31097.0,29834.0,95.94,1,76800.0,40.49
2026-01-24,S관(3공장),[10] 사출조립,B형 조립중합8호기,8968.0,8673.0,96.71,1,0.0,0.0
2026-01-24,S관(3공장),[20] 분리,A형 인라인2호기,21434.0,19250.0,89.81,1,43200.0,49.62
2026-01-24,S관(3공장),[20] 분리,A형 인라인3호기,20729.0,17697.0,85.37,1,43200.0,47.98
2026-01-24,S관(3공장),[20] 분리,B형 분리수화접착1호기,13170.0,10555.0,80.14,1,53170.0,24.77
2026-01-24,S관(3공장),[20] 분리,B형 분리수화접착2호기,12561.0,9207.0,73.3,1,53170.0,23.62
2026-01-24,S관(3공장),[20] 분리,B형 분리수화접착3호기,24973.0,18343.0,73.45,1,53170.0,46.97
2026-01-24,S관(3공장),[20] 분리,B형 분리수화접착4호기,23977.0,17682.0,73.75,1,53170.0,45.09
2026-01-24,S관(3공장),[20] 분리,B형 분리수화접착5호기,21111.0,18076.0,85.62,1,53170.0,39.7
2026-01-24,S관(3공장),[20] 분리,B형 분리수화접착6호기,13836.0,10260.0,74.15,1,53170.0,26.02
2026-01-24,S관(3공장),[20] 분리,B형 분리수화접착7호기,17447.0,14080.0,80.7,1,53170.0,32.81
2026-01-24,S관(3공장),[20] 분리,B형 분리수화접착8호기,11831.0,9933.0,83.96,1,53170.0,22.25
2026-01-24,S관(3공장),[20] 분리,CAM분리3호기,4329.0,3692.0,85.29,1,39273.0,11.02
2026-01-24,S관(3공장),[20] 분리,CAM분리4호기,7314.0,5956.0,81.43,1,39273.0,18.62
2026-01-24,S관(3공장),[45] 하이드레이션/전면검사,A형 인라인2호기,20443.0,20327.0,99.43,1,60000.0,34.07
2026-01-24,S관(3공장),[45] 하이드레이션/전면검사,B형 분리수화접착2호기,19362.0,19356.0,99.97,1,60000.0,32.27
2026-01-24,S관(3공장),[45] 하이드레이션/전면검사,B형 분리수화접착3호기,32079.0,32044.0,99.89,1,60000.0,53.46
2026-01-24,S관(3공장),[45] 하이드레이션/전면검사,B형 분리수화접착4호기,19716.0,19715.0,99.99,1,60000.0,32.86
2026-01-24,S관(3공장),[45] 하이드레이션/전면검사,B형 분리수화접착5호기,27464.0,27422.0,99.85,1,60000.0,45.77
2026-01-24,S관(3공장),[45] 하이드레이션/전면검사,S관 실리콘 자동수화기,79864.0,79676.0,99.76,1,240000.0,33.28
2026-01-24,S관(3공장),[55] 접착/ 멸균,A형 인라인1호기,11756.0,10970.0,93.31,1,54000.0,21.77
2026-01-24,S관(3공장),[55] 접착/ 멸균,A형 인라인2호기,17971.0,15830.0,88.09,1,54000.0,33.28
2026-01-24,S관(3공장),[55] 접착/ 멸균,A형 인라인3호기,14132.0,13685.0,96.84,1,54000.0,26.17
2026-01-24,S관(3공장),[55] 접착/ 멸균,A형 인라인4호기,32147.0,31370.0,97.58,1,54000.0,59.53
2026-01-24,S관(3공장),[55] 접착/ 멸균,A형 인라인5호기,27134.0,25435.0,93.74,1,54000.0,50.25
2026-01-24,S관(3공장),[55] 접착/ 멸균,A형 인라인6호기,35572.0,32965.0,92.67,1,54000.0,65.87
2026-01-24,S관(3공장),[55] 접착/ 멸균,B형 분리수화접착1호기,7408.0,7250.0,97.87,1,0.0,0.0
2026-01-24,S관(3공장),[80] 누수/규격검사,누수/규격검사(3공장),162250.0,160475.0,98.91,1,100645.0,161.21
2026-01-25,A관(1공장),[10] 사출조립,조립1호기,34281.0,34281.0,100.0,1,43200.0,79.35
2026-01-25,A관(1공장),[10] 사출조립,조립2호기,8124.0,5039.0,62.03,1,43200.0,18.81
2026-01-25,A관(1공장),[10] 사출조립,조립30호기,50001.0,50001.0,100.0,1,86400.0,57.87
2026-01-25,A관(1공장),[10] 사출조립,조립31호기,49147.0,49147.0,100.0,1,86400.0,56.88
2026-01-25,A관(1공장),[10] 사출조립,조립3호기,17981.0,17460.0,97.1,1,43200.0,41.62
2026-01-25,A관(1공장),[10] 사출조립,조립5호기,36832.0,36832.0,100.0,1,43200.0,85.26
2026-01-25,A관(1공장),[10] 사출조립,조립7호기,9165.0,9165.0,100.0,1,43200.0,21.22
2026-01-25,A관(1공장),[10] 사출조립,조립8호기,39293.0,39293.0,100.0,1,43200.0,90.96
2026-01-25,A관(1공장),[20] 분리,분리10호기,14970.0,12310.0,82.23,1,17280.0,86.63
2026-01-25,A관(1공장),[20] 분리,분리11호기,14806.0,12658.0,85.49,1,17280.0,85.68
2026-01-25,A관(1공장),[20] 분리,분리3호기,8873.0,6421.0,72.37,1,17280.0,51.35
2026-01-25,A관(1공장),[20] 분리,분리4호기,17250.0,14932.0,86.56,1,17280.0,99.83
2026-01-25,A관(1공장),[20] 분리,분리5호기,4506.0,3508.0,77.85,1,17280.0,26.08
2026-01-25,A관(1공장),[45] 하이드레이션/전면검사,워터배스1-2호기,22171.0,22171.0,100.0,1,30000.0,73.9
2026-01-25,A관(1공장),[45] 하이드레이션/전면검사,워터배스1-3호기,7438.0,7438.0,100.0,1,30000.0,24.79
2026-01-25,A관(1공장),[45] 하이드레이션/전면검사,워터배스1-4호기,19068.0,19068.0,100.0,1,30000.0,63.56
2026-01-25,A관(1공장),[45] 하이드레이션/전면검사,워터배스1-5호기,40155.0,40155.0,100.0,1,150000.0,26.77
2026-01-25,A관(1공장),[55] 접착/ 멸균,검사10호기,5761.0,4456.0,77.35,1,13293.0,43.34
2026-01-25,A관(1공장),[55] 접착/ 멸균,검사11호기,9351.0,8686.0,92.89,1,13293.0,70.35
2026-01-25,A관(1공장),[55] 접착/ 멸균,검사17호기,4017.0,3467.0,86.31,1,13293.0,30.22
2026-01-25,A관(1공장),[55] 접착/ 멸균,검사18호기,7610.0,7124.0,93.61,1,13293.0,57.25
2026-01-25,A관(1공장),[55] 접착/ 멸균,검사20호기,11710.0,11520.0,98.38,1,13293.0,88.09
2026-01-25,A관(1공장),[55] 접착/ 멸균,검사22호기,7745.0,7142.0,92.21,1,13293.0,58.26
2026-01-25,A관(1공장),[55] 접착/ 멸균,검사23호기,6661.0,6514.0,97.79,1,13293.0,50.11
2026-01-25,A관(1공장),[55] 접착/ 멸균,검사6호기,2957.0,2658.0,89.89,1,13293.0,22.24
2026-01-25,A관(1공장),[55] 접착/ 멸균,검사8호기,12313.0,12106.0,98.32,1,13293.0,92.63
2026-01-25,A관(1공장),[55] 접착/ 멸균,검사9호기,11916.0,11734.0,98.47,1,13293.0,89.64
2026-01-25,A관(1공장),[80] 누수/규격검사,누수/규격검사(1공장),75893.0,72984.0,96.17,1,112902.0,67.22
2026-01-25,C관(2공장),[10] 사출조립,조립10호기,14435.0,9615.0,66.61,1,43200.0,33.41
2026-01-25,C관(2공장),[10] 사출조립,조립11호기,31710.0,31677.0,99.9,1,43200.0,73.4
2026-01-25,C관(2공장),[10] 사출조립,조립12호기,24530.0,24530.0,100.0,1,0.0,0.0
2026-01-25,C관(2공장),[10] 사출조립,조립13호기,23671.0,22075.0,93.26,1,0.0,0.0
2026-01-25,C관(2공장),[10] 사출조립,조립14호기,33223.0,28668.0,86.29,1,43200.0,76.91
2026-01-25,C관(2공장),[10] 사출조립,조립15호기,26471.0,25270.0,95.46,1,43200.0,61.28
2026-01-25,C관(2공장),[10] 사출조립,조립16호기,25347.0,24505.0,96.68,1,43200.0,58.67
2026-01-25,C관(2공장),[10] 사출조립,조립17호기,30371.0,30041.0,98.91,1,43200.0,70.3
2026-01-25,C관(2공장),[10] 사출조립,조립18호기,24612.0,24453.0,99.35,1,43200.0,56.97
2026-01-25,C관(2공장),[10] 사출조립,조립19호기,31646.0,30528.0,96.47,1,43200.0,73.25
2026-01-25,C관(2공장),[10] 사출조립,조립22호기,16432.0,15201.0,92.51,1,43200.0,38.04
2026-01-25,C관(2공장),[10] 사출조립,조립23호기,4045.0,4045.0,100.0,1,43200.0,9.36
2026-01-25,C관(2공장),[10] 사출조립,조립24호기,58085.0,54694.0,94.16,1,43200.0,134.46
2026-01-25,C관(2공장),[10] 사출조립,조립25호기,31874.0,30253.0,94.91,1,43200.0,73.78
2026-01-25,C관(2공장),[10] 사출조립,조립26호기,27782.0,24084.0,86.69,1,43200.0,64.31
2026-01-25,C관(2공장),[10] 사출조립,조립27호기,28251.0,25534.0,90.38,1,43200.0,65.4
2026-01-25,C관(2공장),[10] 사출조립,조립40호기,17863.0,17817.0,99.74,1,43200.0,41.35
2026-01-25,C관(2공장),[10] 사출조립,조립42호기,27670.0,27618.0,99.81,1,43200.0,64.05
2026-01-25,C관(2공장),[10] 사출조립,조립44호기,25622.0,21300.0,83.13,1,43200.0,59.31
2026-01-25,C관(2공장),[10] 사출조립,조립45호기,56614.0,52464.0,92.67,1,43200.0,131.05
2026-01-25,C관(2공장),[10] 사출조립,조립46호기,25698.0,24248.0,94.36,1,43200.0,59.49
2026-01-25,C관(2공장),[10] 사출조립,조립47호기,26357.0,25841.0,98.04,1,43200.0,61.01
2026-01-25,C관(2공장),[10] 사출조립,조립48호기,31128.0,30444.0,97.8,1,43200.0,72.06
2026-01-25,C관(2공장),[10] 사출조립,조립49호기,50708.0,47988.0,94.64,1,43200.0,117.38
2026-01-25,C관(2공장),[10] 사출조립,조립50호기,28186.0,28107.0,99.72,1,43200.0,65.25
2026-01-25,C관(2공장),[10] 사출조립,조립51호기,48954.0,47374.0,96.77,1,43200.0,113.32
2026-01-25,C관(2공장),[10] 사출조립,조립52호기,13833.0,8094.0,58.51,1,43200.0,32.02
2026-01-25,C관(2공장),[10] 사출조립,조립53호기,29289.0,29238.0,99.83,1,43200.0,67.8
2026-01-25,C관(2공장),[10] 사출조립,조립54호기,31537.0,29825.0,94.57,1,43200.0,73.0
2026-01-25,C관(2공장),[10] 사출조립,조립55호기,18912.0,12939.0,68.42,1,43200.0,43.78
2026-01-25,C관(2공장),[10] 사출조립,조립56호기,42001.0,38946.0,92.73,1,43200.0,97.22
2026-01-25,C관(2공장),[10] 사출조립,조립57호기,30367.0,29391.0,96.79,1,43200.0,70.29
2026-01-25,C관(2공장),[10] 사출조립,조립58호기,29895.0,29754.0,99.53,1,43200.0,69.2
2026-01-25,C관(2공장),[10] 사출조립,조립59호기,28979.0,24952.0,86.1,1,43200.0,67.08
2026-01-25,C관(2공장),[20] 분리,분리16호기,38744.0,32277.0,83.31,1,61715.0,62.78
2026-01-25,C관(2공장),[20] 분리,분리17호기,41537.0,34882.0,83.98,1,61715.0,67.3
2026-01-25,C관(2공장),[20] 분리,분리18호기,47509.0,37951.0,79.88,1,61715.0,76.98
2026-01-25,C관(2공장),[20] 분리,분리19호기,42605.0,36260.0,85.11,1,61715.0,69.04
2026-01-25,C관(2공장),[20] 분리,분리20호기,44446.0,39066.0,87.9,1,61715.0,72.02
2026-01-25,C관(2공장),[20] 분리,분리21호기,46861.0,42692.0,91.1,1,61715.0,75.93
2026-01-25,C관(2공장),[20] 분리,분리22호기,48389.0,41173.0,85.09,1,61715.0,78.41
2026-01-25,C관(2공장),[20] 분리,분리23호기,50005.0,41681.0,83.35,1,61715.0,81.03
2026-01-25,C관(2공장),[20] 분리,분리24호기,49013.0,43646.0,89.05,1,61715.0,79.42
2026-01-25,C관(2공장),[20] 분리,분리25호기,47007.0,40841.0,86.88,1,61715.0,76.17
2026-01-25,C관(2공장),[20] 분리,분리26호기,42501.0,35701.0,84.0,1,54000.0,78.71
2026-01-25,C관(2공장),[20] 분리,분리27호기,42438.0,34530.0,81.37,1,54000.0,78.59
2026-01-25,C관(2공장),[20] 분리,분리28호기,45829.0,39024.0,85.15,1,54000.0,84.87
2026-01-25,C관(2공장),[20] 분리,분리29호기,47677.0,38475.0,80.7,1,54000.0,88.29
2026-01-25,C관(2공장),[20] 분리,분리30호기,46582.0,39629.0,85.07,1,54000.0,86.26
2026-01-25,C관(2공장),[20] 분리,분리31호기,47042.0,39957.0,84.94,1,54000.0,87.11
2026-01-25,C관(2공장),[20] 분리,분리32호기,29426.0,26502.0,90.06,1,54000.0,54.49
2026-01-25,C관(2공장),[20] 분리,분리33호기,52236.0,47560.0,91.05,1,54000.0,96.73
2026-01-25,C관(2공장),[20] 분리,분리34호기,47122.0,40175.0,85.26,1,54000.0,87.26
2026-01-25,C관(2공장),[20] 분리,분리35호기,42495.0,32211.0,75.8,1,54000.0,78.69
2026-01-25,C관(2공장),[20] 분리,분리36호기,52948.0,45094.0,85.17,1,54000.0,98.05
2026-01-25,C관(2공장),[20] 분리,분리37호기,36647.0,31182.0,85.09,1,54000.0,67.86
2026-01-25,C관(2공장),[20] 분리,분리43호기,40430.0,34529.0,85.4,1,54000.0,74.87
2026-01-25,C관(2공장),[45] 하이드레이션/전면검사,워터배스2-10호기,64286.0,64235.0,99.92,1,120000.0,53.57
2026-01-25,C관(2공장),[45] 하이드레이션/전면검사,워터배스2-11호기,87801.0,87690.0,99.87,1,150000.0,58.53
2026-01-25,C관(2공장),[45] 하이드레이션/전면검사,워터배스2-12호기,54259.0,54170.0,99.84,1,150000.0,36.17
2026-01-25,C관(2공장),[45] 하이드레이션/전면검사,워터배스2-13호기,78466.0,76800.0,97.88,1,150000.0,52.31
2026-01-25,C관(2공장),[45] 하이드레이션/전면검사,워터배스2-14호기,64091.0,63535.0,99.13,1,150000.0,42.73
2026-01-25,C관(2공장),[45] 하이드레이션/전면검사,워터배스2-1호기,21364.0,21335.0,99.86,1,120000.0,17.8
2026-01-25,C관(2공장),[45] 하이드레이션/전면검사,워터배스2-2호기,39992.0,39950.0,99.89,1,120000.0,33.33
2026-01-25,C관(2공장),[45] 하이드레이션/전면검사,워터배스2-3호기,38620.0,38580.0,99.9,1,120000.0,32.18
2026-01-25,C관(2공장),[45] 하이드레이션/전면검사,워터배스2-4호기,62931.0,62895.0,99.94,1,120000.0,52.44
2026-01-25,C관(2공장),[45] 하이드레이션/전면검사,워터배스2-5호기,72670.0,72575.0,99.87,1,120000.0,60.56
2026-01-25,C관(2공장),[45] 하이드레이션/전면검사,워터배스2-7호기,69323.0,69275.0,99.93,1,120000.0,57.77
2026-01-25,C관(2공장),[45] 하이드레이션/전면검사,워터배스2-8호기,51982.0,51940.0,99.92,1,120000.0,43.32
2026-01-25,C관(2공장),[45] 하이드레이션/전면검사,워터배스2-9호기,66978.0,66920.0,99.91,1,120000.0,55.82
2026-01-25,C관(2공장),[55] 접착/ 멸균,검사32호기,32365.0,31780.0,98.19,1,0.0,0.0
2026-01-25,C관(2공장),[55] 접착/ 멸균,검사33호기,38875.0,37880.0,97.44,1,66462.0,58.49
2026-01-25,C관(2공장),[55] 접착/ 멸균,검사34호기,56890.0,56220.0,98.82,1,78546.0,72.43
2026-01-25,C관(2공장),[55] 접착/ 멸균,검사35호기,48580.0,48075.0,98.96,1,78546.0,61.85
2026-01-25,C관(2공장),[55] 접착/ 멸균,검사36호기,51835.0,51285.0,98.94,1,78546.0,65.99
2026-01-25,C관(2공장),[55] 접착/ 멸균,검사37호기,53560.0,52895.0,98.76,1,78546.0,68.19
2026-01-25,C관(2공장),[55] 접착/ 멸균,검사38호기,49200.0,48200.0,97.97,1,78546.0,62.64
2026-01-25,C관(2공장),[55] 접착/ 멸균,검사39호기,49880.0,49235.0,98.71,1,78546.0,63.5
2026-01-25,C관(2공장),[55] 접착/ 멸균,검사40호기,57595.0,56825.0,98.66,1,78546.0,73.33
2026-01-25,C관(2공장),[55] 접착/ 멸균,검사41호기,51595.0,50685.0,98.24,1,78546.0,65.69
2026-01-25,C관(2공장),[55] 접착/ 멸균,검사42호기,56780.0,54595.0,96.15,1,78546.0,72.29
2026-01-25,C관(2공장),[55] 접착/ 멸균,검사43호기,54580.0,52600.0,96.37,1,78546.0,69.49
2026-01-25,C관(2공장),[55] 접착/ 멸균,검사44호기,52395.0,51425.0,98.15,1,78546.0,66.71
2026-01-25,C관(2공장),[55] 접착/ 멸균,검사45호기,36685.0,36190.0,98.65,1,78546.0,46.71
2026-01-25,C관(2공장),[55] 접착/ 멸균,검사46호기,45805.0,45055.0,98.36,1,78546.0,58.32
2026-01-25,C관(2공장),[55] 접착/ 멸균,검사47호기,52695.0,51380.0,97.5,1,78546.0,67.09
2026-01-25,C관(2공장),[55] 접착/ 멸균,검사48호기,47775.0,46860.0,98.08,1,78546.0,60.82
2026-01-25,C관(2공장),[80] 누수/규격검사,누수/규격검사(2공장),750029.0,743263.0,99.1,1,720000.0,104.17
2026-01-25,S관(3공장),[10] 사출조립,A형 인라인1호기,44103.0,44103.0,100.0,1,43200.0,102.09
2026-01-25,S관(3공장),[10] 사출조립,A형 인라인2호기,45443.0,45443.0,100.0,1,43200.0,105.19
2026-01-25,S관(3공장),[10] 사출조립,A형 인라인3호기,57041.0,57041.0,100.0,1,43200.0,132.04
2026-01-25,S관(3공장),[10] 사출조립,B형 조립중합1호기,18128.0,9761.0,53.84,1,76800.0,23.6
2026-01-25,S관(3공장),[10] 사출조립,B형 조립중합5호기,49376.0,38772.0,78.52,1,76800.0,64.29
2026-01-25,S관(3공장),[10] 사출조립,B형 조립중합7호기,49848.0,48305.0,96.9,1,76800.0,64.91
2026-01-25,S관(3공장),[10] 사출조립,B형 조립중합8호기,8512.0,8358.0,98.19,1,0.0,0.0
2026-01-25,S관(3공장),[20] 분리,A형 인라인1호기,20504.0,18176.0,88.65,1,43200.0,47.46
2026-01-25,S관(3공장),[20] 분리,A형 인라인2호기,26474.0,23487.0,88.72,1,43200.0,61.28
2026-01-25,S관(3공장),[20] 분리,A형 인라인3호기,36661.0,31089.0,84.8,1,43200.0,84.86
2026-01-25,S관(3공장),[20] 분리,B형 분리수화접착1호기,13700.0,10968.0,80.06,1,53170.0,25.77
2026-01-25,S관(3공장),[20] 분리,B형 분리수화접착2호기,13055.0,8800.0,67.41,1,53170.0,24.55
2026-01-25,S관(3공장),[20] 분리,B형 분리수화접착3호기,26319.0,17138.0,65.12,1,53170.0,49.5
2026-01-25,S관(3공장),[20] 분리,B형 분리수화접착4호기,29202.0,20620.0,70.61,1,53170.0,54.92
2026-01-25,S관(3공장),[20] 분리,B형 분리수화접착5호기,20352.0,17093.0,83.99,1,53170.0,38.28
2026-01-25,S관(3공장),[20] 분리,B형 분리수화접착6호기,21364.0,17328.0,81.11,1,53170.0,40.18
2026-01-25,S관(3공장),[20] 분리,B형 분리수화접착7호기,3183.0,2586.0,81.24,1,53170.0,5.99
2026-01-25,S관(3공장),[20] 분리,B형 분리수화접착8호기,1090.0,922.0,84.59,1,53170.0,2.05
2026-01-25,S관(3공장),[20] 분리,CAM분리3호기,6470.0,3462.0,53.51,1,39273.0,16.47
2026-01-25,S관(3공장),[20] 분리,CAM분리4호기,6456.0,5107.0,79.1,1,39273.0,16.44
2026-01-25,S관(3공장),[45] 하이드레이션/전면검사,A형 인라인2호기,13936.0,13925.0,99.92,1,60000.0,23.23
2026-01-25,S관(3공장),[45] 하이드레이션/전면검사,B형 분리수화접착4호기,14609.0,14283.0,97.77,1,60000.0,24.35
2026-01-25,S관(3공장),[45] 하이드레이션/전면검사,B형 분리수화접착5호기,21658.0,21374.0,98.69,1,60000.0,36.1
2026-01-25,S관(3공장),[45] 하이드레이션/전면검사,S관 실리콘 자동수화기,61015.0,60920.0,99.84,1,240000.0,25.42
2026-01-25,S관(3공장),[55] 접착/ 멸균,A형 인라인1호기,13264.0,12820.0,96.65,1,54000.0,24.56
2026-01-25,S관(3공장),[55] 접착/ 멸균,A형 인라인2호기,42623.0,38205.0,89.63,1,54000.0,78.93
2026-01-25,S관(3공장),[55] 접착/ 멸균,A형 인라인3호기,24457.0,23970.0,98.01,1,54000.0,45.29
2026-01-25,S관(3공장),[55] 접착/ 멸균,A형 인라인4호기,38500.0,37675.0,97.86,1,54000.0,71.3
2026-01-25,S관(3공장),[55] 접착/ 멸균,A형 인라인5호기,30193.0,29140.0,96.51,1,54000.0,55.91
2026-01-25,S관(3공장),[55] 접착/ 멸균,A형 인라인6호기,39309.0,37190.0,94.61,1,54000.0,72.79
2026-01-25,S관(3공장),[55] 접착/ 멸균,B형 분리수화접착1호기,8641.0,8300.0,96.05,1,0.0,0.0
2026-01-25,S관(3공장),[80] 누수/규격검사,S관 실리콘 자동수화기,2250.0,2245.0,99.78,1,0.0,0.0
2026-01-25,S관(3공장),[80] 누수/규격검사,누수/규격검사(3공장),217560.0,216610.0,99.56,1,100645.0,216.17
2026-01-26,A관(1공장),[00] 배합,조립1호기,1052.96,1052.96,100.0,1,0.0,0.0
2026-01-26,A관(1공장),[00] 배합,조립2호기,2118.0,2118.0,100.0,1,0.0,0.0
2026-01-26,A관(1공장),[00] 배합,조립30호기,5250.0,5250.0,100.0,1,0.0,0.0
2026-01-26,A관(1공장),[00] 배합,조립5호기,2047.89,2047.89,100.0,1,0.0,0.0
2026-01-26,A관(1공장),[00] 배합,조립6호기,1000.0,1000.0,100.0,1,0.0,0.0
2026-01-26,A관(1공장),[00] 배합,조립8호기,989.0,989.0,100.0,1,0.0,0.0
2026-01-26,A관(1공장),[10] 사출조립,조립1호기,33714.0,33714.0,100.0,1,43200.0,78.04
2026-01-26,A관(1공장),[10] 사출조립,조립2호기,7045.0,5253.0,74.56,1,43200.0,16.31
2026-01-26,A관(1공장),[10] 사출조립,조립30호기,43314.0,42307.0,97.68,1,86400.0,50.13
2026-01-26,A관(1공장),[10] 사출조립,조립31호기,100157.0,100157.0,100.0,1,86400.0,115.92
2026-01-26,A관(1공장),[10] 사출조립,조립5호기,35343.0,35343.0,100.0,1,43200.0,81.81
2026-01-26,A관(1공장),[10] 사출조립,조립7호기,9743.0,7967.0,81.77,1,43200.0,22.55
2026-01-26,A관(1공장),[10] 사출조립,조립8호기,35196.0,32448.0,92.19,1,43200.0,81.47
2026-01-26,A관(1공장),[20] 분리,분리10호기,16485.0,15227.0,92.37,1,17280.0,95.4
2026-01-26,A관(1공장),[20] 분리,분리11호기,14903.0,13221.0,88.71,1,17280.0,86.24
2026-01-26,A관(1공장),[20] 분리,분리3호기,10467.0,5130.0,49.01,1,17280.0,60.57
2026-01-26,A관(1공장),[20] 분리,분리4호기,14216.0,13187.0,92.76,1,17280.0,82.27
2026-01-26,A관(1공장),[45] 하이드레이션/전면검사,1공장 실리콘수화기,24508.0,24508.0,100.0,1,0.0,0.0
2026-01-26,A관(1공장),[45] 하이드레이션/전면검사,워터배스1-2호기,27953.0,27953.0,100.0,1,30000.0,93.18
2026-01-26,A관(1공장),[45] 하이드레이션/전면검사,워터배스1-3호기,33966.0,33966.0,100.0,1,30000.0,113.22
2026-01-26,A관(1공장),[45] 하이드레이션/전면검사,워터배스1-4호기,41101.0,41101.0,100.0,1,30000.0,137.0
2026-01-26,A관(1공장),[45] 하이드레이션/전면검사,워터배스1-5호기,17135.0,17135.0,100.0,1,150000.0,11.42
2026-01-26,A관(1공장),[55] 접착/ 멸균,검사10호기,4308.0,2610.0,60.58,1,13293.0,32.41
2026-01-26,A관(1공장),[55] 접착/ 멸균,검사11호기,8375.0,8066.0,96.31,1,13293.0,63.0
2026-01-26,A관(1공장),[55] 접착/ 멸균,검사14호기,5515.0,4636.0,84.06,1,13293.0,41.49
2026-01-26,A관(1공장),[55] 접착/ 멸균,검사16호기,2118.0,1919.0,90.6,1,13293.0,15.93
2026-01-26,A관(1공장),[55] 접착/ 멸균,검사17호기,7575.0,6898.0,91.06,1,13293.0,56.98
2026-01-26,A관(1공장),[55] 접착/ 멸균,검사18호기,6854.0,4852.0,70.79,1,13293.0,51.56
2026-01-26,A관(1공장),[55] 접착/ 멸균,검사20호기,13178.0,12828.0,97.34,1,13293.0,99.13
2026-01-26,A관(1공장),[55] 접착/ 멸균,검사21호기,482.0,482.0,100.0,1,13293.0,3.63
2026-01-26,A관(1공장),[55] 접착/ 멸균,검사22호기,6455.0,6366.0,98.62,1,13293.0,48.56
2026-01-26,A관(1공장),[55] 접착/ 멸균,검사23호기,6623.0,6302.0,95.15,1,13293.0,49.82
2026-01-26,A관(1공장),[55] 접착/ 멸균,검사6호기,431.0,424.0,98.38,1,13293.0,3.24
2026-01-26,A관(1공장),[55] 접착/ 멸균,검사8호기,12936.0,12593.0,97.35,1,13293.0,97.31
2026-01-26,A관(1공장),[55] 접착/ 멸균,검사9호기,11605.0,10593.0,91.28,1,13293.0,87.3
2026-01-26,A관(1공장),[55] 접착/ 멸균,바이알캡핑기,4901.0,3909.0,79.76,1,0.0,0.0
2026-01-26,A관(1공장),[80] 누수/규격검사,누수/규격검사(1공장),82809.0,78563.0,94.87,1,112902.0,73.35
2026-01-26,C관(2공장),[00] 배합,조립10호기,20366.0,20366.0,100.0,1,0.0,0.0
2026-01-26,C관(2공장),[00] 배합,조립14호기,20366.0,20366.0,100.0,1,0.0,0.0
2026-01-26,C관(2공장),[00] 배합,조립15호기,20366.0,20366.0,100.0,1,0.0,0.0
2026-01-26,C관(2공장),[00] 배합,조립16호기,20366.0,20366.0,100.0,1,0.0,0.0
2026-01-26,C관(2공장),[00] 배합,조립23호기,9857.83,9857.83,100.0,1,0.0,0.0
2026-01-26,C관(2공장),[00] 배합,조립47호기,20365.97,20365.97,100.0,1,0.0,0.0
2026-01-26,C관(2공장),[00] 배합,조립52호기,20365.92,20365.92,100.0,1,0.0,0.0
2026-01-26,C관(2공장),[00] 배합,조립57호기,25385.0,25385.0,100.0,1,0.0,0.0
2026-01-26,C관(2공장),[00] 배합,조립59호기,20365.9,20365.9,100.0,1,0.0,0.0
2026-01-26,C관(2공장),[10] 사출조립,조립10호기,51203.0,50094.0,97.83,1,43200.0,118.53
2026-01-26,C관(2공장),[10] 사출조립,조립11호기,26090.0,26090.0,100.0,1,43200.0,60.39
2026-01-26,C관(2공장),[10] 사출조립,조립12호기,23429.0,22501.0,96.04,1,0.0,0.0
2026-01-26,C관(2공장),[10] 사출조립,조립13호기,25498.0,22472.0,88.13,1,0.0,0.0
2026-01-26,C관(2공장),[10] 사출조립,조립14호기,36106.0,29506.0,81.72,1,43200.0,83.58
2026-01-26,C관(2공장),[10] 사출조립,조립15호기,64082.0,63060.0,98.41,1,43200.0,148.34
2026-01-26,C관(2공장),[10] 사출조립,조립16호기,57629.0,52819.0,91.65,1,43200.0,133.4
2026-01-26,C관(2공장),[10] 사출조립,조립17호기,24146.0,23788.0,98.52,1,43200.0,55.89
2026-01-26,C관(2공장),[10] 사출조립,조립18호기,10197.0,10180.0,99.83,1,43200.0,23.6
2026-01-26,C관(2공장),[10] 사출조립,조립19호기,56249.0,50526.0,89.83,1,43200.0,130.21
2026-01-26,C관(2공장),[10] 사출조립,조립22호기,32141.0,30828.0,95.91,1,43200.0,74.4
2026-01-26,C관(2공장),[10] 사출조립,조립23호기,29353.0,28481.0,97.03,1,43200.0,67.95
2026-01-26,C관(2공장),[10] 사출조립,조립24호기,45645.0,45558.0,99.81,1,43200.0,105.66
2026-01-26,C관(2공장),[10] 사출조립,조립25호기,20793.0,20275.0,97.51,1,43200.0,48.13
2026-01-26,C관(2공장),[10] 사출조립,조립26호기,30671.0,30629.0,99.86,1,43200.0,71.0
2026-01-26,C관(2공장),[10] 사출조립,조립27호기,40935.0,34455.0,84.17,1,43200.0,94.76
2026-01-26,C관(2공장),[10] 사출조립,조립42호기,23601.0,21493.0,91.07,1,43200.0,54.63
2026-01-26,C관(2공장),[10] 사출조립,조립44호기,32086.0,29174.0,90.92,1,43200.0,74.27
2026-01-26,C관(2공장),[10] 사출조립,조립46호기,28237.0,27599.0,97.74,1,43200.0,65.36
2026-01-26,C관(2공장),[10] 사출조립,조립47호기,62142.0,58052.0,93.42,1,43200.0,143.85
2026-01-26,C관(2공장),[10] 사출조립,조립48호기,53537.0,53191.0,99.35,1,43200.0,123.93
2026-01-26,C관(2공장),[10] 사출조립,조립49호기,29212.0,28595.0,97.89,1,43200.0,67.62
2026-01-26,C관(2공장),[10] 사출조립,조립50호기,26709.0,25052.0,93.8,1,43200.0,61.83
2026-01-26,C관(2공장),[10] 사출조립,조립51호기,17061.0,17025.0,99.79,1,43200.0,39.49
2026-01-26,C관(2공장),[10] 사출조립,조립52호기,44047.0,40422.0,91.77,1,43200.0,101.96
2026-01-26,C관(2공장),[10] 사출조립,조립53호기,32008.0,31987.0,99.93,1,43200.0,74.09
2026-01-26,C관(2공장),[10] 사출조립,조립54호기,31296.0,31238.0,99.81,1,43200.0,72.44
2026-01-26,C관(2공장),[10] 사출조립,조립55호기,29486.0,26622.0,90.29,1,43200.0,68.25
2026-01-26,C관(2공장),[10] 사출조립,조립56호기,28169.0,25752.0,91.42,1,43200.0,65.21
2026-01-26,C관(2공장),[10] 사출조립,조립57호기,50813.0,46597.0,91.7,1,43200.0,117.62
2026-01-26,C관(2공장),[10] 사출조립,조립58호기,53454.0,53422.0,99.94,1,43200.0,123.74
2026-01-26,C관(2공장),[10] 사출조립,조립59호기,21963.0,17206.0,78.34,1,43200.0,50.84
2026-01-26,C관(2공장),[20] 분리,분리16호기,38094.0,32804.0,86.11,1,61715.0,61.73
2026-01-26,C관(2공장),[20] 분리,분리17호기,40674.0,34673.0,85.25,1,61715.0,65.91
2026-01-26,C관(2공장),[20] 분리,분리18호기,49132.0,41389.0,84.24,1,61715.0,79.61
2026-01-26,C관(2공장),[20] 분리,분리19호기,41330.0,35637.0,86.23,1,61715.0,66.97
2026-01-26,C관(2공장),[20] 분리,분리20호기,41405.0,35910.0,86.73,1,61715.0,67.09
2026-01-26,C관(2공장),[20] 분리,분리21호기,32865.0,28716.0,87.38,1,61715.0,53.25
2026-01-26,C관(2공장),[20] 분리,분리22호기,46693.0,38209.0,81.83,1,61715.0,75.66
2026-01-26,C관(2공장),[20] 분리,분리23호기,43189.0,36595.0,84.73,1,61715.0,69.98
2026-01-26,C관(2공장),[20] 분리,분리24호기,45944.0,41397.0,90.1,1,61715.0,74.45
2026-01-26,C관(2공장),[20] 분리,분리25호기,49567.0,43019.0,86.79,1,61715.0,80.32
2026-01-26,C관(2공장),[20] 분리,분리26호기,48713.0,41151.0,84.48,1,54000.0,90.21
2026-01-26,C관(2공장),[20] 분리,분리27호기,45225.0,38077.0,84.19,1,54000.0,83.75
2026-01-26,C관(2공장),[20] 분리,분리28호기,43409.0,33322.0,76.76,1,54000.0,80.39
2026-01-26,C관(2공장),[20] 분리,분리29호기,47723.0,34820.0,72.96,1,54000.0,88.38
2026-01-26,C관(2공장),[20] 분리,분리30호기,52737.0,47551.0,90.17,1,54000.0,97.66
2026-01-26,C관(2공장),[20] 분리,분리31호기,40078.0,34684.0,86.54,1,54000.0,74.22
2026-01-26,C관(2공장),[20] 분리,분리32호기,34793.0,27140.0,78.0,1,54000.0,64.43
2026-01-26,C관(2공장),[20] 분리,분리33호기,48850.0,45169.0,92.46,1,54000.0,90.46
2026-01-26,C관(2공장),[20] 분리,분리34호기,54197.0,46329.0,85.48,1,54000.0,100.36
2026-01-26,C관(2공장),[20] 분리,분리35호기,50910.0,38660.0,75.94,1,54000.0,94.28
2026-01-26,C관(2공장),[20] 분리,분리36호기,49696.0,37883.0,76.23,1,54000.0,92.03
2026-01-26,C관(2공장),[20] 분리,분리37호기,47003.0,42649.0,90.74,1,54000.0,87.04
2026-01-26,C관(2공장),[20] 분리,분리43호기,42307.0,37558.0,88.77,1,54000.0,78.35
2026-01-26,C관(2공장),[45] 하이드레이션/전면검사,워터배스2-10호기,90307.0,90220.0,99.9,1,120000.0,75.26
2026-01-26,C관(2공장),[45] 하이드레이션/전면검사,워터배스2-11호기,94267.0,94135.0,99.86,1,150000.0,62.84
2026-01-26,C관(2공장),[45] 하이드레이션/전면검사,워터배스2-12호기,93961.0,92320.0,98.25,1,150000.0,62.64
2026-01-26,C관(2공장),[45] 하이드레이션/전면검사,워터배스2-13호기,97178.0,97085.0,99.9,1,150000.0,64.79
2026-01-26,C관(2공장),[45] 하이드레이션/전면검사,워터배스2-14호기,76497.0,76405.0,99.88,1,150000.0,51.0
2026-01-26,C관(2공장),[45] 하이드레이션/전면검사,워터배스2-1호기,107617.0,107470.0,99.86,1,120000.0,89.68
2026-01-26,C관(2공장),[45] 하이드레이션/전면검사,워터배스2-2호기,81581.0,81445.0,99.83,1,120000.0,67.98
2026-01-26,C관(2공장),[45] 하이드레이션/전면검사,워터배스2-3호기,72200.0,72110.0,99.88,1,120000.0,60.17
2026-01-26,C관(2공장),[45] 하이드레이션/전면검사,워터배스2-4호기,49635.0,49595.0,99.92,1,120000.0,41.36
2026-01-26,C관(2공장),[45] 하이드레이션/전면검사,워터배스2-5호기,56636.0,56550.0,99.85,1,120000.0,47.2
2026-01-26,C관(2공장),[45] 하이드레이션/전면검사,워터배스2-6호기,17397.0,17385.0,99.93,1,30000.0,57.99
2026-01-26,C관(2공장),[45] 하이드레이션/전면검사,워터배스2-7호기,52442.0,52405.0,99.93,1,120000.0,43.7
2026-01-26,C관(2공장),[45] 하이드레이션/전면검사,워터배스2-8호기,88395.0,88320.0,99.92,1,120000.0,73.66
2026-01-26,C관(2공장),[45] 하이드레이션/전면검사,워터배스2-9호기,85993.0,85915.0,99.91,1,120000.0,71.66
2026-01-26,C관(2공장),[55] 접착/ 멸균,검사32호기,22180.0,21940.0,98.92,1,0.0,0.0
2026-01-26,C관(2공장),[55] 접착/ 멸균,검사33호기,26950.0,26430.0,98.07,1,66462.0,40.55
2026-01-26,C관(2공장),[55] 접착/ 멸균,검사34호기,53710.0,53040.0,98.75,1,78546.0,68.38
2026-01-26,C관(2공장),[55] 접착/ 멸균,검사35호기,56150.0,55575.0,98.98,1,78546.0,71.49
2026-01-26,C관(2공장),[55] 접착/ 멸균,검사36호기,61675.0,58135.0,94.26,1,78546.0,78.52
2026-01-26,C관(2공장),[55] 접착/ 멸균,검사37호기,52805.0,52150.0,98.76,1,78546.0,67.23
2026-01-26,C관(2공장),[55] 접착/ 멸균,검사38호기,59240.0,58480.0,98.72,1,78546.0,75.42
2026-01-26,C관(2공장),[55] 접착/ 멸균,검사39호기,50195.0,49135.0,97.89,1,78546.0,63.91
2026-01-26,C관(2공장),[55] 접착/ 멸균,검사40호기,45470.0,44805.0,98.54,1,78546.0,57.89
2026-01-26,C관(2공장),[55] 접착/ 멸균,검사41호기,52810.0,51770.0,98.03,1,78546.0,67.23
2026-01-26,C관(2공장),[55] 접착/ 멸균,검사42호기,61030.0,59800.0,97.98,1,78546.0,77.7
2026-01-26,C관(2공장),[55] 접착/ 멸균,검사43호기,51820.0,50500.0,97.45,1,78546.0,65.97
2026-01-26,C관(2공장),[55] 접착/ 멸균,검사44호기,53875.0,53030.0,98.43,1,78546.0,68.59
2026-01-26,C관(2공장),[55] 접착/ 멸균,검사45호기,43740.0,43055.0,98.43,1,78546.0,55.69
2026-01-26,C관(2공장),[55] 접착/ 멸균,검사46호기,41250.0,40510.0,98.21,1,78546.0,52.52
2026-01-26,C관(2공장),[55] 접착/ 멸균,검사47호기,53690.0,52575.0,97.92,1,78546.0,68.35
2026-01-26,C관(2공장),[55] 접착/ 멸균,검사48호기,51395.0,49905.0,97.1,1,78546.0,65.43
2026-01-26,C관(2공장),[80] 누수/규격검사,누수/규격검사(2공장),914520.0,905955.0,99.06,1,720000.0,127.02
2026-01-26,S관(3공장),[00] 배합,A형 인라인3호기,11999.0,11999.0,100.0,1,0.0,0.0
2026-01-26,S관(3공장),[00] 배합,B형 조립중합1호기,2970.0,2970.0,100.0,1,0.0,0.0
2026-01-26,S관(3공장),[00] 배합,B형 조립중합5호기,7920.0,7920.0,100.0,1,0.0,0.0
2026-01-26,S관(3공장),[10] 사출조립,A형 인라인1호기,22343.0,22343.0,100.0,1,43200.0,51.72
2026-01-26,S관(3공장),[10] 사출조립,A형 인라인2호기,22173.0,22173.0,100.0,1,43200.0,51.33
2026-01-26,S관(3공장),[10] 사출조립,A형 인라인3호기,33553.0,33553.0,100.0,1,43200.0,77.67
2026-01-26,S관(3공장),[10] 사출조립,B형 조립중합1호기,19184.0,18894.0,98.49,1,76800.0,24.98
2026-01-26,S관(3공장),[10] 사출조립,B형 조립중합5호기,33696.0,26121.0,77.52,1,76800.0,43.88
2026-01-26,S관(3공장),[10] 사출조립,B형 조립중합7호기,32024.0,29199.0,91.18,1,76800.0,41.7
2026-01-26,S관(3공장),[20] 분리,A형 인라인1호기,10266.0,9038.0,88.04,1,43200.0,23.76
2026-01-26,S관(3공장),[20] 분리,B형 분리수화접착3호기,23021.0,16632.0,72.25,1,53170.0,43.3
2026-01-26,S관(3공장),[20] 분리,B형 분리수화접착4호기,20219.0,15770.0,78.0,1,53170.0,38.03
2026-01-26,S관(3공장),[20] 분리,B형 분리수화접착5호기,17490.0,15338.0,87.7,1,53170.0,32.89
2026-01-26,S관(3공장),[20] 분리,B형 분리수화접착6호기,18701.0,13963.0,74.66,1,53170.0,35.17
2026-01-26,S관(3공장),[20] 분리,B형 분리수화접착7호기,9381.0,7457.0,79.49,1,53170.0,17.64
2026-01-26,S관(3공장),[20] 분리,B형 분리수화접착8호기,13378.0,10956.0,81.9,1,53170.0,25.16
2026-01-26,S관(3공장),[45] 하이드레이션/전면검사,A형 인라인2호기,16222.0,16178.0,99.73,1,60000.0,27.04
2026-01-26,S관(3공장),[45] 하이드레이션/전면검사,B형 분리수화접착2호기,17796.0,16833.0,94.59,1,60000.0,29.66
2026-01-26,S관(3공장),[45] 하이드레이션/전면검사,B형 분리수화접착3호기,19911.0,19720.0,99.04,1,60000.0,33.18
2026-01-26,S관(3공장),[45] 하이드레이션/전면검사,B형 분리수화접착4호기,17158.0,17059.0,99.42,1,60000.0,28.6
2026-01-26,S관(3공장),[45] 하이드레이션/전면검사,B형 분리수화접착5호기,21043.0,20784.0,98.77,1,60000.0,35.07
2026-01-26,S관(3공장),[45] 하이드레이션/전면검사,S관 실리콘 자동수화기,120536.0,119932.0,99.5,1,240000.0,50.22
2026-01-26,S관(3공장),[55] 접착/ 멸균,A형 인라인1호기,26054.0,25260.0,96.95,1,54000.0,48.25
2026-01-26,S관(3공장),[55] 접착/ 멸균,A형 인라인2호기,56105.0,43905.0,78.26,1,54000.0,103.9
2026-01-26,S관(3공장),[55] 접착/ 멸균,A형 인라인3호기,48989.0,48120.0,98.23,1,54000.0,90.72
2026-01-26,S관(3공장),[55] 접착/ 멸균,A형 인라인4호기,55027.0,53478.0,97.19,1,54000.0,101.9
2026-01-26,S관(3공장),[55] 접착/ 멸균,A형 인라인5호기,23886.0,23205.0,97.15,1,54000.0,44.23
2026-01-26,S관(3공장),[55] 접착/ 멸균,A형 인라인6호기,17812.0,17175.0,96.42,1,54000.0,32.99
2026-01-26,S관(3공장),[55] 접착/ 멸균,B형 분리수화접착1호기,18540.0,17445.0,94.09,1,0.0,0.0
2026-01-26,S관(3공장),[80] 누수/규격검사,누수/규격검사(3공장),180340.0,178955.0,99.23,1,100645.0,179.18
2026-01-27,A관(1공장),[00] 배합,조립2호기,1059.0,1059.0,100.0,1,0.0,0.0
2026-01-27,A관(1공장),[00] 배합,조립30호기,20000.0,20000.0,100.0,1,0.0,0.0
2026-01-27,A관(1공장),[00] 배합,조립4호기,2000.0,2000.0,100.0,1,0.0,0.0
2026-01-27,A관(1공장),[10] 사출조립,조립1호기,18127.0,18127.0,100.0,1,43200.0,41.96
2026-01-27,A관(1공장),[10] 사출조립,조립2호기,4198.0,2104.0,50.12,1,43200.0,9.72
2026-01-27,A관(1공장),[10] 사출조립,조립30호기,51795.0,51795.0,100.0,1,86400.0,59.95
2026-01-27,A관(1공장),[10] 사출조립,조립31호기,51862.0,51862.0,100.0,1,86400.0,60.03
2026-01-27,A관(1공장),[10] 사출조립,조립3호기,5575.0,4910.0,88.07,1,43200.0,12.91
2026-01-27,A관(1공장),[10] 사출조립,조립4호기,14310.0,13628.0,95.23,1,43200.0,33.12
2026-01-27,A관(1공장),[10] 사출조립,조립5호기,36569.0,33683.0,92.11,1,43200.0,84.65
2026-01-27,A관(1공장),[10] 사출조립,조립7호기,9835.0,8696.0,88.42,1,43200.0,22.77
2026-01-27,A관(1공장),[10] 사출조립,조립8호기,34298.0,34298.0,100.0,1,43200.0,79.39
2026-01-27,A관(1공장),[20] 분리,분리10호기,13391.0,11472.0,85.67,1,17280.0,77.49
2026-01-27,A관(1공장),[20] 분리,분리11호기,15053.0,13874.0,92.17,1,17280.0,87.11
2026-01-27,A관(1공장),[20] 분리,분리14호기,2356.0,2135.0,90.62,1,54000.0,4.36
2026-01-27,A관(1공장),[20] 분리,분리3호기,4071.0,1356.0,33.31,1,17280.0,23.56
2026-01-27,A관(1공장),[20] 분리,분리4호기,16850.0,14567.0,86.45,1,17280.0,97.51
2026-01-27,A관(1공장),[20] 분리,분리5호기,3547.0,2862.0,80.69,1,17280.0,20.53
2026-01-27,A관(1공장),[45] 하이드레이션/전면검사,1공장 실리콘수화기,8520.0,8520.0,100.0,1,0.0,0.0
2026-01-27,A관(1공장),[45] 하이드레이션/전면검사,워터배스1-2호기,11229.0,11229.0,100.0,1,30000.0,37.43
2026-01-27,A관(1공장),[45] 하이드레이션/전면검사,워터배스1-3호기,5107.0,5107.0,100.0,1,30000.0,17.02
2026-01-27,A관(1공장),[45] 하이드레이션/전면검사,워터배스1-4호기,15357.0,15357.0,100.0,1,30000.0,51.19
2026-01-27,A관(1공장),[45] 하이드레이션/전면검사,워터배스1-5호기,40420.0,40420.0,100.0,1,150000.0,26.95
2026-01-27,A관(1공장),[45] 하이드레이션/전면검사,워터배스1-6호기,14071.0,14071.0,100.0,1,150000.0,9.38
2026-01-27,A관(1공장),[55] 접착/ 멸균,검사10호기,5452.0,3396.0,62.29,1,13293.0,41.01
2026-01-27,A관(1공장),[55] 접착/ 멸균,검사11호기,9226.0,7918.0,85.82,1,13293.0,69.4
2026-01-27,A관(1공장),[55] 접착/ 멸균,검사14호기,5910.0,5026.0,85.04,1,13293.0,44.46
2026-01-27,A관(1공장),[55] 접착/ 멸균,검사16호기,20.0,13.0,65.0,1,13293.0,0.15
2026-01-27,A관(1공장),[55] 접착/ 멸균,검사17호기,6233.0,5627.0,90.28,1,13293.0,46.89
2026-01-27,A관(1공장),[55] 접착/ 멸균,검사18호기,5286.0,2333.0,44.14,1,13293.0,39.77
2026-01-27,A관(1공장),[55] 접착/ 멸균,검사20호기,11174.0,10825.0,96.88,1,13293.0,84.06
2026-01-27,A관(1공장),[55] 접착/ 멸균,검사21호기,6.0,6.0,100.0,1,13293.0,0.05
2026-01-27,A관(1공장),[55] 접착/ 멸균,검사22호기,5457.0,5323.0,97.54,1,13293.0,41.05
2026-01-27,A관(1공장),[55] 접착/ 멸균,검사23호기,15449.0,14516.0,93.96,1,13293.0,116.22
2026-01-27,A관(1공장),[55] 접착/ 멸균,검사8호기,12714.0,12276.0,96.55,1,13293.0,95.64
2026-01-27,A관(1공장),[55] 접착/ 멸균,검사9호기,11377.0,11094.0,97.51,1,13293.0,85.59
2026-01-27,A관(1공장),[55] 접착/ 멸균,바이알캡핑기,3819.0,3298.0,86.36,1,0.0,0.0
2026-01-27,A관(1공장),[80] 누수/규격검사,누수/규격검사(1공장),81955.0,78685.0,96.01,1,112902.0,72.59
2026-01-27,C관(2공장),[00] 배합,조립16호기,20366.0,20366.0,100.0,1,0.0,0.0
2026-01-27,C관(2공장),[00] 배합,조립19호기,20366.0,20366.0,100.0,1,0.0,0.0
2026-01-27,C관(2공장),[00] 배합,조립24호기,20366.0,20366.0,100.0,1,0.0,0.0
2026-01-27,C관(2공장),[00] 배합,조립26호기,20365.94,20365.94,100.0,1,0.0,0.0
2026-01-27,C관(2공장),[00] 배합,조립45호기,20366.0,20366.0,100.0,1,0.0,0.0
2026-01-27,C관(2공장),[00] 배합,조립55호기,20366.0,20366.0,100.0,1,0.0,0.0
2026-01-27,C관(2공장),[10] 사출조립,조립10호기,30135.0,27214.0,90.31,1,43200.0,69.76
2026-01-27,C관(2공장),[10] 사출조립,조립11호기,61253.0,61099.0,99.75,1,43200.0,141.79
2026-01-27,C관(2공장),[10] 사출조립,조립12호기,42086.0,29733.0,70.65,1,0.0,0.0
2026-01-27,C관(2공장),[10] 사출조립,조립13호기,49106.0,45564.0,92.79,1,0.0,0.0
2026-01-27,C관(2공장),[10] 사출조립,조립14호기,26201.0,23012.0,87.83,1,43200.0,60.65
2026-01-27,C관(2공장),[10] 사출조립,조립15호기,27303.0,26961.0,98.75,1,43200.0,63.2
2026-01-27,C관(2공장),[10] 사출조립,조립16호기,29275.0,25134.0,85.85,1,43200.0,67.77
2026-01-27,C관(2공장),[10] 사출조립,조립17호기,29497.0,28778.0,97.56,1,43200.0,68.28
2026-01-27,C관(2공장),[10] 사출조립,조립18호기,13596.0,13551.0,99.67,1,43200.0,31.47
2026-01-27,C관(2공장),[10] 사출조립,조립19호기,30837.0,30799.0,99.88,1,43200.0,71.38
2026-01-27,C관(2공장),[10] 사출조립,조립22호기,30889.0,30219.0,97.83,1,43200.0,71.5
2026-01-27,C관(2공장),[10] 사출조립,조립23호기,26830.0,22850.0,85.17,1,43200.0,62.11
2026-01-27,C관(2공장),[10] 사출조립,조립24호기,25422.0,20585.0,80.97,1,43200.0,58.85
2026-01-27,C관(2공장),[10] 사출조립,조립25호기,27317.0,26617.0,97.44,1,43200.0,63.23
2026-01-27,C관(2공장),[10] 사출조립,조립26호기,29481.0,26432.0,89.66,1,43200.0,68.24
2026-01-27,C관(2공장),[10] 사출조립,조립27호기,13750.0,9567.0,69.58,1,43200.0,31.83
2026-01-27,C관(2공장),[10] 사출조립,조립40호기,14130.0,13095.0,92.68,1,43200.0,32.71
2026-01-27,C관(2공장),[10] 사출조립,조립42호기,30410.0,28996.0,95.35,1,43200.0,70.39
2026-01-27,C관(2공장),[10] 사출조립,조립44호기,25367.0,24051.0,94.81,1,43200.0,58.72
2026-01-27,C관(2공장),[10] 사출조립,조립45호기,56750.0,52520.0,92.55,1,43200.0,131.37
2026-01-27,C관(2공장),[10] 사출조립,조립46호기,50080.0,48534.0,96.91,1,43200.0,115.93
2026-01-27,C관(2공장),[10] 사출조립,조립47호기,32193.0,31835.0,98.89,1,43200.0,74.52
2026-01-27,C관(2공장),[10] 사출조립,조립48호기,28786.0,25531.0,88.69,1,43200.0,66.63
2026-01-27,C관(2공장),[10] 사출조립,조립49호기,29940.0,29150.0,97.36,1,43200.0,69.31
2026-01-27,C관(2공장),[10] 사출조립,조립50호기,51703.0,50824.0,98.3,1,43200.0,119.68
2026-01-27,C관(2공장),[10] 사출조립,조립51호기,25214.0,20960.0,83.13,1,43200.0,58.37
2026-01-27,C관(2공장),[10] 사출조립,조립52호기,21184.0,18871.0,89.08,1,43200.0,49.04
2026-01-27,C관(2공장),[10] 사출조립,조립53호기,28900.0,28350.0,98.1,1,43200.0,66.9
2026-01-27,C관(2공장),[10] 사출조립,조립54호기,29747.0,27739.0,93.25,1,43200.0,68.86
2026-01-27,C관(2공장),[10] 사출조립,조립55호기,37911.0,34928.0,92.13,1,43200.0,87.76
2026-01-27,C관(2공장),[10] 사출조립,조립57호기,21302.0,17993.0,84.47,1,43200.0,49.31
2026-01-27,C관(2공장),[10] 사출조립,조립58호기,28839.0,28773.0,99.77,1,43200.0,66.76
2026-01-27,C관(2공장),[10] 사출조립,조립59호기,26041.0,22133.0,84.99,1,43200.0,60.28
2026-01-27,C관(2공장),[20] 분리,분리12호기,41548.0,35594.0,85.67,1,0.0,0.0
2026-01-27,C관(2공장),[20] 분리,분리15호기,37119.0,32824.0,88.43,1,0.0,0.0
2026-01-27,C관(2공장),[20] 분리,분리16호기,44740.0,38427.0,85.89,1,61715.0,72.49
2026-01-27,C관(2공장),[20] 분리,분리17호기,39075.0,34393.0,88.02,1,61715.0,63.32
2026-01-27,C관(2공장),[20] 분리,분리18호기,46403.0,40914.0,88.17,1,61715.0,75.19
2026-01-27,C관(2공장),[20] 분리,분리19호기,45724.0,39573.0,86.55,1,61715.0,74.09
2026-01-27,C관(2공장),[20] 분리,분리20호기,41883.0,37188.0,88.79,1,61715.0,67.87
2026-01-27,C관(2공장),[20] 분리,분리21호기,46489.0,41176.0,88.57,1,61715.0,75.33
2026-01-27,C관(2공장),[20] 분리,분리22호기,44838.0,36139.0,80.6,1,61715.0,72.65
2026-01-27,C관(2공장),[20] 분리,분리23호기,45086.0,37303.0,82.74,1,61715.0,73.06
2026-01-27,C관(2공장),[20] 분리,분리24호기,48456.0,42861.0,88.45,1,61715.0,78.52
2026-01-27,C관(2공장),[20] 분리,분리25호기,50461.0,43338.0,85.88,1,61715.0,81.76
2026-01-27,C관(2공장),[20] 분리,분리26호기,44934.0,38953.0,86.69,1,54000.0,83.21
2026-01-27,C관(2공장),[20] 분리,분리27호기,42150.0,34610.0,82.11,1,54000.0,78.06
2026-01-27,C관(2공장),[20] 분리,분리28호기,43917.0,36011.0,82.0,1,54000.0,81.33
2026-01-27,C관(2공장),[20] 분리,분리29호기,43075.0,33186.0,77.04,1,54000.0,79.77
2026-01-27,C관(2공장),[20] 분리,분리30호기,48752.0,43655.0,89.55,1,54000.0,90.28
2026-01-27,C관(2공장),[20] 분리,분리31호기,42346.0,37487.0,88.53,1,54000.0,78.42
2026-01-27,C관(2공장),[20] 분리,분리32호기,50082.0,43618.0,87.09,1,54000.0,92.74
2026-01-27,C관(2공장),[20] 분리,분리33호기,48554.0,43933.0,90.48,1,54000.0,89.91
2026-01-27,C관(2공장),[20] 분리,분리34호기,46480.0,39242.0,84.43,1,54000.0,86.07
2026-01-27,C관(2공장),[20] 분리,분리35호기,48035.0,35724.0,74.37,1,54000.0,88.95
2026-01-27,C관(2공장),[20] 분리,분리36호기,51847.0,41104.0,79.28,1,54000.0,96.01
2026-01-27,C관(2공장),[20] 분리,분리37호기,46073.0,41272.0,89.58,1,54000.0,85.32
2026-01-27,C관(2공장),[20] 분리,분리43호기,47202.0,41537.0,88.0,1,54000.0,87.41
2026-01-27,C관(2공장),[45] 하이드레이션/전면검사,워터배스2-10호기,74386.0,71060.0,95.53,1,120000.0,61.99
2026-01-27,C관(2공장),[45] 하이드레이션/전면검사,워터배스2-11호기,74775.0,74695.0,99.89,1,150000.0,49.85
2026-01-27,C관(2공장),[45] 하이드레이션/전면검사,워터배스2-12호기,82181.0,82070.0,99.86,1,150000.0,54.79
2026-01-27,C관(2공장),[45] 하이드레이션/전면검사,워터배스2-13호기,90559.0,90470.0,99.9,1,150000.0,60.37
2026-01-27,C관(2공장),[45] 하이드레이션/전면검사,워터배스2-14호기,90564.0,90455.0,99.88,1,150000.0,60.38
2026-01-27,C관(2공장),[45] 하이드레이션/전면검사,워터배스2-1호기,58781.0,58730.0,99.91,1,120000.0,48.98
2026-01-27,C관(2공장),[45] 하이드레이션/전면검사,워터배스2-2호기,63103.0,60955.0,96.6,1,120000.0,52.59
2026-01-27,C관(2공장),[45] 하이드레이션/전면검사,워터배스2-3호기,51393.0,51330.0,99.88,1,120000.0,42.83
2026-01-27,C관(2공장),[45] 하이드레이션/전면검사,워터배스2-4호기,74810.0,74715.0,99.87,1,120000.0,62.34
2026-01-27,C관(2공장),[45] 하이드레이션/전면검사,워터배스2-5호기,115277.0,115055.0,99.81,1,120000.0,96.06
2026-01-27,C관(2공장),[45] 하이드레이션/전면검사,워터배스2-6호기,7360.0,7345.0,99.8,1,30000.0,24.53
2026-01-27,C관(2공장),[45] 하이드레이션/전면검사,워터배스2-7호기,108033.0,107915.0,99.89,1,120000.0,90.03
2026-01-27,C관(2공장),[45] 하이드레이션/전면검사,워터배스2-8호기,86203.0,86125.0,99.91,1,120000.0,71.84
2026-01-27,C관(2공장),[45] 하이드레이션/전면검사,워터배스2-9호기,90987.0,90935.0,99.94,1,120000.0,75.82
2026-01-27,C관(2공장),[55] 접착/ 멸균,검사32호기,36645.0,36120.0,98.57,1,0.0,0.0
2026-01-27,C관(2공장),[55] 접착/ 멸균,검사33호기,47890.0,46875.0,97.88,1,66462.0,72.06
2026-01-27,C관(2공장),[55] 접착/ 멸균,검사34호기,63845.0,63080.0,98.8,1,78546.0,81.28
2026-01-27,C관(2공장),[55] 접착/ 멸균,검사35호기,55375.0,54785.0,98.93,1,78546.0,70.5
2026-01-27,C관(2공장),[55] 접착/ 멸균,검사36호기,54540.0,54015.0,99.04,1,78546.0,69.44
2026-01-27,C관(2공장),[55] 접착/ 멸균,검사37호기,59420.0,58825.0,99.0,1,78546.0,75.65
2026-01-27,C관(2공장),[55] 접착/ 멸균,검사38호기,58035.0,57030.0,98.27,1,78546.0,73.89
2026-01-27,C관(2공장),[55] 접착/ 멸균,검사39호기,49365.0,48640.0,98.53,1,78546.0,62.85
2026-01-27,C관(2공장),[55] 접착/ 멸균,검사40호기,47935.0,46740.0,97.51,1,78546.0,61.03
2026-01-27,C관(2공장),[55] 접착/ 멸균,검사41호기,62050.0,60350.0,97.26,1,78546.0,79.0
2026-01-27,C관(2공장),[55] 접착/ 멸균,검사42호기,57725.0,56590.0,98.03,1,78546.0,73.49
2026-01-27,C관(2공장),[55] 접착/ 멸균,검사43호기,52180.0,50640.0,97.05,1,78546.0,66.43
2026-01-27,C관(2공장),[55] 접착/ 멸균,검사44호기,57035.0,55520.0,97.34,1,78546.0,72.61
2026-01-27,C관(2공장),[55] 접착/ 멸균,검사45호기,57715.0,56600.0,98.07,1,78546.0,73.48
2026-01-27,C관(2공장),[55] 접착/ 멸균,검사46호기,51180.0,50085.0,97.86,1,78546.0,65.16
2026-01-27,C관(2공장),[55] 접착/ 멸균,검사47호기,53050.0,51480.0,97.04,1,78546.0,67.54
2026-01-27,C관(2공장),[55] 접착/ 멸균,검사48호기,59400.0,57990.0,97.63,1,78546.0,75.62
2026-01-27,C관(2공장),[80] 누수/규격검사,누수/규격검사(2공장),827600.0,821355.0,99.25,1,720000.0,114.94
2026-01-27,S관(3공장),[00] 배합,A형 인라인1호기,7999.0,7999.0,100.0,1,0.0,0.0
2026-01-27,S관(3공장),[00] 배합,B형 조립중합1호기,2039.0,2038.52,99.98,1,0.0,0.0
2026-01-27,S관(3공장),[00] 배합,B형 조립중합5호기,7920.0,7920.0,100.0,1,0.0,0.0
2026-01-27,S관(3공장),[10] 사출조립,A형 인라인1호기,15701.0,15701.0,100.0,1,43200.0,36.34
2026-01-27,S관(3공장),[10] 사출조립,A형 인라인2호기,69648.0,69648.0,100.0,1,43200.0,161.22
2026-01-27,S관(3공장),[10] 사출조립,A형 인라인3호기,17049.0,17049.0,100.0,1,43200.0,39.47
2026-01-27,S관(3공장),[10] 사출조립,B형 조립중합1호기,18760.0,18540.0,98.83,1,76800.0,24.43
2026-01-27,S관(3공장),[10] 사출조립,B형 조립중합5호기,15392.0,11844.0,76.95,1,76800.0,20.04
2026-01-27,S관(3공장),[10] 사출조립,B형 조립중합6호기,16464.0,13259.0,80.53,1,76800.0,21.44
2026-01-27,S관(3공장),[10] 사출조립,B형 조립중합7호기,31456.0,28127.0,89.42,1,76800.0,40.96
2026-01-27,S관(3공장),[20] 분리,A형 인라인1호기,5517.0,4903.0,88.87,1,43200.0,12.77
2026-01-27,S관(3공장),[20] 분리,A형 인라인2호기,42092.0,36244.0,86.11,1,43200.0,97.44
2026-01-27,S관(3공장),[20] 분리,A형 인라인3호기,23079.0,21243.0,92.04,1,43200.0,53.42
2026-01-27,S관(3공장),[20] 분리,B형 분리수화접착1호기,5866.0,3834.0,65.36,1,53170.0,11.03
2026-01-27,S관(3공장),[20] 분리,B형 분리수화접착2호기,11971.0,7632.0,63.75,1,53170.0,22.51
2026-01-27,S관(3공장),[20] 분리,B형 분리수화접착3호기,11160.0,8410.0,75.36,1,53170.0,20.99
2026-01-27,S관(3공장),[20] 분리,B형 분리수화접착4호기,30857.0,24422.0,79.15,1,53170.0,58.03
2026-01-27,S관(3공장),[20] 분리,B형 분리수화접착5호기,19534.0,14653.0,75.01,1,53170.0,36.74
2026-01-27,S관(3공장),[20] 분리,B형 분리수화접착6호기,16010.0,13690.0,85.51,1,53170.0,30.11
2026-01-27,S관(3공장),[20] 분리,B형 분리수화접착7호기,7817.0,5576.0,71.33,1,53170.0,14.7
2026-01-27,S관(3공장),[20] 분리,B형 분리수화접착8호기,10079.0,8946.0,88.76,1,53170.0,18.96
2026-01-27,S관(3공장),[20] 분리,CAM분리3호기,12924.0,10588.0,81.93,1,39273.0,32.91
2026-01-27,S관(3공장),[20] 분리,CAM분리4호기,2222.0,1216.0,54.73,1,39273.0,5.66
2026-01-27,S관(3공장),[45] 하이드레이션/전면검사,A형 인라인2호기,21900.0,21819.0,99.63,1,60000.0,36.5
2026-01-27,S관(3공장),[45] 하이드레이션/전면검사,B형 분리수화접착2호기,17561.0,17522.0,99.78,1,60000.0,29.27
2026-01-27,S관(3공장),[45] 하이드레이션/전면검사,B형 분리수화접착3호기,17901.0,17802.0,99.45,1,60000.0,29.84
2026-01-27,S관(3공장),[45] 하이드레이션/전면검사,B형 분리수화접착4호기,25359.0,25278.0,99.68,1,60000.0,42.26
2026-01-27,S관(3공장),[45] 하이드레이션/전면검사,B형 분리수화접착5호기,19778.0,19718.0,99.7,1,60000.0,32.96
2026-01-27,S관(3공장),[45] 하이드레이션/전면검사,S관 실리콘 자동수화기,107650.0,107073.0,99.46,1,240000.0,44.85
2026-01-27,S관(3공장),[45] 하이드레이션/전면검사,누수/규격검사(3공장),732.0,732.0,100.0,1,0.0,0.0
2026-01-27,S관(3공장),[55] 접착/ 멸균,A형 인라인1호기,69617.0,67120.0,96.41,1,54000.0,128.92
2026-01-27,S관(3공장),[55] 접착/ 멸균,A형 인라인2호기,35271.0,33875.0,96.04,1,54000.0,65.32
2026-01-27,S관(3공장),[55] 접착/ 멸균,A형 인라인3호기,67939.0,65790.0,96.84,1,54000.0,125.81
2026-01-27,S관(3공장),[55] 접착/ 멸균,A형 인라인4호기,27564.0,26175.0,94.96,1,54000.0,51.04
2026-01-27,S관(3공장),[55] 접착/ 멸균,A형 인라인5호기,40250.0,39365.0,97.8,1,54000.0,74.54
2026-01-27,S관(3공장),[55] 접착/ 멸균,A형 인라인6호기,37023.0,35110.0,94.83,1,54000.0,68.56
2026-01-27,S관(3공장),[55] 접착/ 멸균,B형 분리수화접착1호기,21301.0,20025.0,94.01,1,0.0,0.0
2026-01-27,S관(3공장),[80] 누수/규격검사,누수/규격검사(3공장),200630.0,199520.0,99.45,1,100645.0,199.34
2026-01-28,A관(1공장),[00] 배합,조립2호기,1059.0,1059.0,100.0,1,0.0,0.0
2026-01-28,A관(1공장),[00] 배합,조립31호기,5000.0,5000.0,100.0,1,0.0,0.0
2026-01-28,A관(1공장),[00] 배합,조립5호기,5000.0,5000.0,100.0,1,0.0,0.0
2026-01-28,A관(1공장),[00] 배합,조립7호기,1000.0,1000.0,100.0,1,0.0,0.0
2026-01-28,A관(1공장),[00] 배합,조립8호기,2048.04,2048.04,100.0,1,0.0,0.0
2026-01-28,A관(1공장),[10] 사출조립,조립1호기,34558.0,34558.0,100.0,1,43200.0,80.0
2026-01-28,A관(1공장),[10] 사출조립,조립2호기,8859.0,7216.0,81.45,1,43200.0,20.51
2026-01-28,A관(1공장),[10] 사출조립,조립30호기,55864.0,55864.0,100.0,1,86400.0,64.66
2026-01-28,A관(1공장),[10] 사출조립,조립31호기,90817.0,90817.0,100.0,1,86400.0,105.11
2026-01-28,A관(1공장),[10] 사출조립,조립5호기,18628.0,18128.0,97.32,1,43200.0,43.12
2026-01-28,A관(1공장),[10] 사출조립,조립7호기,9064.0,7900.0,87.16,1,43200.0,20.98
2026-01-28,A관(1공장),[10] 사출조립,조립8호기,37453.0,36897.0,98.52,1,43200.0,86.7
2026-01-28,A관(1공장),[20] 분리,분리10호기,10785.0,9654.0,89.51,1,17280.0,62.41
2026-01-28,A관(1공장),[20] 분리,분리11호기,6709.0,6268.0,93.43,1,17280.0,38.83
2026-01-28,A관(1공장),[20] 분리,분리14호기,17065.0,14163.0,82.99,1,54000.0,31.6
2026-01-28,A관(1공장),[20] 분리,분리4호기,13226.0,10900.0,82.41,1,17280.0,76.54
2026-01-28,A관(1공장),[45] 하이드레이션/전면검사,워터배스1-1호기,1476.0,1476.0,100.0,1,30000.0,4.92
2026-01-28,A관(1공장),[45] 하이드레이션/전면검사,워터배스1-2호기,36979.0,36979.0,100.0,1,30000.0,123.26
2026-01-28,A관(1공장),[45] 하이드레이션/전면검사,워터배스1-3호기,18654.0,18654.0,100.0,1,30000.0,62.18
2026-01-28,A관(1공장),[45] 하이드레이션/전면검사,워터배스1-4호기,9109.0,9109.0,100.0,1,30000.0,30.36
2026-01-28,A관(1공장),[45] 하이드레이션/전면검사,워터배스1-5호기,26341.0,26341.0,100.0,1,150000.0,17.56
2026-01-28,A관(1공장),[55] 접착/ 멸균,검사10호기,8273.0,6440.0,77.84,1,13293.0,62.24
2026-01-28,A관(1공장),[55] 접착/ 멸균,검사11호기,3837.0,3734.0,97.32,1,13293.0,28.86
2026-01-28,A관(1공장),[55] 접착/ 멸균,검사14호기,7179.0,6785.0,94.51,1,13293.0,54.01
2026-01-28,A관(1공장),[55] 접착/ 멸균,검사16호기,6076.0,5174.0,85.15,1,13293.0,45.71
2026-01-28,A관(1공장),[55] 접착/ 멸균,검사17호기,5268.0,3736.0,70.92,1,13293.0,39.63
2026-01-28,A관(1공장),[55] 접착/ 멸균,검사18호기,9057.0,7093.0,78.32,1,13293.0,68.13
2026-01-28,A관(1공장),[55] 접착/ 멸균,검사20호기,15972.0,15552.0,97.37,1,13293.0,120.15
2026-01-28,A관(1공장),[55] 접착/ 멸균,검사22호기,5458.0,5214.0,95.53,1,13293.0,41.06
2026-01-28,A관(1공장),[55] 접착/ 멸균,검사23호기,3782.0,3675.0,97.17,1,13293.0,28.45
2026-01-28,A관(1공장),[55] 접착/ 멸균,검사7호기,2396.0,2060.0,85.98,1,13293.0,18.02
2026-01-28,A관(1공장),[55] 접착/ 멸균,검사8호기,11989.0,11251.0,93.84,1,13293.0,90.19
2026-01-28,A관(1공장),[55] 접착/ 멸균,검사9호기,10134.0,9198.0,90.76,1,13293.0,76.24
2026-01-28,A관(1공장),[55] 접착/ 멸균,바이알캡핑기,3262.0,2579.0,79.06,1,0.0,0.0
2026-01-28,A관(1공장),[80] 누수/규격검사,누수/규격검사(1공장),108494.0,104076.0,95.93,1,112902.0,96.1
2026-01-28,C관(2공장),[00] 배합,조립10호기,20366.0,20366.0,100.0,1,0.0,0.0
2026-01-28,C관(2공장),[00] 배합,조립11호기,20366.0,20366.0,100.0,1,0.0,0.0
2026-01-28,C관(2공장),[00] 배합,조립23호기,9857.91,9857.91,100.0,1,0.0,0.0
2026-01-28,C관(2공장),[00] 배합,조립25호기,9858.0,9857.96,100.0,1,0.0,0.0
2026-01-28,C관(2공장),[00] 배합,조립50호기,20366.0,20366.0,100.0,1,0.0,0.0
2026-01-28,C관(2공장),[00] 배합,조립51호기,20366.0,20366.0,100.0,1,0.0,0.0
2026-01-28,C관(2공장),[00] 배합,조립52호기,20365.88,20365.88,100.0,1,0.0,0.0
2026-01-28,C관(2공장),[00] 배합,조립53호기,20366.0,20366.0,100.0,1,0.0,0.0
2026-01-28,C관(2공장),[00] 배합,조립55호기,40732.0,40732.0,100.0,1,0.0,0.0
2026-01-28,C관(2공장),[10] 사출조립,조립10호기,14100.0,11826.0,83.87,1,43200.0,32.64
2026-01-28,C관(2공장),[10] 사출조립,조립11호기,26591.0,26202.0,98.54,1,43200.0,61.55
2026-01-28,C관(2공장),[10] 사출조립,조립12호기,40976.0,39421.0,96.21,1,0.0,0.0
2026-01-28,C관(2공장),[10] 사출조립,조립13호기,23060.0,21735.0,94.25,1,0.0,0.0
2026-01-28,C관(2공장),[10] 사출조립,조립14호기,53291.0,43932.0,82.44,1,43200.0,123.36
2026-01-28,C관(2공장),[10] 사출조립,조립15호기,55990.0,54400.0,97.16,1,43200.0,129.61
2026-01-28,C관(2공장),[10] 사출조립,조립16호기,25254.0,21720.0,86.01,1,43200.0,58.46
2026-01-28,C관(2공장),[10] 사출조립,조립17호기,55085.0,49140.0,89.21,1,43200.0,127.51
2026-01-28,C관(2공장),[10] 사출조립,조립18호기,20235.0,18983.0,93.81,1,43200.0,46.84
2026-01-28,C관(2공장),[10] 사출조립,조립20호기,30555.0,22126.0,72.41,1,43200.0,70.73
2026-01-28,C관(2공장),[10] 사출조립,조립22호기,30831.0,21604.0,70.07,1,43200.0,71.37
2026-01-28,C관(2공장),[10] 사출조립,조립23호기,53205.0,50750.0,95.39,1,43200.0,123.16
2026-01-28,C관(2공장),[10] 사출조립,조립24호기,27775.0,26984.0,97.15,1,43200.0,64.29
2026-01-28,C관(2공장),[10] 사출조립,조립25호기,27613.0,27569.0,99.84,1,43200.0,63.92
2026-01-28,C관(2공장),[10] 사출조립,조립26호기,36776.0,29143.0,79.24,1,43200.0,85.13
2026-01-28,C관(2공장),[10] 사출조립,조립27호기,28903.0,24605.0,85.13,1,43200.0,66.91
2026-01-28,C관(2공장),[10] 사출조립,조립40호기,15612.0,15572.0,99.74,1,43200.0,36.14
2026-01-28,C관(2공장),[10] 사출조립,조립42호기,23218.0,21215.0,91.37,1,43200.0,53.75
2026-01-28,C관(2공장),[10] 사출조립,조립44호기,56742.0,52984.0,93.38,1,43200.0,131.35
2026-01-28,C관(2공장),[10] 사출조립,조립45호기,29290.0,27269.0,93.1,1,43200.0,67.8
2026-01-28,C관(2공장),[10] 사출조립,조립46호기,23101.0,23101.0,100.0,1,43200.0,53.47
2026-01-28,C관(2공장),[10] 사출조립,조립47호기,24207.0,23255.0,96.07,1,43200.0,56.03
2026-01-28,C관(2공장),[10] 사출조립,조립48호기,31328.0,30126.0,96.16,1,43200.0,72.52
2026-01-28,C관(2공장),[10] 사출조립,조립49호기,20588.0,20580.0,99.96,1,43200.0,47.66
2026-01-28,C관(2공장),[10] 사출조립,조립50호기,25597.0,24769.0,96.77,1,43200.0,59.25
2026-01-28,C관(2공장),[10] 사출조립,조립51호기,29350.0,29342.0,99.97,1,43200.0,67.94
2026-01-28,C관(2공장),[10] 사출조립,조립52호기,27219.0,26745.0,98.26,1,43200.0,63.01
2026-01-28,C관(2공장),[10] 사출조립,조립53호기,61589.0,56318.0,91.44,1,43200.0,142.57
2026-01-28,C관(2공장),[10] 사출조립,조립54호기,34142.0,34068.0,99.78,1,43200.0,79.03
2026-01-28,C관(2공장),[10] 사출조립,조립56호기,37526.0,34594.0,92.19,1,43200.0,86.87
2026-01-28,C관(2공장),[10] 사출조립,조립57호기,33026.0,26051.0,78.88,1,43200.0,76.45
2026-01-28,C관(2공장),[10] 사출조립,조립58호기,28261.0,26987.0,95.49,1,43200.0,65.42
2026-01-28,C관(2공장),[10] 사출조립,조립59호기,34334.0,34264.0,99.8,1,43200.0,79.48
2026-01-28,C관(2공장),[20] 분리,분리12호기,39415.0,34089.0,86.49,1,0.0,0.0
2026-01-28,C관(2공장),[20] 분리,분리15호기,44963.0,40097.0,89.18,1,0.0,0.0
2026-01-28,C관(2공장),[20] 분리,분리16호기,51045.0,44689.0,87.55,1,61715.0,82.71
2026-01-28,C관(2공장),[20] 분리,분리17호기,46857.0,39017.0,83.27,1,61715.0,75.92
2026-01-28,C관(2공장),[20] 분리,분리18호기,52048.0,45307.0,87.05,1,61715.0,84.34
2026-01-28,C관(2공장),[20] 분리,분리19호기,44939.0,39177.0,87.18,1,61715.0,72.82
2026-01-28,C관(2공장),[20] 분리,분리20호기,49561.0,43903.0,88.58,1,61715.0,80.31
2026-01-28,C관(2공장),[20] 분리,분리21호기,48352.0,43531.0,90.03,1,61715.0,78.35
2026-01-28,C관(2공장),[20] 분리,분리22호기,46348.0,38791.0,83.7,1,61715.0,75.1
2026-01-28,C관(2공장),[20] 분리,분리23호기,44069.0,37837.0,85.86,1,61715.0,71.41
2026-01-28,C관(2공장),[20] 분리,분리24호기,46651.0,42037.0,90.11,1,61715.0,75.59
2026-01-28,C관(2공장),[20] 분리,분리25호기,49319.0,41594.0,84.34,1,61715.0,79.91
2026-01-28,C관(2공장),[20] 분리,분리26호기,38481.0,34075.0,88.55,1,54000.0,71.26
2026-01-28,C관(2공장),[20] 분리,분리27호기,42782.0,36657.0,85.68,1,54000.0,79.23
2026-01-28,C관(2공장),[20] 분리,분리28호기,41576.0,33177.0,79.8,1,54000.0,76.99
2026-01-28,C관(2공장),[20] 분리,분리29호기,41838.0,33390.0,79.81,1,54000.0,77.48
2026-01-28,C관(2공장),[20] 분리,분리30호기,53605.0,48409.0,90.31,1,54000.0,99.27
2026-01-28,C관(2공장),[20] 분리,분리31호기,53545.0,46139.0,86.17,1,54000.0,99.16
2026-01-28,C관(2공장),[20] 분리,분리32호기,50432.0,44175.0,87.59,1,54000.0,93.39
2026-01-28,C관(2공장),[20] 분리,분리33호기,38195.0,35543.0,93.06,1,54000.0,70.73
2026-01-28,C관(2공장),[20] 분리,분리34호기,45862.0,38536.0,84.03,1,54000.0,84.93
2026-01-28,C관(2공장),[20] 분리,분리35호기,47371.0,38492.0,81.26,1,54000.0,87.72
2026-01-28,C관(2공장),[20] 분리,분리36호기,50105.0,42334.0,84.49,1,54000.0,92.79
2026-01-28,C관(2공장),[20] 분리,분리37호기,44725.0,38053.0,85.08,1,54000.0,82.82
2026-01-28,C관(2공장),[20] 분리,분리43호기,45977.0,40025.0,87.05,1,54000.0,85.14
2026-01-28,C관(2공장),[45] 하이드레이션/전면검사,워터배스2-10호기,79494.0,79440.0,99.93,1,120000.0,66.24
2026-01-28,C관(2공장),[45] 하이드레이션/전면검사,워터배스2-11호기,120272.0,120135.0,99.89,1,150000.0,80.18
2026-01-28,C관(2공장),[45] 하이드레이션/전면검사,워터배스2-12호기,82488.0,82390.0,99.88,1,150000.0,54.99
2026-01-28,C관(2공장),[45] 하이드레이션/전면검사,워터배스2-13호기,87382.0,87265.0,99.87,1,150000.0,58.25
2026-01-28,C관(2공장),[45] 하이드레이션/전면검사,워터배스2-14호기,87045.0,85790.0,98.56,1,150000.0,58.03
2026-01-28,C관(2공장),[45] 하이드레이션/전면검사,워터배스2-1호기,86650.0,86540.0,99.87,1,120000.0,72.21
2026-01-28,C관(2공장),[45] 하이드레이션/전면검사,워터배스2-2호기,76679.0,76600.0,99.9,1,120000.0,63.9
2026-01-28,C관(2공장),[45] 하이드레이션/전면검사,워터배스2-3호기,78935.0,78875.0,99.92,1,120000.0,65.78
2026-01-28,C관(2공장),[45] 하이드레이션/전면검사,워터배스2-4호기,92185.0,92080.0,99.89,1,120000.0,76.82
2026-01-28,C관(2공장),[45] 하이드레이션/전면검사,워터배스2-5호기,79449.0,76560.0,96.36,1,120000.0,66.21
2026-01-28,C관(2공장),[45] 하이드레이션/전면검사,워터배스2-6호기,9285.0,9280.0,99.95,1,30000.0,30.95
2026-01-28,C관(2공장),[45] 하이드레이션/전면검사,워터배스2-7호기,68778.0,68715.0,99.91,1,120000.0,57.32
2026-01-28,C관(2공장),[45] 하이드레이션/전면검사,워터배스2-8호기,72163.0,72095.0,99.91,1,120000.0,60.14
2026-01-28,C관(2공장),[45] 하이드레이션/전면검사,워터배스2-9호기,60055.0,60010.0,99.93,1,120000.0,50.05
2026-01-28,C관(2공장),[55] 접착/ 멸균,검사32호기,39775.0,39090.0,98.28,1,0.0,0.0
2026-01-28,C관(2공장),[55] 접착/ 멸균,검사33호기,48540.0,47495.0,97.85,1,66462.0,73.03
2026-01-28,C관(2공장),[55] 접착/ 멸균,검사34호기,55995.0,55390.0,98.92,1,78546.0,71.29
2026-01-28,C관(2공장),[55] 접착/ 멸균,검사35호기,60555.0,57485.0,94.93,1,78546.0,77.09
2026-01-28,C관(2공장),[55] 접착/ 멸균,검사36호기,59755.0,58860.0,98.5,1,78546.0,76.08
2026-01-28,C관(2공장),[55] 접착/ 멸균,검사37호기,52245.0,51675.0,98.91,1,78546.0,66.52
2026-01-28,C관(2공장),[55] 접착/ 멸균,검사38호기,62860.0,62025.0,98.67,1,78546.0,80.03
2026-01-28,C관(2공장),[55] 접착/ 멸균,검사39호기,53835.0,52775.0,98.03,1,78546.0,68.54
2026-01-28,C관(2공장),[55] 접착/ 멸균,검사40호기,50845.0,49880.0,98.1,1,78546.0,64.73
2026-01-28,C관(2공장),[55] 접착/ 멸균,검사41호기,59865.0,58655.0,97.98,1,78546.0,76.22
2026-01-28,C관(2공장),[55] 접착/ 멸균,검사42호기,53440.0,52695.0,98.61,1,78546.0,68.04
2026-01-28,C관(2공장),[55] 접착/ 멸균,검사43호기,56335.0,55215.0,98.01,1,78546.0,71.72
2026-01-28,C관(2공장),[55] 접착/ 멸균,검사44호기,51330.0,50195.0,97.79,1,78546.0,65.35
2026-01-28,C관(2공장),[55] 접착/ 멸균,검사45호기,58405.0,56910.0,97.44,1,78546.0,74.36
2026-01-28,C관(2공장),[55] 접착/ 멸균,검사46호기,55820.0,54770.0,98.12,1,78546.0,71.07
2026-01-28,C관(2공장),[55] 접착/ 멸균,검사47호기,59855.0,58855.0,98.33,1,78546.0,76.2
2026-01-28,C관(2공장),[55] 접착/ 멸균,검사48호기,49030.0,48360.0,98.63,1,78546.0,62.42
2026-01-28,C관(2공장),[80] 누수/규격검사,누수/규격검사(2공장),949845.0,942675.0,99.25,1,720000.0,131.92
2026-01-28,S관(3공장),[00] 배합,A형 인라인1호기,11998.67,11998.67,100.0,1,0.0,0.0
2026-01-28,S관(3공장),[00] 배합,B형 조립중합1호기,2038.45,2038.45,100.0,1,0.0,0.0
2026-01-28,S관(3공장),[00] 배합,B형 조립중합7호기,5939.91,5939.91,100.0,1,0.0,0.0
2026-01-28,S관(3공장),[10] 사출조립,A형 인라인1호기,19882.0,19882.0,100.0,1,43200.0,46.02
2026-01-28,S관(3공장),[10] 사출조립,B형 조립중합1호기,10488.0,10412.0,99.28,1,76800.0,13.66
2026-01-28,S관(3공장),[10] 사출조립,B형 조립중합5호기,34184.0,31657.0,92.61,1,76800.0,44.51
2026-01-28,S관(3공장),[10] 사출조립,B형 조립중합6호기,17896.0,15192.0,84.89,1,76800.0,23.3
2026-01-28,S관(3공장),[10] 사출조립,B형 조립중합7호기,39864.0,37495.0,94.06,1,76800.0,51.91
2026-01-28,S관(3공장),[20] 분리,B형 분리수화접착1호기,21116.0,16025.0,75.89,1,53170.0,39.71
2026-01-28,S관(3공장),[20] 분리,B형 분리수화접착2호기,19901.0,15312.0,76.94,1,53170.0,37.43
2026-01-28,S관(3공장),[20] 분리,B형 분리수화접착3호기,20197.0,16940.0,83.87,1,53170.0,37.99
2026-01-28,S관(3공장),[20] 분리,B형 분리수화접착4호기,23905.0,19396.0,81.14,1,53170.0,44.96
2026-01-28,S관(3공장),[20] 분리,B형 분리수화접착5호기,17990.0,14254.0,79.23,1,53170.0,33.83
2026-01-28,S관(3공장),[20] 분리,B형 분리수화접착6호기,15669.0,11916.0,76.05,1,53170.0,29.47
2026-01-28,S관(3공장),[20] 분리,B형 분리수화접착7호기,15230.0,11660.0,76.56,1,53170.0,28.64
2026-01-28,S관(3공장),[20] 분리,B형 분리수화접착8호기,12282.0,11177.0,91.0,1,53170.0,23.1
2026-01-28,S관(3공장),[45] 하이드레이션/전면검사,A형 인라인2호기,35748.0,35548.0,99.44,1,60000.0,59.58
2026-01-28,S관(3공장),[45] 하이드레이션/전면검사,B형 분리수화접착2호기,3467.0,3155.0,91.0,1,60000.0,5.78
2026-01-28,S관(3공장),[45] 하이드레이션/전면검사,B형 분리수화접착3호기,5501.0,5483.0,99.67,1,60000.0,9.17
2026-01-28,S관(3공장),[45] 하이드레이션/전면검사,B형 분리수화접착4호기,36894.0,36407.0,98.68,1,60000.0,61.49
2026-01-28,S관(3공장),[45] 하이드레이션/전면검사,B형 분리수화접착5호기,23152.0,22281.0,96.24,1,60000.0,38.59
2026-01-28,S관(3공장),[45] 하이드레이션/전면검사,S관 실리콘 자동수화기,106552.0,105929.0,99.42,1,240000.0,44.4
2026-01-28,S관(3공장),[55] 접착/ 멸균,A형 인라인1호기,55614.0,53455.0,96.12,1,54000.0,102.99
2026-01-28,S관(3공장),[55] 접착/ 멸균,A형 인라인2호기,48720.0,46550.0,95.55,1,54000.0,90.22
2026-01-28,S관(3공장),[55] 접착/ 멸균,A형 인라인3호기,29645.0,28645.0,96.63,1,54000.0,54.9
2026-01-28,S관(3공장),[55] 접착/ 멸균,A형 인라인4호기,45739.0,43740.0,95.63,1,54000.0,84.7
2026-01-28,S관(3공장),[55] 접착/ 멸균,A형 인라인5호기,10352.0,9870.0,95.34,1,54000.0,19.17
2026-01-28,S관(3공장),[55] 접착/ 멸균,A형 인라인6호기,44218.0,42390.0,95.87,1,54000.0,81.89
2026-01-28,S관(3공장),[80] 누수/규격검사,누수/규격검사(3공장),227680.0,224850.0,98.76,1,100645.0,226.22
2026-01-29,A관(1공장),[00] 배합,조립1호기,1022.0,1022.0,100.0,1,0.0,0.0
2026-01-29,A관(1공장),[00] 배합,조립2호기,1123.0,1123.0,100.0,1,0.0,0.0
2026-01-29,A관(1공장),[00] 배합,조립31호기,10000.0,10000.0,100.0,1,0.0,0.0
2026-01-29,A관(1공장),[00] 배합,조립3호기,2046.0,2046.0,100.0,1,0.0,0.0
2026-01-29,A관(1공장),[10] 사출조립,조립1호기,28634.0,28115.0,98.19,1,43200.0,66.28
2026-01-29,A관(1공장),[10] 사출조립,조립2호기,7872.0,5371.0,68.23,1,43200.0,18.22
2026-01-29,A관(1공장),[10] 사출조립,조립30호기,84509.0,84509.0,100.0,1,86400.0,97.81
2026-01-29,A관(1공장),[10] 사출조립,조립5호기,37698.0,37698.0,100.0,1,43200.0,87.26
2026-01-29,A관(1공장),[10] 사출조립,조립7호기,8204.0,7726.0,94.17,1,43200.0,18.99
2026-01-29,A관(1공장),[10] 사출조립,조립8호기,18339.0,17954.0,97.9,1,43200.0,42.45
2026-01-29,A관(1공장),[20] 분리,분리10호기,15259.0,12832.0,84.09,1,17280.0,88.3
2026-01-29,A관(1공장),[20] 분리,분리11호기,10260.0,9532.0,92.9,1,17280.0,59.38
2026-01-29,A관(1공장),[20] 분리,분리14호기,43673.0,38235.0,87.55,1,54000.0,80.88
2026-01-29,A관(1공장),[20] 분리,분리3호기,1132.0,1082.0,95.58,1,17280.0,6.55
2026-01-29,A관(1공장),[20] 분리,분리4호기,16893.0,14101.0,83.47,1,17280.0,97.76
2026-01-29,A관(1공장),[20] 분리,분리5호기,3773.0,3302.0,87.52,1,17280.0,21.83
2026-01-29,A관(1공장),[45] 하이드레이션/전면검사,1공장 실리콘수화기,26967.0,26967.0,100.0,1,0.0,0.0
2026-01-29,A관(1공장),[45] 하이드레이션/전면검사,워터배스1-2호기,7776.0,7776.0,100.0,1,30000.0,25.92
2026-01-29,A관(1공장),[45] 하이드레이션/전면검사,워터배스1-3호기,23386.0,23386.0,100.0,1,30000.0,77.95
2026-01-29,A관(1공장),[45] 하이드레이션/전면검사,워터배스1-4호기,15036.0,15036.0,100.0,1,30000.0,50.12
2026-01-29,A관(1공장),[45] 하이드레이션/전면검사,워터배스1-6호기,12491.0,12491.0,100.0,1,150000.0,8.33
2026-01-29,A관(1공장),[55] 접착/ 멸균,검사10호기,5661.0,5181.0,91.52,1,13293.0,42.59
2026-01-29,A관(1공장),[55] 접착/ 멸균,검사11호기,5023.0,4743.0,94.43,1,13293.0,37.79
2026-01-29,A관(1공장),[55] 접착/ 멸균,검사14호기,4202.0,3760.0,89.48,1,13293.0,31.61
2026-01-29,A관(1공장),[55] 접착/ 멸균,검사16호기,6497.0,5470.0,84.19,1,13293.0,48.88
2026-01-29,A관(1공장),[55] 접착/ 멸균,검사17호기,1175.0,613.0,52.17,1,13293.0,8.84
2026-01-29,A관(1공장),[55] 접착/ 멸균,검사18호기,10244.0,9634.0,94.05,1,13293.0,77.06
2026-01-29,A관(1공장),[55] 접착/ 멸균,검사20호기,11571.0,11401.0,98.53,1,13293.0,87.05
2026-01-29,A관(1공장),[55] 접착/ 멸균,검사21호기,300.0,269.0,89.67,1,13293.0,2.26
2026-01-29,A관(1공장),[55] 접착/ 멸균,검사22호기,10716.0,10393.0,96.99,1,13293.0,80.61
2026-01-29,A관(1공장),[55] 접착/ 멸균,검사23호기,6108.0,5921.0,96.94,1,13293.0,45.95
2026-01-29,A관(1공장),[55] 접착/ 멸균,검사6호기,2484.0,2406.0,96.86,1,13293.0,18.69
2026-01-29,A관(1공장),[55] 접착/ 멸균,검사8호기,13722.0,13284.0,96.81,1,13293.0,103.23
2026-01-29,A관(1공장),[55] 접착/ 멸균,검사9호기,13040.0,12618.0,96.76,1,13293.0,98.1
2026-01-29,A관(1공장),[55] 접착/ 멸균,바이알캡핑기,3540.0,2895.0,81.78,1,0.0,0.0
2026-01-29,A관(1공장),[80] 누수/규격검사,누수/규격검사(1공장),114247.0,109522.0,95.86,1,112902.0,101.19
2026-01-29,C관(2공장),[00] 배합,조립12호기,20365.9,20365.9,100.0,1,0.0,0.0
2026-01-29,C관(2공장),[00] 배합,조립14호기,20366.0,20366.0,100.0,1,0.0,0.0
2026-01-29,C관(2공장),[00] 배합,조립15호기,20365.87,20365.87,100.0,1,0.0,0.0
2026-01-29,C관(2공장),[00] 배합,조립17호기,20366.0,20366.0,100.0,1,0.0,0.0
2026-01-29,C관(2공장),[00] 배합,조립49호기,20366.0,20366.0,100.0,1,0.0,0.0
2026-01-29,C관(2공장),[10] 사출조립,조립10호기,40650.0,36879.0,90.72,1,43200.0,94.1
2026-01-29,C관(2공장),[10] 사출조립,조립11호기,28721.0,27981.0,97.42,1,43200.0,66.48
2026-01-29,C관(2공장),[10] 사출조립,조립12호기,28675.0,24587.0,85.74,1,0.0,0.0
2026-01-29,C관(2공장),[10] 사출조립,조립13호기,59544.0,56240.0,94.45,1,0.0,0.0
2026-01-29,C관(2공장),[10] 사출조립,조립14호기,33198.0,29585.0,89.12,1,43200.0,76.85
2026-01-29,C관(2공장),[10] 사출조립,조립15호기,32703.0,31316.0,95.76,1,43200.0,75.7
2026-01-29,C관(2공장),[10] 사출조립,조립16호기,28078.0,22868.0,81.44,1,43200.0,65.0
2026-01-29,C관(2공장),[10] 사출조립,조립17호기,30475.0,30219.0,99.16,1,43200.0,70.54
2026-01-29,C관(2공장),[10] 사출조립,조립18호기,15657.0,11928.0,76.18,1,43200.0,36.24
2026-01-29,C관(2공장),[10] 사출조립,조립20호기,17521.0,10382.0,59.25,1,43200.0,40.56
2026-01-29,C관(2공장),[10] 사출조립,조립22호기,60036.0,55356.0,92.2,1,43200.0,138.97
2026-01-29,C관(2공장),[10] 사출조립,조립23호기,30331.0,29420.0,97.0,1,43200.0,70.21
2026-01-29,C관(2공장),[10] 사출조립,조립24호기,26887.0,24951.0,92.8,1,43200.0,62.24
2026-01-29,C관(2공장),[10] 사출조립,조립25호기,24462.0,23811.0,97.34,1,43200.0,56.62
2026-01-29,C관(2공장),[10] 사출조립,조립26호기,32494.0,31043.0,95.53,1,43200.0,75.22
2026-01-29,C관(2공장),[10] 사출조립,조립27호기,14701.0,12704.0,86.42,1,43200.0,34.03
2026-01-29,C관(2공장),[10] 사출조립,조립40호기,18653.0,18071.0,96.88,1,43200.0,43.18
2026-01-29,C관(2공장),[10] 사출조립,조립42호기,48421.0,41873.0,86.48,1,43200.0,112.09
2026-01-29,C관(2공장),[10] 사출조립,조립44호기,36161.0,35586.0,98.41,1,43200.0,83.71
2026-01-29,C관(2공장),[10] 사출조립,조립45호기,31016.0,30222.0,97.44,1,43200.0,71.8
2026-01-29,C관(2공장),[10] 사출조립,조립46호기,49586.0,43224.0,87.17,1,43200.0,114.78
2026-01-29,C관(2공장),[10] 사출조립,조립47호기,27104.0,21944.0,80.96,1,43200.0,62.74
2026-01-29,C관(2공장),[10] 사출조립,조립48호기,27686.0,23576.0,85.15,1,43200.0,64.09
2026-01-29,C관(2공장),[10] 사출조립,조립49호기,44584.0,41968.0,94.13,1,43200.0,103.2
2026-01-29,C관(2공장),[10] 사출조립,조립50호기,28320.0,27992.0,98.84,1,43200.0,65.56
2026-01-29,C관(2공장),[10] 사출조립,조립51호기,29268.0,29268.0,100.0,1,43200.0,67.75
2026-01-29,C관(2공장),[10] 사출조립,조립52호기,4814.0,3577.0,74.3,1,43200.0,11.14
2026-01-29,C관(2공장),[10] 사출조립,조립53호기,23230.0,21414.0,92.18,1,43200.0,53.77
2026-01-29,C관(2공장),[10] 사출조립,조립54호기,30958.0,30191.0,97.52,1,43200.0,71.66
2026-01-29,C관(2공장),[10] 사출조립,조립55호기,50066.0,48430.0,96.73,1,43200.0,115.89
2026-01-29,C관(2공장),[10] 사출조립,조립57호기,28718.0,27753.0,96.64,1,43200.0,66.48
2026-01-29,C관(2공장),[10] 사출조립,조립58호기,28235.0,26773.0,94.82,1,43200.0,65.36
2026-01-29,C관(2공장),[10] 사출조립,조립59호기,40153.0,39235.0,97.71,1,43200.0,92.95
2026-01-29,C관(2공장),[20] 분리,분리12호기,50367.0,43244.0,85.86,1,0.0,0.0
2026-01-29,C관(2공장),[20] 분리,분리15호기,46195.0,39731.0,86.01,1,0.0,0.0
2026-01-29,C관(2공장),[20] 분리,분리16호기,46604.0,40566.0,87.04,1,61715.0,75.51
2026-01-29,C관(2공장),[20] 분리,분리17호기,47906.0,41059.0,85.71,1,61715.0,77.62
2026-01-29,C관(2공장),[20] 분리,분리18호기,48602.0,42871.0,88.21,1,61715.0,78.75
2026-01-29,C관(2공장),[20] 분리,분리19호기,45649.0,39665.0,86.89,1,61715.0,73.97
2026-01-29,C관(2공장),[20] 분리,분리20호기,44926.0,38987.0,86.78,1,61715.0,72.8
2026-01-29,C관(2공장),[20] 분리,분리21호기,45004.0,39713.0,88.24,1,61715.0,72.92
2026-01-29,C관(2공장),[20] 분리,분리22호기,43215.0,34648.0,80.18,1,61715.0,70.02
2026-01-29,C관(2공장),[20] 분리,분리23호기,37732.0,32274.0,85.53,1,61715.0,61.14
2026-01-29,C관(2공장),[20] 분리,분리24호기,43514.0,38137.0,87.64,1,61715.0,70.51
2026-01-29,C관(2공장),[20] 분리,분리25호기,47695.0,41025.0,86.02,1,61715.0,77.28
2026-01-29,C관(2공장),[20] 분리,분리26호기,40176.0,35472.0,88.29,1,54000.0,74.4
2026-01-29,C관(2공장),[20] 분리,분리27호기,43228.0,36993.0,85.58,1,54000.0,80.05
2026-01-29,C관(2공장),[20] 분리,분리28호기,42577.0,35511.0,83.4,1,54000.0,78.85
2026-01-29,C관(2공장),[20] 분리,분리29호기,49371.0,40223.0,81.47,1,54000.0,91.43
2026-01-29,C관(2공장),[20] 분리,분리30호기,52051.0,47205.0,90.69,1,54000.0,96.39
2026-01-29,C관(2공장),[20] 분리,분리31호기,52950.0,47040.0,88.84,1,54000.0,98.06
2026-01-29,C관(2공장),[20] 분리,분리32호기,45596.0,38704.0,84.88,1,54000.0,84.44
2026-01-29,C관(2공장),[20] 분리,분리33호기,43651.0,37558.0,86.04,1,54000.0,80.84
2026-01-29,C관(2공장),[20] 분리,분리34호기,49181.0,41890.0,85.18,1,54000.0,91.08
2026-01-29,C관(2공장),[20] 분리,분리35호기,43726.0,31707.0,72.51,1,54000.0,80.97
2026-01-29,C관(2공장),[20] 분리,분리36호기,51689.0,43992.0,85.11,1,54000.0,95.72
2026-01-29,C관(2공장),[20] 분리,분리37호기,42803.0,37037.0,86.53,1,54000.0,79.26
2026-01-29,C관(2공장),[20] 분리,분리43호기,48346.0,42653.0,88.22,1,54000.0,89.53
2026-01-29,C관(2공장),[45] 하이드레이션/전면검사,워터배스2-10호기,84074.0,83980.0,99.89,1,120000.0,70.06
2026-01-29,C관(2공장),[45] 하이드레이션/전면검사,워터배스2-11호기,81866.0,79410.0,97.0,1,150000.0,54.58
2026-01-29,C관(2공장),[45] 하이드레이션/전면검사,워터배스2-12호기,94439.0,94345.0,99.9,1,150000.0,62.96
2026-01-29,C관(2공장),[45] 하이드레이션/전면검사,워터배스2-13호기,84784.0,84685.0,99.88,1,150000.0,56.52
2026-01-29,C관(2공장),[45] 하이드레이션/전면검사,워터배스2-14호기,78770.0,75900.0,96.36,1,150000.0,52.51
2026-01-29,C관(2공장),[45] 하이드레이션/전면검사,워터배스2-1호기,67686.0,67630.0,99.92,1,120000.0,56.41
2026-01-29,C관(2공장),[45] 하이드레이션/전면검사,워터배스2-2호기,78272.0,78210.0,99.92,1,120000.0,65.23
2026-01-29,C관(2공장),[45] 하이드레이션/전면검사,워터배스2-3호기,45906.0,45850.0,99.88,1,120000.0,38.26
2026-01-29,C관(2공장),[45] 하이드레이션/전면검사,워터배스2-4호기,67183.0,67110.0,99.89,1,120000.0,55.99
2026-01-29,C관(2공장),[45] 하이드레이션/전면검사,워터배스2-5호기,59101.0,59050.0,99.91,1,120000.0,49.25
2026-01-29,C관(2공장),[45] 하이드레이션/전면검사,워터배스2-6호기,16559.0,16525.0,99.79,1,30000.0,55.2
2026-01-29,C관(2공장),[45] 하이드레이션/전면검사,워터배스2-7호기,43656.0,43625.0,99.93,1,120000.0,36.38
2026-01-29,C관(2공장),[45] 하이드레이션/전면검사,워터배스2-8호기,88323.0,88260.0,99.93,1,120000.0,73.6
2026-01-29,C관(2공장),[45] 하이드레이션/전면검사,워터배스2-9호기,68393.0,68335.0,99.92,1,120000.0,56.99
2026-01-29,C관(2공장),[55] 접착/ 멸균,검사32호기,37375.0,36665.0,98.1,1,0.0,0.0
2026-01-29,C관(2공장),[55] 접착/ 멸균,검사33호기,39895.0,39125.0,98.07,1,66462.0,60.03
2026-01-29,C관(2공장),[55] 접착/ 멸균,검사34호기,61395.0,60410.0,98.4,1,78546.0,78.16
2026-01-29,C관(2공장),[55] 접착/ 멸균,검사35호기,53335.0,50405.0,94.51,1,78546.0,67.9
2026-01-29,C관(2공장),[55] 접착/ 멸균,검사36호기,55085.0,50550.0,91.77,1,78546.0,70.13
2026-01-29,C관(2공장),[55] 접착/ 멸균,검사37호기,55245.0,54630.0,98.89,1,78546.0,70.33
2026-01-29,C관(2공장),[55] 접착/ 멸균,검사38호기,59850.0,58885.0,98.39,1,78546.0,76.2
2026-01-29,C관(2공장),[55] 접착/ 멸균,검사39호기,54165.0,53305.0,98.41,1,78546.0,68.96
2026-01-29,C관(2공장),[55] 접착/ 멸균,검사40호기,56800.0,56090.0,98.75,1,78546.0,72.31
2026-01-29,C관(2공장),[55] 접착/ 멸균,검사41호기,60040.0,58880.0,98.07,1,78546.0,76.44
2026-01-29,C관(2공장),[55] 접착/ 멸균,검사42호기,63135.0,62265.0,98.62,1,78546.0,80.38
2026-01-29,C관(2공장),[55] 접착/ 멸균,검사43호기,54270.0,50820.0,93.64,1,78546.0,69.09
2026-01-29,C관(2공장),[55] 접착/ 멸균,검사44호기,52740.0,51865.0,98.34,1,78546.0,67.15
2026-01-29,C관(2공장),[55] 접착/ 멸균,검사45호기,53800.0,52485.0,97.56,1,78546.0,68.49
2026-01-29,C관(2공장),[55] 접착/ 멸균,검사46호기,59155.0,57930.0,97.93,1,78546.0,75.31
2026-01-29,C관(2공장),[55] 접착/ 멸균,검사47호기,60120.0,59400.0,98.8,1,78546.0,76.54
2026-01-29,C관(2공장),[55] 접착/ 멸균,검사48호기,59105.0,57750.0,97.71,1,78546.0,75.25
2026-01-29,C관(2공장),[80] 누수/규격검사,누수/규격검사(2공장),869465.0,863030.0,99.26,1,720000.0,120.76
2026-01-29,S관(3공장),[00] 배합,A형 인라인2호기,7999.0,7999.0,100.0,1,0.0,0.0
2026-01-29,S관(3공장),[00] 배합,B형 조립중합6호기,9900.0,9900.0,100.0,1,0.0,0.0
2026-01-29,S관(3공장),[00] 배합,B형 조립중합8호기,3959.84,3959.84,100.0,1,0.0,0.0
2026-01-29,S관(3공장),[10] 사출조립,B형 조립중합1호기,44600.0,39107.0,87.68,1,76800.0,58.07
2026-01-29,S관(3공장),[10] 사출조립,B형 조립중합5호기,13816.0,11197.0,81.04,1,76800.0,17.99
2026-01-29,S관(3공장),[10] 사출조립,B형 조립중합6호기,26368.0,25324.0,96.04,1,76800.0,34.33
2026-01-29,S관(3공장),[10] 사출조립,B형 조립중합7호기,15904.0,15497.0,97.44,1,76800.0,20.71
2026-01-29,S관(3공장),[20] 분리,B형 분리수화접착1호기,3564.0,2581.0,72.42,1,53170.0,6.7
2026-01-29,S관(3공장),[20] 분리,B형 분리수화접착2호기,7251.0,4406.0,60.76,1,53170.0,13.64
2026-01-29,S관(3공장),[20] 분리,B형 분리수화접착3호기,14371.0,11630.0,80.93,1,53170.0,27.03
2026-01-29,S관(3공장),[20] 분리,B형 분리수화접착4호기,25614.0,19718.0,76.98,1,53170.0,48.17
2026-01-29,S관(3공장),[20] 분리,B형 분리수화접착5호기,16016.0,12582.0,78.56,1,53170.0,30.12
2026-01-29,S관(3공장),[20] 분리,B형 분리수화접착6호기,16108.0,13995.0,86.88,1,53170.0,30.3
2026-01-29,S관(3공장),[20] 분리,B형 분리수화접착7호기,17653.0,14426.0,81.72,1,53170.0,33.2
2026-01-29,S관(3공장),[20] 분리,B형 분리수화접착8호기,20717.0,19196.0,92.66,1,53170.0,38.96
2026-01-29,S관(3공장),[45] 하이드레이션/전면검사,S관 실리콘 자동수화기,166762.0,166246.0,99.69,1,240000.0,69.48
2026-01-29,S관(3공장),[55] 접착/ 멸균,A형 인라인1호기,23983.0,23330.0,97.28,1,54000.0,44.41
2026-01-29,S관(3공장),[55] 접착/ 멸균,A형 인라인2호기,24597.0,24025.0,97.67,1,54000.0,45.55
2026-01-29,S관(3공장),[55] 접착/ 멸균,A형 인라인3호기,36565.0,35660.0,97.52,1,54000.0,67.71
2026-01-29,S관(3공장),[55] 접착/ 멸균,A형 인라인4호기,33502.0,31890.0,95.19,1,54000.0,62.04
2026-01-29,S관(3공장),[55] 접착/ 멸균,A형 인라인5호기,20291.0,19505.0,96.13,1,54000.0,37.58
2026-01-29,S관(3공장),[55] 접착/ 멸균,A형 인라인6호기,46976.0,44915.0,95.61,1,54000.0,86.99
2026-01-29,S관(3공장),[55] 접착/ 멸균,B형 분리수화접착1호기,2543.0,2505.0,98.51,1,0.0,0.0
2026-01-29,S관(3공장),[80] 누수/규격검사,누수/규격검사(3공장),260350.0,257585.0,98.94,1,100645.0,258.68
2026-01-30,A관(1공장),[00] 배합,조립1호기,5096.860000000001,5096.860000000001,100.0,1,0.0,0.0
2026-01-30,A관(1공장),[00] 배합,조립2호기,1024.0,1024.0,100.0,1,0.0,0.0
2026-01-30,A관(1공장),[00] 배합,조립30호기,20000.0,20000.0,100.0,1,0.0,0.0
2026-01-30,A관(1공장),[00] 배합,조립5호기,22007.0,22007.0,100.0,1,0.0,0.0
2026-01-30,A관(1공장),[00] 배합,조립7호기,2999.81,2999.81,100.0,1,0.0,0.0
2026-01-30,A관(1공장),[10] 사출조립,조립1호기,29811.0,28311.0,94.97,1,43200.0,69.01
2026-01-30,A관(1공장),[10] 사출조립,조립30호기,46170.0,46170.0,100.0,1,86400.0,53.44
2026-01-30,A관(1공장),[10] 사출조립,조립31호기,99072.0,99072.0,100.0,1,86400.0,114.67
2026-01-30,A관(1공장),[10] 사출조립,조립3호기,37738.0,37738.0,100.0,1,43200.0,87.36
2026-01-30,A관(1공장),[10] 사출조립,조립4호기,9440.0,8815.0,93.38,1,43200.0,21.85
2026-01-30,A관(1공장),[10] 사출조립,조립5호기,33805.0,33805.0,100.0,1,43200.0,78.25
2026-01-30,A관(1공장),[10] 사출조립,조립7호기,9604.0,7872.0,81.97,1,43200.0,22.23
2026-01-30,A관(1공장),[20] 분리,분리10호기,18419.0,16316.0,88.58,1,17280.0,106.59
2026-01-30,A관(1공장),[20] 분리,분리11호기,12442.0,10100.0,81.18,1,17280.0,72.0
2026-01-30,A관(1공장),[20] 분리,분리14호기,42054.0,35813.0,85.16,1,54000.0,77.88
2026-01-30,A관(1공장),[20] 분리,분리3호기,10905.0,8126.0,74.52,1,17280.0,63.11
2026-01-30,A관(1공장),[20] 분리,분리4호기,12412.0,10478.0,84.42,1,17280.0,71.83
2026-01-30,A관(1공장),[45] 하이드레이션/전면검사,1공장 실리콘수화기,35907.0,35907.0,100.0,1,0.0,0.0
2026-01-30,A관(1공장),[45] 하이드레이션/전면검사,워터배스1-3호기,14806.0,14806.0,100.0,1,30000.0,49.35
2026-01-30,A관(1공장),[45] 하이드레이션/전면검사,워터배스1-4호기,15354.0,15354.0,100.0,1,30000.0,51.18
2026-01-30,A관(1공장),[45] 하이드레이션/전면검사,워터배스1-5호기,24706.0,24706.0,100.0,1,150000.0,16.47
2026-01-30,A관(1공장),[45] 하이드레이션/전면검사,워터배스1-6호기,7082.0,7082.0,100.0,1,150000.0,4.72
2026-01-30,A관(1공장),[55] 접착/ 멸균,검사10호기,9036.0,8526.0,94.36,1,13293.0,67.98
2026-01-30,A관(1공장),[55] 접착/ 멸균,검사14호기,5962.0,5310.0,89.06,1,13293.0,44.85
2026-01-30,A관(1공장),[55] 접착/ 멸균,검사16호기,1939.0,1599.0,82.47,1,13293.0,14.59
2026-01-30,A관(1공장),[55] 접착/ 멸균,검사17호기,9621.0,9314.0,96.81,1,13293.0,72.38
2026-01-30,A관(1공장),[55] 접착/ 멸균,검사18호기,9555.0,8761.0,91.69,1,13293.0,71.88
2026-01-30,A관(1공장),[55] 접착/ 멸균,검사20호기,22234.0,21720.0,97.69,1,13293.0,167.26
2026-01-30,A관(1공장),[55] 접착/ 멸균,검사21호기,5257.0,4796.0,91.23,1,13293.0,39.55
2026-01-30,A관(1공장),[55] 접착/ 멸균,검사22호기,2958.0,2692.0,91.01,1,13293.0,22.25
2026-01-30,A관(1공장),[55] 접착/ 멸균,검사23호기,4326.0,4190.0,96.86,1,13293.0,32.54
2026-01-30,A관(1공장),[55] 접착/ 멸균,검사6호기,2115.0,2024.0,95.7,1,13293.0,15.91
2026-01-30,A관(1공장),[55] 접착/ 멸균,검사8호기,12909.0,12114.0,93.84,1,13293.0,97.11
2026-01-30,A관(1공장),[55] 접착/ 멸균,검사9호기,8238.0,7952.0,96.53,1,13293.0,61.97
2026-01-30,A관(1공장),[55] 접착/ 멸균,바이알캡핑기,7484.0,6994.0,93.45,1,0.0,0.0
2026-01-30,A관(1공장),[80] 누수/규격검사,누수/규격검사(1공장),112518.0,108067.0,96.04,1,112902.0,99.66
2026-01-30,C관(2공장),[00] 배합,조립13호기,20365.88,20365.88,100.0,1,0.0,0.0
2026-01-30,C관(2공장),[00] 배합,조립14호기,20366.0,20366.0,100.0,1,0.0,0.0
2026-01-30,C관(2공장),[00] 배합,조립20호기,20366.0,20366.0,100.0,1,0.0,0.0
2026-01-30,C관(2공장),[00] 배합,조립22호기,20366.0,20366.0,100.0,1,0.0,0.0
2026-01-30,C관(2공장),[00] 배합,조립23호기,19716.0,19716.0,100.0,1,0.0,0.0
2026-01-30,C관(2공장),[00] 배합,조립42호기,20366.0,20366.0,100.0,1,0.0,0.0
2026-01-30,C관(2공장),[00] 배합,조립54호기,9957.87,9957.87,100.0,1,0.0,0.0
2026-01-30,C관(2공장),[00] 배합,조립55호기,20366.0,20366.0,100.0,1,0.0,0.0
2026-01-30,C관(2공장),[10] 사출조립,조립10호기,29172.0,25550.0,87.58,1,43200.0,67.53
2026-01-30,C관(2공장),[10] 사출조립,조립11호기,60833.0,60644.0,99.69,1,43200.0,140.82
2026-01-30,C관(2공장),[10] 사출조립,조립12호기,28408.0,27573.0,97.06,1,0.0,0.0
2026-01-30,C관(2공장),[10] 사출조립,조립13호기,41997.0,41916.0,99.81,1,0.0,0.0
2026-01-30,C관(2공장),[10] 사출조립,조립14호기,22062.0,17562.0,79.6,1,43200.0,51.07
2026-01-30,C관(2공장),[10] 사출조립,조립15호기,34125.0,33378.0,97.81,1,43200.0,78.99
2026-01-30,C관(2공장),[10] 사출조립,조립16호기,43318.0,36902.0,85.19,1,43200.0,100.27
2026-01-30,C관(2공장),[10] 사출조립,조립17호기,32460.0,25860.0,79.67,1,43200.0,75.14
2026-01-30,C관(2공장),[10] 사출조립,조립18호기,26346.0,20623.0,78.28,1,43200.0,60.99
2026-01-30,C관(2공장),[10] 사출조립,조립20호기,29213.0,24884.0,85.18,1,43200.0,67.62
2026-01-30,C관(2공장),[10] 사출조립,조립22호기,11981.0,11077.0,92.45,1,43200.0,27.73
2026-01-30,C관(2공장),[10] 사출조립,조립23호기,21085.0,19119.0,90.68,1,43200.0,48.81
2026-01-30,C관(2공장),[10] 사출조립,조립24호기,43277.0,42224.0,97.57,1,43200.0,100.18
2026-01-30,C관(2공장),[10] 사출조립,조립25호기,18226.0,18201.0,99.86,1,43200.0,42.19
2026-01-30,C관(2공장),[10] 사출조립,조립26호기,27454.0,26476.0,96.44,1,43200.0,63.55
2026-01-30,C관(2공장),[10] 사출조립,조립27호기,24299.0,12029.0,49.5,1,43200.0,56.25
2026-01-30,C관(2공장),[10] 사출조립,조립40호기,15099.0,12073.0,79.96,1,43200.0,34.95
2026-01-30,C관(2공장),[10] 사출조립,조립41호기,11780.0,9160.0,77.76,1,43200.0,27.27
2026-01-30,C관(2공장),[10] 사출조립,조립42호기,28759.0,27030.0,93.99,1,43200.0,66.57
2026-01-30,C관(2공장),[10] 사출조립,조립44호기,28242.0,28016.0,99.2,1,43200.0,65.38
2026-01-30,C관(2공장),[10] 사출조립,조립45호기,59175.0,55630.0,94.01,1,43200.0,136.98
2026-01-30,C관(2공장),[10] 사출조립,조립46호기,44980.0,41470.0,92.2,1,43200.0,104.12
2026-01-30,C관(2공장),[10] 사출조립,조립47호기,32151.0,30841.0,95.93,1,43200.0,74.42
2026-01-30,C관(2공장),[10] 사출조립,조립48호기,28713.0,24396.0,84.96,1,43200.0,66.47
2026-01-30,C관(2공장),[10] 사출조립,조립49호기,18053.0,17589.0,97.43,1,43200.0,41.79
2026-01-30,C관(2공장),[10] 사출조립,조립50호기,29705.0,27815.0,93.64,1,43200.0,68.76
2026-01-30,C관(2공장),[10] 사출조립,조립51호기,53884.0,52294.0,97.05,1,43200.0,124.73
2026-01-30,C관(2공장),[10] 사출조립,조립52호기,18913.0,17152.0,90.69,1,43200.0,43.78
2026-01-30,C관(2공장),[10] 사출조립,조립53호기,47580.0,43050.0,90.48,1,43200.0,110.14
2026-01-30,C관(2공장),[10] 사출조립,조립54호기,16517.0,15188.0,91.95,1,43200.0,38.23
2026-01-30,C관(2공장),[10] 사출조립,조립55호기,25356.0,23523.0,92.77,1,43200.0,58.69
2026-01-30,C관(2공장),[10] 사출조립,조립57호기,6929.0,3519.0,50.79,1,43200.0,16.04
2026-01-30,C관(2공장),[10] 사출조립,조립58호기,21090.0,19645.0,93.15,1,43200.0,48.82
2026-01-30,C관(2공장),[10] 사출조립,조립59호기,21330.0,19973.0,93.64,1,43200.0,49.38
2026-01-30,C관(2공장),[20] 분리,분리12호기,37874.0,32594.0,86.06,1,0.0,0.0
2026-01-30,C관(2공장),[20] 분리,분리15호기,39183.0,34340.0,87.64,1,0.0,0.0
2026-01-30,C관(2공장),[20] 분리,분리16호기,43120.0,37456.0,86.86,1,61715.0,69.87
2026-01-30,C관(2공장),[20] 분리,분리17호기,38130.0,31012.0,81.33,1,61715.0,61.78
2026-01-30,C관(2공장),[20] 분리,분리18호기,41477.0,35380.0,85.3,1,61715.0,67.21
2026-01-30,C관(2공장),[20] 분리,분리19호기,39311.0,33893.0,86.22,1,61715.0,63.7
2026-01-30,C관(2공장),[20] 분리,분리20호기,41543.0,36442.0,87.72,1,61715.0,67.31
2026-01-30,C관(2공장),[20] 분리,분리21호기,41677.0,36850.0,88.42,1,61715.0,67.53
2026-01-30,C관(2공장),[20] 분리,분리22호기,46102.0,38159.0,82.77,1,61715.0,74.7
2026-01-30,C관(2공장),[20] 분리,분리23호기,38110.0,32092.0,84.21,1,61715.0,61.75
2026-01-30,C관(2공장),[20] 분리,분리24호기,40983.0,36982.0,90.24,1,61715.0,66.41
2026-01-30,C관(2공장),[20] 분리,분리25호기,50879.0,42579.0,83.69,1,61715.0,82.44
2026-01-30,C관(2공장),[20] 분리,분리26호기,43553.0,38683.0,88.82,1,54000.0,80.65
2026-01-30,C관(2공장),[20] 분리,분리27호기,44670.0,38936.0,87.16,1,54000.0,82.72
2026-01-30,C관(2공장),[20] 분리,분리28호기,42602.0,36026.0,84.56,1,54000.0,78.89
2026-01-30,C관(2공장),[20] 분리,분리29호기,47659.0,36469.0,76.52,1,54000.0,88.26
2026-01-30,C관(2공장),[20] 분리,분리30호기,53356.0,46710.0,87.54,1,54000.0,98.81
2026-01-30,C관(2공장),[20] 분리,분리31호기,42148.0,36773.0,87.25,1,54000.0,78.05
2026-01-30,C관(2공장),[20] 분리,분리32호기,52738.0,47265.0,89.62,1,54000.0,97.66
2026-01-30,C관(2공장),[20] 분리,분리33호기,49492.0,45115.0,91.16,1,54000.0,91.65
2026-01-30,C관(2공장),[20] 분리,분리34호기,42779.0,36102.0,84.39,1,54000.0,79.22
2026-01-30,C관(2공장),[20] 분리,분리35호기,45924.0,33551.0,73.06,1,54000.0,85.04
2026-01-30,C관(2공장),[20] 분리,분리36호기,53219.0,42675.0,80.19,1,54000.0,98.55
2026-01-30,C관(2공장),[20] 분리,분리37호기,44977.0,40722.0,90.54,1,54000.0,83.29
2026-01-30,C관(2공장),[20] 분리,분리43호기,43531.0,38008.0,87.31,1,54000.0,80.61
2026-01-30,C관(2공장),[45] 하이드레이션/전면검사,워터배스2-10호기,63902.0,63800.0,99.84,1,120000.0,53.25
2026-01-30,C관(2공장),[45] 하이드레이션/전면검사,워터배스2-11호기,47148.0,47085.0,99.87,1,150000.0,31.43
2026-01-30,C관(2공장),[45] 하이드레이션/전면검사,워터배스2-12호기,74036.0,73950.0,99.88,1,150000.0,49.36
2026-01-30,C관(2공장),[45] 하이드레이션/전면검사,워터배스2-13호기,74075.0,74010.0,99.91,1,150000.0,49.38
2026-01-30,C관(2공장),[45] 하이드레이션/전면검사,워터배스2-14호기,81112.0,80990.0,99.85,1,150000.0,54.07
2026-01-30,C관(2공장),[45] 하이드레이션/전면검사,워터배스2-1호기,38127.0,38100.0,99.93,1,120000.0,31.77
2026-01-30,C관(2공장),[45] 하이드레이션/전면검사,워터배스2-2호기,94575.0,94470.0,99.89,1,120000.0,78.81
2026-01-30,C관(2공장),[45] 하이드레이션/전면검사,워터배스2-3호기,61914.0,61840.0,99.88,1,120000.0,51.6
2026-01-30,C관(2공장),[45] 하이드레이션/전면검사,워터배스2-4호기,34352.0,34320.0,99.91,1,120000.0,28.63
2026-01-30,C관(2공장),[45] 하이드레이션/전면검사,워터배스2-5호기,62495.0,62440.0,99.91,1,120000.0,52.08
2026-01-30,C관(2공장),[45] 하이드레이션/전면검사,워터배스2-7호기,64096.0,57920.0,90.36,1,120000.0,53.41
2026-01-30,C관(2공장),[45] 하이드레이션/전면검사,워터배스2-8호기,57912.0,57860.0,99.91,1,120000.0,48.26
2026-01-30,C관(2공장),[45] 하이드레이션/전면검사,워터배스2-9호기,63180.0,63120.0,99.91,1,120000.0,52.65
2026-01-30,C관(2공장),[55] 접착/ 멸균,검사32호기,34160.0,33605.0,98.38,1,0.0,0.0
2026-01-30,C관(2공장),[55] 접착/ 멸균,검사33호기,47740.0,46980.0,98.41,1,66462.0,71.83
2026-01-30,C관(2공장),[55] 접착/ 멸균,검사34호기,57015.0,56180.0,98.54,1,78546.0,72.59
2026-01-30,C관(2공장),[55] 접착/ 멸균,검사35호기,59795.0,59390.0,99.32,1,78546.0,76.13
2026-01-30,C관(2공장),[55] 접착/ 멸균,검사36호기,47050.0,45430.0,96.56,1,78546.0,59.9
2026-01-30,C관(2공장),[55] 접착/ 멸균,검사37호기,50995.0,50285.0,98.61,1,78546.0,64.92
2026-01-30,C관(2공장),[55] 접착/ 멸균,검사38호기,59135.0,55210.0,93.36,1,78546.0,75.29
2026-01-30,C관(2공장),[55] 접착/ 멸균,검사39호기,49530.0,48725.0,98.37,1,78546.0,63.06
2026-01-30,C관(2공장),[55] 접착/ 멸균,검사40호기,45870.0,45090.0,98.3,1,78546.0,58.4
2026-01-30,C관(2공장),[55] 접착/ 멸균,검사41호기,51045.0,49900.0,97.76,1,78546.0,64.99
2026-01-30,C관(2공장),[55] 접착/ 멸균,검사42호기,49635.0,48640.0,98.0,1,78546.0,63.19
2026-01-30,C관(2공장),[55] 접착/ 멸균,검사43호기,53915.0,51530.0,95.58,1,78546.0,68.64
2026-01-30,C관(2공장),[55] 접착/ 멸균,검사44호기,49985.0,48980.0,97.99,1,78546.0,63.64
2026-01-30,C관(2공장),[55] 접착/ 멸균,검사45호기,49820.0,48725.0,97.8,1,78546.0,63.43
2026-01-30,C관(2공장),[55] 접착/ 멸균,검사46호기,51290.0,50485.0,98.43,1,78546.0,65.3
2026-01-30,C관(2공장),[55] 접착/ 멸균,검사47호기,52535.0,51890.0,98.77,1,78546.0,66.88
2026-01-30,C관(2공장),[55] 접착/ 멸균,검사48호기,47515.0,46300.0,97.44,1,78546.0,60.49
2026-01-30,C관(2공장),[80] 누수/규격검사,누수/규격검사(2공장),840415.0,835435.0,99.41,1,720000.0,116.72
2026-01-30,S관(3공장),[00] 배합,B형 조립중합1호기,4950.0,4950.0,100.0,1,0.0,0.0
2026-01-30,S관(3공장),[00] 배합,B형 조립중합6호기,9900.0,9900.0,100.0,1,0.0,0.0
2026-01-30,S관(3공장),[10] 사출조립,A형 인라인1호기,37526.0,37526.0,100.0,1,43200.0,86.87
2026-01-30,S관(3공장),[10] 사출조립,A형 인라인2호기,19164.0,19164.0,100.0,1,43200.0,44.36
2026-01-30,S관(3공장),[10] 사출조립,A형 인라인3호기,14895.0,14895.0,100.0,1,43200.0,34.48
2026-01-30,S관(3공장),[10] 사출조립,A형 인라인5호기,15964.0,15964.0,100.0,1,43200.0,36.95
2026-01-30,S관(3공장),[10] 사출조립,B형 조립중합5호기,18408.0,17554.0,95.36,1,76800.0,23.97
2026-01-30,S관(3공장),[10] 사출조립,B형 조립중합7호기,33032.0,31698.0,95.96,1,76800.0,43.01
2026-01-30,S관(3공장),[20] 분리,A형 인라인1호기,12641.0,11592.0,91.7,1,43200.0,29.26
2026-01-30,S관(3공장),[20] 분리,A형 인라인2호기,8142.0,6948.0,85.34,1,43200.0,18.85
2026-01-30,S관(3공장),[20] 분리,B형 분리수화접착1호기,5927.0,4291.0,72.4,1,53170.0,11.15
2026-01-30,S관(3공장),[20] 분리,B형 분리수화접착2호기,8607.0,7080.0,82.26,1,53170.0,16.19
2026-01-30,S관(3공장),[20] 분리,B형 분리수화접착3호기,24588.0,19885.0,80.87,1,53170.0,46.24
2026-01-30,S관(3공장),[20] 분리,B형 분리수화접착4호기,29252.0,23621.0,80.75,1,53170.0,55.02
2026-01-30,S관(3공장),[20] 분리,B형 분리수화접착5호기,19436.0,16799.0,86.43,1,53170.0,36.55
2026-01-30,S관(3공장),[20] 분리,B형 분리수화접착6호기,19910.0,17621.0,88.5,1,53170.0,37.45
2026-01-30,S관(3공장),[20] 분리,B형 분리수화접착7호기,21716.0,17741.0,81.7,1,53170.0,40.84
2026-01-30,S관(3공장),[20] 분리,B형 분리수화접착8호기,23082.0,19559.0,84.74,1,53170.0,43.41
2026-01-30,S관(3공장),[45] 하이드레이션/전면검사,S관 실리콘 자동수화기,149066.0,147904.0,99.22,1,240000.0,62.11
2026-01-30,S관(3공장),[55] 접착/ 멸균,A형 인라인1호기,68632.0,66375.0,96.71,1,54000.0,127.1
2026-01-30,S관(3공장),[55] 접착/ 멸균,A형 인라인2호기,21578.0,20495.0,94.98,1,54000.0,39.96
2026-01-30,S관(3공장),[55] 접착/ 멸균,A형 인라인3호기,60803.0,59255.0,97.45,1,54000.0,112.6
2026-01-30,S관(3공장),[55] 접착/ 멸균,A형 인라인4호기,27925.0,26805.0,95.99,1,54000.0,51.71
2026-01-30,S관(3공장),[55] 접착/ 멸균,A형 인라인5호기,61076.0,59660.0,97.68,1,54000.0,113.1
2026-01-30,S관(3공장),[55] 접착/ 멸균,A형 인라인6호기,17879.0,16940.0,94.75,1,54000.0,33.11
2026-01-30,S관(3공장),[55] 접착/ 멸균,B형 분리수화접착1호기,8703.0,8565.0,98.41,1,0.0,0.0
2026-01-30,S관(3공장),[80] 누수/규격검사,누수/규격검사(3공장),213815.0,212405.0,99.34,1,100645.0,212.44
2026-01-31,A관(1공장),[00] 배합,조립1호기,7134.0,7134.0,100.0,1,0.0,0.0
2026-01-31,A관(1공장),[00] 배합,조립2호기,4165.91,4165.91,100.0,1,0.0,0.0
2026-01-31,A관(1공장),[00] 배합,조립31호기,5000.0,5000.0,100.0,1,0.0,0.0
2026-01-31,A관(1공장),[00] 배합,조립3호기,6137.92,6137.92,100.0,1,0.0,0.0
2026-01-31,A관(1공장),[00] 배합,조립4호기,6000.0,6000.0,100.0,1,0.0,0.0
2026-01-31,A관(1공장),[00] 배합,조립5호기,5017.42,5017.42,100.0,1,0.0,0.0
2026-01-31,A관(1공장),[10] 사출조립,조립1호기,17133.0,15771.0,92.05,1,43200.0,39.66
2026-01-31,A관(1공장),[10] 사출조립,조립2호기,8226.0,6165.0,74.95,1,43200.0,19.04
2026-01-31,A관(1공장),[10] 사출조립,조립30호기,96241.0,94532.0,98.22,1,86400.0,111.39
2026-01-31,A관(1공장),[10] 사출조립,조립31호기,52643.0,52055.0,98.88,1,86400.0,60.93
2026-01-31,A관(1공장),[10] 사출조립,조립3호기,36735.0,34609.0,94.21,1,43200.0,85.03
2026-01-31,A관(1공장),[10] 사출조립,조립4호기,34646.0,34646.0,100.0,1,43200.0,80.2
2026-01-31,A관(1공장),[10] 사출조립,조립5호기,27805.0,27805.0,100.0,1,43200.0,64.36
2026-01-31,A관(1공장),[10] 사출조립,조립7호기,9450.0,8276.0,87.58,1,43200.0,21.88
2026-01-31,A관(1공장),[20] 분리,분리10호기,15041.0,13044.0,86.72,1,17280.0,87.04
2026-01-31,A관(1공장),[20] 분리,분리14호기,42725.0,36567.0,85.59,1,54000.0,79.12
2026-01-31,A관(1공장),[20] 분리,분리3호기,4318.0,3713.0,85.99,1,17280.0,24.99
2026-01-31,A관(1공장),[20] 분리,분리42호기(초음파),8688.0,7583.0,87.28,1,62837.0,13.83
2026-01-31,A관(1공장),[20] 분리,분리4호기,17685.0,14518.0,82.09,1,17280.0,102.34
2026-01-31,A관(1공장),[20] 분리,분리5호기,4756.0,3748.0,78.81,1,17280.0,27.52
2026-01-31,A관(1공장),[45] 하이드레이션/전면검사,1공장 실리콘수화기,10522.0,10522.0,100.0,1,0.0,0.0
2026-01-31,A관(1공장),[45] 하이드레이션/전면검사,워터배스1-2호기,12407.0,12407.0,100.0,1,30000.0,41.36
2026-01-31,A관(1공장),[45] 하이드레이션/전면검사,워터배스1-3호기,9722.0,9722.0,100.0,1,30000.0,32.41
2026-01-31,A관(1공장),[45] 하이드레이션/전면검사,워터배스1-4호기,7592.0,7592.0,100.0,1,30000.0,25.31
2026-01-31,A관(1공장),[45] 하이드레이션/전면검사,워터배스1-5호기,28378.0,28378.0,100.0,1,150000.0,18.92
2026-01-31,A관(1공장),[45] 하이드레이션/전면검사,워터배스1-6호기,20478.0,20478.0,100.0,1,150000.0,13.65
2026-01-31,A관(1공장),[55] 접착/ 멸균,검사10호기,10725.0,9690.0,90.35,1,13293.0,80.68
2026-01-31,A관(1공장),[55] 접착/ 멸균,검사11호기,9179.0,8602.0,93.71,1,13293.0,69.05
2026-01-31,A관(1공장),[55] 접착/ 멸균,검사14호기,9306.0,8454.0,90.84,1,13293.0,70.01
2026-01-31,A관(1공장),[55] 접착/ 멸균,검사16호기,9317.0,7528.0,80.8,1,13293.0,70.09
2026-01-31,A관(1공장),[55] 접착/ 멸균,검사17호기,6076.0,5510.0,90.68,1,13293.0,45.71
2026-01-31,A관(1공장),[55] 접착/ 멸균,검사18호기,8006.0,6691.0,83.57,1,13293.0,60.23
2026-01-31,A관(1공장),[55] 접착/ 멸균,검사19호기,2946.0,2878.0,97.69,1,13293.0,22.16
2026-01-31,A관(1공장),[55] 접착/ 멸균,검사20호기,17297.0,16702.0,96.56,1,13293.0,130.12
2026-01-31,A관(1공장),[55] 접착/ 멸균,검사22호기,2601.0,2358.0,90.66,1,13293.0,19.57
2026-01-31,A관(1공장),[55] 접착/ 멸균,검사23호기,5246.0,5146.0,98.09,1,13293.0,39.46
2026-01-31,A관(1공장),[55] 접착/ 멸균,검사6호기,8879.0,8216.0,92.53,1,13293.0,66.79
2026-01-31,A관(1공장),[55] 접착/ 멸균,검사7호기,3297.0,3096.0,93.9,1,13293.0,24.8
2026-01-31,A관(1공장),[55] 접착/ 멸균,검사8호기,6379.0,6018.0,94.34,1,13293.0,47.99
2026-01-31,A관(1공장),[55] 접착/ 멸균,검사9호기,6451.0,6150.0,95.33,1,13293.0,48.53
2026-01-31,A관(1공장),[55] 접착/ 멸균,바이알캡핑기,2759.0,2057.0,74.56,1,0.0,0.0
2026-01-31,A관(1공장),[80] 누수/규격검사,누수/규격검사(1공장),96875.0,91562.0,94.52,1,112902.0,85.8
2026-01-31,C관(2공장),[00] 배합,조립51호기,20366.0,20366.0,100.0,1,0.0,0.0
2026-01-31,C관(2공장),[00] 배합,조립52호기,20365.97,20365.97,100.0,1,0.0,0.0
2026-01-31,C관(2공장),[00] 배합,조립53호기,20366.0,20366.0,100.0,1,0.0,0.0
2026-01-31,C관(2공장),[00] 배합,조립55호기,9958.0,9958.0,100.0,1,0.0,0.0
2026-01-31,C관(2공장),[00] 배합,조립58호기,20365.94,20365.94,100.0,1,0.0,0.0
2026-01-31,C관(2공장),[10] 사출조립,조립10호기,16577.0,14292.0,86.22,1,43200.0,38.37
2026-01-31,C관(2공장),[10] 사출조립,조립11호기,30439.0,29038.0,95.4,1,43200.0,70.46
2026-01-31,C관(2공장),[10] 사출조립,조립12호기,23626.0,23320.0,98.7,1,0.0,0.0
2026-01-31,C관(2공장),[10] 사출조립,조립13호기,27655.0,27535.0,99.57,1,0.0,0.0
2026-01-31,C관(2공장),[10] 사출조립,조립14호기,29499.0,23203.0,78.66,1,43200.0,68.28
2026-01-31,C관(2공장),[10] 사출조립,조립15호기,51204.0,49703.0,97.07,1,43200.0,118.53
2026-01-31,C관(2공장),[10] 사출조립,조립16호기,15709.0,11711.0,74.55,1,43200.0,36.36
2026-01-31,C관(2공장),[10] 사출조립,조립17호기,52270.0,48031.0,91.89,1,43200.0,121.0
2026-01-31,C관(2공장),[10] 사출조립,조립18호기,15848.0,13948.0,88.01,1,43200.0,36.69
2026-01-31,C관(2공장),[10] 사출조립,조립20호기,44276.0,33209.0,75.0,1,43200.0,102.49
2026-01-31,C관(2공장),[10] 사출조립,조립22호기,40622.0,39022.0,96.06,1,43200.0,94.03
2026-01-31,C관(2공장),[10] 사출조립,조립23호기,29877.0,24733.0,82.78,1,43200.0,69.16
2026-01-31,C관(2공장),[10] 사출조립,조립24호기,30605.0,29952.0,97.87,1,43200.0,70.84
2026-01-31,C관(2공장),[10] 사출조립,조립25호기,41562.0,40813.0,98.2,1,43200.0,96.21
2026-01-31,C관(2공장),[10] 사출조립,조립26호기,58304.0,52626.0,90.26,1,43200.0,134.96
2026-01-31,C관(2공장),[10] 사출조립,조립27호기,29848.0,29652.0,99.34,1,43200.0,69.09
2026-01-31,C관(2공장),[10] 사출조립,조립40호기,24946.0,24437.0,97.96,1,43200.0,57.75
2026-01-31,C관(2공장),[10] 사출조립,조립42호기,30140.0,29609.0,98.24,1,43200.0,69.77
2026-01-31,C관(2공장),[10] 사출조립,조립44호기,55022.0,54666.0,99.35,1,43200.0,127.37
2026-01-31,C관(2공장),[10] 사출조립,조립45호기,28251.0,26176.0,92.66,1,43200.0,65.4
2026-01-31,C관(2공장),[10] 사출조립,조립46호기,17997.0,17130.0,95.18,1,43200.0,41.66
2026-01-31,C관(2공장),[10] 사출조립,조립47호기,32732.0,28432.0,86.86,1,43200.0,75.77
2026-01-31,C관(2공장),[10] 사출조립,조립48호기,15173.0,10712.0,70.6,1,43200.0,35.12
2026-01-31,C관(2공장),[10] 사출조립,조립49호기,11273.0,7851.0,69.64,1,43200.0,26.09
2026-01-31,C관(2공장),[10] 사출조립,조립50호기,59703.0,53985.0,90.42,1,43200.0,138.2
2026-01-31,C관(2공장),[10] 사출조립,조립51호기,32899.0,31026.0,94.31,1,43200.0,76.16
2026-01-31,C관(2공장),[10] 사출조립,조립52호기,15022.0,14438.0,96.11,1,43200.0,34.77
2026-01-31,C관(2공장),[10] 사출조립,조립53호기,29660.0,28422.0,95.83,1,43200.0,68.66
2026-01-31,C관(2공장),[10] 사출조립,조립54호기,22272.0,15845.0,71.14,1,43200.0,51.56
2026-01-31,C관(2공장),[10] 사출조립,조립55호기,15346.0,10344.0,67.41,1,43200.0,35.52
2026-01-31,C관(2공장),[10] 사출조립,조립56호기,24370.0,24370.0,100.0,1,43200.0,56.41
2026-01-31,C관(2공장),[10] 사출조립,조립57호기,27298.0,22748.0,83.33,1,43200.0,63.19
2026-01-31,C관(2공장),[10] 사출조립,조립58호기,26805.0,21939.0,81.85,1,43200.0,62.05
2026-01-31,C관(2공장),[10] 사출조립,조립59호기,11838.0,11775.0,99.47,1,43200.0,27.4
2026-01-31,C관(2공장),[20] 분리,분리12호기,48451.0,42919.0,88.58,1,0.0,0.0
2026-01-31,C관(2공장),[20] 분리,분리15호기,50097.0,44469.0,88.77,1,0.0,0.0
2026-01-31,C관(2공장),[20] 분리,분리16호기,46155.0,39945.0,86.55,1,61715.0,74.79
2026-01-31,C관(2공장),[20] 분리,분리17호기,45430.0,37840.0,83.29,1,61715.0,73.61
2026-01-31,C관(2공장),[20] 분리,분리18호기,42070.0,36546.0,86.87,1,61715.0,68.17
2026-01-31,C관(2공장),[20] 분리,분리19호기,39437.0,33103.0,83.94,1,61715.0,63.9
2026-01-31,C관(2공장),[20] 분리,분리20호기,44873.0,38192.0,85.11,1,61715.0,72.71
2026-01-31,C관(2공장),[20] 분리,분리21호기,46168.0,40785.0,88.34,1,61715.0,74.81
2026-01-31,C관(2공장),[20] 분리,분리22호기,44397.0,34357.0,77.39,1,61715.0,71.94
2026-01-31,C관(2공장),[20] 분리,분리23호기,39786.0,32597.0,81.93,1,61715.0,64.47
2026-01-31,C관(2공장),[20] 분리,분리24호기,42982.0,38608.0,89.82,1,61715.0,69.65
2026-01-31,C관(2공장),[20] 분리,분리25호기,46358.0,37897.0,81.75,1,61715.0,75.12
2026-01-31,C관(2공장),[20] 분리,분리26호기,45581.0,38093.0,83.57,1,54000.0,84.41
2026-01-31,C관(2공장),[20] 분리,분리27호기,40797.0,35754.0,87.64,1,54000.0,75.55
2026-01-31,C관(2공장),[20] 분리,분리28호기,43992.0,38134.0,86.68,1,54000.0,81.47
2026-01-31,C관(2공장),[20] 분리,분리29호기,41247.0,28427.0,68.92,1,54000.0,76.38
2026-01-31,C관(2공장),[20] 분리,분리30호기,53199.0,47315.0,88.94,1,54000.0,98.52
2026-01-31,C관(2공장),[20] 분리,분리31호기,54139.0,47932.0,88.54,1,54000.0,100.26
2026-01-31,C관(2공장),[20] 분리,분리32호기,50730.0,40528.0,79.89,1,54000.0,93.94
2026-01-31,C관(2공장),[20] 분리,분리33호기,51923.0,47559.0,91.6,1,54000.0,96.15
2026-01-31,C관(2공장),[20] 분리,분리34호기,47178.0,40155.0,85.11,1,54000.0,87.37
2026-01-31,C관(2공장),[20] 분리,분리35호기,47524.0,35609.0,74.93,1,54000.0,88.01
2026-01-31,C관(2공장),[20] 분리,분리36호기,53007.0,44185.0,83.36,1,54000.0,98.16
2026-01-31,C관(2공장),[20] 분리,분리37호기,45064.0,40118.0,89.02,1,54000.0,83.45
2026-01-31,C관(2공장),[20] 분리,분리43호기,44491.0,39719.0,89.27,1,54000.0,82.39
2026-01-31,C관(2공장),[45] 하이드레이션/전면검사,워터배스2-10호기,82155.0,79115.0,96.3,1,120000.0,68.46
2026-01-31,C관(2공장),[45] 하이드레이션/전면검사,워터배스2-11호기,80948.0,80805.0,99.82,1,150000.0,53.97
2026-01-31,C관(2공장),[45] 하이드레이션/전면검사,워터배스2-12호기,68948.0,68870.0,99.89,1,150000.0,45.97
2026-01-31,C관(2공장),[45] 하이드레이션/전면검사,워터배스2-13호기,72470.0,72355.0,99.84,1,150000.0,48.31
2026-01-31,C관(2공장),[45] 하이드레이션/전면검사,워터배스2-14호기,72704.0,72625.0,99.89,1,150000.0,48.47
2026-01-31,C관(2공장),[45] 하이드레이션/전면검사,워터배스2-1호기,68914.0,68860.0,99.92,1,120000.0,57.43
2026-01-31,C관(2공장),[45] 하이드레이션/전면검사,워터배스2-2호기,62264.0,62180.0,99.87,1,120000.0,51.89
2026-01-31,C관(2공장),[45] 하이드레이션/전면검사,워터배스2-3호기,70360.0,70150.0,99.7,1,120000.0,58.63
2026-01-31,C관(2공장),[45] 하이드레이션/전면검사,워터배스2-4호기,41735.0,41710.0,99.94,1,120000.0,34.78
2026-01-31,C관(2공장),[45] 하이드레이션/전면검사,워터배스2-5호기,76226.0,73490.0,96.41,1,120000.0,63.52
2026-01-31,C관(2공장),[45] 하이드레이션/전면검사,워터배스2-7호기,65304.0,65255.0,99.92,1,120000.0,54.42
2026-01-31,C관(2공장),[45] 하이드레이션/전면검사,워터배스2-8호기,67357.0,67275.0,99.88,1,120000.0,56.13
2026-01-31,C관(2공장),[45] 하이드레이션/전면검사,워터배스2-9호기,49339.0,49260.0,99.84,1,120000.0,41.12
2026-01-31,C관(2공장),[55] 접착/ 멸균,검사32호기,31420.0,31060.0,98.85,1,0.0,0.0
2026-01-31,C관(2공장),[55] 접착/ 멸균,검사33호기,33245.0,32515.0,97.8,1,66462.0,50.02
2026-01-31,C관(2공장),[55] 접착/ 멸균,검사34호기,58275.0,57565.0,98.78,1,78546.0,74.19
2026-01-31,C관(2공장),[55] 접착/ 멸균,검사35호기,54360.0,53580.0,98.57,1,78546.0,69.21
2026-01-31,C관(2공장),[55] 접착/ 멸균,검사36호기,46840.0,46080.0,98.38,1,78546.0,59.63
2026-01-31,C관(2공장),[55] 접착/ 멸균,검사37호기,55755.0,54970.0,98.59,1,78546.0,70.98
2026-01-31,C관(2공장),[55] 접착/ 멸균,검사38호기,55420.0,54650.0,98.61,1,78546.0,70.56
2026-01-31,C관(2공장),[55] 접착/ 멸균,검사39호기,51325.0,50515.0,98.42,1,78546.0,65.34
2026-01-31,C관(2공장),[55] 접착/ 멸균,검사40호기,44705.0,44295.0,99.08,1,78546.0,56.92
2026-01-31,C관(2공장),[55] 접착/ 멸균,검사41호기,54500.0,53790.0,98.7,1,78546.0,69.39
2026-01-31,C관(2공장),[55] 접착/ 멸균,검사42호기,55690.0,52050.0,93.46,1,78546.0,70.9
2026-01-31,C관(2공장),[55] 접착/ 멸균,검사43호기,52005.0,50505.0,97.12,1,78546.0,66.21
2026-01-31,C관(2공장),[55] 접착/ 멸균,검사44호기,55600.0,54320.0,97.7,1,78546.0,70.79
2026-01-31,C관(2공장),[55] 접착/ 멸균,검사45호기,49850.0,48900.0,98.09,1,78546.0,63.47
2026-01-31,C관(2공장),[55] 접착/ 멸균,검사46호기,53465.0,52445.0,98.09,1,78546.0,68.07
2026-01-31,C관(2공장),[55] 접착/ 멸균,검사47호기,55015.0,53930.0,98.03,1,78546.0,70.04
2026-01-31,C관(2공장),[55] 접착/ 멸균,검사48호기,55930.0,54720.0,97.84,1,78546.0,71.21
2026-01-31,C관(2공장),[80] 누수/규격검사,누수/규격검사(2공장),828020.0,821790.0,99.25,1,720000.0,115.0
2026-01-31,S관(3공장),[00] 배합,A형 인라인2호기,14998.41,14998.41,100.0,1,0.0,0.0
2026-01-31,S관(3공장),[00] 배합,B형 조립중합1호기,8968.6,8968.6,100.0,1,0.0,0.0
2026-01-31,S관(3공장),[00] 배합,B형 조립중합7호기,14849.92,14849.92,100.0,1,0.0,0.0
2026-01-31,S관(3공장),[10] 사출조립,A형 인라인1호기,33498.0,33498.0,100.0,1,43200.0,77.54
2026-01-31,S관(3공장),[10] 사출조립,A형 인라인2호기,16014.0,16014.0,100.0,1,43200.0,37.07
2026-01-31,S관(3공장),[10] 사출조립,A형 인라인3호기,48960.0,48960.0,100.0,1,43200.0,113.33
2026-01-31,S관(3공장),[10] 사출조립,A형 인라인5호기,33761.0,33761.0,100.0,1,43200.0,78.15
2026-01-31,S관(3공장),[10] 사출조립,B형 조립중합1호기,16616.0,13846.0,83.33,1,76800.0,21.64
2026-01-31,S관(3공장),[10] 사출조립,B형 조립중합3호기,13188.0,10334.0,78.36,1,76800.0,17.17
2026-01-31,S관(3공장),[10] 사출조립,B형 조립중합5호기,41472.0,38279.0,92.3,1,76800.0,54.0
2026-01-31,S관(3공장),[10] 사출조립,B형 조립중합6호기,32544.0,29875.0,91.8,1,76800.0,42.38
2026-01-31,S관(3공장),[10] 사출조립,B형 조립중합7호기,32952.0,30733.0,93.27,1,76800.0,42.91
2026-01-31,S관(3공장),[20] 분리,A형 인라인1호기,29105.0,26652.0,91.57,1,43200.0,67.37
2026-01-31,S관(3공장),[20] 분리,A형 인라인2호기,10319.0,9454.0,91.62,1,43200.0,23.89
2026-01-31,S관(3공장),[20] 분리,A형 인라인3호기,44556.0,38240.0,85.82,1,43200.0,103.14
2026-01-31,S관(3공장),[20] 분리,B형 분리수화접착1호기,5000.0,4101.0,82.02,1,53170.0,9.4
2026-01-31,S관(3공장),[20] 분리,B형 분리수화접착2호기,5635.0,4678.0,83.02,1,53170.0,10.6
2026-01-31,S관(3공장),[20] 분리,B형 분리수화접착3호기,30207.0,24919.0,82.49,1,53170.0,56.81
2026-01-31,S관(3공장),[20] 분리,B형 분리수화접착4호기,28949.0,23975.0,82.82,1,53170.0,54.45
2026-01-31,S관(3공장),[20] 분리,B형 분리수화접착5호기,19425.0,16871.0,86.85,1,53170.0,36.53
2026-01-31,S관(3공장),[20] 분리,B형 분리수화접착6호기,19526.0,16229.0,83.11,1,53170.0,36.72
2026-01-31,S관(3공장),[20] 분리,B형 분리수화접착7호기,21473.0,17366.0,80.87,1,53170.0,40.39
2026-01-31,S관(3공장),[20] 분리,B형 분리수화접착8호기,19387.0,17023.0,87.81,1,53170.0,36.46
2026-01-31,S관(3공장),[45] 하이드레이션/전면검사,A형 인라인2호기,4210.0,4199.0,99.74,1,60000.0,7.02
2026-01-31,S관(3공장),[45] 하이드레이션/전면검사,S관 실리콘 자동수화기,132271.0,131930.0,99.74,1,240000.0,55.11
2026-01-31,S관(3공장),[55] 접착/ 멸균,A형 인라인1호기,86274.0,84170.0,97.56,1,54000.0,159.77
2026-01-31,S관(3공장),[55] 접착/ 멸균,A형 인라인2호기,52850.0,50740.0,96.01,1,54000.0,97.87
2026-01-31,S관(3공장),[55] 접착/ 멸균,A형 인라인3호기,66584.0,65185.0,97.9,1,54000.0,123.3
2026-01-31,S관(3공장),[55] 접착/ 멸균,A형 인라인4호기,40141.0,38955.0,97.05,1,54000.0,74.34
2026-01-31,S관(3공장),[55] 접착/ 멸균,A형 인라인5호기,41831.0,40210.0,96.12,1,54000.0,77.46
2026-01-31,S관(3공장),[55] 접착/ 멸균,A형 인라인6호기,39121.0,38200.0,97.65,1,54000.0,72.45
2026-01-31,S관(3공장),[55] 접착/ 멸균,B형 분리수화접착1호기,2811.0,2760.0,98.19,1,0.0,0.0
2026-01-31,S관(3공장),[80] 누수/규격검사,누수/규격검사(3공장),273175.0,272080.0,99.6,1,100645.0,271.42
2026-02-01,A관(1공장),[10] 사출조립,조립1호기,19452.0,18945.0,97.39,1,43200.0,45.03
2026-02-01,A관(1공장),[10] 사출조립,조립2호기,4930.0,3068.0,62.23,1,43200.0,11.41
2026-02-01,A관(1공장),[10] 사출조립,조립30호기,46117.0,46117.0,100.0,1,86400.0,53.38
2026-02-01,A관(1공장),[10] 사출조립,조립31호기,54396.0,53517.0,98.38,1,86400.0,62.96
2026-02-01,A관(1공장),[10] 사출조립,조립3호기,37723.0,37723.0,100.0,1,43200.0,87.32
2026-02-01,A관(1공장),[10] 사출조립,조립4호기,35159.0,35159.0,100.0,1,43200.0,81.39
2026-02-01,A관(1공장),[10] 사출조립,조립5호기,16550.0,16550.0,100.0,1,43200.0,38.31
2026-02-01,A관(1공장),[10] 사출조립,조립7호기,9075.0,6823.0,75.18,1,43200.0,21.01
2026-02-01,A관(1공장),[20] 분리,분리10호기,4372.0,3318.0,75.89,1,17280.0,25.3
2026-02-01,A관(1공장),[20] 분리,분리11호기,11028.0,9823.0,89.07,1,17280.0,63.82
2026-02-01,A관(1공장),[20] 분리,분리14호기,39605.0,32577.0,82.25,1,54000.0,73.34
2026-02-01,A관(1공장),[20] 분리,분리3호기,10364.0,8845.0,85.34,1,17280.0,59.98
2026-02-01,A관(1공장),[20] 분리,분리42호기(초음파),32446.0,28229.0,87.0,1,62837.0,51.64
2026-02-01,A관(1공장),[20] 분리,분리4호기,12836.0,10868.0,84.67,1,17280.0,74.28
2026-02-01,A관(1공장),[20] 분리,분리5호기,8982.0,6966.0,77.56,1,17280.0,51.98
2026-02-01,A관(1공장),[45] 하이드레이션/전면검사,1공장 실리콘수화기,6849.0,6849.0,100.0,1,0.0,0.0
2026-02-01,A관(1공장),[45] 하이드레이션/전면검사,워터배스1-2호기,2493.0,1942.0,77.9,1,30000.0,8.31
2026-02-01,A관(1공장),[45] 하이드레이션/전면검사,워터배스1-3호기,7744.0,7744.0,100.0,1,30000.0,25.81
2026-02-01,A관(1공장),[45] 하이드레이션/전면검사,워터배스1-4호기,5805.0,5805.0,100.0,1,30000.0,19.35
2026-02-01,A관(1공장),[55] 접착/ 멸균,검사10호기,7251.0,5582.0,76.98,1,13293.0,54.55
2026-02-01,A관(1공장),[55] 접착/ 멸균,검사11호기,9744.0,8808.0,90.39,1,13293.0,73.3
2026-02-01,A관(1공장),[55] 접착/ 멸균,검사14호기,546.0,324.0,59.34,1,13293.0,4.11
2026-02-01,A관(1공장),[55] 접착/ 멸균,검사16호기,6040.0,4984.0,82.52,1,13293.0,45.44
2026-02-01,A관(1공장),[55] 접착/ 멸균,검사17호기,3489.0,3196.0,91.6,1,13293.0,26.25
2026-02-01,A관(1공장),[55] 접착/ 멸균,검사18호기,6376.0,5496.0,86.2,1,13293.0,47.97
2026-02-01,A관(1공장),[55] 접착/ 멸균,검사19호기,11511.0,7644.0,66.41,1,13293.0,86.59
2026-02-01,A관(1공장),[55] 접착/ 멸균,검사20호기,12011.0,11817.0,98.38,1,13293.0,90.36
2026-02-01,A관(1공장),[55] 접착/ 멸균,검사21호기,5987.0,5254.0,87.76,1,13293.0,45.04
2026-02-01,A관(1공장),[55] 접착/ 멸균,검사22호기,7698.0,6110.0,79.37,1,13293.0,57.91
2026-02-01,A관(1공장),[55] 접착/ 멸균,검사6호기,8180.0,6400.0,78.24,1,13293.0,61.54
2026-02-01,A관(1공장),[55] 접착/ 멸균,검사7호기,3454.0,3407.0,98.64,1,13293.0,25.98
2026-02-01,A관(1공장),[55] 접착/ 멸균,검사8호기,9387.0,6774.0,72.16,1,13293.0,70.62
2026-02-01,A관(1공장),[55] 접착/ 멸균,바이알캡핑기,1260.0,999.0,79.29,1,0.0,0.0
2026-02-01,A관(1공장),[80] 누수/규격검사,누수/규격검사(1공장),62123.0,60291.0,97.05,1,112902.0,55.02
2026-02-01,C관(2공장),[10] 사출조립,조립10호기,31602.0,30727.0,97.23,1,43200.0,73.15
2026-02-01,C관(2공장),[10] 사출조립,조립12호기,24758.0,23445.0,94.7,1,0.0,0.0
2026-02-01,C관(2공장),[10] 사출조립,조립13호기,30859.0,29831.0,96.67,1,0.0,0.0
2026-02-01,C관(2공장),[10] 사출조립,조립14호기,46545.0,44555.0,95.72,1,43200.0,107.74
2026-02-01,C관(2공장),[10] 사출조립,조립15호기,24974.0,24094.0,96.48,1,43200.0,57.81
2026-02-01,C관(2공장),[10] 사출조립,조립16호기,44356.0,38713.0,87.28,1,43200.0,102.68
2026-02-01,C관(2공장),[10] 사출조립,조립17호기,30955.0,28046.0,90.6,1,43200.0,71.66
2026-02-01,C관(2공장),[10] 사출조립,조립18호기,28714.0,27679.0,96.4,1,43200.0,66.47
2026-02-01,C관(2공장),[10] 사출조립,조립20호기,36160.0,27622.0,76.39,1,43200.0,83.7
2026-02-01,C관(2공장),[10] 사출조립,조립22호기,27503.0,25703.0,93.46,1,43200.0,63.66
2026-02-01,C관(2공장),[10] 사출조립,조립24호기,31730.0,31730.0,100.0,1,43200.0,73.45
2026-02-01,C관(2공장),[10] 사출조립,조립25호기,25902.0,24502.0,94.6,1,43200.0,59.96
2026-02-01,C관(2공장),[10] 사출조립,조립26호기,30509.0,29968.0,98.23,1,43200.0,70.62
2026-02-01,C관(2공장),[10] 사출조립,조립27호기,23809.0,21256.0,89.28,1,43200.0,55.11
2026-02-01,C관(2공장),[10] 사출조립,조립40호기,25007.0,24507.0,98.0,1,43200.0,57.89
2026-02-01,C관(2공장),[10] 사출조립,조립42호기,27351.0,27017.0,98.78,1,43200.0,63.31
2026-02-01,C관(2공장),[10] 사출조립,조립44호기,28390.0,27723.0,97.65,1,43200.0,65.72
2026-02-01,C관(2공장),[10] 사출조립,조립45호기,58050.0,56458.0,97.26,1,43200.0,134.38
2026-02-01,C관(2공장),[10] 사출조립,조립46호기,35367.0,34847.0,98.53,1,43200.0,81.87
2026-02-01,C관(2공장),[10] 사출조립,조립47호기,28480.0,27759.0,97.47,1,43200.0,65.93
2026-02-01,C관(2공장),[10] 사출조립,조립48호기,33523.0,25446.0,75.91,1,43200.0,77.6
2026-02-01,C관(2공장),[10] 사출조립,조립49호기,12427.0,7137.0,57.43,1,43200.0,28.77
2026-02-01,C관(2공장),[10] 사출조립,조립50호기,29773.0,29648.0,99.58,1,43200.0,68.92
2026-02-01,C관(2공장),[10] 사출조립,조립51호기,45875.0,45800.0,99.84,1,43200.0,106.19
2026-02-01,C관(2공장),[10] 사출조립,조립53호기,25405.0,17269.0,67.97,1,43200.0,58.81
2026-02-01,C관(2공장),[10] 사출조립,조립55호기,31399.0,25002.0,79.63,1,43200.0,72.68
2026-02-01,C관(2공장),[10] 사출조립,조립56호기,25962.0,25962.0,100.0,1,43200.0,60.1
2026-02-01,C관(2공장),[10] 사출조립,조립57호기,44664.0,43388.0,97.14,1,43200.0,103.39
2026-02-01,C관(2공장),[10] 사출조립,조립58호기,51131.0,50443.0,98.65,1,43200.0,118.36
2026-02-01,C관(2공장),[10] 사출조립,조립59호기,54533.0,53614.0,98.31,1,43200.0,126.23
2026-02-01,C관(2공장),[20] 분리,분리12호기,51681.0,44910.0,86.9,1,0.0,0.0
2026-02-01,C관(2공장),[20] 분리,분리15호기,46536.0,40521.0,87.07,1,0.0,0.0
2026-02-01,C관(2공장),[20] 분리,분리16호기,43113.0,36844.0,85.46,1,61715.0,69.86
2026-02-01,C관(2공장),[20] 분리,분리17호기,39450.0,31168.0,79.01,1,61715.0,63.92
2026-02-01,C관(2공장),[20] 분리,분리18호기,34292.0,28495.0,83.1,1,61715.0,55.57
2026-02-01,C관(2공장),[20] 분리,분리19호기,47246.0,37422.0,79.21,1,61715.0,76.56
2026-02-01,C관(2공장),[20] 분리,분리20호기,42241.0,36598.0,86.64,1,61715.0,68.45
2026-02-01,C관(2공장),[20] 분리,분리21호기,49075.0,43968.0,89.59,1,61715.0,79.52
2026-02-01,C관(2공장),[20] 분리,분리22호기,47066.0,36941.0,78.49,1,61715.0,76.26
2026-02-01,C관(2공장),[20] 분리,분리23호기,36548.0,29315.0,80.21,1,61715.0,59.22
2026-02-01,C관(2공장),[20] 분리,분리24호기,47297.0,42474.0,89.8,1,61715.0,76.64
2026-02-01,C관(2공장),[20] 분리,분리25호기,47643.0,38136.0,80.05,1,61715.0,77.2
2026-02-01,C관(2공장),[20] 분리,분리26호기,44004.0,35085.0,79.73,1,54000.0,81.49
2026-02-01,C관(2공장),[20] 분리,분리27호기,41685.0,36177.0,86.79,1,54000.0,77.19
2026-02-01,C관(2공장),[20] 분리,분리28호기,41283.0,35743.0,86.58,1,54000.0,76.45
2026-02-01,C관(2공장),[20] 분리,분리29호기,44520.0,29889.0,67.14,1,54000.0,82.44
2026-02-01,C관(2공장),[20] 분리,분리30호기,54247.0,49462.0,91.18,1,54000.0,100.46
2026-02-01,C관(2공장),[20] 분리,분리31호기,34281.0,30942.0,90.26,1,54000.0,63.48
2026-02-01,C관(2공장),[20] 분리,분리32호기,50928.0,42033.0,82.53,1,54000.0,94.31
2026-02-01,C관(2공장),[20] 분리,분리33호기,50740.0,46475.0,91.59,1,54000.0,93.96
2026-02-01,C관(2공장),[20] 분리,분리34호기,42465.0,35932.0,84.62,1,54000.0,78.64
2026-02-01,C관(2공장),[20] 분리,분리35호기,49678.0,39688.0,79.89,1,54000.0,92.0
2026-02-01,C관(2공장),[20] 분리,분리36호기,51445.0,42655.0,82.91,1,54000.0,95.27
2026-02-01,C관(2공장),[20] 분리,분리37호기,39858.0,36568.0,91.75,1,54000.0,73.81
2026-02-01,C관(2공장),[20] 분리,분리43호기,50154.0,43609.0,86.95,1,54000.0,92.88
2026-02-01,C관(2공장),[45] 하이드레이션/전면검사,워터배스2-10호기,43868.0,41085.0,93.66,1,120000.0,36.56
2026-02-01,C관(2공장),[45] 하이드레이션/전면검사,워터배스2-11호기,86349.0,86245.0,99.88,1,150000.0,57.57
2026-02-01,C관(2공장),[45] 하이드레이션/전면검사,워터배스2-12호기,75123.0,75040.0,99.89,1,150000.0,50.08
2026-02-01,C관(2공장),[45] 하이드레이션/전면검사,워터배스2-13호기,81813.0,79490.0,97.16,1,150000.0,54.54
2026-02-01,C관(2공장),[45] 하이드레이션/전면검사,워터배스2-14호기,76620.0,76530.0,99.88,1,150000.0,51.08
2026-02-01,C관(2공장),[45] 하이드레이션/전면검사,워터배스2-1호기,64148.0,64105.0,99.93,1,120000.0,53.46
2026-02-01,C관(2공장),[45] 하이드레이션/전면검사,워터배스2-2호기,54793.0,54725.0,99.88,1,120000.0,45.66
2026-02-01,C관(2공장),[45] 하이드레이션/전면검사,워터배스2-3호기,69715.0,69660.0,99.92,1,120000.0,58.1
2026-02-01,C관(2공장),[45] 하이드레이션/전면검사,워터배스2-4호기,54711.0,54680.0,99.94,1,120000.0,45.59
2026-02-01,C관(2공장),[45] 하이드레이션/전면검사,워터배스2-5호기,44932.0,44900.0,99.93,1,120000.0,37.44
2026-02-01,C관(2공장),[45] 하이드레이션/전면검사,워터배스2-7호기,40735.0,34710.0,85.21,1,120000.0,33.95
2026-02-01,C관(2공장),[45] 하이드레이션/전면검사,워터배스2-8호기,63221.0,63165.0,99.91,1,120000.0,52.68
2026-02-01,C관(2공장),[45] 하이드레이션/전면검사,워터배스2-9호기,76195.0,76125.0,99.91,1,120000.0,63.5
2026-02-01,C관(2공장),[55] 접착/ 멸균,검사32호기,38250.0,37380.0,97.73,1,0.0,0.0
2026-02-01,C관(2공장),[55] 접착/ 멸균,검사33호기,43700.0,42820.0,97.99,1,66462.0,65.75
2026-02-01,C관(2공장),[55] 접착/ 멸균,검사34호기,59680.0,56665.0,94.95,1,78546.0,75.98
2026-02-01,C관(2공장),[55] 접착/ 멸균,검사35호기,49065.0,48395.0,98.63,1,78546.0,62.47
2026-02-01,C관(2공장),[55] 접착/ 멸균,검사36호기,54365.0,50380.0,92.67,1,78546.0,69.21
2026-02-01,C관(2공장),[55] 접착/ 멸균,검사37호기,50685.0,49580.0,97.82,1,78546.0,64.53
2026-02-01,C관(2공장),[55] 접착/ 멸균,검사38호기,54825.0,53645.0,97.85,1,78546.0,69.8
2026-02-01,C관(2공장),[55] 접착/ 멸균,검사39호기,52000.0,51110.0,98.29,1,78546.0,66.2
2026-02-01,C관(2공장),[55] 접착/ 멸균,검사40호기,51275.0,47290.0,92.23,1,78546.0,65.28
2026-02-01,C관(2공장),[55] 접착/ 멸균,검사41호기,56975.0,55980.0,98.25,1,78546.0,72.54
2026-02-01,C관(2공장),[55] 접착/ 멸균,검사42호기,57745.0,56095.0,97.14,1,78546.0,73.52
2026-02-01,C관(2공장),[55] 접착/ 멸균,검사43호기,53535.0,52150.0,97.41,1,78546.0,68.16
2026-02-01,C관(2공장),[55] 접착/ 멸균,검사44호기,56860.0,56115.0,98.69,1,78546.0,72.39
2026-02-01,C관(2공장),[55] 접착/ 멸균,검사45호기,52760.0,51335.0,97.3,1,78546.0,67.17
2026-02-01,C관(2공장),[55] 접착/ 멸균,검사46호기,50570.0,49610.0,98.1,1,78546.0,64.38
2026-02-01,C관(2공장),[55] 접착/ 멸균,검사47호기,56130.0,55110.0,98.18,1,78546.0,71.46
2026-02-01,C관(2공장),[55] 접착/ 멸균,검사48호기,48850.0,48095.0,98.45,1,78546.0,62.19
2026-02-01,C관(2공장),[80] 누수/규격검사,누수/규격검사(2공장),866285.0,855550.0,98.76,1,720000.0,120.32
2026-02-01,S관(3공장),[10] 사출조립,A형 인라인1호기 - 접착,41801.0,41801.0,100.0,1,0.0,0.0
2026-02-01,S관(3공장),[10] 사출조립,A형 인라인3호기 - 접착,58805.0,58805.0,100.0,1,0.0,0.0
2026-02-01,S관(3공장),[10] 사출조립,A형 인라인5호기 - 접착,50726.0,48708.0,96.02,1,0.0,0.0
2026-02-01,S관(3공장),[10] 사출조립,B형 조립중합6호기,16072.0,13477.0,83.85,1,76800.0,20.93
2026-02-01,S관(3공장),[10] 사출조립,C형 조립중합1호기,16040.0,13597.0,84.77,1,0.0,0.0
2026-02-01,S관(3공장),[10] 사출조립,C형 조립중합2호기,15712.0,14619.0,93.04,1,0.0,0.0
2026-02-01,S관(3공장),[10] 사출조립,C형 조립중합3호기,17888.0,17284.0,96.62,1,0.0,0.0
2026-02-01,S관(3공장),[10] 사출조립,C형 조립중합4호기,1884.0,1828.0,97.03,1,0.0,0.0
2026-02-01,S관(3공장),[20] 분리,A형 인라인1호기 - 접착,20119.0,19223.0,95.55,1,0.0,0.0
2026-02-01,S관(3공장),[20] 분리,A형 인라인3호기 - 접착,49677.0,44913.0,90.41,1,0.0,0.0
2026-02-01,S관(3공장),[20] 분리,B형 분리3호기,11331.0,9598.0,84.71,1,0.0,0.0
2026-02-01,S관(3공장),[20] 분리,B형 분리4호기,15939.0,12179.0,76.41,1,0.0,0.0
2026-02-01,S관(3공장),[20] 분리,B형 분리5호기,16023.0,13392.0,83.58,1,0.0,0.0
2026-02-01,S관(3공장),[20] 분리,B형 분리6호기,14756.0,11922.0,80.79,1,0.0,0.0
2026-02-01,S관(3공장),[20] 분리,B형 분리7호기,10163.0,7432.0,73.13,1,0.0,0.0
2026-02-01,S관(3공장),[20] 분리,B형 분리8호기,12638.0,11109.0,87.9,1,0.0,0.0
2026-02-01,S관(3공장),[45] 하이드레이션/전면검사,A형 인라인2호기 - 접착,11069.0,10966.0,99.07,1,0.0,0.0
2026-02-01,S관(3공장),[45] 하이드레이션/전면검사,S관 실리콘 자동수화기,174373.0,172818.0,99.11,1,240000.0,72.66
2026-02-01,S관(3공장),[55] 접착/ 멸균,A형 인라인1호기 - 접착,19745.0,19305.0,97.77,1,0.0,0.0
2026-02-01,S관(3공장),[55] 접착/ 멸균,A형 인라인2호기 - 접착,28272.0,27241.0,96.35,1,0.0,0.0
2026-02-01,S관(3공장),[55] 접착/ 멸균,A형 인라인3호기 - 접착,28302.0,27375.0,96.72,1,0.0,0.0
2026-02-01,S관(3공장),[55] 접착/ 멸균,A형 인라인4호기 - 접착,24114.0,21420.0,88.83,1,0.0,0.0
2026-02-01,S관(3공장),[55] 접착/ 멸균,A형 인라인5호기 - 접착,26236.0,25700.0,97.96,1,0.0,0.0
2026-02-01,S관(3공장),[55] 접착/ 멸균,A형 인라인6호기 - 접착,23245.0,22685.0,97.59,1,0.0,0.0
2026-02-01,S관(3공장),[55] 접착/ 멸균,B형 분리1호기,1800.0,1735.0,96.39,1,0.0,0.0
2026-02-01,S관(3공장),[80] 누수/규격검사,누수/규격검사(3공장),185985.0,185185.0,99.57,1,100645.0,184.79
2026-02-02,A관(1공장),[00] 배합,조립1호기,3066.0,3066.0,100.0,1,0.0,0.0
2026-02-02,A관(1공장),[00] 배합,조립2호기,1024.0,1024.0,100.0,1,0.0,0.0
2026-02-02,A관(1공장),[00] 배합,조립30호기,10000.0,10000.0,100.0,1,0.0,0.0
2026-02-02,A관(1공장),[00] 배합,조립7호기,1000.0,1000.0,100.0,1,0.0,0.0
2026-02-02,A관(1공장),[10] 사출조립,조립1호기,33851.0,33498.0,98.96,1,43200.0,78.36
2026-02-02,A관(1공장),[10] 사출조립,조립2호기,9532.0,8932.0,93.71,1,43200.0,22.06
2026-02-02,A관(1공장),[10] 사출조립,조립30호기,49019.0,48456.0,98.85,1,86400.0,56.73
2026-02-02,A관(1공장),[10] 사출조립,조립31호기,91221.0,91221.0,100.0,1,86400.0,105.58
2026-02-02,A관(1공장),[10] 사출조립,조립3호기,37506.0,37054.0,98.79,1,43200.0,86.82
2026-02-02,A관(1공장),[10] 사출조립,조립4호기,13971.0,13971.0,100.0,1,43200.0,32.34
2026-02-02,A관(1공장),[10] 사출조립,조립5호기,17073.0,17073.0,100.0,1,43200.0,39.52
2026-02-02,A관(1공장),[10] 사출조립,조립7호기,8392.0,6278.0,74.81,1,43200.0,19.43
2026-02-02,A관(1공장),[20] 분리,분리11호기,18357.0,16443.0,89.57,1,17280.0,106.23
2026-02-02,A관(1공장),[20] 분리,분리14호기,32968.0,28626.0,86.83,1,54000.0,61.05
2026-02-02,A관(1공장),[20] 분리,분리3호기,5324.0,4713.0,88.52,1,17280.0,30.81
2026-02-02,A관(1공장),[20] 분리,분리42호기(초음파),35331.0,32504.0,92.0,1,62837.0,56.23
2026-02-02,A관(1공장),[20] 분리,분리4호기,17059.0,14378.0,84.28,1,17280.0,98.72
2026-02-02,A관(1공장),[45] 하이드레이션/전면검사,1공장 실리콘수화기,15518.0,15518.0,100.0,1,0.0,0.0
2026-02-02,A관(1공장),[45] 하이드레이션/전면검사,워터배스1-2호기,10203.0,10203.0,100.0,1,30000.0,34.01
2026-02-02,A관(1공장),[45] 하이드레이션/전면검사,워터배스1-3호기,12544.0,12544.0,100.0,1,30000.0,41.81
2026-02-02,A관(1공장),[45] 하이드레이션/전면검사,워터배스1-4호기,16536.0,16536.0,100.0,1,30000.0,55.12
2026-02-02,A관(1공장),[45] 하이드레이션/전면검사,워터배스1-5호기,31724.0,31724.0,100.0,1,150000.0,21.15
2026-02-02,A관(1공장),[45] 하이드레이션/전면검사,워터배스1-6호기,14656.0,14656.0,100.0,1,150000.0,9.77
2026-02-02,A관(1공장),[55] 접착/ 멸균,검사10호기,6837.0,5890.0,86.15,1,13293.0,51.43
2026-02-02,A관(1공장),[55] 접착/ 멸균,검사11호기,10145.0,9700.0,95.61,1,13293.0,76.32
2026-02-02,A관(1공장),[55] 접착/ 멸균,검사14호기,8391.0,7909.0,94.26,1,13293.0,63.12
2026-02-02,A관(1공장),[55] 접착/ 멸균,검사16호기,10338.0,9728.0,94.1,1,13293.0,77.77
2026-02-02,A관(1공장),[55] 접착/ 멸균,검사18호기,9088.0,8097.0,89.1,1,13293.0,68.37
2026-02-02,A관(1공장),[55] 접착/ 멸균,검사19호기,11010.0,9004.0,81.78,1,13293.0,82.83
2026-02-02,A관(1공장),[55] 접착/ 멸균,검사20호기,5185.0,4998.0,96.39,1,13293.0,39.01
2026-02-02,A관(1공장),[55] 접착/ 멸균,검사21호기,4718.0,4136.0,87.66,1,13293.0,35.49
2026-02-02,A관(1공장),[55] 접착/ 멸균,검사22호기,5824.0,5632.0,96.7,1,13293.0,43.81
2026-02-02,A관(1공장),[55] 접착/ 멸균,검사6호기,7761.0,7068.0,91.07,1,13293.0,58.38
2026-02-02,A관(1공장),[55] 접착/ 멸균,검사7호기,5821.0,4508.0,77.44,1,13293.0,43.79
2026-02-02,A관(1공장),[55] 접착/ 멸균,바이알캡핑기,4035.0,3695.0,91.57,1,0.0,0.0
2026-02-02,A관(1공장),[80] 누수/규격검사,누수/규격검사(1공장),75710.0,73081.0,96.53,1,112902.0,67.06
2026-02-02,C관(2공장),[00] 배합,조립16호기,20366.0,20366.0,100.0,1,0.0,0.0
2026-02-02,C관(2공장),[00] 배합,조립17호기,20366.0,20366.0,100.0,1,0.0,0.0
2026-02-02,C관(2공장),[00] 배합,조립45호기,20366.0,20366.0,100.0,1,0.0,0.0
2026-02-02,C관(2공장),[00] 배합,조립49호기,20366.0,20366.0,100.0,1,0.0,0.0
2026-02-02,C관(2공장),[00] 배합,조립54호기,9958.0,9958.0,100.0,1,0.0,0.0
2026-02-02,C관(2공장),[10] 사출조립,조립10호기,20427.0,19270.0,94.34,1,43200.0,47.28
2026-02-02,C관(2공장),[10] 사출조립,조립11호기,27524.0,24358.0,88.5,1,43200.0,63.71
2026-02-02,C관(2공장),[10] 사출조립,조립12호기,51260.0,47886.0,93.42,1,0.0,0.0
2026-02-02,C관(2공장),[10] 사출조립,조립13호기,53024.0,51912.0,97.9,1,0.0,0.0
2026-02-02,C관(2공장),[10] 사출조립,조립14호기,20497.0,19746.0,96.34,1,43200.0,47.45
2026-02-02,C관(2공장),[10] 사출조립,조립15호기,52030.0,51924.0,99.8,1,43200.0,120.44
2026-02-02,C관(2공장),[10] 사출조립,조립16호기,22741.0,21690.0,95.38,1,43200.0,52.64
2026-02-02,C관(2공장),[10] 사출조립,조립17호기,29368.0,27375.0,93.21,1,43200.0,67.98
2026-02-02,C관(2공장),[10] 사출조립,조립18호기,21387.0,21096.0,98.64,1,43200.0,49.51
2026-02-02,C관(2공장),[10] 사출조립,조립20호기,24701.0,22805.0,92.32,1,43200.0,57.18
2026-02-02,C관(2공장),[10] 사출조립,조립22호기,20994.0,15460.0,73.64,1,43200.0,48.6
2026-02-02,C관(2공장),[10] 사출조립,조립23호기,24912.0,24013.0,96.39,1,43200.0,57.67
2026-02-02,C관(2공장),[10] 사출조립,조립24호기,57910.0,50849.0,87.81,1,43200.0,134.05
2026-02-02,C관(2공장),[10] 사출조립,조립25호기,21859.0,21009.0,96.11,1,43200.0,50.6
2026-02-02,C관(2공장),[10] 사출조립,조립26호기,31229.0,29790.0,95.39,1,43200.0,72.29
2026-02-02,C관(2공장),[10] 사출조립,조립27호기,27709.0,26986.0,97.39,1,43200.0,64.14
2026-02-02,C관(2공장),[10] 사출조립,조립40호기,51655.0,50498.0,97.76,1,43200.0,119.57
2026-02-02,C관(2공장),[10] 사출조립,조립42호기,53895.0,52482.0,97.38,1,43200.0,124.76
2026-02-02,C관(2공장),[10] 사출조립,조립44호기,28429.0,26045.0,91.61,1,43200.0,65.81
2026-02-02,C관(2공장),[10] 사출조립,조립45호기,28654.0,28419.0,99.18,1,43200.0,66.33
2026-02-02,C관(2공장),[10] 사출조립,조립46호기,26511.0,25803.0,97.33,1,43200.0,61.37
2026-02-02,C관(2공장),[10] 사출조립,조립48호기,33850.0,31724.0,93.72,1,43200.0,78.36
2026-02-02,C관(2공장),[10] 사출조립,조립49호기,17632.0,17090.0,96.93,1,43200.0,40.81
2026-02-02,C관(2공장),[10] 사출조립,조립50호기,56230.0,56133.0,99.83,1,43200.0,130.16
2026-02-02,C관(2공장),[10] 사출조립,조립52호기,38991.0,36456.0,93.5,1,43200.0,90.26
2026-02-02,C관(2공장),[10] 사출조립,조립58호기,14925.0,14399.0,96.48,1,43200.0,34.55
2026-02-02,C관(2공장),[10] 사출조립,조립59호기,12503.0,11019.0,88.13,1,43200.0,28.94
2026-02-02,C관(2공장),[20] 분리,분리12호기,53159.0,45310.0,85.23,1,0.0,0.0
2026-02-02,C관(2공장),[20] 분리,분리15호기,43840.0,37738.0,86.08,1,0.0,0.0
2026-02-02,C관(2공장),[20] 분리,분리16호기,44382.0,36532.0,82.31,1,61715.0,71.91
2026-02-02,C관(2공장),[20] 분리,분리17호기,40754.0,34898.0,85.63,1,61715.0,66.04
2026-02-02,C관(2공장),[20] 분리,분리18호기,49048.0,43534.0,88.76,1,61715.0,79.48
2026-02-02,C관(2공장),[20] 분리,분리19호기,43782.0,35794.0,81.76,1,61715.0,70.94
2026-02-02,C관(2공장),[20] 분리,분리20호기,38254.0,33813.0,88.39,1,61715.0,61.98
2026-02-02,C관(2공장),[20] 분리,분리21호기,40586.0,35002.0,86.24,1,61715.0,65.76
2026-02-02,C관(2공장),[20] 분리,분리22호기,47165.0,38855.0,82.38,1,61715.0,76.42
2026-02-02,C관(2공장),[20] 분리,분리23호기,45508.0,37030.0,81.37,1,61715.0,73.74
2026-02-02,C관(2공장),[20] 분리,분리24호기,42857.0,38517.0,89.87,1,61715.0,69.44
2026-02-02,C관(2공장),[20] 분리,분리25호기,44358.0,36218.0,81.65,1,61715.0,71.88
2026-02-02,C관(2공장),[20] 분리,분리26호기,31253.0,26411.0,84.51,1,54000.0,57.88
2026-02-02,C관(2공장),[20] 분리,분리27호기,43711.0,38361.0,87.76,1,54000.0,80.95
2026-02-02,C관(2공장),[20] 분리,분리28호기,42413.0,37040.0,87.33,1,54000.0,78.54
2026-02-02,C관(2공장),[20] 분리,분리29호기,42044.0,30637.0,72.87,1,54000.0,77.86
2026-02-02,C관(2공장),[20] 분리,분리30호기,48378.0,42621.0,88.1,1,54000.0,89.59
2026-02-02,C관(2공장),[20] 분리,분리31호기,54162.0,46836.0,86.47,1,54000.0,100.3
2026-02-02,C관(2공장),[20] 분리,분리32호기,48660.0,40223.0,82.66,1,54000.0,90.11
2026-02-02,C관(2공장),[20] 분리,분리33호기,52646.0,47976.0,91.13,1,54000.0,97.49
2026-02-02,C관(2공장),[20] 분리,분리34호기,45699.0,35309.0,77.26,1,54000.0,84.63
2026-02-02,C관(2공장),[20] 분리,분리35호기,52101.0,40867.0,78.44,1,54000.0,96.48
2026-02-02,C관(2공장),[20] 분리,분리36호기,52585.0,42372.0,80.58,1,54000.0,97.38
2026-02-02,C관(2공장),[20] 분리,분리37호기,45915.0,40801.0,88.86,1,54000.0,85.03
2026-02-02,C관(2공장),[20] 분리,분리43호기,37191.0,33743.0,90.73,1,54000.0,68.87
2026-02-02,C관(2공장),[45] 하이드레이션/전면검사,워터배스2-10호기,82677.0,82600.0,99.91,1,120000.0,68.9
2026-02-02,C관(2공장),[45] 하이드레이션/전면검사,워터배스2-11호기,72216.0,72130.0,99.88,1,150000.0,48.14
2026-02-02,C관(2공장),[45] 하이드레이션/전면검사,워터배스2-12호기,92998.0,92890.0,99.88,1,150000.0,62.0
2026-02-02,C관(2공장),[45] 하이드레이션/전면검사,워터배스2-13호기,69066.0,68970.0,99.86,1,150000.0,46.04
2026-02-02,C관(2공장),[45] 하이드레이션/전면검사,워터배스2-14호기,81975.0,81885.0,99.89,1,150000.0,54.65
2026-02-02,C관(2공장),[45] 하이드레이션/전면검사,워터배스2-1호기,57304.0,55605.0,97.04,1,120000.0,47.75
2026-02-02,C관(2공장),[45] 하이드레이션/전면검사,워터배스2-2호기,64535.0,64455.0,99.88,1,120000.0,53.78
2026-02-02,C관(2공장),[45] 하이드레이션/전면검사,워터배스2-3호기,95992.0,95915.0,99.92,1,120000.0,79.99
2026-02-02,C관(2공장),[45] 하이드레이션/전면검사,워터배스2-4호기,60842.0,60775.0,99.89,1,120000.0,50.7
2026-02-02,C관(2공장),[45] 하이드레이션/전면검사,워터배스2-5호기,55667.0,52565.0,94.43,1,120000.0,46.39
2026-02-02,C관(2공장),[45] 하이드레이션/전면검사,워터배스2-7호기,55744.0,55670.0,99.87,1,120000.0,46.45
2026-02-02,C관(2공장),[45] 하이드레이션/전면검사,워터배스2-8호기,64686.0,61580.0,95.2,1,120000.0,53.9
2026-02-02,C관(2공장),[45] 하이드레이션/전면검사,워터배스2-9호기,46137.0,46070.0,99.85,1,120000.0,38.45
2026-02-02,C관(2공장),[55] 접착/ 멸균,검사32호기,33130.0,32615.0,98.45,1,0.0,0.0
2026-02-02,C관(2공장),[55] 접착/ 멸균,검사33호기,43355.0,42495.0,98.02,1,66462.0,65.23
2026-02-02,C관(2공장),[55] 접착/ 멸균,검사34호기,52425.0,51615.0,98.45,1,78546.0,66.74
2026-02-02,C관(2공장),[55] 접착/ 멸균,검사35호기,55700.0,55000.0,98.74,1,78546.0,70.91
2026-02-02,C관(2공장),[55] 접착/ 멸균,검사36호기,60405.0,59490.0,98.49,1,78546.0,76.9
2026-02-02,C관(2공장),[55] 접착/ 멸균,검사37호기,58190.0,57240.0,98.37,1,78546.0,74.08
2026-02-02,C관(2공장),[55] 접착/ 멸균,검사38호기,67310.0,61025.0,90.66,1,78546.0,85.7
2026-02-02,C관(2공장),[55] 접착/ 멸균,검사39호기,59515.0,58440.0,98.19,1,78546.0,75.77
2026-02-02,C관(2공장),[55] 접착/ 멸균,검사40호기,57610.0,56600.0,98.25,1,78546.0,73.35
2026-02-02,C관(2공장),[55] 접착/ 멸균,검사41호기,55625.0,54590.0,98.14,1,78546.0,70.82
2026-02-02,C관(2공장),[55] 접착/ 멸균,검사42호기,60640.0,59815.0,98.64,1,78546.0,77.2
2026-02-02,C관(2공장),[55] 접착/ 멸균,검사43호기,57855.0,53920.0,93.2,1,78546.0,73.66
2026-02-02,C관(2공장),[55] 접착/ 멸균,검사44호기,53770.0,52880.0,98.34,1,78546.0,68.46
2026-02-02,C관(2공장),[55] 접착/ 멸균,검사45호기,45255.0,44130.0,97.51,1,78546.0,57.62
2026-02-02,C관(2공장),[55] 접착/ 멸균,검사46호기,54620.0,53500.0,97.95,1,78546.0,69.54
2026-02-02,C관(2공장),[55] 접착/ 멸균,검사47호기,48265.0,47495.0,98.4,1,78546.0,61.45
2026-02-02,C관(2공장),[55] 접착/ 멸균,검사48호기,58155.0,56170.0,96.59,1,78546.0,74.04
2026-02-02,C관(2공장),[80] 누수/규격검사,누수/규격검사(2공장),874840.0,867845.0,99.2,1,720000.0,121.51
2026-02-02,S관(3공장),[00] 배합,A형 인라인1호기 - 접착,4999.0,4999.0,100.0,1,0.0,0.0
2026-02-02,S관(3공장),[00] 배합,A형 인라인5호기 - 접착,2064.02,2064.02,100.0,1,0.0,0.0
2026-02-02,S관(3공장),[00] 배합,C형 조립중합2호기,14850.0,14850.0,100.0,1,0.0,0.0
2026-02-02,S관(3공장),[10] 사출조립,A형 인라인1호기 - 접착,55196.0,55196.0,100.0,1,0.0,0.0
2026-02-02,S관(3공장),[10] 사출조립,A형 인라인3호기 - 접착,22892.0,22892.0,100.0,1,0.0,0.0
2026-02-02,S관(3공장),[10] 사출조립,A형 인라인5호기 - 접착,35368.0,35368.0,100.0,1,0.0,0.0
2026-02-02,S관(3공장),[10] 사출조립,B형 조립중합6호기,27184.0,19859.0,73.05,1,76800.0,35.4
2026-02-02,S관(3공장),[10] 사출조립,C형 조립중합1호기,47280.0,45226.0,95.66,1,0.0,0.0
2026-02-02,S관(3공장),[10] 사출조립,C형 조립중합2호기,48448.0,45403.0,93.71,1,0.0,0.0
2026-02-02,S관(3공장),[10] 사출조립,C형 조립중합5호기,16648.0,6560.0,39.4,1,0.0,0.0
2026-02-02,S관(3공장),[20] 분리,A형 인라인1호기 - 접착,28735.0,27074.0,94.22,1,0.0,0.0
2026-02-02,S관(3공장),[20] 분리,A형 인라인3호기 - 접착,16718.0,14984.0,89.63,1,0.0,0.0
2026-02-02,S관(3공장),[20] 분리,B형 분리4호기,7579.0,6681.0,88.15,1,0.0,0.0
2026-02-02,S관(3공장),[20] 분리,B형 분리5호기,13458.0,11147.0,82.83,1,0.0,0.0
2026-02-02,S관(3공장),[20] 분리,B형 분리6호기,8767.0,7086.0,80.83,1,0.0,0.0
2026-02-02,S관(3공장),[20] 분리,B형 분리7호기,19372.0,15088.0,77.89,1,0.0,0.0
2026-02-02,S관(3공장),[20] 분리,B형 분리8호기,16440.0,14522.0,88.33,1,0.0,0.0
2026-02-02,S관(3공장),[20] 분리,CAM분리2호기,4299.0,2356.0,54.8,1,39273.0,10.95
2026-02-02,S관(3공장),[20] 분리,CAM분리3호기,12724.0,10764.0,84.6,1,39273.0,32.4
2026-02-02,S관(3공장),[20] 분리,CAM분리4호기,1233.0,530.0,42.98,1,39273.0,3.14
2026-02-02,S관(3공장),[45] 하이드레이션/전면검사,B형 분리4호기,6772.0,6732.0,99.41,1,0.0,0.0
2026-02-02,S관(3공장),[45] 하이드레이션/전면검사,B형 분리5호기,7852.0,7833.0,99.76,1,0.0,0.0
2026-02-02,S관(3공장),[45] 하이드레이션/전면검사,S관 실리콘 자동수화기,197616.0,196831.0,99.6,1,240000.0,82.34
2026-02-02,S관(3공장),[55] 접착/ 멸균,A형 인라인1호기 - 접착,26342.0,25530.0,96.92,1,0.0,0.0
2026-02-02,S관(3공장),[55] 접착/ 멸균,A형 인라인2호기 - 접착,36914.0,36040.0,97.63,1,0.0,0.0
2026-02-02,S관(3공장),[55] 접착/ 멸균,A형 인라인3호기 - 접착,27103.0,26485.0,97.72,1,0.0,0.0
2026-02-02,S관(3공장),[55] 접착/ 멸균,A형 인라인4호기 - 접착,37975.0,37125.0,97.76,1,0.0,0.0
2026-02-02,S관(3공장),[55] 접착/ 멸균,A형 인라인5호기 - 접착,21206.0,20650.0,97.38,1,0.0,0.0
2026-02-02,S관(3공장),[55] 접착/ 멸균,A형 인라인6호기 - 접착,32673.0,30850.0,94.42,1,0.0,0.0
2026-02-02,S관(3공장),[80] 누수/규격검사,누수/규격검사(3공장),264360.0,261335.0,98.86,1,100645.0,262.67
2026-02-03,A관(1공장),[00] 배합,조립31호기,20000.0,20000.0,100.0,1,0.0,0.0
2026-02-03,A관(1공장),[00] 배합,조립3호기,2045.92,2045.92,100.0,1,0.0,0.0
2026-02-03,A관(1공장),[00] 배합,조립8호기,2968.48,2968.48,100.0,1,0.0,0.0
2026-02-03,A관(1공장),[10] 사출조립,조립1호기,34498.0,33746.0,97.82,1,43200.0,79.86
2026-02-03,A관(1공장),[10] 사출조립,조립2호기,9224.0,8664.0,93.93,1,43200.0,21.35
2026-02-03,A관(1공장),[10] 사출조립,조립30호기,88288.0,88288.0,100.0,1,86400.0,102.19
2026-02-03,A관(1공장),[10] 사출조립,조립31호기,52223.0,52223.0,100.0,1,86400.0,60.44
2026-02-03,A관(1공장),[10] 사출조립,조립3호기,34556.0,33668.0,97.43,1,43200.0,79.99
2026-02-03,A관(1공장),[10] 사출조립,조립7호기,8184.0,6675.0,81.56,1,43200.0,18.94
2026-02-03,A관(1공장),[10] 사출조립,조립8호기,18145.0,17498.0,96.43,1,43200.0,42.0
2026-02-03,A관(1공장),[20] 분리,분리10호기,14823.0,12209.0,82.37,1,17280.0,85.78
2026-02-03,A관(1공장),[20] 분리,분리11호기,15119.0,12125.0,80.2,1,17280.0,87.49
2026-02-03,A관(1공장),[20] 분리,분리14호기,47848.0,40748.0,85.16,1,54000.0,88.61
2026-02-03,A관(1공장),[20] 분리,분리3호기,15840.0,13617.0,85.97,1,17280.0,91.67
2026-02-03,A관(1공장),[20] 분리,분리5호기,13853.0,11218.0,80.98,1,17280.0,80.17
2026-02-03,A관(1공장),[45] 하이드레이션/전면검사,1공장 실리콘수화기,16330.0,16330.0,100.0,1,0.0,0.0
2026-02-03,A관(1공장),[45] 하이드레이션/전면검사,워터배스1-2호기,17433.0,17433.0,100.0,1,30000.0,58.11
2026-02-03,A관(1공장),[45] 하이드레이션/전면검사,워터배스1-3호기,15224.0,15224.0,100.0,1,30000.0,50.75
2026-02-03,A관(1공장),[45] 하이드레이션/전면검사,워터배스1-4호기,6265.0,6265.0,100.0,1,30000.0,20.88
2026-02-03,A관(1공장),[45] 하이드레이션/전면검사,워터배스1-5호기,25683.0,25683.0,100.0,1,150000.0,17.12
2026-02-03,A관(1공장),[55] 접착/ 멸균,검사10호기,6664.0,5364.0,80.49,1,13293.0,50.13
2026-02-03,A관(1공장),[55] 접착/ 멸균,검사11호기,8197.0,7645.0,93.27,1,13293.0,61.66
2026-02-03,A관(1공장),[55] 접착/ 멸균,검사14호기,2536.0,2020.0,79.65,1,13293.0,19.08
2026-02-03,A관(1공장),[55] 접착/ 멸균,검사16호기,10422.0,8772.0,84.17,1,13293.0,78.4
2026-02-03,A관(1공장),[55] 접착/ 멸균,검사17호기,6089.0,5838.0,95.88,1,13293.0,45.81
2026-02-03,A관(1공장),[55] 접착/ 멸균,검사18호기,5884.0,4986.0,84.74,1,13293.0,44.26
2026-02-03,A관(1공장),[55] 접착/ 멸균,검사19호기,6815.0,6160.0,90.39,1,13293.0,51.27
2026-02-03,A관(1공장),[55] 접착/ 멸균,검사20호기,5641.0,5032.0,89.2,1,13293.0,42.44
2026-02-03,A관(1공장),[55] 접착/ 멸균,검사21호기,7152.0,6271.0,87.68,1,13293.0,53.8
2026-02-03,A관(1공장),[55] 접착/ 멸균,검사22호기,5103.0,4676.0,91.63,1,13293.0,38.39
2026-02-03,A관(1공장),[55] 접착/ 멸균,검사6호기,11493.0,7636.0,66.44,1,13293.0,86.46
2026-02-03,A관(1공장),[55] 접착/ 멸균,검사8호기,6884.0,6148.0,89.31,1,13293.0,51.79
2026-02-03,A관(1공장),[55] 접착/ 멸균,바이알캡핑기,5095.0,4204.0,82.51,1,0.0,0.0
2026-02-03,A관(1공장),[80] 누수/규격검사,누수/규격검사(1공장),77661.0,74956.0,96.52,1,112902.0,68.79
2026-02-03,C관(2공장),[00] 배합,조립11호기,20366.0,20366.0,100.0,1,0.0,0.0
2026-02-03,C관(2공장),[00] 배합,조립15호기,20366.0,20366.0,100.0,1,0.0,0.0
2026-02-03,C관(2공장),[00] 배합,조립20호기,40732.0,40732.0,100.0,1,0.0,0.0
2026-02-03,C관(2공장),[00] 배합,조립40호기,20366.0,20366.0,100.0,1,0.0,0.0
2026-02-03,C관(2공장),[00] 배합,조립47호기,20365.83,20365.83,100.0,1,0.0,0.0
2026-02-03,C관(2공장),[00] 배합,조립48호기,20366.0,20366.0,100.0,1,0.0,0.0
2026-02-03,C관(2공장),[00] 배합,조립53호기,20366.0,20366.0,100.0,1,0.0,0.0
2026-02-03,C관(2공장),[10] 사출조립,조립10호기,40836.0,35949.0,88.03,1,43200.0,94.53
2026-02-03,C관(2공장),[10] 사출조립,조립11호기,9812.0,7335.0,74.76,1,43200.0,22.71
2026-02-03,C관(2공장),[10] 사출조립,조립12호기,24200.0,22900.0,94.63,1,0.0,0.0
2026-02-03,C관(2공장),[10] 사출조립,조립13호기,23426.0,21232.0,90.63,1,0.0,0.0
2026-02-03,C관(2공장),[10] 사출조립,조립14호기,54210.0,50349.0,92.88,1,43200.0,125.49
2026-02-03,C관(2공장),[10] 사출조립,조립15호기,26324.0,26281.0,99.84,1,43200.0,60.94
2026-02-03,C관(2공장),[10] 사출조립,조립16호기,40102.0,36375.0,90.71,1,43200.0,92.83
2026-02-03,C관(2공장),[10] 사출조립,조립17호기,23073.0,20834.0,90.3,1,43200.0,53.41
2026-02-03,C관(2공장),[10] 사출조립,조립18호기,18759.0,15802.0,84.24,1,43200.0,43.42
2026-02-03,C관(2공장),[10] 사출조립,조립20호기,26903.0,19944.0,74.13,1,43200.0,62.28
2026-02-03,C관(2공장),[10] 사출조립,조립22호기,56524.0,50669.0,89.64,1,43200.0,130.84
2026-02-03,C관(2공장),[10] 사출조립,조립24호기,42002.0,37133.0,88.41,1,43200.0,97.23
2026-02-03,C관(2공장),[10] 사출조립,조립25호기,20668.0,19053.0,92.19,1,43200.0,47.84
2026-02-03,C관(2공장),[10] 사출조립,조립26호기,33145.0,33103.0,99.87,1,43200.0,76.72
2026-02-03,C관(2공장),[10] 사출조립,조립27호기,21675.0,20753.0,95.75,1,43200.0,50.17
2026-02-03,C관(2공장),[10] 사출조립,조립40호기,32793.0,30932.0,94.33,1,43200.0,75.91
2026-02-03,C관(2공장),[10] 사출조립,조립44호기,62008.0,60659.0,97.82,1,43200.0,143.54
2026-02-03,C관(2공장),[10] 사출조립,조립45호기,53523.0,51875.0,96.92,1,43200.0,123.9
2026-02-03,C관(2공장),[10] 사출조립,조립46호기,53405.0,51926.0,97.23,1,43200.0,123.62
2026-02-03,C관(2공장),[10] 사출조립,조립48호기,13642.0,12247.0,89.77,1,43200.0,31.58
2026-02-03,C관(2공장),[10] 사출조립,조립49호기,26939.0,24934.0,92.56,1,43200.0,62.36
2026-02-03,C관(2공장),[10] 사출조립,조립50호기,31488.0,26725.0,84.87,1,43200.0,72.89
2026-02-03,C관(2공장),[10] 사출조립,조립51호기,27154.0,26356.0,97.06,1,43200.0,62.86
2026-02-03,C관(2공장),[10] 사출조립,조립52호기,48689.0,43638.0,89.63,1,43200.0,112.71
2026-02-03,C관(2공장),[10] 사출조립,조립53호기,57400.0,56108.0,97.75,1,43200.0,132.87
2026-02-03,C관(2공장),[10] 사출조립,조립54호기,20361.0,18204.0,89.41,1,43200.0,47.13
2026-02-03,C관(2공장),[10] 사출조립,조립57호기,57859.0,52452.0,90.65,1,43200.0,133.93
2026-02-03,C관(2공장),[10] 사출조립,조립58호기,35393.0,31106.0,87.89,1,43200.0,81.93
2026-02-03,C관(2공장),[10] 사출조립,조립59호기,24100.0,20411.0,84.69,1,43200.0,55.79
2026-02-03,C관(2공장),[20] 분리,분리12호기,37323.0,32890.0,88.12,1,0.0,0.0
2026-02-03,C관(2공장),[20] 분리,분리15호기,34168.0,29704.0,86.94,1,0.0,0.0
2026-02-03,C관(2공장),[20] 분리,분리16호기,47869.0,42349.0,88.47,1,61715.0,77.56
2026-02-03,C관(2공장),[20] 분리,분리17호기,42458.0,35240.0,83.0,1,61715.0,68.8
2026-02-03,C관(2공장),[20] 분리,분리18호기,47001.0,40821.0,86.85,1,61715.0,76.16
2026-02-03,C관(2공장),[20] 분리,분리19호기,41206.0,35992.0,87.35,1,61715.0,66.77
2026-02-03,C관(2공장),[20] 분리,분리20호기,37984.0,32282.0,84.99,1,61715.0,61.55
2026-02-03,C관(2공장),[20] 분리,분리21호기,42080.0,36654.0,87.11,1,61715.0,68.18
2026-02-03,C관(2공장),[20] 분리,분리22호기,47719.0,39891.0,83.6,1,61715.0,77.32
2026-02-03,C관(2공장),[20] 분리,분리23호기,45667.0,36055.0,78.95,1,61715.0,74.0
2026-02-03,C관(2공장),[20] 분리,분리24호기,47548.0,43743.0,92.0,1,61715.0,77.04
2026-02-03,C관(2공장),[20] 분리,분리25호기,50561.0,42479.0,84.02,1,61715.0,81.93
2026-02-03,C관(2공장),[20] 분리,분리26호기,46196.0,38096.0,82.47,1,54000.0,85.55
2026-02-03,C관(2공장),[20] 분리,분리27호기,43868.0,38475.0,87.71,1,54000.0,81.24
2026-02-03,C관(2공장),[20] 분리,분리28호기,42277.0,37654.0,89.06,1,54000.0,78.29
2026-02-03,C관(2공장),[20] 분리,분리29호기,42911.0,27664.0,64.47,1,54000.0,79.46
2026-02-03,C관(2공장),[20] 분리,분리30호기,52515.0,47783.0,90.99,1,54000.0,97.25
2026-02-03,C관(2공장),[20] 분리,분리31호기,44762.0,39956.0,89.26,1,54000.0,82.89
2026-02-03,C관(2공장),[20] 분리,분리32호기,55152.0,45771.0,82.99,1,54000.0,102.13
2026-02-03,C관(2공장),[20] 분리,분리33호기,55009.0,50684.0,92.14,1,54000.0,101.87
2026-02-03,C관(2공장),[20] 분리,분리34호기,48349.0,37317.0,77.18,1,54000.0,89.54
2026-02-03,C관(2공장),[20] 분리,분리35호기,45241.0,29378.0,64.94,1,54000.0,83.78
2026-02-03,C관(2공장),[20] 분리,분리36호기,52030.0,38845.0,74.66,1,54000.0,96.35
2026-02-03,C관(2공장),[20] 분리,분리37호기,48942.0,44513.0,90.95,1,54000.0,90.63
2026-02-03,C관(2공장),[20] 분리,분리43호기,44828.0,39496.0,88.11,1,54000.0,83.01
2026-02-03,C관(2공장),[45] 하이드레이션/전면검사,워터배스2-10호기,102720.0,102640.0,99.92,1,120000.0,85.6
2026-02-03,C관(2공장),[45] 하이드레이션/전면검사,워터배스2-11호기,67316.0,67240.0,99.89,1,150000.0,44.88
2026-02-03,C관(2공장),[45] 하이드레이션/전면검사,워터배스2-12호기,32607.0,32550.0,99.83,1,150000.0,21.74
2026-02-03,C관(2공장),[45] 하이드레이션/전면검사,워터배스2-13호기,98850.0,98710.0,99.86,1,150000.0,65.9
2026-02-03,C관(2공장),[45] 하이드레이션/전면검사,워터배스2-14호기,65018.0,64950.0,99.9,1,150000.0,43.35
2026-02-03,C관(2공장),[45] 하이드레이션/전면검사,워터배스2-1호기,25381.0,23592.0,92.95,1,120000.0,21.15
2026-02-03,C관(2공장),[45] 하이드레이션/전면검사,워터배스2-2호기,63973.0,63915.0,99.91,1,120000.0,53.31
2026-02-03,C관(2공장),[45] 하이드레이션/전면검사,워터배스2-3호기,66526.0,66480.0,99.93,1,120000.0,55.44
2026-02-03,C관(2공장),[45] 하이드레이션/전면검사,워터배스2-4호기,79178.0,79105.0,99.91,1,120000.0,65.98
2026-02-03,C관(2공장),[45] 하이드레이션/전면검사,워터배스2-5호기,64271.0,64200.0,99.89,1,120000.0,53.56
2026-02-03,C관(2공장),[45] 하이드레이션/전면검사,워터배스2-6호기,3525.0,3520.0,99.86,1,30000.0,11.75
2026-02-03,C관(2공장),[45] 하이드레이션/전면검사,워터배스2-7호기,54075.0,54015.0,99.89,1,120000.0,45.06
2026-02-03,C관(2공장),[45] 하이드레이션/전면검사,워터배스2-8호기,62280.0,62230.0,99.92,1,120000.0,51.9
2026-02-03,C관(2공장),[45] 하이드레이션/전면검사,워터배스2-9호기,91214.0,91125.0,99.9,1,120000.0,76.01
2026-02-03,C관(2공장),[55] 접착/ 멸균,검사32호기,38195.0,37490.0,98.15,1,0.0,0.0
2026-02-03,C관(2공장),[55] 접착/ 멸균,검사33호기,43795.0,42715.0,97.53,1,66462.0,65.89
2026-02-03,C관(2공장),[55] 접착/ 멸균,검사34호기,58655.0,57510.0,98.05,1,78546.0,74.68
2026-02-03,C관(2공장),[55] 접착/ 멸균,검사35호기,56145.0,55150.0,98.23,1,78546.0,71.48
2026-02-03,C관(2공장),[55] 접착/ 멸균,검사36호기,50585.0,49775.0,98.4,1,78546.0,64.4
2026-02-03,C관(2공장),[55] 접착/ 멸균,검사37호기,57700.0,56385.0,97.72,1,78546.0,73.46
2026-02-03,C관(2공장),[55] 접착/ 멸균,검사38호기,60805.0,59670.0,98.13,1,78546.0,77.41
2026-02-03,C관(2공장),[55] 접착/ 멸균,검사39호기,49360.0,48585.0,98.43,1,78546.0,62.84
2026-02-03,C관(2공장),[55] 접착/ 멸균,검사40호기,46410.0,45585.0,98.22,1,78546.0,59.09
2026-02-03,C관(2공장),[55] 접착/ 멸균,검사41호기,42204.0,41193.0,97.6,1,78546.0,53.73
2026-02-03,C관(2공장),[55] 접착/ 멸균,검사42호기,60285.0,59720.0,99.06,1,78546.0,76.75
2026-02-03,C관(2공장),[55] 접착/ 멸균,검사43호기,53395.0,52070.0,97.52,1,78546.0,67.98
2026-02-03,C관(2공장),[55] 접착/ 멸균,검사44호기,56900.0,55935.0,98.3,1,78546.0,72.44
2026-02-03,C관(2공장),[55] 접착/ 멸균,검사45호기,45780.0,43930.0,95.96,1,78546.0,58.28
2026-02-03,C관(2공장),[55] 접착/ 멸균,검사46호기,56610.0,52615.0,92.94,1,78546.0,72.07
2026-02-03,C관(2공장),[55] 접착/ 멸균,검사47호기,46405.0,45120.0,97.23,1,78546.0,59.08
2026-02-03,C관(2공장),[55] 접착/ 멸균,검사48호기,57160.0,56535.0,98.91,1,78546.0,72.77
2026-02-03,C관(2공장),[80] 누수/규격검사,누수/규격검사(2공장),871078.0,865168.0,99.32,1,720000.0,120.98
2026-02-03,S관(3공장),[00] 배합,A형 인라인3호기 - 접착,5999.0,5999.0,100.0,1,0.0,0.0
2026-02-03,S관(3공장),[00] 배합,A형 인라인5호기 - 접착,3095.87,3095.87,100.0,1,0.0,0.0
2026-02-03,S관(3공장),[00] 배합,C형 조립중합1호기,9900.0,9900.0,100.0,1,0.0,0.0
2026-02-03,S관(3공장),[10] 사출조립,A형 인라인1호기 - 접착,34278.0,34278.0,100.0,1,0.0,0.0
2026-02-03,S관(3공장),[10] 사출조립,A형 인라인3호기 - 접착,60733.0,60733.0,100.0,1,0.0,0.0
2026-02-03,S관(3공장),[10] 사출조립,A형 인라인5호기 - 접착,33269.0,33269.0,100.0,1,0.0,0.0
2026-02-03,S관(3공장),[10] 사출조립,C형 조립중합1호기,33104.0,31906.0,96.38,1,0.0,0.0
2026-02-03,S관(3공장),[10] 사출조립,C형 조립중합2호기,32208.0,30552.0,94.86,1,0.0,0.0
2026-02-03,S관(3공장),[10] 사출조립,C형 조립중합5호기,16640.0,13162.0,79.1,1,0.0,0.0
2026-02-03,S관(3공장),[20] 분리,A형 인라인1호기 - 접착,25589.0,24747.0,96.71,1,0.0,0.0
2026-02-03,S관(3공장),[20] 분리,A형 인라인3호기 - 접착,49030.0,44801.0,91.37,1,0.0,0.0
2026-02-03,S관(3공장),[20] 분리,B형 분리3호기,10714.0,9546.0,89.1,1,0.0,0.0
2026-02-03,S관(3공장),[20] 분리,B형 분리4호기,16119.0,12786.0,79.32,1,0.0,0.0
2026-02-03,S관(3공장),[20] 분리,B형 분리5호기,19199.0,16455.0,85.71,1,0.0,0.0
2026-02-03,S관(3공장),[20] 분리,B형 분리6호기,16427.0,14368.0,87.47,1,0.0,0.0
2026-02-03,S관(3공장),[20] 분리,B형 분리7호기,18104.0,15092.0,83.36,1,0.0,0.0
2026-02-03,S관(3공장),[20] 분리,B형 분리8호기,19609.0,17629.0,89.9,1,0.0,0.0
2026-02-03,S관(3공장),[20] 분리,CAM분리3호기,14684.0,12045.0,82.03,1,39273.0,37.39
2026-02-03,S관(3공장),[20] 분리,CAM분리4호기,11525.0,6561.0,56.93,1,39273.0,29.35
2026-02-03,S관(3공장),[45] 하이드레이션/전면검사,A형 인라인1호기 - 접착,100.0,0.0,0.0,1,0.0,0.0
2026-02-03,S관(3공장),[45] 하이드레이션/전면검사,A형 인라인2호기 - 접착,12236.0,12233.0,99.98,1,0.0,0.0
2026-02-03,S관(3공장),[45] 하이드레이션/전면검사,B형 분리4호기,7231.0,7217.0,99.81,1,0.0,0.0
2026-02-03,S관(3공장),[45] 하이드레이션/전면검사,B형 분리5호기,12349.0,12273.0,99.38,1,0.0,0.0
2026-02-03,S관(3공장),[45] 하이드레이션/전면검사,S관 실리콘 자동수화기,186980.0,186393.0,99.69,1,240000.0,77.91
2026-02-03,S관(3공장),[55] 접착/ 멸균,A형 인라인1호기 - 접착,37234.0,36155.0,97.1,1,0.0,0.0
2026-02-03,S관(3공장),[55] 접착/ 멸균,A형 인라인2호기 - 접착,38274.0,37750.0,98.63,1,0.0,0.0
2026-02-03,S관(3공장),[55] 접착/ 멸균,A형 인라인3호기 - 접착,40880.0,39066.0,95.56,1,0.0,0.0
2026-02-03,S관(3공장),[55] 접착/ 멸균,A형 인라인4호기 - 접착,36848.0,35920.0,97.48,1,0.0,0.0
2026-02-03,S관(3공장),[55] 접착/ 멸균,A형 인라인5호기 - 접착,28794.0,27870.0,96.79,1,0.0,0.0
2026-02-03,S관(3공장),[55] 접착/ 멸균,A형 인라인6호기 - 접착,29466.0,28415.0,96.43,1,0.0,0.0
2026-02-03,S관(3공장),[80] 누수/규격검사,누수/규격검사(3공장),194790.0,193945.0,99.57,1,100645.0,193.54
2026-02-04,A관(1공장),[00] 배합,조립1호기,2095.0,2095.0,100.0,1,0.0,0.0
2026-02-04,A관(1공장),[00] 배합,조립2호기,4087.9,4087.9,100.0,1,0.0,0.0
2026-02-04,A관(1공장),[00] 배합,조립31호기,15000.0,15000.0,100.0,1,0.0,0.0
2026-02-04,A관(1공장),[00] 배합,조립3호기,1226.8899999999999,1226.8899999999999,100.0,1,0.0,0.0
2026-02-04,A관(1공장),[00] 배합,조립8호기,989.44,989.44,100.0,1,0.0,0.0
2026-02-04,A관(1공장),[10] 사출조립,조립1호기,34900.0,32705.0,93.71,1,43200.0,80.79
2026-02-04,A관(1공장),[10] 사출조립,조립2호기,8568.0,8019.0,93.59,1,43200.0,19.83
2026-02-04,A관(1공장),[10] 사출조립,조립30호기,48176.0,48176.0,100.0,1,86400.0,55.76
2026-02-04,A관(1공장),[10] 사출조립,조립31호기,103290.0,102779.0,99.51,1,86400.0,119.55
2026-02-04,A관(1공장),[10] 사출조립,조립3호기,37040.0,37040.0,100.0,1,43200.0,85.74
2026-02-04,A관(1공장),[10] 사출조립,조립7호기,9442.0,9442.0,100.0,1,43200.0,21.86
2026-02-04,A관(1공장),[20] 분리,분리10호기,9023.0,7187.0,79.65,1,17280.0,52.22
2026-02-04,A관(1공장),[20] 분리,분리11호기,15285.0,13406.0,87.71,1,17280.0,88.45
2026-02-04,A관(1공장),[20] 분리,분리14호기,45414.0,39468.0,86.91,1,54000.0,84.1
2026-02-04,A관(1공장),[20] 분리,분리3호기,10328.0,8814.0,85.34,1,17280.0,59.77
2026-02-04,A관(1공장),[20] 분리,분리4호기,17498.0,14421.0,82.42,1,17280.0,101.26
2026-02-04,A관(1공장),[20] 분리,분리5호기,13497.0,11006.0,81.54,1,17280.0,78.11
2026-02-04,A관(1공장),[45] 하이드레이션/전면검사,1공장 실리콘수화기,22832.0,22832.0,100.0,1,0.0,0.0
2026-02-04,A관(1공장),[45] 하이드레이션/전면검사,워터배스1-2호기,5201.0,5201.0,100.0,1,30000.0,17.34
2026-02-04,A관(1공장),[45] 하이드레이션/전면검사,워터배스1-3호기,3575.0,3575.0,100.0,1,30000.0,11.92
2026-02-04,A관(1공장),[45] 하이드레이션/전면검사,워터배스1-4호기,6155.0,6155.0,100.0,1,30000.0,20.52
2026-02-04,A관(1공장),[45] 하이드레이션/전면검사,워터배스1-5호기,24834.0,24834.0,100.0,1,150000.0,16.56
2026-02-04,A관(1공장),[45] 하이드레이션/전면검사,워터배스1-6호기,19755.0,19755.0,100.0,1,150000.0,13.17
2026-02-04,A관(1공장),[55] 접착/ 멸균,검사10호기,8369.0,7521.0,89.87,1,13293.0,62.96
2026-02-04,A관(1공장),[55] 접착/ 멸균,검사11호기,9056.0,8557.0,94.49,1,13293.0,68.13
2026-02-04,A관(1공장),[55] 접착/ 멸균,검사14호기,10749.0,9618.0,89.48,1,13293.0,80.86
2026-02-04,A관(1공장),[55] 접착/ 멸균,검사16호기,8773.0,6713.0,76.52,1,13293.0,66.0
2026-02-04,A관(1공장),[55] 접착/ 멸균,검사18호기,5322.0,4388.0,82.45,1,13293.0,40.04
2026-02-04,A관(1공장),[55] 접착/ 멸균,검사19호기,6265.0,5526.0,88.2,1,13293.0,47.13
2026-02-04,A관(1공장),[55] 접착/ 멸균,검사20호기,3828.0,3670.0,95.87,1,13293.0,28.8
2026-02-04,A관(1공장),[55] 접착/ 멸균,검사21호기,10344.0,8322.0,80.45,1,13293.0,77.82
2026-02-04,A관(1공장),[55] 접착/ 멸균,검사22호기,3442.0,626.0,18.19,1,13293.0,25.89
2026-02-04,A관(1공장),[55] 접착/ 멸균,검사6호기,7556.0,6764.0,89.52,1,13293.0,56.84
2026-02-04,A관(1공장),[55] 접착/ 멸균,검사8호기,5317.0,4824.0,90.73,1,13293.0,40.0
2026-02-04,A관(1공장),[55] 접착/ 멸균,바이알캡핑기,6035.0,5103.0,84.56,1,0.0,0.0
2026-02-04,A관(1공장),[80] 누수/규격검사,누수/규격검사(1공장),74884.0,71460.0,95.43,1,112902.0,66.33
2026-02-04,C관(2공장),[00] 배합,조립44호기,20366.0,20366.0,100.0,1,0.0,0.0
2026-02-04,C관(2공장),[00] 배합,조립45호기,20366.0,20366.0,100.0,1,0.0,0.0
2026-02-04,C관(2공장),[00] 배합,조립47호기,20366.0,20366.0,100.0,1,0.0,0.0
2026-02-04,C관(2공장),[00] 배합,조립52호기,20366.0,20366.0,100.0,1,0.0,0.0
2026-02-04,C관(2공장),[00] 배합,조립55호기,9958.0,9958.0,100.0,1,0.0,0.0
2026-02-04,C관(2공장),[00] 배합,조립56호기,20366.0,20366.0,100.0,1,0.0,0.0
2026-02-04,C관(2공장),[10] 사출조립,조립10호기,24278.0,22628.0,93.2,1,43200.0,56.2
2026-02-04,C관(2공장),[10] 사출조립,조립11호기,56852.0,53131.0,93.45,1,43200.0,131.6
2026-02-04,C관(2공장),[10] 사출조립,조립12호기,55699.0,55304.0,99.29,1,0.0,0.0
2026-02-04,C관(2공장),[10] 사출조립,조립13호기,26064.0,24765.0,95.02,1,0.0,0.0
2026-02-04,C관(2공장),[10] 사출조립,조립14호기,29135.0,27771.0,95.32,1,43200.0,67.44
2026-02-04,C관(2공장),[10] 사출조립,조립15호기,48648.0,47037.0,96.69,1,43200.0,112.61
2026-02-04,C관(2공장),[10] 사출조립,조립16호기,29181.0,28648.0,98.17,1,43200.0,67.55
2026-02-04,C관(2공장),[10] 사출조립,조립17호기,29115.0,28680.0,98.51,1,43200.0,67.4
2026-02-04,C관(2공장),[10] 사출조립,조립20호기,10603.0,6391.0,60.28,1,43200.0,24.54
2026-02-04,C관(2공장),[10] 사출조립,조립22호기,25388.0,23931.0,94.26,1,43200.0,58.77
2026-02-04,C관(2공장),[10] 사출조립,조립24호기,12385.0,12355.0,99.76,1,43200.0,28.67
2026-02-04,C관(2공장),[10] 사출조립,조립25호기,27782.0,25055.0,90.18,1,43200.0,64.31
2026-02-04,C관(2공장),[10] 사출조립,조립26호기,47592.0,42508.0,89.32,1,43200.0,110.17
2026-02-04,C관(2공장),[10] 사출조립,조립27호기,10100.0,8060.0,79.8,1,43200.0,23.38
2026-02-04,C관(2공장),[10] 사출조립,조립40호기,39684.0,37700.0,95.0,1,43200.0,91.86
2026-02-04,C관(2공장),[10] 사출조립,조립44호기,29808.0,29736.0,99.76,1,43200.0,69.0
2026-02-04,C관(2공장),[10] 사출조립,조립45호기,28825.0,28817.0,99.97,1,43200.0,66.72
2026-02-04,C관(2공장),[10] 사출조립,조립46호기,39360.0,39007.0,99.1,1,43200.0,91.11
2026-02-04,C관(2공장),[10] 사출조립,조립48호기,29254.0,27971.0,95.61,1,43200.0,67.72
2026-02-04,C관(2공장),[10] 사출조립,조립49호기,41898.0,34931.0,83.37,1,43200.0,96.99
2026-02-04,C관(2공장),[10] 사출조립,조립50호기,31604.0,24057.0,76.12,1,43200.0,73.16
2026-02-04,C관(2공장),[10] 사출조립,조립51호기,53510.0,51500.0,96.24,1,43200.0,123.87
2026-02-04,C관(2공장),[10] 사출조립,조립52호기,26114.0,25247.0,96.68,1,43200.0,60.45
2026-02-04,C관(2공장),[10] 사출조립,조립53호기,61215.0,58233.0,95.13,1,43200.0,141.7
2026-02-04,C관(2공장),[10] 사출조립,조립54호기,15550.0,13527.0,86.99,1,43200.0,36.0
2026-02-04,C관(2공장),[10] 사출조립,조립55호기,30873.0,26556.0,86.02,1,43200.0,71.47
2026-02-04,C관(2공장),[10] 사출조립,조립57호기,20903.0,20178.0,96.53,1,43200.0,48.39
2026-02-04,C관(2공장),[10] 사출조립,조립58호기,25696.0,22971.0,89.4,1,43200.0,59.48
2026-02-04,C관(2공장),[10] 사출조립,조립59호기,53417.0,49394.0,92.47,1,43200.0,123.65
2026-02-04,C관(2공장),[20] 분리,분리12호기,50323.0,44997.0,89.42,1,0.0,0.0
2026-02-04,C관(2공장),[20] 분리,분리15호기,48384.0,43184.0,89.25,1,0.0,0.0
2026-02-04,C관(2공장),[20] 분리,분리16호기,44814.0,37259.0,83.14,1,61715.0,72.61
2026-02-04,C관(2공장),[20] 분리,분리17호기,45078.0,36657.0,81.32,1,61715.0,73.04
2026-02-04,C관(2공장),[20] 분리,분리18호기,47722.0,42419.0,88.89,1,61715.0,77.33
2026-02-04,C관(2공장),[20] 분리,분리19호기,36114.0,30839.0,85.39,1,61715.0,58.52
2026-02-04,C관(2공장),[20] 분리,분리20호기,42725.0,36438.0,85.28,1,61715.0,69.23
2026-02-04,C관(2공장),[20] 분리,분리21호기,46708.0,41816.0,89.53,1,61715.0,75.68
2026-02-04,C관(2공장),[20] 분리,분리22호기,44602.0,36549.0,81.94,1,61715.0,72.27
2026-02-04,C관(2공장),[20] 분리,분리23호기,43132.0,35170.0,81.54,1,61715.0,69.89
2026-02-04,C관(2공장),[20] 분리,분리24호기,49861.0,45070.0,90.39,1,61715.0,80.79
2026-02-04,C관(2공장),[20] 분리,분리25호기,48695.0,40129.0,82.41,1,61715.0,78.9
2026-02-04,C관(2공장),[20] 분리,분리26호기,46415.0,40130.0,86.46,1,54000.0,85.95
2026-02-04,C관(2공장),[20] 분리,분리27호기,29809.0,26845.0,90.06,1,54000.0,55.2
2026-02-04,C관(2공장),[20] 분리,분리28호기,42526.0,35536.0,83.56,1,54000.0,78.75
2026-02-04,C관(2공장),[20] 분리,분리29호기,40485.0,29047.0,71.75,1,54000.0,74.97
2026-02-04,C관(2공장),[20] 분리,분리30호기,51373.0,45575.0,88.71,1,54000.0,95.14
2026-02-04,C관(2공장),[20] 분리,분리31호기,54484.0,44369.0,81.43,1,54000.0,100.9
2026-02-04,C관(2공장),[20] 분리,분리32호기,50611.0,43262.0,85.48,1,54000.0,93.72
2026-02-04,C관(2공장),[20] 분리,분리33호기,39248.0,36343.0,92.6,1,54000.0,72.68
2026-02-04,C관(2공장),[20] 분리,분리34호기,49132.0,43087.0,87.7,1,54000.0,90.99
2026-02-04,C관(2공장),[20] 분리,분리35호기,49961.0,39182.0,78.43,1,54000.0,92.52
2026-02-04,C관(2공장),[20] 분리,분리36호기,49733.0,36187.0,72.76,1,54000.0,92.1
2026-02-04,C관(2공장),[20] 분리,분리37호기,49073.0,43263.0,88.16,1,54000.0,90.88
2026-02-04,C관(2공장),[20] 분리,분리43호기,46865.0,41161.0,87.83,1,54000.0,86.79
2026-02-04,C관(2공장),[45] 하이드레이션/전면검사,워터배스2-10호기,72741.0,72670.0,99.9,1,120000.0,60.62
2026-02-04,C관(2공장),[45] 하이드레이션/전면검사,워터배스2-11호기,77589.0,77235.0,99.54,1,150000.0,51.73
2026-02-04,C관(2공장),[45] 하이드레이션/전면검사,워터배스2-12호기,107764.0,107605.0,99.85,1,150000.0,71.84
2026-02-04,C관(2공장),[45] 하이드레이션/전면검사,워터배스2-13호기,70277.0,70185.0,99.87,1,150000.0,46.85
2026-02-04,C관(2공장),[45] 하이드레이션/전면검사,워터배스2-14호기,54236.0,54185.0,99.91,1,150000.0,36.16
2026-02-04,C관(2공장),[45] 하이드레이션/전면검사,워터배스2-1호기,71660.0,71522.0,99.81,1,120000.0,59.72
2026-02-04,C관(2공장),[45] 하이드레이션/전면검사,워터배스2-2호기,60036.0,59985.0,99.92,1,120000.0,50.03
2026-02-04,C관(2공장),[45] 하이드레이션/전면검사,워터배스2-3호기,59438.0,57425.0,96.61,1,120000.0,49.53
2026-02-04,C관(2공장),[45] 하이드레이션/전면검사,워터배스2-4호기,46024.0,45990.0,99.93,1,120000.0,38.35
2026-02-04,C관(2공장),[45] 하이드레이션/전면검사,워터배스2-5호기,66222.0,64940.0,98.06,1,120000.0,55.18
2026-02-04,C관(2공장),[45] 하이드레이션/전면검사,워터배스2-7호기,44338.0,44300.0,99.91,1,120000.0,36.95
2026-02-04,C관(2공장),[45] 하이드레이션/전면검사,워터배스2-8호기,22969.0,22945.0,99.9,1,120000.0,19.14
2026-02-04,C관(2공장),[45] 하이드레이션/전면검사,워터배스2-9호기,45033.0,44985.0,99.89,1,120000.0,37.53
2026-02-04,C관(2공장),[55] 접착/ 멸균,검사32호기,38890.0,38320.0,98.53,1,0.0,0.0
2026-02-04,C관(2공장),[55] 접착/ 멸균,검사33호기,47715.0,46645.0,97.76,1,66462.0,71.79
2026-02-04,C관(2공장),[55] 접착/ 멸균,검사34호기,51260.0,49975.0,97.49,1,78546.0,65.26
2026-02-04,C관(2공장),[55] 접착/ 멸균,검사35호기,53690.0,52760.0,98.27,1,78546.0,68.35
2026-02-04,C관(2공장),[55] 접착/ 멸균,검사36호기,58420.0,57530.0,98.48,1,78546.0,74.38
2026-02-04,C관(2공장),[55] 접착/ 멸균,검사37호기,58465.0,57255.0,97.93,1,78546.0,74.43
2026-02-04,C관(2공장),[55] 접착/ 멸균,검사38호기,55585.0,52520.0,94.49,1,78546.0,70.77
2026-02-04,C관(2공장),[55] 접착/ 멸균,검사39호기,57950.0,57245.0,98.78,1,78546.0,73.78
2026-02-04,C관(2공장),[55] 접착/ 멸균,검사40호기,54075.0,53025.0,98.06,1,78546.0,68.85
2026-02-04,C관(2공장),[55] 접착/ 멸균,검사41호기,36657.0,35376.0,96.51,1,78546.0,46.67
2026-02-04,C관(2공장),[55] 접착/ 멸균,검사42호기,55505.0,54340.0,97.9,1,78546.0,70.67
2026-02-04,C관(2공장),[55] 접착/ 멸균,검사43호기,63185.0,58770.0,93.01,1,78546.0,80.44
2026-02-04,C관(2공장),[55] 접착/ 멸균,검사44호기,49120.0,45565.0,92.76,1,78546.0,62.54
2026-02-04,C관(2공장),[55] 접착/ 멸균,검사45호기,44660.0,43680.0,97.81,1,78546.0,56.86
2026-02-04,C관(2공장),[55] 접착/ 멸균,검사46호기,46170.0,45345.0,98.21,1,78546.0,58.78
2026-02-04,C관(2공장),[55] 접착/ 멸균,검사47호기,51345.0,50115.0,97.6,1,78546.0,65.37
2026-02-04,C관(2공장),[55] 접착/ 멸균,검사48호기,51675.0,50490.0,97.71,1,78546.0,65.79
2026-02-04,C관(2공장),[80] 누수/규격검사,누수/규격검사(2공장),812086.0,805874.0,99.24,1,720000.0,112.79
2026-02-04,S관(3공장),[00] 배합,A형 인라인1호기 - 접착,5999.0,5999.0,100.0,1,0.0,0.0
2026-02-04,S관(3공장),[00] 배합,C형 조립중합3호기,5939.89,5939.89,100.0,1,0.0,0.0
2026-02-04,S관(3공장),[00] 배합,C형 조립중합5호기,5940.0,5940.0,100.0,1,0.0,0.0
2026-02-04,S관(3공장),[10] 사출조립,A형 인라인3호기 - 접착,43715.0,43715.0,100.0,1,0.0,0.0
2026-02-04,S관(3공장),[10] 사출조립,B형 조립중합6호기,8944.0,7469.0,83.51,1,76800.0,11.65
2026-02-04,S관(3공장),[10] 사출조립,C형 조립중합2호기,16472.0,15155.0,92.0,1,0.0,0.0
2026-02-04,S관(3공장),[10] 사출조립,C형 조립중합5호기,24544.0,19893.0,81.05,1,0.0,0.0
2026-02-04,S관(3공장),[20] 분리,A형 인라인3호기 - 접착,16020.0,14958.0,93.37,1,0.0,0.0
2026-02-04,S관(3공장),[20] 분리,B형 분리3호기,26357.0,24587.0,93.28,1,0.0,0.0
2026-02-04,S관(3공장),[20] 분리,B형 분리4호기,21597.0,18650.0,86.35,1,0.0,0.0
2026-02-04,S관(3공장),[20] 분리,B형 분리5호기,11662.0,10058.0,86.25,1,0.0,0.0
2026-02-04,S관(3공장),[20] 분리,B형 분리6호기,12970.0,11390.0,87.82,1,0.0,0.0
2026-02-04,S관(3공장),[20] 분리,B형 분리7호기,12058.0,9258.0,76.78,1,0.0,0.0
2026-02-04,S관(3공장),[20] 분리,B형 분리8호기,17268.0,15180.0,87.91,1,0.0,0.0
2026-02-04,S관(3공장),[20] 분리,CAM분리1호기,4716.0,3356.0,71.16,1,39273.0,12.01
2026-02-04,S관(3공장),[20] 분리,CAM분리2호기,3561.0,2409.0,67.65,1,39273.0,9.07
2026-02-04,S관(3공장),[20] 분리,CAM분리3호기,23534.0,20074.0,85.3,1,39273.0,59.92
2026-02-04,S관(3공장),[20] 분리,CAM분리4호기,18679.0,13279.0,71.09,1,39273.0,47.56
2026-02-04,S관(3공장),[45] 하이드레이션/전면검사,A형 인라인2호기 - 접착,24167.0,24016.0,99.38,1,0.0,0.0
2026-02-04,S관(3공장),[45] 하이드레이션/전면검사,B형 분리4호기,5655.0,5643.0,99.79,1,0.0,0.0
2026-02-04,S관(3공장),[45] 하이드레이션/전면검사,B형 분리5호기,6813.0,6798.0,99.78,1,0.0,0.0
2026-02-04,S관(3공장),[45] 하이드레이션/전면검사,S관 실리콘 자동수화기,151190.0,150668.0,99.65,1,240000.0,63.0
2026-02-04,S관(3공장),[55] 접착/ 멸균,A형 인라인1호기 - 접착,35858.0,35040.0,97.72,1,0.0,0.0
2026-02-04,S관(3공장),[55] 접착/ 멸균,A형 인라인2호기 - 접착,38924.0,38535.0,99.0,1,0.0,0.0
2026-02-04,S관(3공장),[55] 접착/ 멸균,A형 인라인3호기 - 접착,34320.0,33715.0,98.24,1,0.0,0.0
2026-02-04,S관(3공장),[55] 접착/ 멸균,A형 인라인4호기 - 접착,42060.0,40710.0,96.79,1,0.0,0.0
2026-02-04,S관(3공장),[55] 접착/ 멸균,A형 인라인5호기 - 접착,34326.0,33650.0,98.03,1,0.0,0.0
2026-02-04,S관(3공장),[55] 접착/ 멸균,A형 인라인6호기 - 접착,47896.0,47020.0,98.17,1,0.0,0.0
2026-02-04,S관(3공장),[80] 누수/규격검사,누수/규격검사(3공장),240915.0,239845.0,99.56,1,100645.0,239.37
2026-02-05,A관(1공장),[00] 배합,조립1호기,2044.0,2044.0,100.0,1,0.0,0.0
2026-02-05,A관(1공장),[00] 배합,조립2호기,1024.0,1024.0,100.0,1,0.0,0.0
2026-02-05,A관(1공장),[00] 배합,조립30호기,9999.97,9999.97,100.0,1,0.0,0.0
2026-02-05,A관(1공장),[00] 배합,조립7호기,1000.0,1000.0,100.0,1,0.0,0.0
2026-02-05,A관(1공장),[00] 배합,조립8호기,989.48,989.48,100.0,1,0.0,0.0
2026-02-05,A관(1공장),[10] 사출조립,조립1호기,35502.0,34932.0,98.39,1,43200.0,82.18
2026-02-05,A관(1공장),[10] 사출조립,조립2호기,9535.0,6466.0,67.81,1,43200.0,22.07
2026-02-05,A관(1공장),[10] 사출조립,조립30호기,94208.0,94208.0,100.0,1,86400.0,109.04
2026-02-05,A관(1공장),[10] 사출조립,조립31호기,48235.0,48235.0,100.0,1,86400.0,55.83
2026-02-05,A관(1공장),[10] 사출조립,조립3호기,37324.0,35900.0,96.18,1,43200.0,86.4
2026-02-05,A관(1공장),[10] 사출조립,조립7호기,8537.0,7448.0,87.24,1,43200.0,19.76
2026-02-05,A관(1공장),[10] 사출조립,조립8호기,41485.0,39871.0,96.11,1,43200.0,96.03
2026-02-05,A관(1공장),[20] 분리,분리10호기,15136.0,13202.0,87.22,1,17280.0,87.59
2026-02-05,A관(1공장),[20] 분리,분리11호기,13473.0,11639.0,86.39,1,17280.0,77.97
2026-02-05,A관(1공장),[20] 분리,분리14호기,35016.0,29501.0,84.25,1,54000.0,64.84
2026-02-05,A관(1공장),[20] 분리,분리3호기,11653.0,9511.0,81.62,1,17280.0,67.44
2026-02-05,A관(1공장),[20] 분리,분리4호기,13408.0,11163.0,83.26,1,17280.0,77.59
2026-02-05,A관(1공장),[20] 분리,분리5호기,2602.0,2015.0,77.44,1,17280.0,15.06
2026-02-05,A관(1공장),[45] 하이드레이션/전면검사,1공장 실리콘수화기,23922.0,23922.0,100.0,1,0.0,0.0
2026-02-05,A관(1공장),[45] 하이드레이션/전면검사,워터배스1-2호기,7643.0,7643.0,100.0,1,30000.0,25.48
2026-02-05,A관(1공장),[45] 하이드레이션/전면검사,워터배스1-3호기,1239.0,1239.0,100.0,1,30000.0,4.13
2026-02-05,A관(1공장),[45] 하이드레이션/전면검사,워터배스1-5호기,50807.0,50807.0,100.0,1,150000.0,33.87
2026-02-05,A관(1공장),[45] 하이드레이션/전면검사,워터배스1-6호기,14587.0,14587.0,100.0,1,150000.0,9.72
2026-02-05,A관(1공장),[55] 접착/ 멸균,검사10호기,7878.0,6763.0,85.85,1,13293.0,59.26
2026-02-05,A관(1공장),[55] 접착/ 멸균,검사11호기,5847.0,5520.0,94.41,1,13293.0,43.99
2026-02-05,A관(1공장),[55] 접착/ 멸균,검사14호기,2662.0,1894.0,71.15,1,13293.0,20.03
2026-02-05,A관(1공장),[55] 접착/ 멸균,검사17호기,6658.0,6126.0,92.01,1,13293.0,50.09
2026-02-05,A관(1공장),[55] 접착/ 멸균,검사18호기,6418.0,4978.0,77.56,1,13293.0,48.28
2026-02-05,A관(1공장),[55] 접착/ 멸균,검사19호기,4801.0,4424.0,92.15,1,13293.0,36.12
2026-02-05,A관(1공장),[55] 접착/ 멸균,검사20호기,16054.0,15545.0,96.83,1,13293.0,120.77
2026-02-05,A관(1공장),[55] 접착/ 멸균,검사21호기,10329.0,9648.0,93.41,1,13293.0,77.7
2026-02-05,A관(1공장),[55] 접착/ 멸균,검사22호기,2558.0,2462.0,96.25,1,13293.0,19.24
2026-02-05,A관(1공장),[55] 접착/ 멸균,검사6호기,8933.0,8372.0,93.72,1,13293.0,67.2
2026-02-05,A관(1공장),[55] 접착/ 멸균,검사8호기,5821.0,5651.0,97.08,1,13293.0,43.79
2026-02-05,A관(1공장),[55] 접착/ 멸균,바이알캡핑기,3503.0,2844.0,81.19,1,0.0,0.0
2026-02-05,A관(1공장),[80] 누수/규격검사,누수/규격검사(1공장),74542.0,71584.0,96.03,1,112902.0,66.02
2026-02-05,C관(2공장),[00] 배합,조립13호기,20366.0,20366.0,100.0,1,0.0,0.0
2026-02-05,C관(2공장),[00] 배합,조립26호기,20366.0,20366.0,100.0,1,0.0,0.0
2026-02-05,C관(2공장),[00] 배합,조립44호기,20366.0,20366.0,100.0,1,0.0,0.0
2026-02-05,C관(2공장),[00] 배합,조립48호기,40732.0,40732.0,100.0,1,0.0,0.0
2026-02-05,C관(2공장),[00] 배합,조립51호기,19916.0,19916.0,100.0,1,0.0,0.0
2026-02-05,C관(2공장),[00] 배합,조립58호기,20365.89,20365.89,100.0,1,0.0,0.0
2026-02-05,C관(2공장),[10] 사출조립,조립10호기,32204.0,25887.0,80.38,1,43200.0,74.55
2026-02-05,C관(2공장),[10] 사출조립,조립12호기,25780.0,22925.0,88.93,1,0.0,0.0
2026-02-05,C관(2공장),[10] 사출조립,조립13호기,57963.0,50935.0,87.88,1,0.0,0.0
2026-02-05,C관(2공장),[10] 사출조립,조립14호기,58098.0,57096.0,98.28,1,43200.0,134.49
2026-02-05,C관(2공장),[10] 사출조립,조립15호기,29937.0,29774.0,99.46,1,43200.0,69.3
2026-02-05,C관(2공장),[10] 사출조립,조립16호기,55860.0,55001.0,98.46,1,43200.0,129.31
2026-02-05,C관(2공장),[10] 사출조립,조립17호기,58501.0,55060.0,94.12,1,43200.0,135.42
2026-02-05,C관(2공장),[10] 사출조립,조립20호기,52486.0,42599.0,81.16,1,43200.0,121.5
2026-02-05,C관(2공장),[10] 사출조립,조립22호기,24363.0,21723.0,89.16,1,43200.0,56.4
2026-02-05,C관(2공장),[10] 사출조립,조립24호기,40783.0,37150.0,91.09,1,43200.0,94.41
2026-02-05,C관(2공장),[10] 사출조립,조립25호기,30290.0,30260.0,99.9,1,43200.0,70.12
2026-02-05,C관(2공장),[10] 사출조립,조립26호기,12169.0,10380.0,85.3,1,43200.0,28.17
2026-02-05,C관(2공장),[10] 사출조립,조립27호기,15048.0,14890.0,98.95,1,43200.0,34.83
2026-02-05,C관(2공장),[10] 사출조립,조립40호기,6307.0,4696.0,74.46,1,43200.0,14.6
2026-02-05,C관(2공장),[10] 사출조립,조립44호기,49594.0,49380.0,99.57,1,43200.0,114.8
2026-02-05,C관(2공장),[10] 사출조립,조립45호기,28491.0,28491.0,100.0,1,43200.0,65.95
2026-02-05,C관(2공장),[10] 사출조립,조립46호기,9508.0,6994.0,73.56,1,43200.0,22.01
2026-02-05,C관(2공장),[10] 사출조립,조립47호기,53587.0,51372.0,95.87,1,43200.0,124.04
2026-02-05,C관(2공장),[10] 사출조립,조립48호기,53232.0,47581.0,89.38,1,43200.0,123.22
2026-02-05,C관(2공장),[10] 사출조립,조립50호기,24161.0,21831.0,90.36,1,43200.0,55.93
2026-02-05,C관(2공장),[10] 사출조립,조립51호기,30859.0,30551.0,99.0,1,43200.0,71.43
2026-02-05,C관(2공장),[10] 사출조립,조립53호기,50081.0,49687.0,99.21,1,43200.0,115.93
2026-02-05,C관(2공장),[10] 사출조립,조립54호기,24403.0,24348.0,99.77,1,43200.0,56.49
2026-02-05,C관(2공장),[10] 사출조립,조립57호기,23251.0,20887.0,89.83,1,43200.0,53.82
2026-02-05,C관(2공장),[10] 사출조립,조립58호기,27712.0,27104.0,97.81,1,43200.0,64.15
2026-02-05,C관(2공장),[10] 사출조립,조립59호기,28152.0,26301.0,93.42,1,43200.0,65.17
2026-02-05,C관(2공장),[20] 분리,분리12호기,52270.0,47269.0,90.43,1,0.0,0.0
2026-02-05,C관(2공장),[20] 분리,분리15호기,50353.0,44696.0,88.77,1,0.0,0.0
2026-02-05,C관(2공장),[20] 분리,분리16호기,42657.0,38328.0,89.85,1,61715.0,69.12
2026-02-05,C관(2공장),[20] 분리,분리17호기,39460.0,32046.0,81.21,1,61715.0,63.94
2026-02-05,C관(2공장),[20] 분리,분리18호기,50202.0,43461.0,86.57,1,61715.0,81.34
2026-02-05,C관(2공장),[20] 분리,분리19호기,42429.0,37888.0,89.3,1,61715.0,68.75
2026-02-05,C관(2공장),[20] 분리,분리20호기,43019.0,36039.0,83.77,1,61715.0,69.71
2026-02-05,C관(2공장),[20] 분리,분리21호기,46745.0,42148.0,90.17,1,61715.0,75.74
2026-02-05,C관(2공장),[20] 분리,분리22호기,44445.0,37777.0,85.0,1,61715.0,72.02
2026-02-05,C관(2공장),[20] 분리,분리23호기,45793.0,35782.0,78.14,1,61715.0,74.2
2026-02-05,C관(2공장),[20] 분리,분리24호기,51237.0,46397.0,90.55,1,61715.0,83.02
2026-02-05,C관(2공장),[20] 분리,분리25호기,51772.0,43588.0,84.19,1,61715.0,83.89
2026-02-05,C관(2공장),[20] 분리,분리26호기,48587.0,42403.0,87.27,1,54000.0,89.98
2026-02-05,C관(2공장),[20] 분리,분리27호기,45457.0,39235.0,86.31,1,54000.0,84.18
2026-02-05,C관(2공장),[20] 분리,분리28호기,44475.0,38960.0,87.6,1,54000.0,82.36
2026-02-05,C관(2공장),[20] 분리,분리29호기,44423.0,35548.0,80.02,1,54000.0,82.26
2026-02-05,C관(2공장),[20] 분리,분리30호기,52181.0,47589.0,91.2,1,54000.0,96.63
2026-02-05,C관(2공장),[20] 분리,분리31호기,55184.0,47633.0,86.32,1,54000.0,102.19
2026-02-05,C관(2공장),[20] 분리,분리32호기,49826.0,41010.0,82.31,1,54000.0,92.27
2026-02-05,C관(2공장),[20] 분리,분리33호기,53655.0,49561.0,92.37,1,54000.0,99.36
2026-02-05,C관(2공장),[20] 분리,분리34호기,49624.0,43880.0,88.42,1,54000.0,91.9
2026-02-05,C관(2공장),[20] 분리,분리35호기,46679.0,39761.0,85.18,1,54000.0,86.44
2026-02-05,C관(2공장),[20] 분리,분리36호기,49684.0,39319.0,79.14,1,54000.0,92.01
2026-02-05,C관(2공장),[20] 분리,분리37호기,48506.0,44133.0,90.98,1,54000.0,89.83
2026-02-05,C관(2공장),[20] 분리,분리43호기,48971.0,42888.0,87.58,1,54000.0,90.69
2026-02-05,C관(2공장),[45] 하이드레이션/전면검사,워터배스2-10호기,60486.0,60405.0,99.87,1,120000.0,50.4
2026-02-05,C관(2공장),[45] 하이드레이션/전면검사,워터배스2-11호기,112970.0,112845.0,99.89,1,150000.0,75.31
2026-02-05,C관(2공장),[45] 하이드레이션/전면검사,워터배스2-12호기,82748.0,82630.0,99.86,1,150000.0,55.17
2026-02-05,C관(2공장),[45] 하이드레이션/전면검사,워터배스2-13호기,109467.0,103920.0,94.93,1,150000.0,72.98
2026-02-05,C관(2공장),[45] 하이드레이션/전면검사,워터배스2-14호기,71438.0,71355.0,99.88,1,150000.0,47.63
2026-02-05,C관(2공장),[45] 하이드레이션/전면검사,워터배스2-1호기,54025.0,53971.0,99.9,1,120000.0,45.02
2026-02-05,C관(2공장),[45] 하이드레이션/전면검사,워터배스2-2호기,59744.0,59670.0,99.88,1,120000.0,49.79
2026-02-05,C관(2공장),[45] 하이드레이션/전면검사,워터배스2-3호기,69542.0,69460.0,99.88,1,120000.0,57.95
2026-02-05,C관(2공장),[45] 하이드레이션/전면검사,워터배스2-4호기,77593.0,77510.0,99.89,1,120000.0,64.66
2026-02-05,C관(2공장),[45] 하이드레이션/전면검사,워터배스2-5호기,68291.0,67575.0,98.95,1,120000.0,56.91
2026-02-05,C관(2공장),[45] 하이드레이션/전면검사,워터배스2-7호기,60699.0,60655.0,99.93,1,120000.0,50.58
2026-02-05,C관(2공장),[45] 하이드레이션/전면검사,워터배스2-8호기,72978.0,72920.0,99.92,1,120000.0,60.82
2026-02-05,C관(2공장),[45] 하이드레이션/전면검사,워터배스2-9호기,90400.0,90330.0,99.92,1,120000.0,75.33
2026-02-05,C관(2공장),[55] 접착/ 멸균,검사32호기,36025.0,35320.0,98.04,1,0.0,0.0
2026-02-05,C관(2공장),[55] 접착/ 멸균,검사33호기,36555.0,35765.0,97.84,1,66462.0,55.0
2026-02-05,C관(2공장),[55] 접착/ 멸균,검사34호기,53915.0,52080.0,96.6,1,78546.0,68.64
2026-02-05,C관(2공장),[55] 접착/ 멸균,검사35호기,44975.0,44235.0,98.35,1,78546.0,57.26
2026-02-05,C관(2공장),[55] 접착/ 멸균,검사36호기,52040.0,51310.0,98.6,1,78546.0,66.25
2026-02-05,C관(2공장),[55] 접착/ 멸균,검사37호기,50810.0,49475.0,97.37,1,78546.0,64.69
2026-02-05,C관(2공장),[55] 접착/ 멸균,검사38호기,42190.0,41445.0,98.23,1,78546.0,53.71
2026-02-05,C관(2공장),[55] 접착/ 멸균,검사39호기,49240.0,48445.0,98.39,1,78546.0,62.69
2026-02-05,C관(2공장),[55] 접착/ 멸균,검사40호기,46580.0,45755.0,98.23,1,78546.0,59.3
2026-02-05,C관(2공장),[55] 접착/ 멸균,검사41호기,30432.0,29502.0,96.94,1,78546.0,38.74
2026-02-05,C관(2공장),[55] 접착/ 멸균,검사42호기,47130.0,45655.0,96.87,1,78546.0,60.0
2026-02-05,C관(2공장),[55] 접착/ 멸균,검사43호기,52655.0,51500.0,97.81,1,78546.0,67.04
2026-02-05,C관(2공장),[55] 접착/ 멸균,검사44호기,44730.0,41640.0,93.09,1,78546.0,56.95
2026-02-05,C관(2공장),[55] 접착/ 멸균,검사45호기,42645.0,41295.0,96.83,1,78546.0,54.29
2026-02-05,C관(2공장),[55] 접착/ 멸균,검사46호기,47290.0,46445.0,98.21,1,78546.0,60.21
2026-02-05,C관(2공장),[55] 접착/ 멸균,검사47호기,51195.0,49950.0,97.57,1,78546.0,65.18
2026-02-05,C관(2공장),[55] 접착/ 멸균,검사48호기,51605.0,50850.0,98.54,1,78546.0,65.7
2026-02-05,C관(2공장),[80] 누수/규격검사,누수/규격검사(2공장),815358.0,811022.0,99.47,1,720000.0,113.24
2026-02-05,S관(3공장),[00] 배합,A형 인라인1호기 - 접착,7999.0,7999.0,100.0,1,0.0,0.0
2026-02-05,S관(3공장),[00] 배합,A형 인라인5호기 - 접착,2000.0,2000.0,100.0,1,0.0,0.0
2026-02-05,S관(3공장),[00] 배합,C형 조립중합1호기,9900.0,9900.0,100.0,1,0.0,0.0
2026-02-05,S관(3공장),[00] 배합,C형 조립중합5호기,4950.0,4950.0,100.0,1,0.0,0.0
2026-02-05,S관(3공장),[10] 사출조립,A형 인라인1호기 - 접착,57257.0,57257.0,100.0,1,0.0,0.0
2026-02-05,S관(3공장),[10] 사출조립,A형 인라인2호기 - 접착,22795.0,22795.0,100.0,1,0.0,0.0
2026-02-05,S관(3공장),[10] 사출조립,B형 조립중합6호기,16016.0,10902.0,68.07,1,76800.0,20.85
2026-02-05,S관(3공장),[10] 사출조립,C형 조립중합1호기,7760.0,6783.0,87.41,1,0.0,0.0
2026-02-05,S관(3공장),[10] 사출조립,C형 조립중합2호기,17672.0,16740.0,94.73,1,0.0,0.0
2026-02-05,S관(3공장),[10] 사출조립,C형 조립중합5호기,16640.0,13969.0,83.95,1,0.0,0.0
2026-02-05,S관(3공장),[20] 분리,A형 인라인1호기 - 접착,16915.0,15592.0,92.18,1,0.0,0.0
2026-02-05,S관(3공장),[20] 분리,A형 인라인3호기 - 접착,21309.0,19893.0,93.35,1,0.0,0.0
2026-02-05,S관(3공장),[20] 분리,B형 분리3호기,25620.0,22308.0,87.07,1,0.0,0.0
2026-02-05,S관(3공장),[20] 분리,B형 분리4호기,21690.0,16088.0,74.17,1,0.0,0.0
2026-02-05,S관(3공장),[20] 분리,B형 분리5호기,20321.0,16488.0,81.14,1,0.0,0.0
2026-02-05,S관(3공장),[20] 분리,B형 분리6호기,19515.0,15138.0,77.57,1,0.0,0.0
2026-02-05,S관(3공장),[20] 분리,B형 분리7호기,14384.0,11180.0,77.73,1,0.0,0.0
2026-02-05,S관(3공장),[20] 분리,B형 분리8호기,10282.0,7659.0,74.49,1,0.0,0.0
2026-02-05,S관(3공장),[20] 분리,CAM분리1호기,10295.0,8560.0,83.15,1,39273.0,26.21
2026-02-05,S관(3공장),[20] 분리,CAM분리2호기,10279.0,8649.0,84.14,1,39273.0,26.17
2026-02-05,S관(3공장),[20] 분리,CAM분리3호기,10420.0,8630.0,82.82,1,39273.0,26.53
2026-02-05,S관(3공장),[20] 분리,CAM분리4호기,6132.0,5109.0,83.32,1,39273.0,15.61
2026-02-05,S관(3공장),[45] 하이드레이션/전면검사,A형 인라인2호기 - 접착,33123.0,33079.0,99.87,1,0.0,0.0
2026-02-05,S관(3공장),[45] 하이드레이션/전면검사,B형 분리3호기,14389.0,14346.0,99.7,1,0.0,0.0
2026-02-05,S관(3공장),[45] 하이드레이션/전면검사,B형 분리4호기,15771.0,15687.0,99.47,1,0.0,0.0
2026-02-05,S관(3공장),[45] 하이드레이션/전면검사,B형 분리5호기,16989.0,16841.0,99.13,1,0.0,0.0
2026-02-05,S관(3공장),[45] 하이드레이션/전면검사,S관 실리콘 자동수화기,118833.0,117401.0,98.79,1,240000.0,49.51
2026-02-05,S관(3공장),[55] 접착/ 멸균,A형 인라인1호기 - 접착,47849.0,46340.0,96.85,1,0.0,0.0
2026-02-05,S관(3공장),[55] 접착/ 멸균,A형 인라인2호기 - 접착,21414.0,21080.0,98.44,1,0.0,0.0
2026-02-05,S관(3공장),[55] 접착/ 멸균,A형 인라인3호기 - 접착,50742.0,50165.0,98.86,1,0.0,0.0
2026-02-05,S관(3공장),[55] 접착/ 멸균,A형 인라인4호기 - 접착,36016.0,34415.0,95.55,1,0.0,0.0
2026-02-05,S관(3공장),[55] 접착/ 멸균,A형 인라인5호기 - 접착,38657.0,37860.0,97.94,1,0.0,0.0
2026-02-05,S관(3공장),[55] 접착/ 멸균,A형 인라인6호기 - 접착,28673.0,27815.0,97.01,1,0.0,0.0
2026-02-05,S관(3공장),[80] 누수/규격검사,누수/규격검사(3공장),242435.0,242020.0,99.83,1,100645.0,240.88
2026-02-06,A관(1공장),[00] 배합,조립1호기,2011.0,2011.0,100.0,1,0.0,0.0
2026-02-06,A관(1공장),[00] 배합,조립2호기,2118.0,2118.0,100.0,1,0.0,0.0
2026-02-06,A관(1공장),[00] 배합,조립30호기,20000.0,20000.0,100.0,1,0.0,0.0
2026-02-06,A관(1공장),[00] 배합,조립31호기,29999.92,29999.92,100.0,1,0.0,0.0
2026-02-06,A관(1공장),[00] 배합,조립3호기,3064.0,3064.0,100.0,1,0.0,0.0
2026-02-06,A관(1공장),[00] 배합,조립4호기,4000.0,4000.0,100.0,1,0.0,0.0
2026-02-06,A관(1공장),[00] 배합,조립8호기,2968.0,2968.0,100.0,1,0.0,0.0
2026-02-06,A관(1공장),[10] 사출조립,조립1호기,31677.0,30907.0,97.57,1,43200.0,73.33
2026-02-06,A관(1공장),[10] 사출조립,조립2호기,8740.0,7128.0,81.56,1,43200.0,20.23
2026-02-06,A관(1공장),[10] 사출조립,조립30호기,45418.0,45418.0,100.0,1,86400.0,52.57
2026-02-06,A관(1공장),[10] 사출조립,조립31호기,103683.0,102271.0,98.64,1,86400.0,120.0
2026-02-06,A관(1공장),[10] 사출조립,조립3호기,37209.0,35368.0,95.05,1,43200.0,86.13
2026-02-06,A관(1공장),[10] 사출조립,조립7호기,7912.0,6173.0,78.02,1,43200.0,18.31
2026-02-06,A관(1공장),[10] 사출조립,조립8호기,40514.0,40514.0,100.0,1,43200.0,93.78
2026-02-06,A관(1공장),[20] 분리,분리10호기,15529.0,13757.0,88.59,1,17280.0,89.87
2026-02-06,A관(1공장),[20] 분리,분리11호기,16335.0,14152.0,86.64,1,17280.0,94.53
2026-02-06,A관(1공장),[20] 분리,분리14호기,31935.0,25768.0,80.69,1,54000.0,59.14
2026-02-06,A관(1공장),[20] 분리,분리3호기,16719.0,13219.0,79.07,1,17280.0,96.75
2026-02-06,A관(1공장),[20] 분리,분리4호기,17467.0,12648.0,72.41,1,17280.0,101.08
2026-02-06,A관(1공장),[45] 하이드레이션/전면검사,워터배스1-2호기,9125.0,9125.0,100.0,1,30000.0,30.42
2026-02-06,A관(1공장),[45] 하이드레이션/전면검사,워터배스1-3호기,9026.0,9026.0,100.0,1,30000.0,30.09
2026-02-06,A관(1공장),[45] 하이드레이션/전면검사,워터배스1-5호기,34421.0,34421.0,100.0,1,150000.0,22.95
2026-02-06,A관(1공장),[45] 하이드레이션/전면검사,워터배스1-6호기,33770.0,33770.0,100.0,1,150000.0,22.51
2026-02-06,A관(1공장),[55] 접착/ 멸균,검사10호기,5088.0,4360.0,85.69,1,13293.0,38.28
2026-02-06,A관(1공장),[55] 접착/ 멸균,검사11호기,11222.0,10597.0,94.43,1,13293.0,84.42
2026-02-06,A관(1공장),[55] 접착/ 멸균,검사15호기,1756.0,1756.0,100.0,1,13293.0,13.21
2026-02-06,A관(1공장),[55] 접착/ 멸균,검사16호기,9632.0,9116.0,94.64,1,13293.0,72.46
2026-02-06,A관(1공장),[55] 접착/ 멸균,검사17호기,2164.0,1918.0,88.63,1,13293.0,16.28
2026-02-06,A관(1공장),[55] 접착/ 멸균,검사18호기,6619.0,6157.0,93.02,1,13293.0,49.79
2026-02-06,A관(1공장),[55] 접착/ 멸균,검사19호기,7055.0,6512.0,92.3,1,13293.0,53.07
2026-02-06,A관(1공장),[55] 접착/ 멸균,검사20호기,10793.0,10586.0,98.08,1,13293.0,81.19
2026-02-06,A관(1공장),[55] 접착/ 멸균,검사21호기,7037.0,6267.0,89.06,1,13293.0,52.94
2026-02-06,A관(1공장),[55] 접착/ 멸균,검사22호기,2497.0,1313.0,52.58,1,13293.0,18.78
2026-02-06,A관(1공장),[55] 접착/ 멸균,검사6호기,11219.0,9475.0,84.45,1,13293.0,84.4
2026-02-06,A관(1공장),[55] 접착/ 멸균,검사7호기,2286.0,2244.0,98.16,1,13293.0,17.2
2026-02-06,A관(1공장),[55] 접착/ 멸균,바이알캡핑기,3952.0,3277.0,82.92,1,0.0,0.0
2026-02-06,A관(1공장),[80] 누수/규격검사,누수/규격검사(1공장),80311.0,77512.0,96.51,1,112902.0,71.13
2026-02-06,C관(2공장),[00] 배합,조립10호기,20366.0,20366.0,100.0,1,0.0,0.0
2026-02-06,C관(2공장),[00] 배합,조립13호기,20366.0,20366.0,100.0,1,0.0,0.0
2026-02-06,C관(2공장),[00] 배합,조립14호기,20365.89,20365.89,100.0,1,0.0,0.0
2026-02-06,C관(2공장),[00] 배합,조립26호기,20365.89,20365.89,100.0,1,0.0,0.0
2026-02-06,C관(2공장),[00] 배합,조립54호기,19916.0,19916.0,100.0,1,0.0,0.0
2026-02-06,C관(2공장),[00] 배합,조립55호기,19915.93,19915.93,100.0,1,0.0,0.0
2026-02-06,C관(2공장),[10] 사출조립,조립10호기,7367.0,5137.0,69.73,1,43200.0,17.05
2026-02-06,C관(2공장),[10] 사출조립,조립11호기,58118.0,51453.0,88.53,1,43200.0,134.53
2026-02-06,C관(2공장),[10] 사출조립,조립12호기,27494.0,25902.0,94.21,1,0.0,0.0
2026-02-06,C관(2공장),[10] 사출조립,조립13호기,23596.0,23545.0,99.78,1,0.0,0.0
2026-02-06,C관(2공장),[10] 사출조립,조립14호기,28587.0,27417.0,95.91,1,43200.0,66.17
2026-02-06,C관(2공장),[10] 사출조립,조립15호기,28748.0,28304.0,98.46,1,43200.0,66.55
2026-02-06,C관(2공장),[10] 사출조립,조립16호기,23507.0,23456.0,99.78,1,43200.0,54.41
2026-02-06,C관(2공장),[10] 사출조립,조립17호기,21953.0,20823.0,94.85,1,43200.0,50.82
2026-02-06,C관(2공장),[10] 사출조립,조립20호기,9983.0,9516.0,95.32,1,43200.0,23.11
2026-02-06,C관(2공장),[10] 사출조립,조립22호기,25310.0,22505.0,88.92,1,43200.0,58.59
2026-02-06,C관(2공장),[10] 사출조립,조립24호기,21212.0,20940.0,98.72,1,43200.0,49.1
2026-02-06,C관(2공장),[10] 사출조립,조립25호기,26130.0,25301.0,96.83,1,43200.0,60.49
2026-02-06,C관(2공장),[10] 사출조립,조립26호기,30696.0,29520.0,96.17,1,43200.0,71.06
2026-02-06,C관(2공장),[10] 사출조립,조립27호기,26511.0,24647.0,92.97,1,43200.0,61.37
2026-02-06,C관(2공장),[10] 사출조립,조립40호기,54127.0,48465.0,89.54,1,43200.0,125.29
2026-02-06,C관(2공장),[10] 사출조립,조립44호기,22676.0,22488.0,99.17,1,43200.0,52.49
2026-02-06,C관(2공장),[10] 사출조립,조립45호기,32156.0,30926.0,96.17,1,43200.0,74.44
2026-02-06,C관(2공장),[10] 사출조립,조립46호기,30315.0,30281.0,99.89,1,43200.0,70.17
2026-02-06,C관(2공장),[10] 사출조립,조립47호기,30411.0,30369.0,99.86,1,43200.0,70.4
2026-02-06,C관(2공장),[10] 사출조립,조립48호기,28841.0,28793.0,99.83,1,43200.0,66.76
2026-02-06,C관(2공장),[10] 사출조립,조립49호기,28519.0,26176.0,91.78,1,43200.0,66.02
2026-02-06,C관(2공장),[10] 사출조립,조립50호기,61340.0,61144.0,99.68,1,43200.0,141.99
2026-02-06,C관(2공장),[10] 사출조립,조립51호기,11969.0,10469.0,87.47,1,43200.0,27.71
2026-02-06,C관(2공장),[10] 사출조립,조립52호기,52153.0,47732.0,91.52,1,43200.0,120.72
2026-02-06,C관(2공장),[10] 사출조립,조립53호기,13926.0,9976.0,71.64,1,43200.0,32.24
2026-02-06,C관(2공장),[10] 사출조립,조립55호기,26397.0,24552.0,93.01,1,43200.0,61.1
2026-02-06,C관(2공장),[10] 사출조립,조립57호기,24093.0,23659.0,98.2,1,43200.0,55.77
2026-02-06,C관(2공장),[10] 사출조립,조립58호기,52485.0,52420.0,99.88,1,43200.0,121.49
2026-02-06,C관(2공장),[20] 분리,분리12호기,54733.0,49592.0,90.61,1,0.0,0.0
2026-02-06,C관(2공장),[20] 분리,분리15호기,53181.0,47357.0,89.05,1,0.0,0.0
2026-02-06,C관(2공장),[20] 분리,분리16호기,43367.0,38558.0,88.91,1,61715.0,70.27
2026-02-06,C관(2공장),[20] 분리,분리17호기,27985.0,23536.0,84.1,1,61715.0,45.35
2026-02-06,C관(2공장),[20] 분리,분리18호기,29986.0,25703.0,85.72,1,61715.0,48.59
2026-02-06,C관(2공장),[20] 분리,분리19호기,48605.0,43754.0,90.02,1,61715.0,78.76
2026-02-06,C관(2공장),[20] 분리,분리20호기,49871.0,43053.0,86.33,1,61715.0,80.81
2026-02-06,C관(2공장),[20] 분리,분리21호기,46899.0,42997.0,91.68,1,61715.0,75.99
2026-02-06,C관(2공장),[20] 분리,분리22호기,38723.0,32529.0,84.0,1,61715.0,62.74
2026-02-06,C관(2공장),[20] 분리,분리23호기,33235.0,26386.0,79.39,1,61715.0,53.85
2026-02-06,C관(2공장),[20] 분리,분리24호기,48730.0,45333.0,93.03,1,61715.0,78.96
2026-02-06,C관(2공장),[20] 분리,분리25호기,51775.0,43543.0,84.1,1,61715.0,83.89
2026-02-06,C관(2공장),[20] 분리,분리26호기,44729.0,39778.0,88.93,1,54000.0,82.83
2026-02-06,C관(2공장),[20] 분리,분리27호기,44964.0,37871.0,84.23,1,54000.0,83.27
2026-02-06,C관(2공장),[20] 분리,분리28호기,36861.0,32728.0,88.79,1,54000.0,68.26
2026-02-06,C관(2공장),[20] 분리,분리29호기,46065.0,35766.0,77.64,1,54000.0,85.31
2026-02-06,C관(2공장),[20] 분리,분리30호기,46396.0,41037.0,88.45,1,54000.0,85.92
2026-02-06,C관(2공장),[20] 분리,분리31호기,53846.0,49456.0,91.85,1,54000.0,99.71
2026-02-06,C관(2공장),[20] 분리,분리32호기,47218.0,39810.0,84.31,1,54000.0,87.44
2026-02-06,C관(2공장),[20] 분리,분리33호기,39523.0,36746.0,92.97,1,54000.0,73.19
2026-02-06,C관(2공장),[20] 분리,분리34호기,50428.0,45359.0,89.95,1,54000.0,93.39
2026-02-06,C관(2공장),[20] 분리,분리35호기,48777.0,40063.0,82.14,1,54000.0,90.33
2026-02-06,C관(2공장),[20] 분리,분리36호기,51272.0,40767.0,79.51,1,54000.0,94.95
2026-02-06,C관(2공장),[20] 분리,분리37호기,45820.0,41567.0,90.72,1,54000.0,84.85
2026-02-06,C관(2공장),[20] 분리,분리43호기,49081.0,43450.0,88.53,1,54000.0,90.89
2026-02-06,C관(2공장),[45] 하이드레이션/전면검사,워터배스2-10호기,26963.0,26945.0,99.93,1,120000.0,22.47
2026-02-06,C관(2공장),[45] 하이드레이션/전면검사,워터배스2-11호기,77289.0,77200.0,99.88,1,150000.0,51.53
2026-02-06,C관(2공장),[45] 하이드레이션/전면검사,워터배스2-12호기,50996.0,50950.0,99.91,1,150000.0,34.0
2026-02-06,C관(2공장),[45] 하이드레이션/전면검사,워터배스2-13호기,77059.0,71240.0,92.45,1,150000.0,51.37
2026-02-06,C관(2공장),[45] 하이드레이션/전면검사,워터배스2-14호기,64969.0,64910.0,99.91,1,150000.0,43.31
2026-02-06,C관(2공장),[45] 하이드레이션/전면검사,워터배스2-1호기,63344.0,63290.0,99.91,1,120000.0,52.79
2026-02-06,C관(2공장),[45] 하이드레이션/전면검사,워터배스2-2호기,56779.0,56735.0,99.92,1,120000.0,47.32
2026-02-06,C관(2공장),[45] 하이드레이션/전면검사,워터배스2-3호기,58355.0,58310.0,99.92,1,120000.0,48.63
2026-02-06,C관(2공장),[45] 하이드레이션/전면검사,워터배스2-4호기,67164.0,67120.0,99.93,1,120000.0,55.97
2026-02-06,C관(2공장),[45] 하이드레이션/전면검사,워터배스2-5호기,43668.0,43630.0,99.91,1,120000.0,36.39
2026-02-06,C관(2공장),[45] 하이드레이션/전면검사,워터배스2-6호기,1424.0,1420.0,99.72,1,30000.0,4.75
2026-02-06,C관(2공장),[45] 하이드레이션/전면검사,워터배스2-7호기,46462.0,46430.0,99.93,1,120000.0,38.72
2026-02-06,C관(2공장),[45] 하이드레이션/전면검사,워터배스2-8호기,54267.0,54230.0,99.93,1,120000.0,45.22
2026-02-06,C관(2공장),[45] 하이드레이션/전면검사,워터배스2-9호기,47290.0,47260.0,99.94,1,120000.0,39.41
2026-02-06,C관(2공장),[55] 접착/ 멸균,검사32호기,31185.0,30010.0,96.23,1,0.0,0.0
2026-02-06,C관(2공장),[55] 접착/ 멸균,검사33호기,46810.0,44060.0,94.13,1,66462.0,70.43
2026-02-06,C관(2공장),[55] 접착/ 멸균,검사34호기,53245.0,52185.0,98.01,1,78546.0,67.79
2026-02-06,C관(2공장),[55] 접착/ 멸균,검사35호기,55000.0,54045.0,98.26,1,78546.0,70.02
2026-02-06,C관(2공장),[55] 접착/ 멸균,검사36호기,50215.0,48880.0,97.34,1,78546.0,63.93
2026-02-06,C관(2공장),[55] 접착/ 멸균,검사37호기,54285.0,53340.0,98.26,1,78546.0,69.11
2026-02-06,C관(2공장),[55] 접착/ 멸균,검사38호기,52720.0,51770.0,98.2,1,78546.0,67.12
2026-02-06,C관(2공장),[55] 접착/ 멸균,검사39호기,54275.0,53385.0,98.36,1,78546.0,69.1
2026-02-06,C관(2공장),[55] 접착/ 멸균,검사40호기,48985.0,48130.0,98.25,1,78546.0,62.36
2026-02-06,C관(2공장),[55] 접착/ 멸균,검사41호기,50895.0,49825.0,97.9,1,78546.0,64.8
2026-02-06,C관(2공장),[55] 접착/ 멸균,검사42호기,53350.0,52060.0,97.58,1,78546.0,67.92
2026-02-06,C관(2공장),[55] 접착/ 멸균,검사43호기,54820.0,53705.0,97.97,1,78546.0,69.79
2026-02-06,C관(2공장),[55] 접착/ 멸균,검사44호기,44795.0,43925.0,98.06,1,78546.0,57.03
2026-02-06,C관(2공장),[55] 접착/ 멸균,검사45호기,44775.0,43325.0,96.76,1,78546.0,57.0
2026-02-06,C관(2공장),[55] 접착/ 멸균,검사46호기,53645.0,52940.0,98.69,1,78546.0,68.3
2026-02-06,C관(2공장),[55] 접착/ 멸균,검사47호기,57930.0,56860.0,98.15,1,78546.0,73.75
2026-02-06,C관(2공장),[55] 접착/ 멸균,검사48호기,51635.0,50945.0,98.66,1,78546.0,65.74
2026-02-06,C관(2공장),[80] 누수/규격검사,누수/규격검사(2공장),787017.0,781020.0,99.24,1,720000.0,109.31
2026-02-06,S관(3공장),[00] 배합,A형 인라인1호기 - 접착,4000.0,4000.0,100.0,1,0.0,0.0
2026-02-06,S관(3공장),[00] 배합,A형 인라인5호기 - 접착,1000.0,1000.0,100.0,1,0.0,0.0
2026-02-06,S관(3공장),[00] 배합,B형 조립중합6호기,5940.0,5940.0,100.0,1,0.0,0.0
2026-02-06,S관(3공장),[00] 배합,C형 조립중합2호기,5940.0,5940.0,100.0,1,0.0,0.0
2026-02-06,S관(3공장),[10] 사출조립,A형 인라인1호기 - 접착,40473.0,40473.0,100.0,1,0.0,0.0
2026-02-06,S관(3공장),[10] 사출조립,A형 인라인2호기 - 접착,43870.0,43870.0,100.0,1,0.0,0.0
2026-02-06,S관(3공장),[10] 사출조립,A형 인라인3호기 - 접착,44084.0,44084.0,100.0,1,0.0,0.0
2026-02-06,S관(3공장),[10] 사출조립,A형 인라인5호기 - 접착,16354.0,16354.0,100.0,1,0.0,0.0
2026-02-06,S관(3공장),[10] 사출조립,B형 조립중합6호기,16544.0,12275.0,74.2,1,76800.0,21.54
2026-02-06,S관(3공장),[10] 사출조립,C형 조립중합2호기,24632.0,21862.0,88.75,1,0.0,0.0
2026-02-06,S관(3공장),[10] 사출조립,C형 조립중합5호기,16864.0,14841.0,88.0,1,0.0,0.0
2026-02-06,S관(3공장),[20] 분리,A형 인라인1호기 - 접착,61815.0,56659.0,91.66,1,0.0,0.0
2026-02-06,S관(3공장),[20] 분리,A형 인라인2호기 - 접착,39621.0,35686.0,90.07,1,0.0,0.0
2026-02-06,S관(3공장),[20] 분리,A형 인라인3호기 - 접착,15216.0,14024.0,92.17,1,0.0,0.0
2026-02-06,S관(3공장),[20] 분리,B형 분리3호기,25946.0,20749.0,79.97,1,0.0,0.0
2026-02-06,S관(3공장),[20] 분리,B형 분리4호기,26598.0,21624.0,81.3,1,0.0,0.0
2026-02-06,S관(3공장),[20] 분리,B형 분리5호기,16954.0,13614.0,80.3,1,0.0,0.0
2026-02-06,S관(3공장),[20] 분리,B형 분리6호기,19678.0,15903.0,80.82,1,0.0,0.0
2026-02-06,S관(3공장),[20] 분리,B형 분리7호기,19976.0,14745.0,73.81,1,0.0,0.0
2026-02-06,S관(3공장),[20] 분리,B형 분리8호기,20998.0,16088.0,76.62,1,0.0,0.0
2026-02-06,S관(3공장),[20] 분리,CAM분리1호기,14434.0,12330.0,85.42,1,39273.0,36.75
2026-02-06,S관(3공장),[20] 분리,CAM분리2호기,10865.0,8864.0,81.58,1,39273.0,27.67
2026-02-06,S관(3공장),[20] 분리,CAM분리3호기,12852.0,11937.0,92.88,1,39273.0,32.72
2026-02-06,S관(3공장),[20] 분리,CAM분리4호기,6387.0,4294.0,67.23,1,39273.0,16.26
2026-02-06,S관(3공장),[45] 하이드레이션/전면검사,A형 인라인2호기 - 접착,35390.0,35346.0,99.88,1,0.0,0.0
2026-02-06,S관(3공장),[45] 하이드레이션/전면검사,B형 분리3호기,7341.0,7340.0,99.99,1,0.0,0.0
2026-02-06,S관(3공장),[45] 하이드레이션/전면검사,B형 분리4호기,16696.0,16685.0,99.93,1,0.0,0.0
2026-02-06,S관(3공장),[45] 하이드레이션/전면검사,B형 분리5호기,25035.0,25011.0,99.9,1,0.0,0.0
2026-02-06,S관(3공장),[45] 하이드레이션/전면검사,S관 실리콘 자동수화기,166057.0,165197.0,99.48,1,240000.0,69.19
2026-02-06,S관(3공장),[55] 접착/ 멸균,A형 인라인1호기 - 접착,39881.0,38910.0,97.57,1,0.0,0.0
2026-02-06,S관(3공장),[55] 접착/ 멸균,A형 인라인2호기 - 접착,27777.0,26960.0,97.06,1,0.0,0.0
2026-02-06,S관(3공장),[55] 접착/ 멸균,A형 인라인3호기 - 접착,36892.0,36270.0,98.31,1,0.0,0.0
2026-02-06,S관(3공장),[55] 접착/ 멸균,A형 인라인4호기 - 접착,35387.0,32320.0,91.33,1,0.0,0.0
2026-02-06,S관(3공장),[55] 접착/ 멸균,A형 인라인5호기 - 접착,30433.0,29615.0,97.31,1,0.0,0.0
2026-02-06,S관(3공장),[55] 접착/ 멸균,A형 인라인6호기 - 접착,42997.0,42190.0,98.12,1,0.0,0.0
2026-02-06,S관(3공장),[80] 누수/규격검사,누수/규격검사(3공장),211925.0,209185.0,98.71,1,100645.0,210.57
2026-02-07,A관(1공장),[00] 배합,조립1호기,5215.95,5215.95,100.0,1,0.0,0.0
2026-02-07,A관(1공장),[00] 배합,조립2호기,7262.93,7262.93,100.0,1,0.0,0.0
2026-02-07,A관(1공장),[00] 배합,조립32호기,15000.0,15000.0,100.0,1,0.0,0.0
2026-02-07,A관(1공장),[00] 배합,조립7호기,3000.0,3000.0,100.0,1,0.0,0.0
2026-02-07,A관(1공장),[00] 배합,조립8호기,2968.42,2968.42,100.0,1,0.0,0.0
2026-02-07,A관(1공장),[10] 사출조립,조립1호기,16220.0,16220.0,100.0,1,43200.0,37.55
2026-02-07,A관(1공장),[10] 사출조립,조립30호기,88675.0,88675.0,100.0,1,86400.0,102.63
2026-02-07,A관(1공장),[10] 사출조립,조립31호기,52903.0,52903.0,100.0,1,86400.0,61.23
2026-02-07,A관(1공장),[10] 사출조립,조립32호기,53205.0,48623.0,91.39,1,86400.0,61.58
2026-02-07,A관(1공장),[10] 사출조립,조립3호기,36358.0,36358.0,100.0,1,43200.0,84.16
2026-02-07,A관(1공장),[10] 사출조립,조립4호기,37920.0,36487.0,96.22,1,43200.0,87.78
2026-02-07,A관(1공장),[10] 사출조립,조립8호기,32484.0,32264.0,99.32,1,43200.0,75.19
2026-02-07,A관(1공장),[20] 분리,분리10호기,13041.0,10955.0,84.0,1,17280.0,75.47
2026-02-07,A관(1공장),[20] 분리,분리11호기,14691.0,12645.0,86.07,1,17280.0,85.02
2026-02-07,A관(1공장),[20] 분리,분리14호기,33463.0,28436.0,84.98,1,54000.0,61.97
2026-02-07,A관(1공장),[20] 분리,분리3호기,9668.0,6507.0,67.3,1,17280.0,55.95
2026-02-07,A관(1공장),[20] 분리,분리4호기,16424.0,13330.0,81.16,1,17280.0,95.05
2026-02-07,A관(1공장),[45] 하이드레이션/전면검사,1공장 실리콘수화기,17386.0,17386.0,100.0,1,0.0,0.0
2026-02-07,A관(1공장),[45] 하이드레이션/전면검사,워터배스1-2호기,9071.0,9071.0,100.0,1,30000.0,30.24
2026-02-07,A관(1공장),[45] 하이드레이션/전면검사,워터배스1-3호기,804.0,804.0,100.0,1,30000.0,2.68
2026-02-07,A관(1공장),[45] 하이드레이션/전면검사,워터배스1-4호기,9954.0,9954.0,100.0,1,30000.0,33.18
2026-02-07,A관(1공장),[45] 하이드레이션/전면검사,워터배스1-5호기,33936.0,33936.0,100.0,1,150000.0,22.62
2026-02-07,A관(1공장),[45] 하이드레이션/전면검사,워터배스1-6호기,12698.0,12698.0,100.0,1,150000.0,8.47
2026-02-07,A관(1공장),[55] 접착/ 멸균,검사10호기,2225.0,1776.0,79.82,1,13293.0,16.74
2026-02-07,A관(1공장),[55] 접착/ 멸균,검사11호기,9605.0,8709.0,90.67,1,13293.0,72.26
2026-02-07,A관(1공장),[55] 접착/ 멸균,검사14호기,4091.0,3858.0,94.3,1,13293.0,30.78
2026-02-07,A관(1공장),[55] 접착/ 멸균,검사16호기,10589.0,9470.0,89.43,1,13293.0,79.66
2026-02-07,A관(1공장),[55] 접착/ 멸균,검사18호기,5032.0,4201.0,83.49,1,13293.0,37.85
2026-02-07,A관(1공장),[55] 접착/ 멸균,검사19호기,12633.0,11284.0,89.32,1,13293.0,95.03
2026-02-07,A관(1공장),[55] 접착/ 멸균,검사20호기,8264.0,7749.0,93.77,1,13293.0,62.17
2026-02-07,A관(1공장),[55] 접착/ 멸균,검사21호기,12103.0,10160.0,83.95,1,13293.0,91.05
2026-02-07,A관(1공장),[55] 접착/ 멸균,검사22호기,6857.0,6710.0,97.86,1,13293.0,51.58
2026-02-07,A관(1공장),[55] 접착/ 멸균,검사6호기,11997.0,10766.0,89.74,1,13293.0,90.25
2026-02-07,A관(1공장),[55] 접착/ 멸균,검사7호기,10026.0,8962.0,89.39,1,13293.0,75.42
2026-02-07,A관(1공장),[55] 접착/ 멸균,검사8호기,4399.0,2940.0,66.83,1,13293.0,33.09
2026-02-07,A관(1공장),[55] 접착/ 멸균,바이알캡핑기,2886.0,2373.0,82.22,1,0.0,0.0
2026-02-07,A관(1공장),[80] 누수/규격검사,누수/규격검사(1공장),81746.0,79463.0,97.21,1,112902.0,72.4
2026-02-07,C관(2공장),[00] 배합,조립20호기,20366.0,20366.0,100.0,1,0.0,0.0
2026-02-07,C관(2공장),[00] 배합,조립25호기,19715.92,19715.92,100.0,1,0.0,0.0
2026-02-07,C관(2공장),[00] 배합,조립51호기,20366.0,20365.87,100.0,1,0.0,0.0
2026-02-07,C관(2공장),[00] 배합,조립58호기,20366.0,20366.0,100.0,1,0.0,0.0
2026-02-07,C관(2공장),[00] 배합,조립59호기,20366.0,20366.0,100.0,1,0.0,0.0
2026-02-07,C관(2공장),[10] 사출조립,조립10호기,43359.0,40070.0,92.41,1,43200.0,100.37
2026-02-07,C관(2공장),[10] 사출조립,조립11호기,26470.0,21862.0,82.59,1,43200.0,61.27
2026-02-07,C관(2공장),[10] 사출조립,조립12호기,27768.0,26940.0,97.02,1,0.0,0.0
2026-02-07,C관(2공장),[10] 사출조립,조립13호기,27007.0,26254.0,97.21,1,0.0,0.0
2026-02-07,C관(2공장),[10] 사출조립,조립14호기,31349.0,27925.0,89.08,1,43200.0,72.57
2026-02-07,C관(2공장),[10] 사출조립,조립15호기,58635.0,58573.0,99.89,1,43200.0,135.73
2026-02-07,C관(2공장),[10] 사출조립,조립16호기,27821.0,27726.0,99.66,1,43200.0,64.4
2026-02-07,C관(2공장),[10] 사출조립,조립17호기,27671.0,26171.0,94.58,1,43200.0,64.05
2026-02-07,C관(2공장),[10] 사출조립,조립22호기,32499.0,31295.0,96.3,1,43200.0,75.23
2026-02-07,C관(2공장),[10] 사출조립,조립24호기,32424.0,28448.0,87.74,1,43200.0,75.06
2026-02-07,C관(2공장),[10] 사출조립,조립25호기,41736.0,37572.0,90.02,1,43200.0,96.61
2026-02-07,C관(2공장),[10] 사출조립,조립26호기,31830.0,31822.0,99.97,1,43200.0,73.68
2026-02-07,C관(2공장),[10] 사출조립,조립27호기,21212.0,18868.0,88.95,1,43200.0,49.1
2026-02-07,C관(2공장),[10] 사출조립,조립40호기,28128.0,23291.0,82.8,1,43200.0,65.11
2026-02-07,C관(2공장),[10] 사출조립,조립44호기,18990.0,14679.0,77.3,1,43200.0,43.96
2026-02-07,C관(2공장),[10] 사출조립,조립47호기,25320.0,25285.0,99.86,1,43200.0,58.61
2026-02-07,C관(2공장),[10] 사출조립,조립48호기,30333.0,30224.0,99.64,1,43200.0,70.22
2026-02-07,C관(2공장),[10] 사출조립,조립49호기,53803.0,52730.0,98.01,1,43200.0,124.54
2026-02-07,C관(2공장),[10] 사출조립,조립50호기,31651.0,30864.0,97.51,1,43200.0,73.27
2026-02-07,C관(2공장),[10] 사출조립,조립51호기,55783.0,55211.0,98.97,1,43200.0,129.13
2026-02-07,C관(2공장),[10] 사출조립,조립52호기,27719.0,27687.0,99.88,1,43200.0,64.16
2026-02-07,C관(2공장),[10] 사출조립,조립55호기,16357.0,14678.0,89.74,1,43200.0,37.86
2026-02-07,C관(2공장),[10] 사출조립,조립56호기,33993.0,31843.0,93.68,1,43200.0,78.69
2026-02-07,C관(2공장),[10] 사출조립,조립58호기,26527.0,26479.0,99.82,1,43200.0,61.41
2026-02-07,C관(2공장),[10] 사출조립,조립59호기,58624.0,54093.0,92.27,1,43200.0,135.7
2026-02-07,C관(2공장),[20] 분리,분리12호기,33965.0,30257.0,89.08,1,0.0,0.0
2026-02-07,C관(2공장),[20] 분리,분리15호기,25593.0,23360.0,91.27,1,0.0,0.0
2026-02-07,C관(2공장),[20] 분리,분리16호기,36680.0,32620.0,88.93,1,61715.0,59.43
2026-02-07,C관(2공장),[20] 분리,분리17호기,26557.0,23251.0,87.55,1,61715.0,43.03
2026-02-07,C관(2공장),[20] 분리,분리18호기,44260.0,38562.0,87.13,1,61715.0,71.72
2026-02-07,C관(2공장),[20] 분리,분리19호기,31485.0,28451.0,90.36,1,61715.0,51.02
2026-02-07,C관(2공장),[20] 분리,분리20호기,28146.0,21420.0,76.1,1,61715.0,45.61
2026-02-07,C관(2공장),[20] 분리,분리21호기,34569.0,30988.0,89.64,1,61715.0,56.01
2026-02-07,C관(2공장),[20] 분리,분리22호기,45720.0,37041.0,81.02,1,61715.0,74.08
2026-02-07,C관(2공장),[20] 분리,분리23호기,48272.0,39787.0,82.42,1,61715.0,78.22
2026-02-07,C관(2공장),[20] 분리,분리24호기,31813.0,28567.0,89.8,1,61715.0,51.55
2026-02-07,C관(2공장),[20] 분리,분리25호기,41162.0,32762.0,79.59,1,61715.0,66.7
2026-02-07,C관(2공장),[20] 분리,분리26호기,36972.0,31965.0,86.46,1,54000.0,68.47
2026-02-07,C관(2공장),[20] 분리,분리27호기,32615.0,26242.0,80.46,1,54000.0,60.4
2026-02-07,C관(2공장),[20] 분리,분리28호기,27417.0,22886.0,83.47,1,54000.0,50.77
2026-02-07,C관(2공장),[20] 분리,분리29호기,4189.0,3820.0,91.19,1,54000.0,7.76
2026-02-07,C관(2공장),[20] 분리,분리30호기,5355.0,4897.0,91.45,1,54000.0,9.92
2026-02-07,C관(2공장),[20] 분리,분리31호기,45906.0,42132.0,91.78,1,54000.0,85.01
2026-02-07,C관(2공장),[20] 분리,분리32호기,24552.0,20745.0,84.49,1,54000.0,45.47
2026-02-07,C관(2공장),[20] 분리,분리33호기,30281.0,28055.0,92.65,1,54000.0,56.08
2026-02-07,C관(2공장),[20] 분리,분리34호기,51670.0,43482.0,84.15,1,54000.0,95.69
2026-02-07,C관(2공장),[20] 분리,분리35호기,47070.0,35658.0,75.76,1,54000.0,87.17
2026-02-07,C관(2공장),[20] 분리,분리36호기,57311.0,49127.0,85.72,1,54000.0,106.13
2026-02-07,C관(2공장),[20] 분리,분리37호기,25142.0,21444.0,85.29,1,54000.0,46.56
2026-02-07,C관(2공장),[20] 분리,분리43호기,45454.0,39794.0,87.55,1,54000.0,84.17
2026-02-07,C관(2공장),[45] 하이드레이션/전면검사,워터배스2-10호기,64788.0,64715.0,99.89,1,120000.0,53.99
2026-02-07,C관(2공장),[45] 하이드레이션/전면검사,워터배스2-11호기,75603.0,75515.0,99.88,1,150000.0,50.4
2026-02-07,C관(2공장),[45] 하이드레이션/전면검사,워터배스2-12호기,22214.0,22150.0,99.71,1,150000.0,14.81
2026-02-07,C관(2공장),[45] 하이드레이션/전면검사,워터배스2-13호기,52320.0,52265.0,99.89,1,150000.0,34.88
2026-02-07,C관(2공장),[45] 하이드레이션/전면검사,워터배스2-14호기,52271.0,51700.0,98.91,1,150000.0,34.85
2026-02-07,C관(2공장),[45] 하이드레이션/전면검사,워터배스2-1호기,58256.0,58200.0,99.9,1,120000.0,48.55
2026-02-07,C관(2공장),[45] 하이드레이션/전면검사,워터배스2-2호기,52291.0,52245.0,99.91,1,120000.0,43.58
2026-02-07,C관(2공장),[45] 하이드레이션/전면검사,워터배스2-3호기,72069.0,72015.0,99.93,1,120000.0,60.06
2026-02-07,C관(2공장),[45] 하이드레이션/전면검사,워터배스2-4호기,56974.0,56920.0,99.91,1,120000.0,47.48
2026-02-07,C관(2공장),[45] 하이드레이션/전면검사,워터배스2-5호기,62734.0,62650.0,99.87,1,120000.0,52.28
2026-02-07,C관(2공장),[45] 하이드레이션/전면검사,워터배스2-6호기,8304.0,4160.0,50.1,1,30000.0,27.68
2026-02-07,C관(2공장),[45] 하이드레이션/전면검사,워터배스2-7호기,60384.0,60325.0,99.9,1,120000.0,50.32
2026-02-07,C관(2공장),[45] 하이드레이션/전면검사,워터배스2-8호기,50544.0,49100.0,97.14,1,120000.0,42.12
2026-02-07,C관(2공장),[45] 하이드레이션/전면검사,워터배스2-9호기,63816.0,63765.0,99.92,1,120000.0,53.18
2026-02-07,C관(2공장),[55] 접착/ 멸균,검사32호기,34085.0,33055.0,96.98,1,0.0,0.0
2026-02-07,C관(2공장),[55] 접착/ 멸균,검사33호기,43930.0,42975.0,97.83,1,66462.0,66.1
2026-02-07,C관(2공장),[55] 접착/ 멸균,검사34호기,47140.0,45965.0,97.51,1,78546.0,60.02
2026-02-07,C관(2공장),[55] 접착/ 멸균,검사35호기,53190.0,52110.0,97.97,1,78546.0,67.72
2026-02-07,C관(2공장),[55] 접착/ 멸균,검사36호기,53645.0,52840.0,98.5,1,78546.0,68.3
2026-02-07,C관(2공장),[55] 접착/ 멸균,검사37호기,54670.0,53800.0,98.41,1,78546.0,69.6
2026-02-07,C관(2공장),[55] 접착/ 멸균,검사38호기,54675.0,53670.0,98.16,1,78546.0,69.61
2026-02-07,C관(2공장),[55] 접착/ 멸균,검사39호기,53470.0,52695.0,98.55,1,78546.0,68.07
2026-02-07,C관(2공장),[55] 접착/ 멸균,검사40호기,47260.0,46365.0,98.11,1,78546.0,60.17
2026-02-07,C관(2공장),[55] 접착/ 멸균,검사41호기,51270.0,49675.0,96.89,1,78546.0,65.27
2026-02-07,C관(2공장),[55] 접착/ 멸균,검사42호기,53870.0,52775.0,97.97,1,78546.0,68.58
2026-02-07,C관(2공장),[55] 접착/ 멸균,검사43호기,49865.0,49185.0,98.64,1,78546.0,63.49
2026-02-07,C관(2공장),[55] 접착/ 멸균,검사44호기,43010.0,42270.0,98.28,1,78546.0,54.76
2026-02-07,C관(2공장),[55] 접착/ 멸균,검사45호기,45215.0,44425.0,98.25,1,78546.0,57.56
2026-02-07,C관(2공장),[55] 접착/ 멸균,검사46호기,51220.0,48830.0,95.33,1,78546.0,65.21
2026-02-07,C관(2공장),[55] 접착/ 멸균,검사47호기,33810.0,33270.0,98.4,1,78546.0,43.04
2026-02-07,C관(2공장),[55] 접착/ 멸균,검사48호기,47725.0,47055.0,98.6,1,78546.0,60.76
2026-02-07,C관(2공장),[80] 누수/규격검사,누수/규격검사(2공장),851285.0,845625.0,99.34,1,720000.0,118.23
2026-02-07,S관(3공장),[00] 배합,A형 인라인3호기 - 접착,5999.0,5999.0,100.0,1,0.0,0.0
2026-02-07,S관(3공장),[00] 배합,A형 인라인5호기 - 접착,4000.0,4000.0,100.0,1,0.0,0.0
2026-02-07,S관(3공장),[00] 배합,B형 조립중합6호기,5940.0,5940.0,100.0,1,0.0,0.0
2026-02-07,S관(3공장),[00] 배합,C형 조립중합3호기,3058.0,3058.0,100.0,1,0.0,0.0
2026-02-07,S관(3공장),[00] 배합,C형 조립중합5호기,9900.0,9900.0,100.0,1,0.0,0.0
2026-02-07,S관(3공장),[10] 사출조립,A형 인라인1호기 - 접착,42883.0,42883.0,100.0,1,0.0,0.0
2026-02-07,S관(3공장),[10] 사출조립,A형 인라인2호기 - 접착,43074.0,43074.0,100.0,1,0.0,0.0
2026-02-07,S관(3공장),[10] 사출조립,A형 인라인5호기 - 접착,18380.0,18380.0,100.0,1,0.0,0.0
2026-02-07,S관(3공장),[10] 사출조립,B형 조립중합6호기,47912.0,39550.0,82.55,1,76800.0,62.39
2026-02-07,S관(3공장),[10] 사출조립,B형 조립중합8호기,16216.0,13171.0,81.22,1,0.0,0.0
2026-02-07,S관(3공장),[10] 사출조립,C형 조립중합2호기,25768.0,22040.0,85.53,1,0.0,0.0
2026-02-07,S관(3공장),[10] 사출조립,C형 조립중합5호기,48744.0,42598.0,87.39,1,0.0,0.0
2026-02-07,S관(3공장),[20] 분리,A형 인라인1호기 - 접착,30414.0,28422.0,93.45,1,0.0,0.0
2026-02-07,S관(3공장),[20] 분리,A형 인라인2호기 - 접착,29107.0,27160.0,93.31,1,0.0,0.0
2026-02-07,S관(3공장),[20] 분리,B형 분리4호기,10487.0,9364.0,89.29,1,0.0,0.0
2026-02-07,S관(3공장),[20] 분리,B형 분리5호기,9028.0,7371.0,81.65,1,0.0,0.0
2026-02-07,S관(3공장),[20] 분리,B형 분리6호기,19965.0,16016.0,80.22,1,0.0,0.0
2026-02-07,S관(3공장),[20] 분리,B형 분리7호기,18443.0,14461.0,78.41,1,0.0,0.0
2026-02-07,S관(3공장),[20] 분리,B형 분리8호기,21477.0,17690.0,82.37,1,0.0,0.0
2026-02-07,S관(3공장),[20] 분리,CAM분리2호기,22041.0,15569.0,70.64,1,39273.0,56.12
2026-02-07,S관(3공장),[20] 분리,CAM분리3호기,5840.0,4608.0,78.9,1,39273.0,14.87
2026-02-07,S관(3공장),[20] 분리,CAM분리4호기,12637.0,9493.0,75.12,1,39273.0,32.18
2026-02-07,S관(3공장),[45] 하이드레이션/전면검사,A형 인라인2호기 - 접착,20100.0,20081.0,99.91,1,0.0,0.0
2026-02-07,S관(3공장),[45] 하이드레이션/전면검사,B형 분리3호기,7806.0,7776.0,99.62,1,0.0,0.0
2026-02-07,S관(3공장),[45] 하이드레이션/전면검사,B형 분리4호기,13121.0,13101.0,99.85,1,0.0,0.0
2026-02-07,S관(3공장),[45] 하이드레이션/전면검사,B형 분리5호기,22103.0,22041.0,99.72,1,0.0,0.0
2026-02-07,S관(3공장),[45] 하이드레이션/전면검사,S관 실리콘 자동수화기,183231.0,182500.0,99.6,1,240000.0,76.35
2026-02-07,S관(3공장),[55] 접착/ 멸균,A형 인라인1호기 - 접착,36115.0,35165.0,97.37,1,0.0,0.0
2026-02-07,S관(3공장),[55] 접착/ 멸균,A형 인라인2호기 - 접착,34014.0,33170.0,97.52,1,0.0,0.0
2026-02-07,S관(3공장),[55] 접착/ 멸균,A형 인라인3호기 - 접착,36637.0,35660.0,97.33,1,0.0,0.0
2026-02-07,S관(3공장),[55] 접착/ 멸균,A형 인라인4호기 - 접착,43042.0,41585.0,96.61,1,0.0,0.0
2026-02-07,S관(3공장),[55] 접착/ 멸균,A형 인라인5호기 - 접착,29440.0,28120.0,95.52,1,0.0,0.0
2026-02-07,S관(3공장),[55] 접착/ 멸균,A형 인라인6호기 - 접착,40407.0,39120.0,96.81,1,0.0,0.0
2026-02-07,S관(3공장),[80] 누수/규격검사,누수/규격검사(3공장),182225.0,181810.0,99.77,1,100645.0,181.06
2026-02-08,A관(1공장),[10] 사출조립,조립1호기,40440.0,37621.0,93.03,1,43200.0,93.61
2026-02-08,A관(1공장),[10] 사출조립,조립30호기,50031.0,48942.0,97.82,1,86400.0,57.91
2026-02-08,A관(1공장),[10] 사출조립,조립31호기,105808.0,102629.0,97.0,1,86400.0,122.46
2026-02-08,A관(1공장),[10] 사출조립,조립32호기,51607.0,50994.0,98.81,1,86400.0,59.73
2026-02-08,A관(1공장),[10] 사출조립,조립3호기,37081.0,36628.0,98.78,1,43200.0,85.84
2026-02-08,A관(1공장),[10] 사출조립,조립4호기,31718.0,31180.0,98.3,1,43200.0,73.42
2026-02-08,A관(1공장),[10] 사출조립,조립8호기,35739.0,35317.0,98.82,1,43200.0,82.73
2026-02-08,A관(1공장),[20] 분리,분리10호기,14016.0,12333.0,87.99,1,17280.0,81.11
2026-02-08,A관(1공장),[20] 분리,분리11호기,17806.0,14134.0,79.38,1,17280.0,103.04
2026-02-08,A관(1공장),[20] 분리,분리14호기,35645.0,30444.0,85.41,1,54000.0,66.01
2026-02-08,A관(1공장),[20] 분리,분리3호기,14318.0,11060.0,77.25,1,17280.0,82.86
2026-02-08,A관(1공장),[20] 분리,분리4호기,17841.0,14776.0,82.82,1,17280.0,103.25
2026-02-08,A관(1공장),[45] 하이드레이션/전면검사,1공장 실리콘수화기,37464.0,37464.0,100.0,1,0.0,0.0
2026-02-08,A관(1공장),[45] 하이드레이션/전면검사,워터배스1-2호기,10795.0,10795.0,100.0,1,30000.0,35.98
2026-02-08,A관(1공장),[45] 하이드레이션/전면검사,워터배스1-3호기,5139.0,5139.0,100.0,1,30000.0,17.13
2026-02-08,A관(1공장),[45] 하이드레이션/전면검사,워터배스1-4호기,4244.0,4244.0,100.0,1,30000.0,14.15
2026-02-08,A관(1공장),[45] 하이드레이션/전면검사,워터배스1-5호기,15789.0,15789.0,100.0,1,150000.0,10.53
2026-02-08,A관(1공장),[55] 접착/ 멸균,검사10호기,3748.0,3188.0,85.06,1,13293.0,28.2
2026-02-08,A관(1공장),[55] 접착/ 멸균,검사11호기,9106.0,8446.0,92.75,1,13293.0,68.5
2026-02-08,A관(1공장),[55] 접착/ 멸균,검사16호기,10603.0,9138.0,86.18,1,13293.0,79.76
2026-02-08,A관(1공장),[55] 접착/ 멸균,검사18호기,4456.0,3447.0,77.36,1,13293.0,33.52
2026-02-08,A관(1공장),[55] 접착/ 멸균,검사19호기,9989.0,9178.0,91.88,1,13293.0,75.14
2026-02-08,A관(1공장),[55] 접착/ 멸균,검사20호기,7249.0,5898.0,81.36,1,13293.0,54.53
2026-02-08,A관(1공장),[55] 접착/ 멸균,검사21호기,11305.0,10332.0,91.39,1,13293.0,85.04
2026-02-08,A관(1공장),[55] 접착/ 멸균,검사22호기,6155.0,5889.0,95.68,1,13293.0,46.3
2026-02-08,A관(1공장),[55] 접착/ 멸균,검사6호기,10970.0,9550.0,87.06,1,13293.0,82.52
2026-02-08,A관(1공장),[55] 접착/ 멸균,검사7호기,9693.0,8996.0,92.81,1,13293.0,72.92
2026-02-08,A관(1공장),[55] 접착/ 멸균,검사8호기,4949.0,2940.0,59.41,1,13293.0,37.23
2026-02-08,A관(1공장),[55] 접착/ 멸균,바이알캡핑기,2485.0,2218.0,89.26,1,0.0,0.0
2026-02-08,A관(1공장),[80] 누수/규격검사,누수/규격검사(1공장),70638.0,68691.0,97.24,1,112902.0,62.57
2026-02-08,C관(2공장),[10] 사출조립,조립10호기,31889.0,29216.0,91.62,1,43200.0,73.82
2026-02-08,C관(2공장),[10] 사출조립,조립11호기,18759.0,18734.0,99.87,1,43200.0,43.42
2026-02-08,C관(2공장),[10] 사출조립,조립12호기,61255.0,59567.0,97.24,1,0.0,0.0
2026-02-08,C관(2공장),[10] 사출조립,조립13호기,53829.0,51485.0,95.65,1,0.0,0.0
2026-02-08,C관(2공장),[10] 사출조립,조립14호기,27453.0,25160.0,91.65,1,43200.0,63.55
2026-02-08,C관(2공장),[10] 사출조립,조립15호기,30291.0,27414.0,90.5,1,43200.0,70.12
2026-02-08,C관(2공장),[10] 사출조립,조립16호기,27286.0,26948.0,98.76,1,43200.0,63.16
2026-02-08,C관(2공장),[10] 사출조립,조립17호기,44717.0,41462.0,92.72,1,43200.0,103.51
2026-02-08,C관(2공장),[10] 사출조립,조립20호기,28371.0,25538.0,90.01,1,43200.0,65.67
2026-02-08,C관(2공장),[10] 사출조립,조립22호기,50945.0,48063.0,94.34,1,43200.0,117.93
2026-02-08,C관(2공장),[10] 사출조립,조립24호기,28379.0,25531.0,89.96,1,43200.0,65.69
2026-02-08,C관(2공장),[10] 사출조립,조립25호기,29467.0,26644.0,90.42,1,43200.0,68.21
2026-02-08,C관(2공장),[10] 사출조립,조립26호기,25497.0,23880.0,93.66,1,43200.0,59.02
2026-02-08,C관(2공장),[10] 사출조립,조립40호기,26315.0,25275.0,96.05,1,43200.0,60.91
2026-02-08,C관(2공장),[10] 사출조립,조립45호기,41149.0,33347.0,81.04,1,43200.0,95.25
2026-02-08,C관(2공장),[10] 사출조립,조립46호기,41947.0,39841.0,94.98,1,43200.0,97.1
2026-02-08,C관(2공장),[10] 사출조립,조립47호기,64443.0,62939.0,97.67,1,43200.0,149.17
2026-02-08,C관(2공장),[10] 사출조립,조립48호기,30231.0,29004.0,95.94,1,43200.0,69.98
2026-02-08,C관(2공장),[10] 사출조립,조립49호기,24467.0,23137.0,94.56,1,43200.0,56.64
2026-02-08,C관(2공장),[10] 사출조립,조립50호기,49251.0,45609.0,92.61,1,43200.0,114.01
2026-02-08,C관(2공장),[10] 사출조립,조립51호기,47685.0,46597.0,97.72,1,43200.0,110.38
2026-02-08,C관(2공장),[10] 사출조립,조립52호기,29999.0,28476.0,94.92,1,43200.0,69.44
2026-02-08,C관(2공장),[10] 사출조립,조립54호기,26665.0,25781.0,96.68,1,43200.0,61.72
2026-02-08,C관(2공장),[10] 사출조립,조립55호기,25970.0,25542.0,98.35,1,43200.0,60.12
2026-02-08,C관(2공장),[10] 사출조립,조립56호기,25743.0,23672.0,91.96,1,43200.0,59.59
2026-02-08,C관(2공장),[10] 사출조립,조립58호기,30706.0,29840.0,97.18,1,43200.0,71.08
2026-02-08,C관(2공장),[10] 사출조립,조립59호기,52452.0,50881.0,97.0,1,43200.0,121.42
2026-02-08,C관(2공장),[20] 분리,분리12호기,25460.0,22713.0,89.21,1,0.0,0.0
2026-02-08,C관(2공장),[20] 분리,분리15호기,11979.0,10852.0,90.59,1,0.0,0.0
2026-02-08,C관(2공장),[20] 분리,분리16호기,18714.0,16696.0,89.22,1,61715.0,30.32
2026-02-08,C관(2공장),[20] 분리,분리17호기,34266.0,28990.0,84.6,1,61715.0,55.52
2026-02-08,C관(2공장),[20] 분리,분리18호기,49500.0,44133.0,89.16,1,61715.0,80.21
2026-02-08,C관(2공장),[20] 분리,분리20호기,12745.0,11038.0,86.61,1,61715.0,20.65
2026-02-08,C관(2공장),[20] 분리,분리21호기,46299.0,42101.0,90.93,1,61715.0,75.02
2026-02-08,C관(2공장),[20] 분리,분리22호기,47143.0,40625.0,86.17,1,61715.0,76.39
2026-02-08,C관(2공장),[20] 분리,분리23호기,49477.0,40406.0,81.67,1,61715.0,80.17
2026-02-08,C관(2공장),[20] 분리,분리24호기,18868.0,17113.0,90.7,1,61715.0,30.57
2026-02-08,C관(2공장),[20] 분리,분리25호기,54402.0,44955.0,82.63,1,61715.0,88.15
2026-02-08,C관(2공장),[20] 분리,분리26호기,34288.0,29595.0,86.31,1,54000.0,63.5
2026-02-08,C관(2공장),[20] 분리,분리27호기,46014.0,39553.0,85.96,1,54000.0,85.21
2026-02-08,C관(2공장),[20] 분리,분리28호기,27925.0,23814.0,85.28,1,54000.0,51.71
2026-02-08,C관(2공장),[20] 분리,분리29호기,11636.0,9907.0,85.14,1,54000.0,21.55
2026-02-08,C관(2공장),[20] 분리,분리30호기,47978.0,45201.0,94.21,1,54000.0,88.85
2026-02-08,C관(2공장),[20] 분리,분리31호기,40929.0,36481.0,89.13,1,54000.0,75.79
2026-02-08,C관(2공장),[20] 분리,분리32호기,29357.0,22638.0,77.11,1,54000.0,54.36
2026-02-08,C관(2공장),[20] 분리,분리33호기,25285.0,23829.0,94.24,1,54000.0,46.82
2026-02-08,C관(2공장),[20] 분리,분리34호기,3818.0,3503.0,91.75,1,54000.0,7.07
2026-02-08,C관(2공장),[20] 분리,분리35호기,44017.0,35280.0,80.15,1,54000.0,81.51
2026-02-08,C관(2공장),[20] 분리,분리36호기,54009.0,43616.0,80.76,1,54000.0,100.02
2026-02-08,C관(2공장),[20] 분리,분리37호기,7394.0,6206.0,83.93,1,54000.0,13.69
2026-02-08,C관(2공장),[20] 분리,분리43호기,35541.0,31291.0,88.04,1,54000.0,65.82
2026-02-08,C관(2공장),[45] 하이드레이션/전면검사,워터배스2-10호기,88162.0,86590.0,98.22,1,120000.0,73.47
2026-02-08,C관(2공장),[45] 하이드레이션/전면검사,워터배스2-11호기,54601.0,52265.0,95.72,1,150000.0,36.4
2026-02-08,C관(2공장),[45] 하이드레이션/전면검사,워터배스2-12호기,28463.0,28425.0,99.87,1,150000.0,18.98
2026-02-08,C관(2공장),[45] 하이드레이션/전면검사,워터배스2-13호기,78869.0,78790.0,99.9,1,150000.0,52.58
2026-02-08,C관(2공장),[45] 하이드레이션/전면검사,워터배스2-14호기,66529.0,66465.0,99.9,1,150000.0,44.35
2026-02-08,C관(2공장),[45] 하이드레이션/전면검사,워터배스2-1호기,95657.0,95570.0,99.91,1,120000.0,79.71
2026-02-08,C관(2공장),[45] 하이드레이션/전면검사,워터배스2-2호기,10497.0,10485.0,99.89,1,120000.0,8.75
2026-02-08,C관(2공장),[45] 하이드레이션/전면검사,워터배스2-3호기,29651.0,26860.0,90.59,1,120000.0,24.71
2026-02-08,C관(2공장),[45] 하이드레이션/전면검사,워터배스2-4호기,34448.0,34425.0,99.93,1,120000.0,28.71
2026-02-08,C관(2공장),[45] 하이드레이션/전면검사,워터배스2-5호기,70600.0,70530.0,99.9,1,120000.0,58.83
2026-02-08,C관(2공장),[45] 하이드레이션/전면검사,워터배스2-6호기,1601.0,1595.0,99.63,1,30000.0,5.34
2026-02-08,C관(2공장),[45] 하이드레이션/전면검사,워터배스2-7호기,85174.0,85095.0,99.91,1,120000.0,70.98
2026-02-08,C관(2공장),[45] 하이드레이션/전면검사,워터배스2-8호기,33858.0,33830.0,99.92,1,120000.0,28.22
2026-02-08,C관(2공장),[45] 하이드레이션/전면검사,워터배스2-9호기,81132.0,81050.0,99.9,1,120000.0,67.61
2026-02-08,C관(2공장),[55] 접착/ 멸균,검사32호기,34850.0,33100.0,94.98,1,0.0,0.0
2026-02-08,C관(2공장),[55] 접착/ 멸균,검사33호기,39225.0,37540.0,95.7,1,66462.0,59.02
2026-02-08,C관(2공장),[55] 접착/ 멸균,검사34호기,56590.0,55550.0,98.16,1,78546.0,72.05
2026-02-08,C관(2공장),[55] 접착/ 멸균,검사35호기,42125.0,41235.0,97.89,1,78546.0,53.63
2026-02-08,C관(2공장),[55] 접착/ 멸균,검사36호기,59480.0,58530.0,98.4,1,78546.0,75.73
2026-02-08,C관(2공장),[55] 접착/ 멸균,검사37호기,40105.0,39280.0,97.94,1,78546.0,51.06
2026-02-08,C관(2공장),[55] 접착/ 멸균,검사38호기,48190.0,47045.0,97.62,1,78546.0,61.35
2026-02-08,C관(2공장),[55] 접착/ 멸균,검사39호기,57005.0,56130.0,98.47,1,78546.0,72.58
2026-02-08,C관(2공장),[55] 접착/ 멸균,검사40호기,54080.0,52950.0,97.91,1,78546.0,68.85
2026-02-08,C관(2공장),[55] 접착/ 멸균,검사41호기,52090.0,48455.0,93.02,1,78546.0,66.32
2026-02-08,C관(2공장),[55] 접착/ 멸균,검사42호기,48840.0,47920.0,98.12,1,78546.0,62.18
2026-02-08,C관(2공장),[55] 접착/ 멸균,검사43호기,48620.0,47965.0,98.65,1,78546.0,61.9
2026-02-08,C관(2공장),[55] 접착/ 멸균,검사44호기,52250.0,51335.0,98.25,1,78546.0,66.52
2026-02-08,C관(2공장),[55] 접착/ 멸균,검사45호기,49290.0,48135.0,97.66,1,78546.0,62.75
2026-02-08,C관(2공장),[55] 접착/ 멸균,검사46호기,46805.0,45220.0,96.61,1,78546.0,59.59
2026-02-08,C관(2공장),[55] 접착/ 멸균,검사47호기,47005.0,45750.0,97.33,1,78546.0,59.84
2026-02-08,C관(2공장),[55] 접착/ 멸균,검사48호기,44035.0,43090.0,97.85,1,78546.0,56.06
2026-02-08,C관(2공장),[80] 누수/규격검사,누수/규격검사(2공장),782095.0,777000.0,99.35,1,720000.0,108.62
2026-02-08,S관(3공장),[10] 사출조립,A형 인라인1호기 - 접착,42682.0,42682.0,100.0,1,0.0,0.0
2026-02-08,S관(3공장),[10] 사출조립,A형 인라인2호기 - 접착,40518.0,40518.0,100.0,1,0.0,0.0
2026-02-08,S관(3공장),[10] 사출조립,A형 인라인5호기 - 접착,34954.0,34954.0,100.0,1,0.0,0.0
2026-02-08,S관(3공장),[10] 사출조립,B형 조립중합6호기,32248.0,27630.0,85.68,1,76800.0,41.99
2026-02-08,S관(3공장),[10] 사출조립,B형 조립중합8호기,9344.0,9344.0,100.0,1,0.0,0.0
2026-02-08,S관(3공장),[10] 사출조립,C형 조립중합2호기,43416.0,37256.0,85.81,1,0.0,0.0
2026-02-08,S관(3공장),[10] 사출조립,C형 조립중합5호기,34936.0,29391.0,84.13,1,0.0,0.0
2026-02-08,S관(3공장),[20] 분리,A형 인라인1호기 - 접착,30764.0,29486.0,95.85,1,0.0,0.0
2026-02-08,S관(3공장),[20] 분리,A형 인라인2호기 - 접착,27046.0,26298.0,97.23,1,0.0,0.0
2026-02-08,S관(3공장),[20] 분리,B형 분리1호기,406.0,376.0,92.61,1,0.0,0.0
2026-02-08,S관(3공장),[20] 분리,B형 분리3호기,13873.0,11704.0,84.37,1,0.0,0.0
2026-02-08,S관(3공장),[20] 분리,B형 분리4호기,24987.0,20675.0,82.74,1,0.0,0.0
2026-02-08,S관(3공장),[20] 분리,B형 분리5호기,17628.0,14640.0,83.05,1,0.0,0.0
2026-02-08,S관(3공장),[20] 분리,B형 분리6호기,19615.0,17026.0,86.8,1,0.0,0.0
2026-02-08,S관(3공장),[20] 분리,B형 분리7호기,20798.0,16824.0,80.89,1,0.0,0.0
2026-02-08,S관(3공장),[20] 분리,B형 분리8호기,17554.0,14397.0,82.02,1,0.0,0.0
2026-02-08,S관(3공장),[20] 분리,CAM분리2호기,18898.0,14443.0,76.43,1,39273.0,48.12
2026-02-08,S관(3공장),[20] 분리,CAM분리3호기,11152.0,8616.0,77.26,1,39273.0,28.4
2026-02-08,S관(3공장),[45] 하이드레이션/전면검사,B형 분리4호기,9702.0,9691.0,99.89,1,0.0,0.0
2026-02-08,S관(3공장),[45] 하이드레이션/전면검사,B형 분리5호기,2820.0,2797.0,99.18,1,0.0,0.0
2026-02-08,S관(3공장),[45] 하이드레이션/전면검사,S관 실리콘 자동수화기,181506.0,180873.0,99.65,1,240000.0,75.63
2026-02-08,S관(3공장),[55] 접착/ 멸균,A형 인라인1호기 - 접착,30311.0,29290.0,96.63,1,0.0,0.0
2026-02-08,S관(3공장),[55] 접착/ 멸균,A형 인라인2호기 - 접착,46184.0,45165.0,97.79,1,0.0,0.0
2026-02-08,S관(3공장),[55] 접착/ 멸균,A형 인라인3호기 - 접착,34542.0,33940.0,98.26,1,0.0,0.0
2026-02-08,S관(3공장),[55] 접착/ 멸균,A형 인라인4호기 - 접착,34341.0,33495.0,97.54,1,0.0,0.0
2026-02-08,S관(3공장),[55] 접착/ 멸균,A형 인라인5호기 - 접착,34225.0,33300.0,97.3,1,0.0,0.0
2026-02-08,S관(3공장),[55] 접착/ 멸균,A형 인라인6호기 - 접착,39188.0,36740.0,93.75,1,0.0,0.0
2026-02-08,S관(3공장),[80] 누수/규격검사,누수/규격검사(3공장),214000.0,212975.0,99.52,1,100645.0,212.63
2026-02-09,A관(1공장),[00] 배합,조립1호기,1053.0,1053.0,100.0,1,0.0,0.0
2026-02-09,A관(1공장),[00] 배합,조립30호기,19999.84,19999.84,100.0,1,0.0,0.0
2026-02-09,A관(1공장),[00] 배합,조립4호기,1000.0,1000.0,100.0,1,0.0,0.0
2026-02-09,A관(1공장),[00] 배합,조립8호기,1024.0,1024.0,100.0,1,0.0,0.0
2026-02-09,A관(1공장),[10] 사출조립,조립1호기,14595.0,13912.0,95.32,1,43200.0,33.78
2026-02-09,A관(1공장),[10] 사출조립,조립30호기,99031.0,99031.0,100.0,1,86400.0,114.62
2026-02-09,A관(1공장),[10] 사출조립,조립31호기,45382.0,45382.0,100.0,1,86400.0,52.53
2026-02-09,A관(1공장),[10] 사출조립,조립32호기,57747.0,54779.0,94.86,1,86400.0,66.84
2026-02-09,A관(1공장),[10] 사출조립,조립3호기,19456.0,19456.0,100.0,1,43200.0,45.04
2026-02-09,A관(1공장),[10] 사출조립,조립4호기,36724.0,36724.0,100.0,1,43200.0,85.01
2026-02-09,A관(1공장),[10] 사출조립,조립8호기,29812.0,29812.0,100.0,1,43200.0,69.01
2026-02-09,A관(1공장),[20] 분리,분리10호기,13584.0,11780.0,86.72,1,17280.0,78.61
2026-02-09,A관(1공장),[20] 분리,분리11호기,12153.0,10860.0,89.36,1,17280.0,70.33
2026-02-09,A관(1공장),[20] 분리,분리14호기,36929.0,31127.0,84.29,1,54000.0,68.39
2026-02-09,A관(1공장),[20] 분리,분리3호기,2944.0,2347.0,79.72,1,17280.0,17.04
2026-02-09,A관(1공장),[20] 분리,분리4호기,14911.0,11890.0,79.74,1,17280.0,86.29
2026-02-09,A관(1공장),[20] 분리,분리5호기,12098.0,10223.0,84.5,1,17280.0,70.01
2026-02-09,A관(1공장),[45] 하이드레이션/전면검사,1공장 실리콘수화기,8860.0,8860.0,100.0,1,0.0,0.0
2026-02-09,A관(1공장),[45] 하이드레이션/전면검사,워터배스1-2호기,12174.0,12174.0,100.0,1,30000.0,40.58
2026-02-09,A관(1공장),[45] 하이드레이션/전면검사,워터배스1-3호기,16282.0,16282.0,100.0,1,30000.0,54.27
2026-02-09,A관(1공장),[45] 하이드레이션/전면검사,워터배스1-4호기,8339.0,8339.0,100.0,1,30000.0,27.8
2026-02-09,A관(1공장),[45] 하이드레이션/전면검사,워터배스1-5호기,20364.0,20364.0,100.0,1,150000.0,13.58
2026-02-09,A관(1공장),[45] 하이드레이션/전면검사,워터배스1-6호기,23418.0,23418.0,100.0,1,150000.0,15.61
2026-02-09,A관(1공장),[55] 접착/ 멸균,검사10호기,10121.0,9074.0,89.66,1,13293.0,76.14
2026-02-09,A관(1공장),[55] 접착/ 멸균,검사11호기,8825.0,7413.0,84.0,1,13293.0,66.39
2026-02-09,A관(1공장),[55] 접착/ 멸균,검사14호기,11360.0,10838.0,95.4,1,13293.0,85.46
2026-02-09,A관(1공장),[55] 접착/ 멸균,검사16호기,4132.0,3946.0,95.5,1,13293.0,31.08
2026-02-09,A관(1공장),[55] 접착/ 멸균,검사17호기,9230.0,8238.0,89.25,1,13293.0,69.44
2026-02-09,A관(1공장),[55] 접착/ 멸균,검사18호기,11193.0,9178.0,82.0,1,13293.0,84.2
2026-02-09,A관(1공장),[55] 접착/ 멸균,검사19호기,5664.0,5092.0,89.9,1,13293.0,42.61
2026-02-09,A관(1공장),[55] 접착/ 멸균,검사20호기,348.0,348.0,100.0,1,13293.0,2.62
2026-02-09,A관(1공장),[55] 접착/ 멸균,검사21호기,12150.0,11616.0,95.6,1,13293.0,91.4
2026-02-09,A관(1공장),[55] 접착/ 멸균,검사22호기,7084.0,6875.0,97.05,1,13293.0,53.29
2026-02-09,A관(1공장),[55] 접착/ 멸균,검사6호기,7025.0,6538.0,93.07,1,13293.0,52.85
2026-02-09,A관(1공장),[55] 접착/ 멸균,검사8호기,2020.0,1950.0,96.53,1,13293.0,15.2
2026-02-09,A관(1공장),[55] 접착/ 멸균,바이알캡핑기,3631.0,3022.0,83.23,1,0.0,0.0
2026-02-09,A관(1공장),[80] 누수/규격검사,누수/규격검사(1공장),88214.0,84926.0,96.27,1,112902.0,78.13
2026-02-09,C관(2공장),[00] 배합,조립22호기,20366.0,20366.0,100.0,1,0.0,0.0
2026-02-09,C관(2공장),[00] 배합,조립24호기,20365.92,20365.92,100.0,1,0.0,0.0
2026-02-09,C관(2공장),[00] 배합,조립47호기,20366.0,20366.0,100.0,1,0.0,0.0
2026-02-09,C관(2공장),[00] 배합,조립57호기,20366.0,20366.0,100.0,1,0.0,0.0
2026-02-09,C관(2공장),[10] 사출조립,조립10호기,31820.0,29641.0,93.15,1,43200.0,73.66
2026-02-09,C관(2공장),[10] 사출조립,조립11호기,40331.0,37096.0,91.98,1,43200.0,93.36
2026-02-09,C관(2공장),[10] 사출조립,조립12호기,26016.0,25660.0,98.63,1,0.0,0.0
2026-02-09,C관(2공장),[10] 사출조립,조립13호기,23775.0,22929.0,96.44,1,0.0,0.0
2026-02-09,C관(2공장),[10] 사출조립,조립14호기,47296.0,41681.0,88.13,1,43200.0,109.48
2026-02-09,C관(2공장),[10] 사출조립,조립15호기,30972.0,30189.0,97.47,1,43200.0,71.69
2026-02-09,C관(2공장),[10] 사출조립,조립16호기,53116.0,49694.0,93.56,1,43200.0,122.95
2026-02-09,C관(2공장),[10] 사출조립,조립17호기,25536.0,21141.0,82.79,1,43200.0,59.11
2026-02-09,C관(2공장),[10] 사출조립,조립20호기,48385.0,40440.0,83.58,1,43200.0,112.0
2026-02-09,C관(2공장),[10] 사출조립,조립22호기,24980.0,24628.0,98.59,1,43200.0,57.82
2026-02-09,C관(2공장),[10] 사출조립,조립24호기,10937.0,10570.0,96.64,1,43200.0,25.32
2026-02-09,C관(2공장),[10] 사출조립,조립25호기,51581.0,46176.0,89.52,1,43200.0,119.4
2026-02-09,C관(2공장),[10] 사출조립,조립26호기,40777.0,38898.0,95.39,1,43200.0,94.39
2026-02-09,C관(2공장),[10] 사출조립,조립27호기,20796.0,18291.0,87.95,1,43200.0,48.14
2026-02-09,C관(2공장),[10] 사출조립,조립40호기,42702.0,37014.0,86.68,1,43200.0,98.85
2026-02-09,C관(2공장),[10] 사출조립,조립44호기,45592.0,42825.0,93.93,1,43200.0,105.54
2026-02-09,C관(2공장),[10] 사출조립,조립45호기,17938.0,15662.0,87.31,1,43200.0,41.52
2026-02-09,C관(2공장),[10] 사출조립,조립46호기,14744.0,13099.0,88.84,1,43200.0,34.13
2026-02-09,C관(2공장),[10] 사출조립,조립47호기,32217.0,31089.0,96.5,1,43200.0,74.58
2026-02-09,C관(2공장),[10] 사출조립,조립49호기,25655.0,22673.0,88.38,1,43200.0,59.39
2026-02-09,C관(2공장),[10] 사출조립,조립50호기,28522.0,28435.0,99.69,1,43200.0,66.02
2026-02-09,C관(2공장),[10] 사출조립,조립51호기,28836.0,28748.0,99.69,1,43200.0,66.75
2026-02-09,C관(2공장),[10] 사출조립,조립52호기,54045.0,48186.0,89.16,1,43200.0,125.1
2026-02-09,C관(2공장),[10] 사출조립,조립53호기,21641.0,19069.0,88.12,1,43200.0,50.09
2026-02-09,C관(2공장),[10] 사출조립,조립54호기,19194.0,14099.0,73.46,1,43200.0,44.43
2026-02-09,C관(2공장),[10] 사출조립,조립55호기,26981.0,20183.0,74.8,1,43200.0,62.46
2026-02-09,C관(2공장),[10] 사출조립,조립56호기,60203.0,55793.0,92.67,1,43200.0,139.36
2026-02-09,C관(2공장),[10] 사출조립,조립57호기,29600.0,27294.0,92.21,1,43200.0,68.52
2026-02-09,C관(2공장),[10] 사출조립,조립58호기,28216.0,27283.0,96.69,1,43200.0,65.31
2026-02-09,C관(2공장),[10] 사출조립,조립59호기,29012.0,28919.0,99.68,1,43200.0,67.16
2026-02-09,C관(2공장),[20] 분리,분리12호기,50435.0,45871.0,90.95,1,0.0,0.0
2026-02-09,C관(2공장),[20] 분리,분리15호기,31911.0,28090.0,88.03,1,0.0,0.0
2026-02-09,C관(2공장),[20] 분리,분리16호기,44176.0,38801.0,87.83,1,61715.0,71.58
2026-02-09,C관(2공장),[20] 분리,분리17호기,45884.0,40838.0,89.0,1,61715.0,74.35
2026-02-09,C관(2공장),[20] 분리,분리18호기,48357.0,43860.0,90.7,1,61715.0,78.36
2026-02-09,C관(2공장),[20] 분리,분리19호기,31723.0,27631.0,87.1,1,61715.0,51.4
2026-02-09,C관(2공장),[20] 분리,분리20호기,43661.0,38485.0,88.15,1,61715.0,70.75
2026-02-09,C관(2공장),[20] 분리,분리21호기,45714.0,40914.0,89.5,1,61715.0,74.07
2026-02-09,C관(2공장),[20] 분리,분리22호기,46579.0,38312.0,82.25,1,61715.0,75.47
2026-02-09,C관(2공장),[20] 분리,분리23호기,46539.0,39542.0,84.97,1,61715.0,75.41
2026-02-09,C관(2공장),[20] 분리,분리24호기,24955.0,21391.0,85.72,1,61715.0,40.44
2026-02-09,C관(2공장),[20] 분리,분리25호기,52319.0,45271.0,86.53,1,61715.0,84.78
2026-02-09,C관(2공장),[20] 분리,분리26호기,43705.0,39051.0,89.35,1,54000.0,80.94
2026-02-09,C관(2공장),[20] 분리,분리27호기,36880.0,30456.0,82.58,1,54000.0,68.3
2026-02-09,C관(2공장),[20] 분리,분리28호기,41441.0,38052.0,91.82,1,54000.0,76.74
2026-02-09,C관(2공장),[20] 분리,분리29호기,37001.0,32111.0,86.78,1,54000.0,68.52
2026-02-09,C관(2공장),[20] 분리,분리30호기,43136.0,40181.0,93.15,1,54000.0,79.88
2026-02-09,C관(2공장),[20] 분리,분리31호기,55573.0,46645.0,83.93,1,54000.0,102.91
2026-02-09,C관(2공장),[20] 분리,분리32호기,42894.0,35893.0,83.68,1,54000.0,79.43
2026-02-09,C관(2공장),[20] 분리,분리33호기,51474.0,48006.0,93.26,1,54000.0,95.32
2026-02-09,C관(2공장),[20] 분리,분리34호기,35632.0,29251.0,82.09,1,54000.0,65.99
2026-02-09,C관(2공장),[20] 분리,분리35호기,51648.0,44392.0,85.95,1,54000.0,95.64
2026-02-09,C관(2공장),[20] 분리,분리36호기,51963.0,40625.0,78.18,1,54000.0,96.23
2026-02-09,C관(2공장),[20] 분리,분리37호기,39016.0,33761.0,86.53,1,54000.0,72.25
2026-02-09,C관(2공장),[20] 분리,분리43호기,45453.0,38255.0,84.16,1,54000.0,84.17
2026-02-09,C관(2공장),[45] 하이드레이션/전면검사,워터배스2-10호기,50349.0,50295.0,99.89,1,120000.0,41.96
2026-02-09,C관(2공장),[45] 하이드레이션/전면검사,워터배스2-11호기,69905.0,69825.0,99.89,1,150000.0,46.6
2026-02-09,C관(2공장),[45] 하이드레이션/전면검사,워터배스2-12호기,23961.0,23925.0,99.85,1,150000.0,15.97
2026-02-09,C관(2공장),[45] 하이드레이션/전면검사,워터배스2-13호기,80082.0,77575.0,96.87,1,150000.0,53.39
2026-02-09,C관(2공장),[45] 하이드레이션/전면검사,워터배스2-14호기,104268.0,104160.0,99.9,1,150000.0,69.51
2026-02-09,C관(2공장),[45] 하이드레이션/전면검사,워터배스2-1호기,100096.0,100030.0,99.93,1,120000.0,83.41
2026-02-09,C관(2공장),[45] 하이드레이션/전면검사,워터배스2-2호기,73457.0,73380.0,99.9,1,120000.0,61.21
2026-02-09,C관(2공장),[45] 하이드레이션/전면검사,워터배스2-3호기,104471.0,104365.0,99.9,1,120000.0,87.06
2026-02-09,C관(2공장),[45] 하이드레이션/전면검사,워터배스2-4호기,110225.0,110140.0,99.92,1,120000.0,91.85
2026-02-09,C관(2공장),[45] 하이드레이션/전면검사,워터배스2-5호기,87079.0,86925.0,99.82,1,120000.0,72.57
2026-02-09,C관(2공장),[45] 하이드레이션/전면검사,워터배스2-6호기,28211.0,23110.0,81.92,1,30000.0,94.04
2026-02-09,C관(2공장),[45] 하이드레이션/전면검사,워터배스2-7호기,23651.0,23635.0,99.93,1,120000.0,19.71
2026-02-09,C관(2공장),[45] 하이드레이션/전면검사,워터배스2-8호기,90505.0,90375.0,99.86,1,120000.0,75.42
2026-02-09,C관(2공장),[45] 하이드레이션/전면검사,워터배스2-9호기,58147.0,58090.0,99.9,1,120000.0,48.46
2026-02-09,C관(2공장),[55] 접착/ 멸균,검사32호기,37275.0,36495.0,97.91,1,0.0,0.0
2026-02-09,C관(2공장),[55] 접착/ 멸균,검사33호기,51705.0,50550.0,97.77,1,66462.0,77.8
2026-02-09,C관(2공장),[55] 접착/ 멸균,검사34호기,45795.0,41435.0,90.48,1,78546.0,58.3
2026-02-09,C관(2공장),[55] 접착/ 멸균,검사35호기,49400.0,48210.0,97.59,1,78546.0,62.89
2026-02-09,C관(2공장),[55] 접착/ 멸균,검사36호기,54945.0,53695.0,97.72,1,78546.0,69.95
2026-02-09,C관(2공장),[55] 접착/ 멸균,검사37호기,54815.0,54050.0,98.6,1,78546.0,69.79
2026-02-09,C관(2공장),[55] 접착/ 멸균,검사38호기,54230.0,53280.0,98.25,1,78546.0,69.04
2026-02-09,C관(2공장),[55] 접착/ 멸균,검사39호기,53025.0,52215.0,98.47,1,78546.0,67.51
2026-02-09,C관(2공장),[55] 접착/ 멸균,검사40호기,52750.0,51895.0,98.38,1,78546.0,67.16
2026-02-09,C관(2공장),[55] 접착/ 멸균,검사41호기,53720.0,52045.0,96.88,1,78546.0,68.39
2026-02-09,C관(2공장),[55] 접착/ 멸균,검사42호기,60855.0,59680.0,98.07,1,78546.0,77.48
2026-02-09,C관(2공장),[55] 접착/ 멸균,검사43호기,56865.0,56085.0,98.63,1,78546.0,72.4
2026-02-09,C관(2공장),[55] 접착/ 멸균,검사44호기,53090.0,52195.0,98.31,1,78546.0,67.59
2026-02-09,C관(2공장),[55] 접착/ 멸균,검사45호기,57015.0,56040.0,98.29,1,78546.0,72.59
2026-02-09,C관(2공장),[55] 접착/ 멸균,검사46호기,52215.0,51255.0,98.16,1,78546.0,66.48
2026-02-09,C관(2공장),[55] 접착/ 멸균,검사47호기,60385.0,59090.0,97.86,1,78546.0,76.88
2026-02-09,C관(2공장),[55] 접착/ 멸균,검사48호기,47305.0,46500.0,98.3,1,78546.0,60.23
2026-02-09,C관(2공장),[80] 누수/규격검사,누수/규격검사(2공장),897600.0,894190.0,99.62,1,720000.0,124.67
2026-02-09,S관(3공장),[00] 배합,A형 인라인1호기 - 접착,7999.0,7999.0,100.0,1,0.0,0.0
2026-02-09,S관(3공장),[00] 배합,A형 인라인5호기 - 접착,2000.0,2000.0,100.0,1,0.0,0.0
2026-02-09,S관(3공장),[00] 배합,B형 조립중합6호기,3960.0,3960.0,100.0,1,0.0,0.0
2026-02-09,S관(3공장),[00] 배합,B형 조립중합8호기,3058.0,3058.0,100.0,1,0.0,0.0
2026-02-09,S관(3공장),[00] 배합,C형 조립중합2호기,5940.0,5940.0,100.0,1,0.0,0.0
2026-02-09,S관(3공장),[10] 사출조립,A형 인라인1호기 - 접착,42730.0,42730.0,100.0,1,0.0,0.0
2026-02-09,S관(3공장),[10] 사출조립,A형 인라인2호기 - 접착,42848.0,42848.0,100.0,1,0.0,0.0
2026-02-09,S관(3공장),[10] 사출조립,A형 인라인5호기 - 접착,32641.0,32641.0,100.0,1,0.0,0.0
2026-02-09,S관(3공장),[10] 사출조립,B형 조립중합6호기,17640.0,10849.0,61.5,1,76800.0,22.97
2026-02-09,S관(3공장),[10] 사출조립,C형 조립중합5호기,16608.0,14932.0,89.91,1,0.0,0.0
2026-02-09,S관(3공장),[20] 분리,A형 인라인1호기 - 접착,30716.0,29636.0,96.48,1,0.0,0.0
2026-02-09,S관(3공장),[20] 분리,A형 인라인2호기 - 접착,27967.0,27235.0,97.38,1,0.0,0.0
2026-02-09,S관(3공장),[20] 분리,B형 분리3호기,14959.0,12589.0,84.16,1,0.0,0.0
2026-02-09,S관(3공장),[20] 분리,B형 분리4호기,13045.0,10588.0,81.17,1,0.0,0.0
2026-02-09,S관(3공장),[20] 분리,B형 분리5호기,21183.0,18173.0,85.79,1,0.0,0.0
2026-02-09,S관(3공장),[20] 분리,B형 분리6호기,18928.0,15681.0,82.85,1,0.0,0.0
2026-02-09,S관(3공장),[20] 분리,B형 분리7호기,22972.0,17117.0,74.51,1,0.0,0.0
2026-02-09,S관(3공장),[20] 분리,B형 분리8호기,23377.0,19067.0,81.56,1,0.0,0.0
2026-02-09,S관(3공장),[20] 분리,CAM분리3호기,4571.0,4170.0,91.23,1,39273.0,11.64
2026-02-09,S관(3공장),[20] 분리,CAM분리4호기,21690.0,18079.0,83.35,1,39273.0,55.23
2026-02-09,S관(3공장),[45] 하이드레이션/전면검사,A형 인라인1호기 - 접착,2433.0,2430.0,99.88,1,0.0,0.0
2026-02-09,S관(3공장),[45] 하이드레이션/전면검사,A형 인라인2호기 - 접착,12010.0,11947.0,99.48,1,0.0,0.0
2026-02-09,S관(3공장),[45] 하이드레이션/전면검사,B형 분리4호기,4111.0,4081.0,99.27,1,0.0,0.0
2026-02-09,S관(3공장),[45] 하이드레이션/전면검사,B형 분리5호기,5908.0,5902.0,99.9,1,0.0,0.0
2026-02-09,S관(3공장),[45] 하이드레이션/전면검사,S관 실리콘 자동수화기,207095.0,206382.0,99.66,1,240000.0,86.29
2026-02-09,S관(3공장),[55] 접착/ 멸균,A형 인라인1호기 - 접착,62293.0,60185.0,96.62,1,0.0,0.0
2026-02-09,S관(3공장),[55] 접착/ 멸균,A형 인라인2호기 - 접착,35109.0,34480.0,98.21,1,0.0,0.0
2026-02-09,S관(3공장),[55] 접착/ 멸균,A형 인라인3호기 - 접착,47187.0,46125.0,97.75,1,0.0,0.0
2026-02-09,S관(3공장),[55] 접착/ 멸균,A형 인라인4호기 - 접착,45168.0,43860.0,97.1,1,0.0,0.0
2026-02-09,S관(3공장),[55] 접착/ 멸균,A형 인라인5호기 - 접착,45685.0,44330.0,97.03,1,0.0,0.0
2026-02-09,S관(3공장),[55] 접착/ 멸균,A형 인라인6호기 - 접착,23013.0,22315.0,96.97,1,0.0,0.0
2026-02-09,S관(3공장),[80] 누수/규격검사,누수/규격검사(3공장),194805.0,193930.0,99.55,1,100645.0,193.56
2026-02-10,A관(1공장),[00] 배합,조립32호기,20000.0,20000.0,100.0,1,0.0,0.0
2026-02-10,A관(1공장),[00] 배합,조립3호기,2074.0,2074.0,100.0,1,0.0,0.0
2026-02-10,A관(1공장),[00] 배합,조립4호기,1000.0,1000.0,100.0,1,0.0,0.0
2026-02-10,A관(1공장),[00] 배합,조립8호기,2047.95,2047.95,100.0,1,0.0,0.0
2026-02-10,A관(1공장),[10] 사출조립,조립1호기,19925.0,19925.0,100.0,1,43200.0,46.12
2026-02-10,A관(1공장),[10] 사출조립,조립30호기,45513.0,45513.0,100.0,1,86400.0,52.68
2026-02-10,A관(1공장),[10] 사출조립,조립31호기,95692.0,95692.0,100.0,1,86400.0,110.75
2026-02-10,A관(1공장),[10] 사출조립,조립32호기,95660.0,94079.0,98.35,1,86400.0,110.72
2026-02-10,A관(1공장),[10] 사출조립,조립3호기,35089.0,28082.0,80.03,1,43200.0,81.22
2026-02-10,A관(1공장),[10] 사출조립,조립4호기,38501.0,38501.0,100.0,1,43200.0,89.12
2026-02-10,A관(1공장),[10] 사출조립,조립8호기,36618.0,35761.0,97.66,1,43200.0,84.76
2026-02-10,A관(1공장),[20] 분리,분리10호기,16453.0,14007.0,85.13,1,17280.0,95.21
2026-02-10,A관(1공장),[20] 분리,분리11호기,11740.0,9666.0,82.33,1,17280.0,67.94
2026-02-10,A관(1공장),[20] 분리,분리14호기,6536.0,4549.0,69.6,1,54000.0,12.1
2026-02-10,A관(1공장),[20] 분리,분리3호기,5574.0,3678.0,65.98,1,17280.0,32.26
2026-02-10,A관(1공장),[20] 분리,분리4호기,17698.0,13959.0,78.87,1,17280.0,102.42
2026-02-10,A관(1공장),[20] 분리,분리5호기,10698.0,7540.0,70.48,1,17280.0,61.91
2026-02-10,A관(1공장),[45] 하이드레이션/전면검사,1공장 실리콘수화기,41200.0,41200.0,100.0,1,0.0,0.0
2026-02-10,A관(1공장),[45] 하이드레이션/전면검사,워터배스1-2호기,8707.0,8707.0,100.0,1,30000.0,29.02
2026-02-10,A관(1공장),[45] 하이드레이션/전면검사,워터배스1-3호기,7028.0,7028.0,100.0,1,30000.0,23.43
2026-02-10,A관(1공장),[45] 하이드레이션/전면검사,워터배스1-4호기,8656.0,8656.0,100.0,1,30000.0,28.85
2026-02-10,A관(1공장),[45] 하이드레이션/전면검사,워터배스1-5호기,13084.0,13084.0,100.0,1,150000.0,8.72
2026-02-10,A관(1공장),[55] 접착/ 멸균,검사10호기,10608.0,9682.0,91.27,1,13293.0,79.8
2026-02-10,A관(1공장),[55] 접착/ 멸균,검사11호기,9542.0,8240.0,86.36,1,13293.0,71.78
2026-02-10,A관(1공장),[55] 접착/ 멸균,검사14호기,2711.0,2062.0,76.06,1,13293.0,20.39
2026-02-10,A관(1공장),[55] 접착/ 멸균,검사16호기,6354.0,6162.0,96.98,1,13293.0,47.8
2026-02-10,A관(1공장),[55] 접착/ 멸균,검사17호기,9789.0,8194.0,83.71,1,13293.0,73.64
2026-02-10,A관(1공장),[55] 접착/ 멸균,검사18호기,11133.0,10201.0,91.63,1,13293.0,83.75
2026-02-10,A관(1공장),[55] 접착/ 멸균,검사19호기,3464.0,3196.0,92.26,1,13293.0,26.06
2026-02-10,A관(1공장),[55] 접착/ 멸균,검사20호기,121.0,121.0,100.0,1,13293.0,0.91
2026-02-10,A관(1공장),[55] 접착/ 멸균,검사21호기,5708.0,5357.0,93.85,1,13293.0,42.94
2026-02-10,A관(1공장),[55] 접착/ 멸균,검사22호기,5758.0,5502.0,95.55,1,13293.0,43.32
2026-02-10,A관(1공장),[55] 접착/ 멸균,검사6호기,9348.0,6578.0,70.37,1,13293.0,70.32
2026-02-10,A관(1공장),[55] 접착/ 멸균,검사8호기,5357.0,4520.0,84.38,1,13293.0,40.3
2026-02-10,A관(1공장),[55] 접착/ 멸균,바이알캡핑기,7705.0,6739.0,87.46,1,0.0,0.0
2026-02-10,A관(1공장),[80] 누수/규격검사,누수/규격검사(1공장),71492.0,68667.0,96.05,1,112902.0,63.32
2026-02-10,C관(2공장),[00] 배합,조립16호기,20366.0,20366.0,100.0,1,0.0,0.0
2026-02-10,C관(2공장),[00] 배합,조립20호기,20366.0,20366.0,100.0,1,0.0,0.0
2026-02-10,C관(2공장),[00] 배합,조립25호기,20366.0,20366.0,100.0,1,0.0,0.0
2026-02-10,C관(2공장),[00] 배합,조립26호기,20365.88,20365.88,100.0,1,0.0,0.0
2026-02-10,C관(2공장),[00] 배합,조립45호기,20366.0,20366.0,100.0,1,0.0,0.0
2026-02-10,C관(2공장),[00] 배합,조립46호기,19715.99,19715.99,100.0,1,0.0,0.0
2026-02-10,C관(2공장),[00] 배합,조립54호기,19916.0,19916.0,100.0,1,0.0,0.0
2026-02-10,C관(2공장),[10] 사출조립,조립10호기,51855.0,48582.0,93.69,1,43200.0,120.03
2026-02-10,C관(2공장),[10] 사출조립,조립11호기,25534.0,23074.0,90.37,1,43200.0,59.11
2026-02-10,C관(2공장),[10] 사출조립,조립12호기,32534.0,29147.0,89.59,1,0.0,0.0
2026-02-10,C관(2공장),[10] 사출조립,조립13호기,52795.0,52337.0,99.13,1,0.0,0.0
2026-02-10,C관(2공장),[10] 사출조립,조립14호기,25425.0,22061.0,86.77,1,43200.0,58.85
2026-02-10,C관(2공장),[10] 사출조립,조립15호기,26941.0,21828.0,81.02,1,43200.0,62.36
2026-02-10,C관(2공장),[10] 사출조립,조립16호기,27766.0,23579.0,84.92,1,43200.0,64.27
2026-02-10,C관(2공장),[10] 사출조립,조립17호기,24664.0,21541.0,87.34,1,43200.0,57.09
2026-02-10,C관(2공장),[10] 사출조립,조립20호기,17061.0,16013.0,93.86,1,43200.0,39.49
2026-02-10,C관(2공장),[10] 사출조립,조립22호기,27910.0,25356.0,90.85,1,43200.0,64.61
2026-02-10,C관(2공장),[10] 사출조립,조립24호기,30673.0,27719.0,90.37,1,43200.0,71.0
2026-02-10,C관(2공장),[10] 사출조립,조립25호기,19829.0,17306.0,87.28,1,43200.0,45.9
2026-02-10,C관(2공장),[10] 사출조립,조립26호기,28659.0,28619.0,99.86,1,43200.0,66.34
2026-02-10,C관(2공장),[10] 사출조립,조립27호기,37667.0,28699.0,76.19,1,43200.0,87.19
2026-02-10,C관(2공장),[10] 사출조립,조립40호기,4786.0,4736.0,98.96,1,43200.0,11.08
2026-02-10,C관(2공장),[10] 사출조립,조립44호기,18933.0,12842.0,67.83,1,43200.0,43.83
2026-02-10,C관(2공장),[10] 사출조립,조립45호기,57494.0,50179.0,87.28,1,43200.0,133.09
2026-02-10,C관(2공장),[10] 사출조립,조립46호기,20906.0,18383.0,87.93,1,43200.0,48.39
2026-02-10,C관(2공장),[10] 사출조립,조립47호기,31373.0,29854.0,95.16,1,43200.0,72.62
2026-02-10,C관(2공장),[10] 사출조립,조립48호기,23788.0,21781.0,91.56,1,43200.0,55.06
2026-02-10,C관(2공장),[10] 사출조립,조립49호기,25697.0,22952.0,89.32,1,43200.0,59.48
2026-02-10,C관(2공장),[10] 사출조립,조립50호기,58974.0,57639.0,97.74,1,43200.0,136.51
2026-02-10,C관(2공장),[10] 사출조립,조립52호기,31765.0,27379.0,86.19,1,43200.0,73.53
2026-02-10,C관(2공장),[10] 사출조립,조립53호기,18607.0,17656.0,94.89,1,43200.0,43.07
2026-02-10,C관(2공장),[10] 사출조립,조립54호기,22617.0,18857.0,83.38,1,43200.0,52.35
2026-02-10,C관(2공장),[10] 사출조립,조립55호기,14534.0,8288.0,57.02,1,43200.0,33.64
2026-02-10,C관(2공장),[10] 사출조립,조립56호기,22891.0,18341.0,80.12,1,43200.0,52.99
2026-02-10,C관(2공장),[10] 사출조립,조립57호기,22708.0,22700.0,99.96,1,43200.0,52.56
2026-02-10,C관(2공장),[10] 사출조립,조립58호기,51067.0,46935.0,91.91,1,43200.0,118.21
2026-02-10,C관(2공장),[10] 사출조립,조립59호기,28712.0,27210.0,94.77,1,43200.0,66.46
2026-02-10,C관(2공장),[20] 분리,분리12호기,49051.0,43359.0,88.4,1,0.0,0.0
2026-02-10,C관(2공장),[20] 분리,분리13호기,3576.0,0.0,0.0,1,61715.0,5.79
2026-02-10,C관(2공장),[20] 분리,분리15호기,51557.0,44847.0,86.99,1,0.0,0.0
2026-02-10,C관(2공장),[20] 분리,분리16호기,46151.0,38954.0,84.41,1,61715.0,74.78
2026-02-10,C관(2공장),[20] 분리,분리17호기,50380.0,43965.0,87.27,1,61715.0,81.63
2026-02-10,C관(2공장),[20] 분리,분리18호기,44437.0,39681.0,89.3,1,61715.0,72.0
2026-02-10,C관(2공장),[20] 분리,분리19호기,49025.0,43293.0,88.31,1,61715.0,79.44
2026-02-10,C관(2공장),[20] 분리,분리20호기,51256.0,44349.0,86.52,1,61715.0,83.05
2026-02-10,C관(2공장),[20] 분리,분리21호기,49149.0,45167.0,91.9,1,61715.0,79.64
2026-02-10,C관(2공장),[20] 분리,분리22호기,43132.0,36367.0,84.32,1,61715.0,69.89
2026-02-10,C관(2공장),[20] 분리,분리23호기,45109.0,35503.0,78.7,1,61715.0,73.09
2026-02-10,C관(2공장),[20] 분리,분리24호기,39297.0,35205.0,89.59,1,61715.0,63.67
2026-02-10,C관(2공장),[20] 분리,분리25호기,44151.0,36267.0,82.14,1,61715.0,71.54
2026-02-10,C관(2공장),[20] 분리,분리26호기,48319.0,41752.0,86.41,1,54000.0,89.48
2026-02-10,C관(2공장),[20] 분리,분리27호기,43747.0,36813.0,84.15,1,54000.0,81.01
2026-02-10,C관(2공장),[20] 분리,분리28호기,36324.0,28130.0,77.44,1,54000.0,67.27
2026-02-10,C관(2공장),[20] 분리,분리29호기,46164.0,35975.0,77.93,1,54000.0,85.49
2026-02-10,C관(2공장),[20] 분리,분리30호기,47444.0,43723.0,92.16,1,54000.0,87.86
2026-02-10,C관(2공장),[20] 분리,분리31호기,53872.0,50183.0,93.15,1,54000.0,99.76
2026-02-10,C관(2공장),[20] 분리,분리32호기,49521.0,42435.0,85.69,1,54000.0,91.71
2026-02-10,C관(2공장),[20] 분리,분리33호기,52419.0,47672.0,90.94,1,54000.0,97.07
2026-02-10,C관(2공장),[20] 분리,분리34호기,46828.0,38045.0,81.24,1,54000.0,86.72
2026-02-10,C관(2공장),[20] 분리,분리35호기,51822.0,45795.0,88.37,1,54000.0,95.97
2026-02-10,C관(2공장),[20] 분리,분리36호기,53650.0,43175.0,80.48,1,54000.0,99.35
2026-02-10,C관(2공장),[20] 분리,분리37호기,46861.0,41665.0,88.91,1,54000.0,86.78
2026-02-10,C관(2공장),[20] 분리,분리43호기,43754.0,36151.0,82.62,1,54000.0,81.03
2026-02-10,C관(2공장),[45] 하이드레이션/전면검사,워터배스2-10호기,88006.0,87955.0,99.94,1,120000.0,73.34
2026-02-10,C관(2공장),[45] 하이드레이션/전면검사,워터배스2-11호기,73541.0,73465.0,99.9,1,150000.0,49.03
2026-02-10,C관(2공장),[45] 하이드레이션/전면검사,워터배스2-12호기,48254.0,48205.0,99.9,1,150000.0,32.17
2026-02-10,C관(2공장),[45] 하이드레이션/전면검사,워터배스2-13호기,77957.0,77875.0,99.89,1,150000.0,51.97
2026-02-10,C관(2공장),[45] 하이드레이션/전면검사,워터배스2-14호기,76904.0,76820.0,99.89,1,150000.0,51.27
2026-02-10,C관(2공장),[45] 하이드레이션/전면검사,워터배스2-1호기,77165.0,77095.0,99.91,1,120000.0,64.3
2026-02-10,C관(2공장),[45] 하이드레이션/전면검사,워터배스2-2호기,78024.0,77865.0,99.8,1,120000.0,65.02
2026-02-10,C관(2공장),[45] 하이드레이션/전면검사,워터배스2-3호기,58257.0,58200.0,99.9,1,120000.0,48.55
2026-02-10,C관(2공장),[45] 하이드레이션/전면검사,워터배스2-4호기,66606.0,66545.0,99.91,1,120000.0,55.5
2026-02-10,C관(2공장),[45] 하이드레이션/전면검사,워터배스2-5호기,79083.0,78985.0,99.88,1,120000.0,65.9
2026-02-10,C관(2공장),[45] 하이드레이션/전면검사,워터배스2-6호기,621.0,620.0,99.84,1,30000.0,2.07
2026-02-10,C관(2공장),[45] 하이드레이션/전면검사,워터배스2-7호기,62971.0,62910.0,99.9,1,120000.0,52.48
2026-02-10,C관(2공장),[45] 하이드레이션/전면검사,워터배스2-8호기,71278.0,71205.0,99.9,1,120000.0,59.4
2026-02-10,C관(2공장),[45] 하이드레이션/전면검사,워터배스2-9호기,85788.0,85715.0,99.91,1,120000.0,71.49
2026-02-10,C관(2공장),[55] 접착/ 멸균,검사32호기,37145.0,36630.0,98.61,1,0.0,0.0
2026-02-10,C관(2공장),[55] 접착/ 멸균,검사33호기,41685.0,41065.0,98.51,1,66462.0,62.72
2026-02-10,C관(2공장),[55] 접착/ 멸균,검사34호기,57550.0,52280.0,90.84,1,78546.0,73.27
2026-02-10,C관(2공장),[55] 접착/ 멸균,검사35호기,50830.0,49800.0,97.97,1,78546.0,64.71
2026-02-10,C관(2공장),[55] 접착/ 멸균,검사36호기,60090.0,59260.0,98.62,1,78546.0,76.5
2026-02-10,C관(2공장),[55] 접착/ 멸균,검사37호기,61730.0,60730.0,98.38,1,78546.0,78.59
2026-02-10,C관(2공장),[55] 접착/ 멸균,검사38호기,56115.0,54980.0,97.98,1,78546.0,71.44
2026-02-10,C관(2공장),[55] 접착/ 멸균,검사39호기,57855.0,56290.0,97.29,1,78546.0,73.66
2026-02-10,C관(2공장),[55] 접착/ 멸균,검사40호기,52445.0,51380.0,97.97,1,78546.0,66.77
2026-02-10,C관(2공장),[55] 접착/ 멸균,검사41호기,58495.0,56600.0,96.76,1,78546.0,74.47
2026-02-10,C관(2공장),[55] 접착/ 멸균,검사42호기,58005.0,57135.0,98.5,1,78546.0,73.85
2026-02-10,C관(2공장),[55] 접착/ 멸균,검사43호기,53360.0,52600.0,98.58,1,78546.0,67.93
2026-02-10,C관(2공장),[55] 접착/ 멸균,검사44호기,49015.0,48055.0,98.04,1,78546.0,62.4
2026-02-10,C관(2공장),[55] 접착/ 멸균,검사45호기,53405.0,52390.0,98.1,1,78546.0,67.99
2026-02-10,C관(2공장),[55] 접착/ 멸균,검사46호기,57090.0,55935.0,97.98,1,78546.0,72.68
2026-02-10,C관(2공장),[55] 접착/ 멸균,검사47호기,56560.0,53840.0,95.19,1,78546.0,72.01
2026-02-10,C관(2공장),[55] 접착/ 멸균,검사48호기,45710.0,44935.0,98.3,1,78546.0,58.2
2026-02-10,C관(2공장),[80] 누수/규격검사,누수/규격검사(2공장),874735.0,869980.0,99.46,1,720000.0,121.49
2026-02-10,S관(3공장),[00] 배합,A형 인라인2호기 - 접착,5999.28,5999.28,100.0,1,0.0,0.0
2026-02-10,S관(3공장),[00] 배합,A형 인라인5호기 - 접착,5063.87,5063.87,100.0,1,0.0,0.0
2026-02-10,S관(3공장),[00] 배합,B형 조립중합6호기,1980.0,1980.0,100.0,1,0.0,0.0
2026-02-10,S관(3공장),[00] 배합,C형 조립중합5호기,7920.0,7920.0,100.0,1,0.0,0.0
2026-02-10,S관(3공장),[10] 사출조립,A형 인라인1호기 - 접착,40011.0,40011.0,100.0,1,0.0,0.0
2026-02-10,S관(3공장),[10] 사출조립,A형 인라인2호기 - 접착,41135.0,41135.0,100.0,1,0.0,0.0
2026-02-10,S관(3공장),[10] 사출조립,A형 인라인5호기 - 접착,17456.0,17456.0,100.0,1,0.0,0.0
2026-02-10,S관(3공장),[10] 사출조립,B형 조립중합6호기,12592.0,7578.0,60.18,1,76800.0,16.4
2026-02-10,S관(3공장),[10] 사출조립,C형 조립중합2호기,47296.0,41773.0,88.32,1,0.0,0.0
2026-02-10,S관(3공장),[10] 사출조립,C형 조립중합5호기,13552.0,11236.0,82.91,1,0.0,0.0
2026-02-10,S관(3공장),[20] 분리,A형 인라인1호기 - 접착,14520.0,13338.0,91.86,1,0.0,0.0
2026-02-10,S관(3공장),[20] 분리,A형 인라인2호기 - 접착,15181.0,14299.0,94.19,1,0.0,0.0
2026-02-10,S관(3공장),[20] 분리,B형 분리3호기,11803.0,10206.0,86.47,1,0.0,0.0
2026-02-10,S관(3공장),[20] 분리,B형 분리4호기,11720.0,10479.0,89.41,1,0.0,0.0
2026-02-10,S관(3공장),[20] 분리,B형 분리5호기,19281.0,16150.0,83.76,1,0.0,0.0
2026-02-10,S관(3공장),[20] 분리,B형 분리6호기,16791.0,14704.0,87.57,1,0.0,0.0
2026-02-10,S관(3공장),[20] 분리,B형 분리7호기,12609.0,9326.0,73.96,1,0.0,0.0
2026-02-10,S관(3공장),[20] 분리,B형 분리8호기,21113.0,18481.0,87.53,1,0.0,0.0
2026-02-10,S관(3공장),[20] 분리,CAM분리1호기,16728.0,12697.0,75.9,1,39273.0,42.59
2026-02-10,S관(3공장),[20] 분리,CAM분리4호기,27622.0,22605.0,81.84,1,39273.0,70.33
2026-02-10,S관(3공장),[45] 하이드레이션/전면검사,A형 인라인2호기 - 접착,29578.0,29555.0,99.92,1,0.0,0.0
2026-02-10,S관(3공장),[45] 하이드레이션/전면검사,S관 실리콘 자동수화기,205775.0,204928.0,99.59,1,240000.0,85.74
2026-02-10,S관(3공장),[55] 접착/ 멸균,A형 인라인1호기 - 접착,40412.0,38610.0,95.54,1,0.0,0.0
2026-02-10,S관(3공장),[55] 접착/ 멸균,A형 인라인2호기 - 접착,42891.0,42035.0,98.0,1,0.0,0.0
2026-02-10,S관(3공장),[55] 접착/ 멸균,A형 인라인3호기 - 접착,45479.0,44880.0,98.68,1,0.0,0.0
2026-02-10,S관(3공장),[55] 접착/ 멸균,A형 인라인4호기 - 접착,26519.0,26025.0,98.14,1,0.0,0.0
2026-02-10,S관(3공장),[55] 접착/ 멸균,A형 인라인5호기 - 접착,23335.0,22775.0,97.6,1,0.0,0.0
2026-02-10,S관(3공장),[55] 접착/ 멸균,A형 인라인6호기 - 접착,34993.0,34035.0,97.26,1,0.0,0.0
2026-02-10,S관(3공장),[80] 누수/규격검사,누수/규격검사(3공장),245075.0,243655.0,99.42,1,100645.0,243.5
2026-02-11,A관(1공장),[00] 배합,조립2호기,2048.0,2048.0,100.0,1,0.0,0.0
2026-02-11,A관(1공장),[00] 배합,조립32호기,19999.89,19999.89,100.0,1,0.0,0.0
2026-02-11,A관(1공장),[00] 배합,조립4호기,2000.0,2000.0,100.0,1,0.0,0.0
2026-02-11,A관(1공장),[00] 배합,조립8호기,2048.0,2048.0,100.0,1,0.0,0.0
2026-02-11,A관(1공장),[10] 사출조립,조립1호기,20180.0,20180.0,100.0,1,43200.0,46.71
2026-02-11,A관(1공장),[10] 사출조립,조립2호기,4283.0,3208.0,74.9,1,43200.0,9.91
2026-02-11,A관(1공장),[10] 사출조립,조립30호기,97109.0,96527.0,99.4,1,86400.0,112.39
2026-02-11,A관(1공장),[10] 사출조립,조립31호기,47099.0,44984.0,95.51,1,86400.0,54.51
2026-02-11,A관(1공장),[10] 사출조립,조립32호기,48450.0,47065.0,97.14,1,86400.0,56.08
2026-02-11,A관(1공장),[10] 사출조립,조립3호기,19503.0,18927.0,97.05,1,43200.0,45.15
2026-02-11,A관(1공장),[10] 사출조립,조립4호기,18256.0,18256.0,100.0,1,43200.0,42.26
2026-02-11,A관(1공장),[10] 사출조립,조립7호기,4774.0,4177.0,87.49,1,43200.0,11.05
2026-02-11,A관(1공장),[10] 사출조립,조립8호기,37336.0,36932.0,98.92,1,43200.0,86.43
2026-02-11,A관(1공장),[20] 분리,분리10호기,14678.0,12882.0,87.76,1,17280.0,84.94
2026-02-11,A관(1공장),[20] 분리,분리11호기,16436.0,14893.0,90.61,1,17280.0,95.12
2026-02-11,A관(1공장),[20] 분리,분리14호기,7326.0,5882.0,80.29,1,54000.0,13.57
2026-02-11,A관(1공장),[20] 분리,분리3호기,4520.0,2107.0,46.62,1,17280.0,26.16
2026-02-11,A관(1공장),[20] 분리,분리4호기,12745.0,9998.0,78.45,1,17280.0,73.76
2026-02-11,A관(1공장),[20] 분리,분리5호기,17575.0,12518.0,71.23,1,17280.0,101.71
2026-02-11,A관(1공장),[45] 하이드레이션/전면검사,1공장 실리콘수화기,9126.0,9126.0,100.0,1,0.0,0.0
2026-02-11,A관(1공장),[45] 하이드레이션/전면검사,워터배스1-2호기,7698.0,7698.0,100.0,1,30000.0,25.66
2026-02-11,A관(1공장),[45] 하이드레이션/전면검사,워터배스1-3호기,16913.0,16913.0,100.0,1,30000.0,56.38
2026-02-11,A관(1공장),[45] 하이드레이션/전면검사,워터배스1-4호기,23066.0,23066.0,100.0,1,30000.0,76.89
2026-02-11,A관(1공장),[45] 하이드레이션/전면검사,워터배스1-5호기,28733.0,28733.0,100.0,1,150000.0,19.16
2026-02-11,A관(1공장),[55] 접착/ 멸균,검사10호기,8338.0,7108.0,85.25,1,13293.0,62.72
2026-02-11,A관(1공장),[55] 접착/ 멸균,검사11호기,5387.0,4856.0,90.14,1,13293.0,40.53
2026-02-11,A관(1공장),[55] 접착/ 멸균,검사14호기,9079.0,7947.0,87.53,1,13293.0,68.3
2026-02-11,A관(1공장),[55] 접착/ 멸균,검사16호기,4849.0,4641.0,95.71,1,13293.0,36.48
2026-02-11,A관(1공장),[55] 접착/ 멸균,검사17호기,6129.0,6054.0,98.78,1,13293.0,46.11
2026-02-11,A관(1공장),[55] 접착/ 멸균,검사18호기,5641.0,4937.0,87.52,1,13293.0,42.44
2026-02-11,A관(1공장),[55] 접착/ 멸균,검사19호기,6316.0,5854.0,92.69,1,13293.0,47.51
2026-02-11,A관(1공장),[55] 접착/ 멸균,검사20호기,196.0,136.0,69.39,1,13293.0,1.47
2026-02-11,A관(1공장),[55] 접착/ 멸균,검사21호기,18114.0,16889.0,93.24,1,13293.0,136.27
2026-02-11,A관(1공장),[55] 접착/ 멸균,검사22호기,7272.0,6496.0,89.33,1,13293.0,54.71
2026-02-11,A관(1공장),[55] 접착/ 멸균,검사6호기,3618.0,3528.0,97.51,1,13293.0,27.22
2026-02-11,A관(1공장),[55] 접착/ 멸균,검사8호기,3624.0,3448.0,95.14,1,13293.0,27.26
2026-02-11,A관(1공장),[55] 접착/ 멸균,바이알캡핑기,7309.0,6335.0,86.67,1,0.0,0.0
2026-02-11,A관(1공장),[80] 누수/규격검사,누수/규격검사(1공장),72746.0,69287.0,95.25,1,112902.0,64.43
2026-02-11,C관(2공장),[00] 배합,조립11호기,20366.0,20366.0,100.0,1,0.0,0.0
2026-02-11,C관(2공장),[00] 배합,조립13호기,20366.0,20366.0,100.0,1,0.0,0.0
2026-02-11,C관(2공장),[00] 배합,조립45호기,20366.0,20366.0,100.0,1,0.0,0.0
2026-02-11,C관(2공장),[00] 배합,조립47호기,20366.0,20366.0,100.0,1,0.0,0.0
2026-02-11,C관(2공장),[00] 배합,조립48호기,20366.0,20366.0,100.0,1,0.0,0.0
2026-02-11,C관(2공장),[00] 배합,조립49호기,20366.0,20366.0,100.0,1,0.0,0.0
2026-02-11,C관(2공장),[00] 배합,조립50호기,20366.0,20366.0,100.0,1,0.0,0.0
2026-02-11,C관(2공장),[10] 사출조립,조립10호기,27839.0,27174.0,97.61,1,43200.0,64.44
2026-02-11,C관(2공장),[10] 사출조립,조립11호기,28948.0,28390.0,98.07,1,43200.0,67.01
2026-02-11,C관(2공장),[10] 사출조립,조립12호기,28253.0,27332.0,96.74,1,0.0,0.0
2026-02-11,C관(2공장),[10] 사출조립,조립14호기,53447.0,44973.0,84.15,1,43200.0,123.72
2026-02-11,C관(2공장),[10] 사출조립,조립15호기,22994.0,19654.0,85.47,1,43200.0,53.23
2026-02-11,C관(2공장),[10] 사출조립,조립16호기,28037.0,25976.0,92.65,1,43200.0,64.9
2026-02-11,C관(2공장),[10] 사출조립,조립17호기,37528.0,33850.0,90.2,1,43200.0,86.87
2026-02-11,C관(2공장),[10] 사출조립,조립19호기,26021.0,23790.0,91.43,1,43200.0,60.23
2026-02-11,C관(2공장),[10] 사출조립,조립20호기,24643.0,20704.0,84.02,1,43200.0,57.04
2026-02-11,C관(2공장),[10] 사출조립,조립22호기,41867.0,36905.0,88.15,1,43200.0,96.91
2026-02-11,C관(2공장),[10] 사출조립,조립24호기,34906.0,32851.0,94.11,1,43200.0,80.8
2026-02-11,C관(2공장),[10] 사출조립,조립25호기,28263.0,25668.0,90.82,1,43200.0,65.42
2026-02-11,C관(2공장),[10] 사출조립,조립26호기,16185.0,14945.0,92.34,1,43200.0,37.47
2026-02-11,C관(2공장),[10] 사출조립,조립27호기,27284.0,23764.0,87.1,1,43200.0,63.16
2026-02-11,C관(2공장),[10] 사출조립,조립40호기,40393.0,38806.0,96.07,1,43200.0,93.5
2026-02-11,C관(2공장),[10] 사출조립,조립42호기,27829.0,26094.0,93.77,1,43200.0,64.42
2026-02-11,C관(2공장),[10] 사출조립,조립44호기,13323.0,7066.0,53.04,1,43200.0,30.84
2026-02-11,C관(2공장),[10] 사출조립,조립45호기,30413.0,28402.0,93.39,1,43200.0,70.4
2026-02-11,C관(2공장),[10] 사출조립,조립46호기,12012.0,5178.0,43.11,1,43200.0,27.81
2026-02-11,C관(2공장),[10] 사출조립,조립47호기,27883.0,22481.0,80.63,1,43200.0,64.54
2026-02-11,C관(2공장),[10] 사출조립,조립48호기,25195.0,25120.0,99.7,1,43200.0,58.32
2026-02-11,C관(2공장),[10] 사출조립,조립49호기,48163.0,37640.0,78.15,1,43200.0,111.49
2026-02-11,C관(2공장),[10] 사출조립,조립50호기,28089.0,27917.0,99.39,1,43200.0,65.02
2026-02-11,C관(2공장),[10] 사출조립,조립51호기,57880.0,57822.0,99.9,1,43200.0,133.98
2026-02-11,C관(2공장),[10] 사출조립,조립52호기,42858.0,37000.0,86.33,1,43200.0,99.21
2026-02-11,C관(2공장),[10] 사출조립,조립53호기,10510.0,9036.0,85.98,1,43200.0,24.33
2026-02-11,C관(2공장),[10] 사출조립,조립54호기,20599.0,17274.0,83.86,1,43200.0,47.68
2026-02-11,C관(2공장),[10] 사출조립,조립55호기,14728.0,13576.0,92.18,1,43200.0,34.09
2026-02-11,C관(2공장),[10] 사출조립,조립56호기,29330.0,28796.0,98.18,1,43200.0,67.89
2026-02-11,C관(2공장),[10] 사출조립,조립57호기,28950.0,28942.0,99.97,1,43200.0,67.01
2026-02-11,C관(2공장),[10] 사출조립,조립58호기,22203.0,19513.0,87.88,1,43200.0,51.4
2026-02-11,C관(2공장),[10] 사출조립,조립59호기,30802.0,30208.0,98.07,1,43200.0,71.3
2026-02-11,C관(2공장),[20] 분리,분리12호기,41559.0,37218.0,89.55,1,0.0,0.0
2026-02-11,C관(2공장),[20] 분리,분리13호기,758.0,0.0,0.0,1,61715.0,1.23
2026-02-11,C관(2공장),[20] 분리,분리15호기,32594.0,27554.0,84.54,1,0.0,0.0
2026-02-11,C관(2공장),[20] 분리,분리16호기,45528.0,40682.0,89.36,1,61715.0,73.77
2026-02-11,C관(2공장),[20] 분리,분리17호기,43308.0,38248.0,88.32,1,61715.0,70.17
2026-02-11,C관(2공장),[20] 분리,분리18호기,44133.0,39919.0,90.45,1,61715.0,71.51
2026-02-11,C관(2공장),[20] 분리,분리19호기,41494.0,36997.0,89.16,1,61715.0,67.23
2026-02-11,C관(2공장),[20] 분리,분리20호기,47354.0,42142.0,88.99,1,61715.0,76.73
2026-02-11,C관(2공장),[20] 분리,분리21호기,43589.0,37847.0,86.83,1,61715.0,70.63
2026-02-11,C관(2공장),[20] 분리,분리22호기,43022.0,36156.0,84.04,1,61715.0,69.71
2026-02-11,C관(2공장),[20] 분리,분리23호기,43937.0,35631.0,81.1,1,61715.0,71.19
2026-02-11,C관(2공장),[20] 분리,분리24호기,44816.0,38708.0,86.37,1,61715.0,72.62
2026-02-11,C관(2공장),[20] 분리,분리25호기,51020.0,44431.0,87.09,1,61715.0,82.67
2026-02-11,C관(2공장),[20] 분리,분리26호기,30999.0,24747.0,79.83,1,54000.0,57.41
2026-02-11,C관(2공장),[20] 분리,분리27호기,40371.0,30855.0,76.43,1,54000.0,74.76
2026-02-11,C관(2공장),[20] 분리,분리28호기,45326.0,39093.0,86.25,1,54000.0,83.94
2026-02-11,C관(2공장),[20] 분리,분리29호기,36582.0,31429.0,85.91,1,54000.0,67.74
2026-02-11,C관(2공장),[20] 분리,분리30호기,45315.0,42954.0,94.79,1,54000.0,83.92
2026-02-11,C관(2공장),[20] 분리,분리31호기,40327.0,33965.0,84.22,1,54000.0,74.68
2026-02-11,C관(2공장),[20] 분리,분리32호기,41948.0,32172.0,76.69,1,54000.0,77.68
2026-02-11,C관(2공장),[20] 분리,분리33호기,31182.0,27750.0,88.99,1,54000.0,57.74
2026-02-11,C관(2공장),[20] 분리,분리34호기,50166.0,43326.0,86.37,1,54000.0,92.9
2026-02-11,C관(2공장),[20] 분리,분리35호기,50293.0,39227.0,78.0,1,54000.0,93.14
2026-02-11,C관(2공장),[20] 분리,분리36호기,53110.0,41519.0,78.18,1,54000.0,98.35
2026-02-11,C관(2공장),[20] 분리,분리37호기,30450.0,27978.0,91.88,1,54000.0,56.39
2026-02-11,C관(2공장),[20] 분리,분리43호기,27125.0,23437.0,86.4,1,54000.0,50.23
2026-02-11,C관(2공장),[45] 하이드레이션/전면검사,워터배스2-10호기,71109.0,71045.0,99.91,1,120000.0,59.26
2026-02-11,C관(2공장),[45] 하이드레이션/전면검사,워터배스2-11호기,80246.0,80140.0,99.87,1,150000.0,53.5
2026-02-11,C관(2공장),[45] 하이드레이션/전면검사,워터배스2-12호기,96977.0,96860.0,99.88,1,150000.0,64.65
2026-02-11,C관(2공장),[45] 하이드레이션/전면검사,워터배스2-13호기,54490.0,54420.0,99.87,1,150000.0,36.33
2026-02-11,C관(2공장),[45] 하이드레이션/전면검사,워터배스2-14호기,80498.0,80385.0,99.86,1,150000.0,53.67
2026-02-11,C관(2공장),[45] 하이드레이션/전면검사,워터배스2-1호기,79118.0,79040.0,99.9,1,120000.0,65.93
2026-02-11,C관(2공장),[45] 하이드레이션/전면검사,워터배스2-2호기,79904.0,77330.0,96.78,1,120000.0,66.59
2026-02-11,C관(2공장),[45] 하이드레이션/전면검사,워터배스2-3호기,73611.0,73550.0,99.92,1,120000.0,61.34
2026-02-11,C관(2공장),[45] 하이드레이션/전면검사,워터배스2-4호기,44784.0,44735.0,99.89,1,120000.0,37.32
2026-02-11,C관(2공장),[45] 하이드레이션/전면검사,워터배스2-5호기,52938.0,52845.0,99.82,1,120000.0,44.12
2026-02-11,C관(2공장),[45] 하이드레이션/전면검사,워터배스2-6호기,5239.0,5235.0,99.92,1,30000.0,17.46
2026-02-11,C관(2공장),[45] 하이드레이션/전면검사,워터배스2-7호기,35188.0,35165.0,99.93,1,120000.0,29.32
2026-02-11,C관(2공장),[45] 하이드레이션/전면검사,워터배스2-8호기,35807.0,35775.0,99.91,1,120000.0,29.84
2026-02-11,C관(2공장),[45] 하이드레이션/전면검사,워터배스2-9호기,53502.0,53465.0,99.93,1,120000.0,44.58
2026-02-11,C관(2공장),[55] 접착/ 멸균,검사32호기,39310.0,38765.0,98.61,1,0.0,0.0
2026-02-11,C관(2공장),[55] 접착/ 멸균,검사33호기,52575.0,51820.0,98.56,1,66462.0,79.11
2026-02-11,C관(2공장),[55] 접착/ 멸균,검사34호기,57700.0,57065.0,98.9,1,78546.0,73.46
2026-02-11,C관(2공장),[55] 접착/ 멸균,검사35호기,54415.0,53690.0,98.67,1,78546.0,69.28
2026-02-11,C관(2공장),[55] 접착/ 멸균,검사36호기,57390.0,56570.0,98.57,1,78546.0,73.07
2026-02-11,C관(2공장),[55] 접착/ 멸균,검사37호기,59595.0,58560.0,98.26,1,78546.0,75.87
2026-02-11,C관(2공장),[55] 접착/ 멸균,검사38호기,62350.0,61425.0,98.52,1,78546.0,79.38
2026-02-11,C관(2공장),[55] 접착/ 멸균,검사39호기,57470.0,56745.0,98.74,1,78546.0,73.17
2026-02-11,C관(2공장),[55] 접착/ 멸균,검사40호기,47950.0,46895.0,97.8,1,78546.0,61.05
2026-02-11,C관(2공장),[55] 접착/ 멸균,검사41호기,54740.0,53270.0,97.31,1,78546.0,69.69
2026-02-11,C관(2공장),[55] 접착/ 멸균,검사42호기,61565.0,60100.0,97.62,1,78546.0,78.38
2026-02-11,C관(2공장),[55] 접착/ 멸균,검사43호기,59575.0,58065.0,97.47,1,78546.0,75.85
2026-02-11,C관(2공장),[55] 접착/ 멸균,검사44호기,45165.0,44280.0,98.04,1,78546.0,57.5
2026-02-11,C관(2공장),[55] 접착/ 멸균,검사45호기,52710.0,51830.0,98.33,1,78546.0,67.11
2026-02-11,C관(2공장),[55] 접착/ 멸균,검사46호기,60140.0,58885.0,97.91,1,78546.0,76.57
2026-02-11,C관(2공장),[55] 접착/ 멸균,검사47호기,54350.0,53080.0,97.66,1,78546.0,69.2
2026-02-11,C관(2공장),[55] 접착/ 멸균,검사48호기,51665.0,50705.0,98.14,1,78546.0,65.78
2026-02-11,C관(2공장),[80] 누수/규격검사,누수/규격검사(2공장),882495.0,878080.0,99.5,1,720000.0,122.57
2026-02-11,S관(3공장),[00] 배합,A형 인라인2호기 - 접착,5000.0,5000.0,100.0,1,0.0,0.0
2026-02-11,S관(3공장),[00] 배합,A형 인라인5호기 - 접착,6095.9,6095.9,100.0,1,0.0,0.0
2026-02-11,S관(3공장),[00] 배합,B형 조립중합8호기,3058.0,3058.0,100.0,1,0.0,0.0
2026-02-11,S관(3공장),[00] 배합,C형 조립중합2호기,6930.0,6930.0,100.0,1,0.0,0.0
2026-02-11,S관(3공장),[10] 사출조립,A형 인라인1호기 - 접착,22390.0,22390.0,100.0,1,0.0,0.0
2026-02-11,S관(3공장),[10] 사출조립,A형 인라인2호기 - 접착,21742.0,21742.0,100.0,1,0.0,0.0
2026-02-11,S관(3공장),[10] 사출조립,A형 인라인5호기 - 접착,41141.0,41141.0,100.0,1,0.0,0.0
2026-02-11,S관(3공장),[10] 사출조립,B형 조립중합6호기,28072.0,23293.0,82.98,1,76800.0,36.55
2026-02-11,S관(3공장),[10] 사출조립,B형 조립중합8호기,22000.0,19611.0,89.14,1,0.0,0.0
2026-02-11,S관(3공장),[10] 사출조립,C형 조립중합2호기,16336.0,15153.0,92.76,1,0.0,0.0
2026-02-11,S관(3공장),[20] 분리,A형 인라인1호기 - 접착,25978.0,24388.0,93.88,1,0.0,0.0
2026-02-11,S관(3공장),[20] 분리,A형 인라인2호기 - 접착,31100.0,29608.0,95.2,1,0.0,0.0
2026-02-11,S관(3공장),[20] 분리,B형 분리3호기,12199.0,10209.0,83.69,1,0.0,0.0
2026-02-11,S관(3공장),[20] 분리,B형 분리4호기,14746.0,13443.0,91.16,1,0.0,0.0
2026-02-11,S관(3공장),[20] 분리,B형 분리5호기,22717.0,18078.0,79.58,1,0.0,0.0
2026-02-11,S관(3공장),[20] 분리,B형 분리6호기,19445.0,17060.0,87.73,1,0.0,0.0
2026-02-11,S관(3공장),[20] 분리,B형 분리7호기,14339.0,11455.0,79.89,1,0.0,0.0
2026-02-11,S관(3공장),[20] 분리,B형 분리8호기,22352.0,19997.0,89.46,1,0.0,0.0
2026-02-11,S관(3공장),[20] 분리,CAM분리2호기,11682.0,10256.0,87.79,1,39273.0,29.75
2026-02-11,S관(3공장),[20] 분리,CAM분리3호기,4851.0,4341.0,89.49,1,39273.0,12.35
2026-02-11,S관(3공장),[20] 분리,CAM분리4호기,19372.0,15506.0,80.04,1,39273.0,49.33
2026-02-11,S관(3공장),[45] 하이드레이션/전면검사,A형 인라인2호기 - 접착,20151.0,20125.0,99.87,1,0.0,0.0
2026-02-11,S관(3공장),[45] 하이드레이션/전면검사,S관 실리콘 자동수화기,184207.0,183085.0,99.39,1,240000.0,76.75
2026-02-11,S관(3공장),[55] 접착/ 멸균,A형 인라인1호기 - 접착,45093.0,43955.0,97.48,1,0.0,0.0
2026-02-11,S관(3공장),[55] 접착/ 멸균,A형 인라인2호기 - 접착,39747.0,38875.0,97.81,1,0.0,0.0
2026-02-11,S관(3공장),[55] 접착/ 멸균,A형 인라인3호기 - 접착,35782.0,35285.0,98.61,1,0.0,0.0
2026-02-11,S관(3공장),[55] 접착/ 멸균,A형 인라인4호기 - 접착,44219.0,43275.0,97.87,1,0.0,0.0
2026-02-11,S관(3공장),[55] 접착/ 멸균,A형 인라인5호기 - 접착,30788.0,29712.0,96.51,1,0.0,0.0
2026-02-11,S관(3공장),[55] 접착/ 멸균,A형 인라인6호기 - 접착,3419.0,3370.0,98.57,1,0.0,0.0
2026-02-11,S관(3공장),[80] 누수/규격검사,누수/규격검사(3공장),243245.0,241645.0,99.34,1,100645.0,241.69
2026-02-12,A관(1공장),[00] 배합,조립32호기,20000.0,20000.0,100.0,1,0.0,0.0
2026-02-12,A관(1공장),[00] 배합,조립3호기,3068.95,3068.95,100.0,1,0.0,0.0
2026-02-12,A관(1공장),[00] 배합,조립4호기,2000.0,2000.0,100.0,1,0.0,0.0
2026-02-12,A관(1공장),[00] 배합,조립8호기,3003.0,3003.0,100.0,1,0.0,0.0
2026-02-12,A관(1공장),[10] 사출조립,조립1호기,17255.0,16764.0,97.15,1,43200.0,39.94
2026-02-12,A관(1공장),[10] 사출조립,조립2호기,9453.0,7661.0,81.04,1,43200.0,21.88
2026-02-12,A관(1공장),[10] 사출조립,조립30호기,51428.0,51428.0,100.0,1,86400.0,59.52
2026-02-12,A관(1공장),[10] 사출조립,조립31호기,50063.0,50063.0,100.0,1,86400.0,57.94
2026-02-12,A관(1공장),[10] 사출조립,조립32호기,98944.0,97909.0,98.95,1,86400.0,114.52
2026-02-12,A관(1공장),[10] 사출조립,조립7호기,4269.0,4269.0,100.0,1,43200.0,9.88
2026-02-12,A관(1공장),[10] 사출조립,조립8호기,37813.0,37399.0,98.91,1,43200.0,87.53
2026-02-12,A관(1공장),[20] 분리,분리10호기,14301.0,12346.0,86.33,1,17280.0,82.76
2026-02-12,A관(1공장),[20] 분리,분리11호기,17295.0,15487.0,89.55,1,17280.0,100.09
2026-02-12,A관(1공장),[20] 분리,분리14호기,9717.0,8887.0,91.46,1,54000.0,17.99
2026-02-12,A관(1공장),[20] 분리,분리3호기,5270.0,2405.0,45.64,1,17280.0,30.5
2026-02-12,A관(1공장),[20] 분리,분리4호기,15259.0,12168.0,79.74,1,17280.0,88.3
2026-02-12,A관(1공장),[20] 분리,분리5호기,14528.0,11748.0,80.86,1,17280.0,84.07
2026-02-12,A관(1공장),[45] 하이드레이션/전면검사,1공장 실리콘수화기,34716.0,34716.0,100.0,1,0.0,0.0
2026-02-12,A관(1공장),[45] 하이드레이션/전면검사,워터배스1-2호기,6260.0,6260.0,100.0,1,30000.0,20.87
2026-02-12,A관(1공장),[45] 하이드레이션/전면검사,워터배스1-3호기,9468.0,9468.0,100.0,1,30000.0,31.56
2026-02-12,A관(1공장),[45] 하이드레이션/전면검사,워터배스1-4호기,12822.0,12822.0,100.0,1,30000.0,42.74
2026-02-12,A관(1공장),[55] 접착/ 멸균,검사10호기,8288.0,7215.0,87.05,1,13293.0,62.35
2026-02-12,A관(1공장),[55] 접착/ 멸균,검사11호기,10751.0,10078.0,93.74,1,13293.0,80.88
2026-02-12,A관(1공장),[55] 접착/ 멸균,검사14호기,10081.0,9750.0,96.72,1,13293.0,75.84
2026-02-12,A관(1공장),[55] 접착/ 멸균,검사16호기,11358.0,11064.0,97.41,1,13293.0,85.44
2026-02-12,A관(1공장),[55] 접착/ 멸균,검사17호기,1578.0,1468.0,93.03,1,13293.0,11.87
2026-02-12,A관(1공장),[55] 접착/ 멸균,검사18호기,10438.0,9477.0,90.79,1,13293.0,78.52
2026-02-12,A관(1공장),[55] 접착/ 멸균,검사20호기,5423.0,5029.0,92.73,1,13293.0,40.8
2026-02-12,A관(1공장),[55] 접착/ 멸균,검사21호기,10707.0,10455.0,97.65,1,13293.0,80.55
2026-02-12,A관(1공장),[55] 접착/ 멸균,검사22호기,2779.0,2551.0,91.8,1,13293.0,20.91
2026-02-12,A관(1공장),[55] 접착/ 멸균,검사6호기,4756.0,4334.0,91.13,1,13293.0,35.78
2026-02-12,A관(1공장),[55] 접착/ 멸균,바이알캡핑기,9776.0,8122.0,83.08,1,0.0,0.0
2026-02-12,A관(1공장),[80] 누수/규격검사,누수/규격검사(1공장),74240.0,70039.0,94.34,1,112902.0,65.76
2026-02-12,C관(2공장),[00] 배합,조립12호기,20365.95,20365.95,100.0,1,0.0,0.0
2026-02-12,C관(2공장),[00] 배합,조립13호기,20366.0,20366.0,100.0,1,0.0,0.0
2026-02-12,C관(2공장),[00] 배합,조립16호기,20366.0,20366.0,100.0,1,0.0,0.0
2026-02-12,C관(2공장),[00] 배합,조립55호기,19715.94,19715.94,100.0,1,0.0,0.0
2026-02-12,C관(2공장),[00] 배합,조립59호기,20366.0,20366.0,100.0,1,0.0,0.0
2026-02-12,C관(2공장),[10] 사출조립,조립10호기,40024.0,39791.0,99.42,1,43200.0,92.65
2026-02-12,C관(2공장),[10] 사출조립,조립11호기,27090.0,25410.0,93.8,1,43200.0,62.71
2026-02-12,C관(2공장),[10] 사출조립,조립12호기,26618.0,26436.0,99.32,1,0.0,0.0
2026-02-12,C관(2공장),[10] 사출조립,조립13호기,61935.0,60788.0,98.15,1,0.0,0.0
2026-02-12,C관(2공장),[10] 사출조립,조립14호기,27597.0,26786.0,97.06,1,43200.0,63.88
2026-02-12,C관(2공장),[10] 사출조립,조립15호기,39662.0,36810.0,92.81,1,43200.0,91.81
2026-02-12,C관(2공장),[10] 사출조립,조립16호기,22617.0,22576.0,99.82,1,43200.0,52.35
2026-02-12,C관(2공장),[10] 사출조립,조립17호기,27407.0,21731.0,79.29,1,43200.0,63.44
2026-02-12,C관(2공장),[10] 사출조립,조립19호기,21033.0,18660.0,88.72,1,43200.0,48.69
2026-02-12,C관(2공장),[10] 사출조립,조립22호기,29382.0,27610.0,93.97,1,43200.0,68.01
2026-02-12,C관(2공장),[10] 사출조립,조립23호기,50180.0,46087.0,91.84,1,43200.0,116.16
2026-02-12,C관(2공장),[10] 사출조립,조립25호기,24784.0,21678.0,87.47,1,43200.0,57.37
2026-02-12,C관(2공장),[10] 사출조립,조립26호기,12002.0,11830.0,98.57,1,43200.0,27.78
2026-02-12,C관(2공장),[10] 사출조립,조립27호기,34572.0,32760.0,94.76,1,43200.0,80.03
2026-02-12,C관(2공장),[10] 사출조립,조립42호기,36853.0,35393.0,96.04,1,43200.0,85.31
2026-02-12,C관(2공장),[10] 사출조립,조립44호기,25464.0,16606.0,65.21,1,43200.0,58.94
2026-02-12,C관(2공장),[10] 사출조립,조립45호기,31389.0,30781.0,98.06,1,43200.0,72.66
2026-02-12,C관(2공장),[10] 사출조립,조립46호기,19663.0,15975.0,81.24,1,43200.0,45.52
2026-02-12,C관(2공장),[10] 사출조립,조립47호기,43572.0,40812.0,93.67,1,43200.0,100.86
2026-02-12,C관(2공장),[10] 사출조립,조립48호기,56584.0,51251.0,90.58,1,43200.0,130.98
2026-02-12,C관(2공장),[10] 사출조립,조립49호기,15990.0,10709.0,66.97,1,43200.0,37.01
2026-02-12,C관(2공장),[10] 사출조립,조립50호기,58055.0,57862.0,99.67,1,43200.0,134.39
2026-02-12,C관(2공장),[10] 사출조립,조립52호기,28609.0,24589.0,85.95,1,43200.0,66.22
2026-02-12,C관(2공장),[10] 사출조립,조립53호기,16229.0,15557.0,95.86,1,43200.0,37.57
2026-02-12,C관(2공장),[10] 사출조립,조립55호기,12224.0,7234.0,59.18,1,43200.0,28.3
2026-02-12,C관(2공장),[10] 사출조립,조립56호기,30132.0,28995.0,96.23,1,43200.0,69.75
2026-02-12,C관(2공장),[10] 사출조립,조립57호기,24329.0,23909.0,98.27,1,43200.0,56.32
2026-02-12,C관(2공장),[10] 사출조립,조립58호기,57360.0,56640.0,98.74,1,43200.0,132.78
2026-02-12,C관(2공장),[10] 사출조립,조립59호기,29720.0,28326.0,95.31,1,43200.0,68.8
2026-02-12,C관(2공장),[20] 분리,분리12호기,48083.0,41564.0,86.44,1,0.0,0.0
2026-02-12,C관(2공장),[20] 분리,분리15호기,48667.0,43412.0,89.2,1,0.0,0.0
2026-02-12,C관(2공장),[20] 분리,분리16호기,32236.0,28564.0,88.61,1,61715.0,52.23
2026-02-12,C관(2공장),[20] 분리,분리17호기,42289.0,36675.0,86.72,1,61715.0,68.52
2026-02-12,C관(2공장),[20] 분리,분리18호기,45458.0,40499.0,89.09,1,61715.0,73.66
2026-02-12,C관(2공장),[20] 분리,분리19호기,47307.0,41384.0,87.48,1,61715.0,76.65
2026-02-12,C관(2공장),[20] 분리,분리20호기,35480.0,32508.0,91.62,1,61715.0,57.49
2026-02-12,C관(2공장),[20] 분리,분리21호기,42482.0,37499.0,88.27,1,61715.0,68.84
2026-02-12,C관(2공장),[20] 분리,분리22호기,42384.0,35134.0,82.89,1,61715.0,68.68
2026-02-12,C관(2공장),[20] 분리,분리23호기,36639.0,30263.0,82.6,1,61715.0,59.37
2026-02-12,C관(2공장),[20] 분리,분리24호기,43880.0,39938.0,91.02,1,61715.0,71.1
2026-02-12,C관(2공장),[20] 분리,분리25호기,54053.0,44634.0,82.57,1,61715.0,87.58
2026-02-12,C관(2공장),[20] 분리,분리26호기,35312.0,29616.0,83.87,1,54000.0,65.39
2026-02-12,C관(2공장),[20] 분리,분리27호기,37359.0,33826.0,90.54,1,54000.0,69.18
2026-02-12,C관(2공장),[20] 분리,분리28호기,33031.0,30085.0,91.08,1,54000.0,61.17
2026-02-12,C관(2공장),[20] 분리,분리29호기,41616.0,33772.0,81.15,1,54000.0,77.07
2026-02-12,C관(2공장),[20] 분리,분리30호기,49074.0,40965.0,83.48,1,54000.0,90.88
2026-02-12,C관(2공장),[20] 분리,분리31호기,53071.0,48750.0,91.86,1,54000.0,98.28
2026-02-12,C관(2공장),[20] 분리,분리32호기,40156.0,32582.0,81.14,1,54000.0,74.36
2026-02-12,C관(2공장),[20] 분리,분리33호기,49088.0,45707.0,93.11,1,54000.0,90.9
2026-02-12,C관(2공장),[20] 분리,분리34호기,40354.0,35881.0,88.92,1,54000.0,74.73
2026-02-12,C관(2공장),[20] 분리,분리35호기,49086.0,38950.0,79.35,1,54000.0,90.9
2026-02-12,C관(2공장),[20] 분리,분리36호기,53749.0,43605.0,81.13,1,54000.0,99.54
2026-02-12,C관(2공장),[20] 분리,분리37호기,47782.0,44030.0,92.15,1,54000.0,88.49
2026-02-12,C관(2공장),[20] 분리,분리43호기,34086.0,30258.0,88.77,1,54000.0,63.12
2026-02-12,C관(2공장),[45] 하이드레이션/전면검사,워터배스2-10호기,73237.0,73175.0,99.92,1,120000.0,61.03
2026-02-12,C관(2공장),[45] 하이드레이션/전면검사,워터배스2-11호기,55442.0,55390.0,99.91,1,150000.0,36.96
2026-02-12,C관(2공장),[45] 하이드레이션/전면검사,워터배스2-12호기,36520.0,36485.0,99.9,1,150000.0,24.35
2026-02-12,C관(2공장),[45] 하이드레이션/전면검사,워터배스2-13호기,79224.0,79130.0,99.88,1,150000.0,52.82
2026-02-12,C관(2공장),[45] 하이드레이션/전면검사,워터배스2-14호기,54042.0,53975.0,99.88,1,150000.0,36.03
2026-02-12,C관(2공장),[45] 하이드레이션/전면검사,워터배스2-1호기,105281.0,105190.0,99.91,1,120000.0,87.73
2026-02-12,C관(2공장),[45] 하이드레이션/전면검사,워터배스2-2호기,60345.0,60295.0,99.92,1,120000.0,50.29
2026-02-12,C관(2공장),[45] 하이드레이션/전면검사,워터배스2-3호기,74163.0,74100.0,99.92,1,120000.0,61.8
2026-02-12,C관(2공장),[45] 하이드레이션/전면검사,워터배스2-4호기,40381.0,40325.0,99.86,1,120000.0,33.65
2026-02-12,C관(2공장),[45] 하이드레이션/전면검사,워터배스2-5호기,59654.0,59600.0,99.91,1,120000.0,49.71
2026-02-12,C관(2공장),[45] 하이드레이션/전면검사,워터배스2-6호기,3587.0,3580.0,99.8,1,30000.0,11.96
2026-02-12,C관(2공장),[45] 하이드레이션/전면검사,워터배스2-7호기,30570.0,30530.0,99.87,1,120000.0,25.48
2026-02-12,C관(2공장),[45] 하이드레이션/전면검사,워터배스2-8호기,72657.0,72605.0,99.93,1,120000.0,60.55
2026-02-12,C관(2공장),[45] 하이드레이션/전면검사,워터배스2-9호기,73102.0,73045.0,99.92,1,120000.0,60.92
2026-02-12,C관(2공장),[55] 접착/ 멸균,검사32호기,27710.0,27190.0,98.12,1,0.0,0.0
2026-02-12,C관(2공장),[55] 접착/ 멸균,검사33호기,45135.0,44325.0,98.21,1,66462.0,67.91
2026-02-12,C관(2공장),[55] 접착/ 멸균,검사34호기,60450.0,59835.0,98.98,1,78546.0,76.96
2026-02-12,C관(2공장),[55] 접착/ 멸균,검사35호기,48820.0,48155.0,98.64,1,78546.0,62.15
2026-02-12,C관(2공장),[55] 접착/ 멸균,검사36호기,61660.0,60970.0,98.88,1,78546.0,78.5
2026-02-12,C관(2공장),[55] 접착/ 멸균,검사37호기,59660.0,58880.0,98.69,1,78546.0,75.96
2026-02-12,C관(2공장),[55] 접착/ 멸균,검사38호기,60405.0,59180.0,97.97,1,78546.0,76.9
2026-02-12,C관(2공장),[55] 접착/ 멸균,검사39호기,56960.0,56225.0,98.71,1,78546.0,72.52
2026-02-12,C관(2공장),[55] 접착/ 멸균,검사40호기,50180.0,49350.0,98.35,1,78546.0,63.89
2026-02-12,C관(2공장),[55] 접착/ 멸균,검사41호기,55165.0,53275.0,96.57,1,78546.0,70.23
2026-02-12,C관(2공장),[55] 접착/ 멸균,검사42호기,59010.0,57660.0,97.71,1,78546.0,75.13
2026-02-12,C관(2공장),[55] 접착/ 멸균,검사43호기,63125.0,61575.0,97.54,1,78546.0,80.37
2026-02-12,C관(2공장),[55] 접착/ 멸균,검사44호기,51360.0,50750.0,98.81,1,78546.0,65.39
2026-02-12,C관(2공장),[55] 접착/ 멸균,검사45호기,56950.0,55950.0,98.24,1,78546.0,72.51
2026-02-12,C관(2공장),[55] 접착/ 멸균,검사46호기,52995.0,51545.0,97.26,1,78546.0,67.47
2026-02-12,C관(2공장),[55] 접착/ 멸균,검사47호기,56760.0,55345.0,97.51,1,78546.0,72.26
2026-02-12,C관(2공장),[55] 접착/ 멸균,검사48호기,58775.0,57790.0,98.32,1,78546.0,74.83
2026-02-12,C관(2공장),[80] 누수/규격검사,누수/규격검사(2공장),922630.0,914155.0,99.08,1,720000.0,128.14
2026-02-12,S관(3공장),[00] 배합,A형 인라인2호기 - 접착,4999.0,4999.0,100.0,1,0.0,0.0
2026-02-12,S관(3공장),[00] 배합,A형 인라인5호기 - 접착,3095.92,3095.92,100.0,1,0.0,0.0
2026-02-12,S관(3공장),[00] 배합,B형 조립중합6호기,2970.0,2970.0,100.0,1,0.0,0.0
2026-02-12,S관(3공장),[00] 배합,C형 조립중합5호기,6930.0,6930.0,100.0,1,0.0,0.0
2026-02-12,S관(3공장),[10] 사출조립,A형 인라인1호기 - 접착,58497.0,58497.0,100.0,1,0.0,0.0
2026-02-12,S관(3공장),[10] 사출조립,A형 인라인2호기 - 접착,42853.0,42853.0,100.0,1,0.0,0.0
2026-02-12,S관(3공장),[10] 사출조립,A형 인라인3호기 - 접착,17225.0,17225.0,100.0,1,0.0,0.0
2026-02-12,S관(3공장),[10] 사출조립,A형 인라인5호기 - 접착,33273.0,33273.0,100.0,1,0.0,0.0
2026-02-12,S관(3공장),[10] 사출조립,C형 조립중합2호기,32424.0,30870.0,95.21,1,0.0,0.0
2026-02-12,S관(3공장),[10] 사출조립,C형 조립중합5호기,7944.0,5399.0,67.96,1,0.0,0.0
2026-02-12,S관(3공장),[20] 분리,A형 인라인1호기 - 접착,40070.0,36906.0,92.1,1,0.0,0.0
2026-02-12,S관(3공장),[20] 분리,A형 인라인2호기 - 접착,31466.0,29270.0,93.02,1,0.0,0.0
2026-02-12,S관(3공장),[20] 분리,B형 분리3호기,22851.0,19443.0,85.09,1,0.0,0.0
2026-02-12,S관(3공장),[20] 분리,B형 분리4호기,8583.0,7036.0,81.98,1,0.0,0.0
2026-02-12,S관(3공장),[20] 분리,B형 분리5호기,23264.0,20400.0,87.69,1,0.0,0.0
2026-02-12,S관(3공장),[20] 분리,B형 분리6호기,21624.0,18701.0,86.48,1,0.0,0.0
2026-02-12,S관(3공장),[20] 분리,B형 분리7호기,14988.0,11902.0,79.41,1,0.0,0.0
2026-02-12,S관(3공장),[20] 분리,B형 분리8호기,25779.0,21888.0,84.91,1,0.0,0.0
2026-02-12,S관(3공장),[20] 분리,CAM분리1호기,2182.0,1508.0,69.11,1,39273.0,5.56
2026-02-12,S관(3공장),[20] 분리,CAM분리3호기,10709.0,9229.0,86.18,1,39273.0,27.27
2026-02-12,S관(3공장),[20] 분리,CAM분리4호기,22132.0,19098.0,86.29,1,39273.0,56.35
2026-02-12,S관(3공장),[45] 하이드레이션/전면검사,A형 인라인2호기 - 접착,27818.0,27660.0,99.43,1,0.0,0.0
2026-02-12,S관(3공장),[45] 하이드레이션/전면검사,B형 분리4호기,23287.0,23205.0,99.65,1,0.0,0.0
2026-02-12,S관(3공장),[45] 하이드레이션/전면검사,B형 분리5호기,35867.0,35733.0,99.63,1,0.0,0.0
2026-02-12,S관(3공장),[45] 하이드레이션/전면검사,S관 실리콘 자동수화기,183947.0,183564.0,99.79,1,240000.0,76.64
2026-02-12,S관(3공장),[55] 접착/ 멸균,A형 인라인1호기 - 접착,40541.0,37100.0,91.51,1,0.0,0.0
2026-02-12,S관(3공장),[55] 접착/ 멸균,A형 인라인2호기 - 접착,33896.0,33310.0,98.27,1,0.0,0.0
2026-02-12,S관(3공장),[55] 접착/ 멸균,A형 인라인3호기 - 접착,48567.0,47910.0,98.65,1,0.0,0.0
2026-02-12,S관(3공장),[55] 접착/ 멸균,A형 인라인4호기 - 접착,42616.0,42040.0,98.65,1,0.0,0.0
2026-02-12,S관(3공장),[55] 접착/ 멸균,A형 인라인5호기 - 접착,36361.0,35155.0,96.68,1,0.0,0.0
2026-02-12,S관(3공장),[55] 접착/ 멸균,A형 인라인6호기 - 접착,24470.0,23905.0,97.69,1,0.0,0.0
2026-02-12,S관(3공장),[80] 누수/규격검사,누수/규격검사(3공장),201345.0,201000.0,99.83,1,100645.0,200.05
2026-02-13,A관(1공장),[00] 배합,조립1호기,2069.5,2069.5,100.0,1,0.0,0.0
2026-02-13,A관(1공장),[00] 배합,조립2호기,1024.0,1024.0,100.0,1,0.0,0.0
2026-02-13,A관(1공장),[00] 배합,조립30호기,20000.0,20000.0,100.0,1,0.0,0.0
2026-02-13,A관(1공장),[00] 배합,조립31호기,38999.869999999995,38999.869999999995,100.0,1,0.0,0.0
2026-02-13,A관(1공장),[00] 배합,조립3호기,6132.96,6132.96,100.0,1,0.0,0.0
2026-02-13,A관(1공장),[00] 배합,조립7호기,1500.0,1500.0,100.0,1,0.0,0.0
2026-02-13,A관(1공장),[00] 배합,조립8호기,989.0,989.0,100.0,1,0.0,0.0
2026-02-13,A관(1공장),[10] 사출조립,조립1호기,49602.0,48370.0,97.52,1,43200.0,114.82
2026-02-13,A관(1공장),[10] 사출조립,조립2호기,8608.0,6029.0,70.04,1,43200.0,19.93
2026-02-13,A관(1공장),[10] 사출조립,조립30호기,47436.0,47436.0,100.0,1,86400.0,54.9
2026-02-13,A관(1공장),[10] 사출조립,조립31호기,99977.0,99977.0,100.0,1,86400.0,115.71
2026-02-13,A관(1공장),[10] 사출조립,조립32호기,48123.0,48123.0,100.0,1,86400.0,55.7
2026-02-13,A관(1공장),[10] 사출조립,조립4호기,20973.0,19761.0,94.22,1,43200.0,48.55
2026-02-13,A관(1공장),[10] 사출조립,조립8호기,34712.0,32985.0,95.02,1,43200.0,80.35
2026-02-13,A관(1공장),[20] 분리,분리10호기,14890.0,13551.0,91.01,1,17280.0,86.17
2026-02-13,A관(1공장),[20] 분리,분리11호기,13822.0,11978.0,86.66,1,17280.0,79.99
2026-02-13,A관(1공장),[20] 분리,분리14호기,35517.0,29317.0,82.54,1,54000.0,65.77
2026-02-13,A관(1공장),[20] 분리,분리3호기,1772.0,1045.0,58.97,1,17280.0,10.25
2026-02-13,A관(1공장),[20] 분리,분리4호기,15301.0,12214.0,79.82,1,17280.0,88.55
2026-02-13,A관(1공장),[20] 분리,분리5호기,10057.0,8322.0,82.75,1,17280.0,58.2
2026-02-13,A관(1공장),[45] 하이드레이션/전면검사,1공장 실리콘수화기,23364.0,23364.0,100.0,1,0.0,0.0
2026-02-13,A관(1공장),[45] 하이드레이션/전면검사,워터배스1-2호기,5194.0,5194.0,100.0,1,30000.0,17.31
2026-02-13,A관(1공장),[45] 하이드레이션/전면검사,워터배스1-3호기,11673.0,11673.0,100.0,1,30000.0,38.91
2026-02-13,A관(1공장),[45] 하이드레이션/전면검사,워터배스1-4호기,3335.0,3335.0,100.0,1,30000.0,11.12
2026-02-13,A관(1공장),[45] 하이드레이션/전면검사,워터배스1-6호기,19911.0,19911.0,100.0,1,150000.0,13.27
2026-02-13,A관(1공장),[55] 접착/ 멸균,검사10호기,12505.0,11140.0,89.08,1,13293.0,94.07
2026-02-13,A관(1공장),[55] 접착/ 멸균,검사11호기,8382.0,7885.0,94.07,1,13293.0,63.06
2026-02-13,A관(1공장),[55] 접착/ 멸균,검사14호기,5907.0,4857.0,82.22,1,13293.0,44.44
2026-02-13,A관(1공장),[55] 접착/ 멸균,검사15호기,15998.0,15241.0,95.27,1,13293.0,120.35
2026-02-13,A관(1공장),[55] 접착/ 멸균,검사16호기,689.0,630.0,91.44,1,13293.0,5.18
2026-02-13,A관(1공장),[55] 접착/ 멸균,검사17호기,4560.0,4186.0,91.8,1,13293.0,34.3
2026-02-13,A관(1공장),[55] 접착/ 멸균,검사18호기,10534.0,9446.0,89.67,1,13293.0,79.24
2026-02-13,A관(1공장),[55] 접착/ 멸균,검사20호기,3159.0,2941.0,93.1,1,13293.0,23.76
2026-02-13,A관(1공장),[55] 접착/ 멸균,검사21호기,718.0,718.0,100.0,1,13293.0,5.4
2026-02-13,A관(1공장),[55] 접착/ 멸균,검사22호기,8499.0,7992.0,94.03,1,13293.0,63.94
2026-02-13,A관(1공장),[55] 접착/ 멸균,검사6호기,6021.0,5700.0,94.67,1,13293.0,45.29
2026-02-13,A관(1공장),[55] 접착/ 멸균,검사8호기,6590.0,6344.0,96.27,1,13293.0,49.57
2026-02-13,A관(1공장),[55] 접착/ 멸균,바이알캡핑기,10327.0,9131.0,88.42,1,0.0,0.0
2026-02-13,A관(1공장),[80] 누수/규격검사,누수/규격검사(1공장),81431.0,78196.0,96.03,1,112902.0,72.13
2026-02-13,C관(2공장),[00] 배합,조립14호기,20366.0,20366.0,100.0,1,0.0,0.0
2026-02-13,C관(2공장),[00] 배합,조립46호기,19716.07,19716.07,100.0,1,0.0,0.0
2026-02-13,C관(2공장),[00] 배합,조립49호기,20366.0,20366.0,100.0,1,0.0,0.0
2026-02-13,C관(2공장),[00] 배합,조립56호기,20366.0,20366.0,100.0,1,0.0,0.0
2026-02-13,C관(2공장),[00] 배합,조립58호기,20366.0,20366.0,100.0,1,0.0,0.0
2026-02-13,C관(2공장),[10] 사출조립,조립10호기,37841.0,37788.0,99.86,1,43200.0,87.59
2026-02-13,C관(2공장),[10] 사출조립,조립11호기,24685.0,24661.0,99.9,1,43200.0,57.14
2026-02-13,C관(2공장),[10] 사출조립,조립12호기,31699.0,30231.0,95.37,1,0.0,0.0
2026-02-13,C관(2공장),[10] 사출조립,조립13호기,25366.0,25116.0,99.01,1,0.0,0.0
2026-02-13,C관(2공장),[10] 사출조립,조립14호기,26292.0,19993.0,76.04,1,43200.0,60.86
2026-02-13,C관(2공장),[10] 사출조립,조립15호기,25915.0,23454.0,90.5,1,43200.0,59.99
2026-02-13,C관(2공장),[10] 사출조립,조립16호기,52903.0,50395.0,95.26,1,43200.0,122.46
2026-02-13,C관(2공장),[10] 사출조립,조립17호기,28283.0,25674.0,90.78,1,43200.0,65.47
2026-02-13,C관(2공장),[10] 사출조립,조립19호기,75499.0,71890.0,95.22,1,43200.0,174.77
2026-02-13,C관(2공장),[10] 사출조립,조립22호기,29280.0,27607.0,94.29,1,43200.0,67.78
2026-02-13,C관(2공장),[10] 사출조립,조립23호기,48230.0,39699.0,82.31,1,43200.0,111.64
2026-02-13,C관(2공장),[10] 사출조립,조립25호기,22279.0,21392.0,96.02,1,43200.0,51.57
2026-02-13,C관(2공장),[10] 사출조립,조립26호기,25060.0,23918.0,95.44,1,43200.0,58.01
2026-02-13,C관(2공장),[10] 사출조립,조립27호기,27139.0,25365.0,93.46,1,43200.0,62.82
2026-02-13,C관(2공장),[10] 사출조립,조립42호기,44547.0,42326.0,95.01,1,43200.0,103.12
2026-02-13,C관(2공장),[10] 사출조립,조립44호기,13432.0,10375.0,77.24,1,43200.0,31.09
2026-02-13,C관(2공장),[10] 사출조립,조립46호기,25312.0,23545.0,93.02,1,43200.0,58.59
2026-02-13,C관(2공장),[10] 사출조립,조립47호기,14801.0,14667.0,99.09,1,43200.0,34.26
2026-02-13,C관(2공장),[10] 사출조립,조립48호기,18856.0,14743.0,78.19,1,43200.0,43.65
2026-02-13,C관(2공장),[10] 사출조립,조립49호기,25167.0,20144.0,80.04,1,43200.0,58.26
2026-02-13,C관(2공장),[10] 사출조립,조립50호기,28237.0,28226.0,99.96,1,43200.0,65.36
2026-02-13,C관(2공장),[10] 사출조립,조립52호기,32422.0,30826.0,95.08,1,43200.0,75.05
2026-02-13,C관(2공장),[10] 사출조립,조립54호기,27448.0,16419.0,59.82,1,43200.0,63.54
2026-02-13,C관(2공장),[10] 사출조립,조립55호기,22628.0,18062.0,79.82,1,43200.0,52.38
2026-02-13,C관(2공장),[10] 사출조립,조립56호기,5010.0,4902.0,97.84,1,43200.0,11.6
2026-02-13,C관(2공장),[10] 사출조립,조립57호기,34986.0,34940.0,99.87,1,43200.0,80.99
2026-02-13,C관(2공장),[10] 사출조립,조립58호기,31630.0,30573.0,96.66,1,43200.0,73.22
2026-02-13,C관(2공장),[10] 사출조립,조립59호기,27619.0,25444.0,92.12,1,43200.0,63.93
2026-02-13,C관(2공장),[20] 분리,분리12호기,29977.0,25442.0,84.87,1,0.0,0.0
2026-02-13,C관(2공장),[20] 분리,분리15호기,16269.0,14177.0,87.14,1,0.0,0.0
2026-02-13,C관(2공장),[20] 분리,분리16호기,44462.0,39787.0,89.49,1,61715.0,72.04
2026-02-13,C관(2공장),[20] 분리,분리17호기,41426.0,32790.0,79.15,1,61715.0,67.12
2026-02-13,C관(2공장),[20] 분리,분리18호기,40494.0,35569.0,87.84,1,61715.0,65.61
2026-02-13,C관(2공장),[20] 분리,분리19호기,41578.0,36219.0,87.11,1,61715.0,67.37
2026-02-13,C관(2공장),[20] 분리,분리20호기,28032.0,25895.0,92.38,1,61715.0,45.42
2026-02-13,C관(2공장),[20] 분리,분리21호기,30085.0,27206.0,90.43,1,61715.0,48.75
2026-02-13,C관(2공장),[20] 분리,분리22호기,45926.0,39151.0,85.25,1,61715.0,74.42
2026-02-13,C관(2공장),[20] 분리,분리23호기,43414.0,36499.0,84.07,1,61715.0,70.35
2026-02-13,C관(2공장),[20] 분리,분리24호기,36691.0,34275.0,93.42,1,61715.0,59.45
2026-02-13,C관(2공장),[20] 분리,분리25호기,48642.0,39255.0,80.7,1,61715.0,78.82
2026-02-13,C관(2공장),[20] 분리,분리26호기,41060.0,34614.0,84.3,1,54000.0,76.04
2026-02-13,C관(2공장),[20] 분리,분리27호기,44742.0,41274.0,92.25,1,54000.0,82.86
2026-02-13,C관(2공장),[20] 분리,분리28호기,42166.0,37581.0,89.13,1,54000.0,78.09
2026-02-13,C관(2공장),[20] 분리,분리29호기,28026.0,24538.0,87.55,1,54000.0,51.9
2026-02-13,C관(2공장),[20] 분리,분리30호기,47984.0,41729.0,86.96,1,54000.0,88.86
2026-02-13,C관(2공장),[20] 분리,분리31호기,45912.0,42995.0,93.65,1,54000.0,85.02
2026-02-13,C관(2공장),[20] 분리,분리32호기,25734.0,18968.0,73.71,1,54000.0,47.66
2026-02-13,C관(2공장),[20] 분리,분리33호기,51682.0,47890.0,92.66,1,54000.0,95.71
2026-02-13,C관(2공장),[20] 분리,분리34호기,43804.0,36628.0,83.62,1,54000.0,81.12
2026-02-13,C관(2공장),[20] 분리,분리35호기,50431.0,39384.0,78.09,1,54000.0,93.39
2026-02-13,C관(2공장),[20] 분리,분리36호기,51835.0,43170.0,83.28,1,54000.0,95.99
2026-02-13,C관(2공장),[20] 분리,분리37호기,16675.0,15343.0,92.01,1,54000.0,30.88
2026-02-13,C관(2공장),[20] 분리,분리43호기,43779.0,35346.0,80.74,1,54000.0,81.07
2026-02-13,C관(2공장),[45] 하이드레이션/전면검사,워터배스2-10호기,70698.0,70640.0,99.92,1,120000.0,58.91
2026-02-13,C관(2공장),[45] 하이드레이션/전면검사,워터배스2-11호기,52178.0,52135.0,99.92,1,150000.0,34.79
2026-02-13,C관(2공장),[45] 하이드레이션/전면검사,워터배스2-12호기,53173.0,53135.0,99.93,1,150000.0,35.45
2026-02-13,C관(2공장),[45] 하이드레이션/전면검사,워터배스2-13호기,70801.0,70720.0,99.89,1,150000.0,47.2
2026-02-13,C관(2공장),[45] 하이드레이션/전면검사,워터배스2-14호기,51079.0,51025.0,99.89,1,150000.0,34.05
2026-02-13,C관(2공장),[45] 하이드레이션/전면검사,워터배스2-1호기,37931.0,37905.0,99.93,1,120000.0,31.61
2026-02-13,C관(2공장),[45] 하이드레이션/전면검사,워터배스2-2호기,57737.0,57680.0,99.9,1,120000.0,48.11
2026-02-13,C관(2공장),[45] 하이드레이션/전면검사,워터배스2-3호기,60997.0,60955.0,99.93,1,120000.0,50.83
2026-02-13,C관(2공장),[45] 하이드레이션/전면검사,워터배스2-4호기,63198.0,63140.0,99.91,1,120000.0,52.66
2026-02-13,C관(2공장),[45] 하이드레이션/전면검사,워터배스2-5호기,69431.0,69345.0,99.88,1,120000.0,57.86
2026-02-13,C관(2공장),[45] 하이드레이션/전면검사,워터배스2-7호기,71716.0,71665.0,99.93,1,120000.0,59.76
2026-02-13,C관(2공장),[45] 하이드레이션/전면검사,워터배스2-8호기,52628.0,52595.0,99.94,1,120000.0,43.86
2026-02-13,C관(2공장),[45] 하이드레이션/전면검사,워터배스2-9호기,70883.0,68135.0,96.12,1,120000.0,59.07
2026-02-13,C관(2공장),[55] 접착/ 멸균,검사32호기,38635.0,37850.0,97.97,1,0.0,0.0
2026-02-13,C관(2공장),[55] 접착/ 멸균,검사33호기,43640.0,42840.0,98.17,1,66462.0,65.66
2026-02-13,C관(2공장),[55] 접착/ 멸균,검사34호기,54745.0,54050.0,98.73,1,78546.0,69.7
2026-02-13,C관(2공장),[55] 접착/ 멸균,검사35호기,53115.0,52380.0,98.62,1,78546.0,67.62
2026-02-13,C관(2공장),[55] 접착/ 멸균,검사36호기,63560.0,62910.0,98.98,1,78546.0,80.92
2026-02-13,C관(2공장),[55] 접착/ 멸균,검사37호기,59510.0,58710.0,98.66,1,78546.0,75.76
2026-02-13,C관(2공장),[55] 접착/ 멸균,검사38호기,53110.0,51930.0,97.78,1,78546.0,67.62
2026-02-13,C관(2공장),[55] 접착/ 멸균,검사39호기,53835.0,52900.0,98.26,1,78546.0,68.54
2026-02-13,C관(2공장),[55] 접착/ 멸균,검사40호기,49315.0,48655.0,98.66,1,78546.0,62.78
2026-02-13,C관(2공장),[55] 접착/ 멸균,검사41호기,53410.0,52000.0,97.36,1,78546.0,68.0
2026-02-13,C관(2공장),[55] 접착/ 멸균,검사42호기,57740.0,56780.0,98.34,1,78546.0,73.51
2026-02-13,C관(2공장),[55] 접착/ 멸균,검사43호기,35455.0,34695.0,97.86,1,78546.0,45.14
2026-02-13,C관(2공장),[55] 접착/ 멸균,검사44호기,43265.0,42720.0,98.74,1,78546.0,55.08
2026-02-13,C관(2공장),[55] 접착/ 멸균,검사45호기,50260.0,49350.0,98.19,1,78546.0,63.99
2026-02-13,C관(2공장),[55] 접착/ 멸균,검사46호기,53690.0,52255.0,97.33,1,78546.0,68.35
2026-02-13,C관(2공장),[55] 접착/ 멸균,검사47호기,57715.0,56640.0,98.14,1,78546.0,73.48
2026-02-13,C관(2공장),[55] 접착/ 멸균,검사48호기,54050.0,52855.0,97.79,1,78546.0,68.81
2026-02-13,C관(2공장),[80] 누수/규격검사,누수/규격검사(2공장),847675.0,842030.0,99.33,1,720000.0,117.73
2026-02-13,S관(3공장),[00] 배합,A형 인라인1호기 - 접착,6999.0,6999.0,100.0,1,0.0,0.0
2026-02-13,S관(3공장),[00] 배합,A형 인라인5호기 - 접착,2063.9,2063.9,100.0,1,0.0,0.0
2026-02-13,S관(3공장),[00] 배합,C형 조립중합5호기,9900.0,9900.0,100.0,1,0.0,0.0
2026-02-13,S관(3공장),[10] 사출조립,A형 인라인1호기 - 접착,42367.0,42367.0,100.0,1,0.0,0.0
2026-02-13,S관(3공장),[10] 사출조립,A형 인라인2호기 - 접착,53513.0,53513.0,100.0,1,0.0,0.0
2026-02-13,S관(3공장),[10] 사출조립,A형 인라인3호기 - 접착,21106.0,21106.0,100.0,1,0.0,0.0
2026-02-13,S관(3공장),[10] 사출조립,A형 인라인5호기 - 접착,20927.0,20927.0,100.0,1,0.0,0.0
2026-02-13,S관(3공장),[10] 사출조립,B형 조립중합6호기,18800.0,14000.0,74.47,1,76800.0,24.48
2026-02-13,S관(3공장),[10] 사출조립,C형 조립중합2호기,28110.0,26208.0,93.23,1,0.0,0.0
2026-02-13,S관(3공장),[10] 사출조립,C형 조립중합5호기,16840.0,16259.0,96.55,1,0.0,0.0
2026-02-13,S관(3공장),[20] 분리,A형 인라인1호기 - 접착,30371.0,29219.0,96.21,1,0.0,0.0
2026-02-13,S관(3공장),[20] 분리,A형 인라인2호기 - 접착,28678.0,27318.0,95.26,1,0.0,0.0
2026-02-13,S관(3공장),[20] 분리,A형 인라인3호기 - 접착,10035.0,9383.0,93.5,1,0.0,0.0
2026-02-13,S관(3공장),[20] 분리,B형 분리3호기,22895.0,18582.0,81.16,1,0.0,0.0
2026-02-13,S관(3공장),[20] 분리,B형 분리4호기,22765.0,20040.0,88.03,1,0.0,0.0
2026-02-13,S관(3공장),[20] 분리,B형 분리5호기,14364.0,12799.0,89.1,1,0.0,0.0
2026-02-13,S관(3공장),[20] 분리,B형 분리6호기,16122.0,13408.0,83.17,1,0.0,0.0
2026-02-13,S관(3공장),[20] 분리,B형 분리7호기,12183.0,10307.0,84.6,1,0.0,0.0
2026-02-13,S관(3공장),[20] 분리,B형 분리8호기,13379.0,9903.0,74.02,1,0.0,0.0
2026-02-13,S관(3공장),[20] 분리,CAM분리3호기,21561.0,19501.0,90.45,1,39273.0,54.9
2026-02-13,S관(3공장),[20] 분리,CAM분리4호기,22490.0,19674.0,87.48,1,39273.0,57.27
2026-02-13,S관(3공장),[45] 하이드레이션/전면검사,A형 인라인2호기 - 접착,30801.0,30784.0,99.94,1,0.0,0.0
2026-02-13,S관(3공장),[45] 하이드레이션/전면검사,B형 분리4호기,34777.0,34653.0,99.64,1,0.0,0.0
2026-02-13,S관(3공장),[45] 하이드레이션/전면검사,B형 분리5호기,27865.0,27809.0,99.8,1,0.0,0.0
2026-02-13,S관(3공장),[45] 하이드레이션/전면검사,S관 실리콘 자동수화기,167323.0,166590.0,99.56,1,240000.0,69.72
2026-02-13,S관(3공장),[55] 접착/ 멸균,A형 인라인1호기 - 접착,40824.0,37990.0,93.06,1,0.0,0.0
2026-02-13,S관(3공장),[55] 접착/ 멸균,A형 인라인2호기 - 접착,43780.0,42625.0,97.36,1,0.0,0.0
2026-02-13,S관(3공장),[55] 접착/ 멸균,A형 인라인3호기 - 접착,35364.0,34515.0,97.6,1,0.0,0.0
2026-02-13,S관(3공장),[55] 접착/ 멸균,A형 인라인4호기 - 접착,32768.0,31655.0,96.6,1,0.0,0.0
2026-02-13,S관(3공장),[55] 접착/ 멸균,A형 인라인5호기 - 접착,27231.0,26495.0,97.3,1,0.0,0.0
2026-02-13,S관(3공장),[55] 접착/ 멸균,A형 인라인6호기 - 접착,36286.0,35418.0,97.61,1,0.0,0.0
2026-02-13,S관(3공장),[80] 누수/규격검사,누수/규격검사(3공장),207555.0,206110.0,99.3,1,100645.0,206.22
2026-02-14,A관(1공장),[00] 배합,조립2호기,2047.93,2047.93,100.0,1,0.0,0.0
2026-02-14,A관(1공장),[00] 배합,조립3호기,6132.91,6132.91,100.0,1,0.0,0.0
2026-02-14,A관(1공장),[00] 배합,조립4호기,3000.0,3000.0,100.0,1,0.0,0.0
2026-02-14,A관(1공장),[00] 배합,조립8호기,4947.47,4947.47,100.0,1,0.0,0.0
2026-02-14,A관(1공장),[10] 사출조립,조립1호기,35520.0,34791.0,97.95,1,43200.0,82.22
2026-02-14,A관(1공장),[10] 사출조립,조립2호기,9218.0,6957.0,75.47,1,43200.0,21.34
2026-02-14,A관(1공장),[10] 사출조립,조립30호기,103964.0,102291.0,98.39,1,86400.0,120.33
2026-02-14,A관(1공장),[10] 사출조립,조립31호기,56895.0,56895.0,100.0,1,86400.0,65.85
2026-02-14,A관(1공장),[10] 사출조립,조립32호기,49050.0,49050.0,100.0,1,86400.0,56.77
2026-02-14,A관(1공장),[10] 사출조립,조립3호기,18221.0,16989.0,93.24,1,43200.0,42.18
2026-02-14,A관(1공장),[10] 사출조립,조립4호기,35377.0,33668.0,95.17,1,43200.0,81.89
2026-02-14,A관(1공장),[10] 사출조립,조립5호기,17160.0,17160.0,100.0,1,43200.0,39.72
2026-02-14,A관(1공장),[10] 사출조립,조립8호기,21452.0,19404.0,90.45,1,43200.0,49.66
2026-02-14,A관(1공장),[20] 분리,분리10호기,14232.0,13122.0,92.2,1,17280.0,82.36
2026-02-14,A관(1공장),[20] 분리,분리11호기,17743.0,15951.0,89.9,1,17280.0,102.68
2026-02-14,A관(1공장),[20] 분리,분리14호기,32539.0,27518.0,84.57,1,54000.0,60.26
2026-02-14,A관(1공장),[20] 분리,분리3호기,2998.0,2307.0,76.95,1,17280.0,17.35
2026-02-14,A관(1공장),[20] 분리,분리4호기,15378.0,13610.0,88.5,1,17280.0,88.99
2026-02-14,A관(1공장),[20] 분리,분리5호기,11008.0,8595.0,78.08,1,17280.0,63.7
2026-02-14,A관(1공장),[45] 하이드레이션/전면검사,1공장 실리콘수화기,6917.0,6917.0,100.0,1,0.0,0.0
2026-02-14,A관(1공장),[45] 하이드레이션/전면검사,워터배스1-2호기,6584.0,6584.0,100.0,1,30000.0,21.95
2026-02-14,A관(1공장),[45] 하이드레이션/전면검사,워터배스1-3호기,9368.0,9368.0,100.0,1,30000.0,31.23
2026-02-14,A관(1공장),[45] 하이드레이션/전면검사,워터배스1-4호기,1114.0,1114.0,100.0,1,30000.0,3.71
2026-02-14,A관(1공장),[45] 하이드레이션/전면검사,워터배스1-5호기,22480.0,22107.0,98.34,1,150000.0,14.99
2026-02-14,A관(1공장),[55] 접착/ 멸균,검사10호기,9828.0,8366.0,85.12,1,13293.0,73.93
2026-02-14,A관(1공장),[55] 접착/ 멸균,검사11호기,9863.0,9193.0,93.21,1,13293.0,74.2
2026-02-14,A관(1공장),[55] 접착/ 멸균,검사14호기,9007.0,8377.0,93.01,1,13293.0,67.76
2026-02-14,A관(1공장),[55] 접착/ 멸균,검사15호기,6665.0,6192.0,92.9,1,13293.0,50.14
2026-02-14,A관(1공장),[55] 접착/ 멸균,검사16호기,4318.0,4016.0,93.01,1,13293.0,32.48
2026-02-14,A관(1공장),[55] 접착/ 멸균,검사17호기,4070.0,3654.0,89.78,1,13293.0,30.62
2026-02-14,A관(1공장),[55] 접착/ 멸균,검사18호기,9626.0,8326.0,86.49,1,13293.0,72.41
2026-02-14,A관(1공장),[55] 접착/ 멸균,검사19호기,6340.0,5684.0,89.65,1,13293.0,47.69
2026-02-14,A관(1공장),[55] 접착/ 멸균,검사20호기,4418.0,4206.0,95.2,1,13293.0,33.24
2026-02-14,A관(1공장),[55] 접착/ 멸균,검사21호기,1209.0,1201.0,99.34,1,13293.0,9.1
2026-02-14,A관(1공장),[55] 접착/ 멸균,검사22호기,7616.0,7483.0,98.25,1,13293.0,57.29
2026-02-14,A관(1공장),[55] 접착/ 멸균,검사6호기,11833.0,10944.0,92.49,1,13293.0,89.02
2026-02-14,A관(1공장),[55] 접착/ 멸균,검사8호기,2227.0,990.0,44.45,1,13293.0,16.75
2026-02-14,A관(1공장),[55] 접착/ 멸균,바이알캡핑기,11305.0,10067.0,89.05,1,0.0,0.0
2026-02-14,A관(1공장),[80] 누수/규격검사,누수/규격검사(1공장),84410.0,80848.0,95.78,1,112902.0,74.76
2026-02-14,C관(2공장),[00] 배합,조립44호기,19916.0,19916.0,100.0,1,0.0,0.0
2026-02-14,C관(2공장),[00] 배합,조립48호기,20366.0,20366.0,100.0,1,0.0,0.0
2026-02-14,C관(2공장),[00] 배합,조립56호기,20366.0,20366.0,100.0,1,0.0,0.0
2026-02-14,C관(2공장),[10] 사출조립,조립10호기,30413.0,30199.0,99.3,1,43200.0,70.4
2026-02-14,C관(2공장),[10] 사출조립,조립11호기,47504.0,43562.0,91.7,1,43200.0,109.96
2026-02-14,C관(2공장),[10] 사출조립,조립12호기,58907.0,58755.0,99.74,1,0.0,0.0
2026-02-14,C관(2공장),[10] 사출조립,조립13호기,23120.0,23066.0,99.77,1,0.0,0.0
2026-02-14,C관(2공장),[10] 사출조립,조립14호기,21442.0,15875.0,74.04,1,43200.0,49.63
2026-02-14,C관(2공장),[10] 사출조립,조립15호기,51721.0,47231.0,91.32,1,43200.0,119.72
2026-02-14,C관(2공장),[10] 사출조립,조립16호기,29182.0,28561.0,97.87,1,43200.0,67.55
2026-02-14,C관(2공장),[10] 사출조립,조립17호기,22551.0,20915.0,92.75,1,43200.0,52.2
2026-02-14,C관(2공장),[10] 사출조립,조립19호기,28252.0,27779.0,98.33,1,43200.0,65.4
2026-02-14,C관(2공장),[10] 사출조립,조립22호기,28119.0,25657.0,91.24,1,43200.0,65.09
2026-02-14,C관(2공장),[10] 사출조립,조립23호기,29340.0,27800.0,94.75,1,43200.0,67.92
2026-02-14,C관(2공장),[10] 사출조립,조립24호기,39953.0,36877.0,92.3,1,43200.0,92.48
2026-02-14,C관(2공장),[10] 사출조립,조립25호기,29138.0,26672.0,91.54,1,43200.0,67.45
2026-02-14,C관(2공장),[10] 사출조립,조립26호기,58783.0,55557.0,94.51,1,43200.0,136.07
2026-02-14,C관(2공장),[10] 사출조립,조립27호기,14780.0,13414.0,90.76,1,43200.0,34.21
2026-02-14,C관(2공장),[10] 사출조립,조립40호기,36634.0,35255.0,96.24,1,43200.0,84.8
2026-02-14,C관(2공장),[10] 사출조립,조립42호기,16690.0,16650.0,99.76,1,43200.0,38.63
2026-02-14,C관(2공장),[10] 사출조립,조립44호기,9674.0,7705.0,79.65,1,43200.0,22.39
2026-02-14,C관(2공장),[10] 사출조립,조립46호기,16468.0,14784.0,89.77,1,43200.0,38.12
2026-02-14,C관(2공장),[10] 사출조립,조립47호기,18167.0,16079.0,88.51,1,43200.0,42.05
2026-02-14,C관(2공장),[10] 사출조립,조립48호기,9662.0,7160.0,74.1,1,43200.0,22.37
2026-02-14,C관(2공장),[10] 사출조립,조립49호기,25439.0,23043.0,90.58,1,43200.0,58.89
2026-02-14,C관(2공장),[10] 사출조립,조립50호기,59472.0,57152.0,96.1,1,43200.0,137.67
2026-02-14,C관(2공장),[10] 사출조립,조립51호기,19784.0,13063.0,66.03,1,43200.0,45.8
2026-02-14,C관(2공장),[10] 사출조립,조립52호기,28884.0,28049.0,97.11,1,43200.0,66.86
2026-02-14,C관(2공장),[10] 사출조립,조립53호기,58073.0,57475.0,98.97,1,43200.0,134.43
2026-02-14,C관(2공장),[10] 사출조립,조립54호기,25966.0,20476.0,78.86,1,43200.0,60.11
2026-02-14,C관(2공장),[10] 사출조립,조립55호기,25343.0,23676.0,93.42,1,43200.0,58.66
2026-02-14,C관(2공장),[10] 사출조립,조립56호기,40066.0,38315.0,95.63,1,43200.0,92.75
2026-02-14,C관(2공장),[10] 사출조립,조립57호기,28935.0,28799.0,99.53,1,43200.0,66.98
2026-02-14,C관(2공장),[10] 사출조립,조립59호기,54933.0,53408.0,97.22,1,43200.0,127.16
2026-02-14,C관(2공장),[20] 분리,분리12호기,44266.0,39281.0,88.74,1,0.0,0.0
2026-02-14,C관(2공장),[20] 분리,분리15호기,35194.0,31763.0,90.25,1,0.0,0.0
2026-02-14,C관(2공장),[20] 분리,분리16호기,47917.0,41610.0,86.84,1,61715.0,77.64
2026-02-14,C관(2공장),[20] 분리,분리17호기,33498.0,29096.0,86.86,1,61715.0,54.28
2026-02-14,C관(2공장),[20] 분리,분리18호기,34948.0,31782.0,90.94,1,61715.0,56.63
2026-02-14,C관(2공장),[20] 분리,분리19호기,17068.0,14063.0,82.39,1,61715.0,27.66
2026-02-14,C관(2공장),[20] 분리,분리20호기,19122.0,17734.0,92.74,1,61715.0,30.98
2026-02-14,C관(2공장),[20] 분리,분리21호기,41814.0,38284.0,91.56,1,61715.0,67.75
2026-02-14,C관(2공장),[20] 분리,분리22호기,45322.0,38447.0,84.83,1,61715.0,73.44
2026-02-14,C관(2공장),[20] 분리,분리23호기,44949.0,37964.0,84.46,1,61715.0,72.83
2026-02-14,C관(2공장),[20] 분리,분리24호기,16927.0,16200.0,95.71,1,61715.0,27.43
2026-02-14,C관(2공장),[20] 분리,분리25호기,42925.0,34734.0,80.92,1,61715.0,69.55
2026-02-14,C관(2공장),[20] 분리,분리26호기,29095.0,23550.0,80.94,1,54000.0,53.88
2026-02-14,C관(2공장),[20] 분리,분리27호기,44326.0,40369.0,91.07,1,54000.0,82.09
2026-02-14,C관(2공장),[20] 분리,분리28호기,43152.0,39003.0,90.39,1,54000.0,79.91
2026-02-14,C관(2공장),[20] 분리,분리29호기,17408.0,14334.0,82.34,1,54000.0,32.24
2026-02-14,C관(2공장),[20] 분리,분리30호기,34765.0,31280.0,89.98,1,54000.0,64.38
2026-02-14,C관(2공장),[20] 분리,분리31호기,32958.0,31065.0,94.26,1,54000.0,61.03
2026-02-14,C관(2공장),[20] 분리,분리32호기,34389.0,27097.0,78.8,1,54000.0,63.68
2026-02-14,C관(2공장),[20] 분리,분리33호기,42636.0,39604.0,92.89,1,54000.0,78.96
2026-02-14,C관(2공장),[20] 분리,분리34호기,50253.0,42482.0,84.54,1,54000.0,93.06
2026-02-14,C관(2공장),[20] 분리,분리35호기,53256.0,43613.0,81.89,1,54000.0,98.62
2026-02-14,C관(2공장),[20] 분리,분리36호기,51835.0,43056.0,83.06,1,54000.0,95.99
2026-02-14,C관(2공장),[20] 분리,분리37호기,8731.0,8197.0,93.88,1,54000.0,16.17
2026-02-14,C관(2공장),[20] 분리,분리43호기,45911.0,35906.0,78.21,1,54000.0,85.02
2026-02-14,C관(2공장),[45] 하이드레이션/전면검사,워터배스2-10호기,51389.0,51355.0,99.93,1,120000.0,42.82
2026-02-14,C관(2공장),[45] 하이드레이션/전면검사,워터배스2-11호기,51206.0,49210.0,96.1,1,150000.0,34.14
2026-02-14,C관(2공장),[45] 하이드레이션/전면검사,워터배스2-12호기,61375.0,61320.0,99.91,1,150000.0,40.92
2026-02-14,C관(2공장),[45] 하이드레이션/전면검사,워터배스2-13호기,56349.0,56315.0,99.94,1,150000.0,37.57
2026-02-14,C관(2공장),[45] 하이드레이션/전면검사,워터배스2-14호기,64792.0,64740.0,99.92,1,150000.0,43.19
2026-02-14,C관(2공장),[45] 하이드레이션/전면검사,워터배스2-1호기,53554.0,53510.0,99.92,1,120000.0,44.63
2026-02-14,C관(2공장),[45] 하이드레이션/전면검사,워터배스2-2호기,31504.0,31485.0,99.94,1,120000.0,26.25
2026-02-14,C관(2공장),[45] 하이드레이션/전면검사,워터배스2-3호기,51645.0,51585.0,99.88,1,120000.0,43.04
2026-02-14,C관(2공장),[45] 하이드레이션/전면검사,워터배스2-4호기,56300.0,56245.0,99.9,1,120000.0,46.92
2026-02-14,C관(2공장),[45] 하이드레이션/전면검사,워터배스2-5호기,51261.0,51230.0,99.94,1,120000.0,42.72
2026-02-14,C관(2공장),[45] 하이드레이션/전면검사,워터배스2-6호기,5977.0,5955.0,99.63,1,30000.0,19.92
2026-02-14,C관(2공장),[45] 하이드레이션/전면검사,워터배스2-7호기,33731.0,33700.0,99.91,1,120000.0,28.11
2026-02-14,C관(2공장),[45] 하이드레이션/전면검사,워터배스2-8호기,32632.0,32610.0,99.93,1,120000.0,27.19
2026-02-14,C관(2공장),[45] 하이드레이션/전면검사,워터배스2-9호기,72131.0,72075.0,99.92,1,120000.0,60.11
2026-02-14,C관(2공장),[55] 접착/ 멸균,검사32호기,42805.0,41950.0,98.0,1,0.0,0.0
2026-02-14,C관(2공장),[55] 접착/ 멸균,검사33호기,55845.0,54795.0,98.12,1,66462.0,84.03
2026-02-14,C관(2공장),[55] 접착/ 멸균,검사34호기,57090.0,56420.0,98.83,1,78546.0,72.68
2026-02-14,C관(2공장),[55] 접착/ 멸균,검사35호기,56380.0,55645.0,98.7,1,78546.0,71.78
2026-02-14,C관(2공장),[55] 접착/ 멸균,검사36호기,68010.0,67450.0,99.18,1,78546.0,86.59
2026-02-14,C관(2공장),[55] 접착/ 멸균,검사37호기,59715.0,58795.0,98.46,1,78546.0,76.03
2026-02-14,C관(2공장),[55] 접착/ 멸균,검사38호기,51000.0,49870.0,97.78,1,78546.0,64.93
2026-02-14,C관(2공장),[55] 접착/ 멸균,검사39호기,60395.0,59770.0,98.97,1,78546.0,76.89
2026-02-14,C관(2공장),[55] 접착/ 멸균,검사40호기,50135.0,48270.0,96.28,1,78546.0,63.83
2026-02-14,C관(2공장),[55] 접착/ 멸균,검사41호기,54410.0,52935.0,97.29,1,78546.0,69.27
2026-02-14,C관(2공장),[55] 접착/ 멸균,검사42호기,54865.0,53865.0,98.18,1,78546.0,69.85
2026-02-14,C관(2공장),[55] 접착/ 멸균,검사43호기,56565.0,55815.0,98.67,1,78546.0,72.02
2026-02-14,C관(2공장),[55] 접착/ 멸균,검사44호기,57735.0,57125.0,98.94,1,78546.0,73.5
2026-02-14,C관(2공장),[55] 접착/ 멸균,검사45호기,55855.0,54955.0,98.39,1,78546.0,71.11
2026-02-14,C관(2공장),[55] 접착/ 멸균,검사46호기,50510.0,49665.0,98.33,1,78546.0,64.31
2026-02-14,C관(2공장),[55] 접착/ 멸균,검사47호기,54405.0,53040.0,97.49,1,78546.0,69.27
2026-02-14,C관(2공장),[55] 접착/ 멸균,검사48호기,52875.0,52100.0,98.53,1,78546.0,67.32
2026-02-14,C관(2공장),[80] 누수/규격검사,누수/규격검사(2공장),865990.0,860165.0,99.33,1,720000.0,120.28
2026-02-14,S관(3공장),[00] 배합,A형 인라인3호기 - 접착,15998.0,15998.0,100.0,1,0.0,0.0
2026-02-14,S관(3공장),[00] 배합,A형 인라인5호기 - 접착,5159.91,5159.91,100.0,1,0.0,0.0
2026-02-14,S관(3공장),[00] 배합,B형 조립중합6호기,7920.0,7920.0,100.0,1,0.0,0.0
2026-02-14,S관(3공장),[00] 배합,C형 조립중합5호기,14850.0,14850.0,100.0,1,0.0,0.0
2026-02-14,S관(3공장),[10] 사출조립,A형 인라인1호기 - 접착,20951.0,20951.0,100.0,1,0.0,0.0
2026-02-14,S관(3공장),[10] 사출조립,A형 인라인2호기 - 접착,42381.0,42381.0,100.0,1,0.0,0.0
2026-02-14,S관(3공장),[10] 사출조립,A형 인라인3호기 - 접착,40972.0,40972.0,100.0,1,0.0,0.0
2026-02-14,S관(3공장),[10] 사출조립,A형 인라인5호기 - 접착,35577.0,35577.0,100.0,1,0.0,0.0
2026-02-14,S관(3공장),[10] 사출조립,B형 조립중합8호기,8312.0,8254.0,99.3,1,0.0,0.0
2026-02-14,S관(3공장),[10] 사출조립,C형 조립중합2호기,15478.0,14163.0,91.5,1,0.0,0.0
2026-02-14,S관(3공장),[10] 사출조립,C형 조립중합5호기,49905.0,44147.0,88.46,1,0.0,0.0
2026-02-14,S관(3공장),[20] 분리,A형 인라인1호기 - 접착,15268.0,14596.0,95.6,1,0.0,0.0
2026-02-14,S관(3공장),[20] 분리,A형 인라인2호기 - 접착,25500.0,24490.0,96.04,1,0.0,0.0
2026-02-14,S관(3공장),[20] 분리,A형 인라인3호기 - 접착,12747.0,11912.0,93.45,1,0.0,0.0
2026-02-14,S관(3공장),[20] 분리,B형 분리3호기,15792.0,12824.0,81.21,1,0.0,0.0
2026-02-14,S관(3공장),[20] 분리,B형 분리4호기,18501.0,15718.0,84.96,1,0.0,0.0
2026-02-14,S관(3공장),[20] 분리,B형 분리5호기,5576.0,3434.0,61.59,1,0.0,0.0
2026-02-14,S관(3공장),[20] 분리,B형 분리6호기,4942.0,4451.0,90.06,1,0.0,0.0
2026-02-14,S관(3공장),[20] 분리,B형 분리7호기,16239.0,13611.0,83.82,1,0.0,0.0
2026-02-14,S관(3공장),[20] 분리,B형 분리8호기,23457.0,18520.0,78.95,1,0.0,0.0
2026-02-14,S관(3공장),[20] 분리,CAM분리2호기,10896.0,9036.0,82.93,1,39273.0,27.74
2026-02-14,S관(3공장),[20] 분리,CAM분리3호기,15843.0,13596.0,85.82,1,39273.0,40.34
2026-02-14,S관(3공장),[20] 분리,CAM분리4호기,10867.0,9116.0,83.89,1,39273.0,27.67
2026-02-14,S관(3공장),[45] 하이드레이션/전면검사,A형 인라인2호기 - 접착,30235.0,30188.0,99.84,1,0.0,0.0
2026-02-14,S관(3공장),[45] 하이드레이션/전면검사,B형 분리4호기,20054.0,19974.0,99.6,1,0.0,0.0
2026-02-14,S관(3공장),[45] 하이드레이션/전면검사,B형 분리5호기,7349.0,7340.0,99.88,1,0.0,0.0
2026-02-14,S관(3공장),[45] 하이드레이션/전면검사,S관 실리콘 자동수화기,117915.0,117676.0,99.8,1,240000.0,49.13
2026-02-14,S관(3공장),[55] 접착/ 멸균,A형 인라인1호기 - 접착,36322.0,34120.0,93.94,1,0.0,0.0
2026-02-14,S관(3공장),[55] 접착/ 멸균,A형 인라인2호기 - 접착,38539.0,37595.0,97.55,1,0.0,0.0
2026-02-14,S관(3공장),[55] 접착/ 멸균,A형 인라인3호기 - 접착,40561.0,39615.0,97.67,1,0.0,0.0
2026-02-14,S관(3공장),[55] 접착/ 멸균,A형 인라인4호기 - 접착,34223.0,32965.0,96.32,1,0.0,0.0
2026-02-14,S관(3공장),[55] 접착/ 멸균,A형 인라인5호기 - 접착,27812.0,26865.0,96.59,1,0.0,0.0
2026-02-14,S관(3공장),[55] 접착/ 멸균,A형 인라인6호기 - 접착,34206.0,33135.0,96.87,1,0.0,0.0
2026-02-14,S관(3공장),[80] 누수/규격검사,누수/규격검사(3공장),181895.0,181205.0,99.62,1,100645.0,180.73
2026-02-15,A관(1공장),[10] 사출조립,조립1호기,31404.0,31404.0,100.0,1,43200.0,72.69
2026-02-15,A관(1공장),[10] 사출조립,조립2호기,7571.0,6557.0,86.61,1,43200.0,17.53
2026-02-15,A관(1공장),[10] 사출조립,조립30호기,44410.0,43471.0,97.89,1,86400.0,51.4
2026-02-15,A관(1공장),[10] 사출조립,조립31호기,91587.0,90730.0,99.06,1,86400.0,106.0
2026-02-15,A관(1공장),[10] 사출조립,조립32호기,77945.0,74257.0,95.27,1,86400.0,90.21
2026-02-15,A관(1공장),[10] 사출조립,조립3호기,28175.0,27255.0,96.73,1,43200.0,65.22
2026-02-15,A관(1공장),[10] 사출조립,조립4호기,35932.0,35932.0,100.0,1,43200.0,83.18
2026-02-15,A관(1공장),[10] 사출조립,조립8호기,42419.0,40367.0,95.16,1,43200.0,98.19
2026-02-15,A관(1공장),[20] 분리,분리10호기,12129.0,11404.0,94.02,1,17280.0,70.19
2026-02-15,A관(1공장),[20] 분리,분리11호기,15597.0,13777.0,88.33,1,17280.0,90.26
2026-02-15,A관(1공장),[20] 분리,분리14호기,30208.0,24704.0,81.78,1,54000.0,55.94
2026-02-15,A관(1공장),[20] 분리,분리4호기,10770.0,8608.0,79.93,1,17280.0,62.33
2026-02-15,A관(1공장),[45] 하이드레이션/전면검사,워터배스1-2호기,5582.0,5582.0,100.0,1,30000.0,18.61
2026-02-15,A관(1공장),[45] 하이드레이션/전면검사,워터배스1-3호기,6621.0,3915.0,59.13,1,30000.0,22.07
2026-02-15,A관(1공장),[45] 하이드레이션/전면검사,워터배스1-5호기,8954.0,7834.0,87.49,1,150000.0,5.97
2026-02-15,A관(1공장),[45] 하이드레이션/전면검사,워터배스1-6호기,11622.0,11622.0,100.0,1,150000.0,7.75
2026-02-15,A관(1공장),[55] 접착/ 멸균,검사10호기,6538.0,6292.0,96.24,1,13293.0,49.18
2026-02-15,A관(1공장),[55] 접착/ 멸균,검사11호기,8655.0,7724.0,89.24,1,13293.0,65.11
2026-02-15,A관(1공장),[55] 접착/ 멸균,검사14호기,4949.0,4348.0,87.86,1,13293.0,37.23
2026-02-15,A관(1공장),[55] 접착/ 멸균,검사15호기,3593.0,3592.0,99.97,1,13293.0,27.03
2026-02-15,A관(1공장),[55] 접착/ 멸균,검사16호기,4745.0,4174.0,87.97,1,13293.0,35.7
2026-02-15,A관(1공장),[55] 접착/ 멸균,검사17호기,2615.0,2224.0,85.05,1,13293.0,19.67
2026-02-15,A관(1공장),[55] 접착/ 멸균,검사18호기,8637.0,7823.0,90.58,1,13293.0,64.97
2026-02-15,A관(1공장),[55] 접착/ 멸균,검사19호기,4496.0,4392.0,97.69,1,13293.0,33.82
2026-02-15,A관(1공장),[55] 접착/ 멸균,검사20호기,9779.0,9482.0,96.96,1,13293.0,73.57
2026-02-15,A관(1공장),[55] 접착/ 멸균,검사21호기,4357.0,4160.0,95.48,1,13293.0,32.78
2026-02-15,A관(1공장),[55] 접착/ 멸균,검사22호기,7513.0,7326.0,97.51,1,13293.0,56.52
2026-02-15,A관(1공장),[55] 접착/ 멸균,검사23호기,1826.0,1652.0,90.47,1,13293.0,13.74
2026-02-15,A관(1공장),[55] 접착/ 멸균,검사6호기,1114.0,912.0,81.87,1,13293.0,8.38
2026-02-15,A관(1공장),[55] 접착/ 멸균,검사8호기,8632.0,7218.0,83.62,1,13293.0,64.94
2026-02-15,A관(1공장),[55] 접착/ 멸균,검사9호기,1195.0,1160.0,97.07,1,13293.0,8.99
2026-02-15,A관(1공장),[80] 누수/규격검사,누수/규격검사(1공장),81598.0,78943.0,96.75,1,112902.0,72.27
2026-02-15,C관(2공장),[10] 사출조립,조립10호기,44063.0,42564.0,96.6,1,43200.0,102.0
2026-02-15,C관(2공장),[10] 사출조립,조립11호기,33142.0,31394.0,94.73,1,43200.0,76.72
2026-02-15,C관(2공장),[10] 사출조립,조립12호기,42626.0,42505.0,99.72,1,0.0,0.0
2026-02-15,C관(2공장),[10] 사출조립,조립13호기,45963.0,42490.0,92.44,1,0.0,0.0
2026-02-15,C관(2공장),[10] 사출조립,조립14호기,58057.0,54089.0,93.17,1,43200.0,134.39
2026-02-15,C관(2공장),[10] 사출조립,조립15호기,29064.0,28609.0,98.43,1,43200.0,67.28
2026-02-15,C관(2공장),[10] 사출조립,조립16호기,33541.0,30425.0,90.71,1,43200.0,77.64
2026-02-15,C관(2공장),[10] 사출조립,조립17호기,49821.0,46887.0,94.11,1,43200.0,115.33
2026-02-15,C관(2공장),[10] 사출조립,조립19호기,40388.0,40282.0,99.74,1,43200.0,93.49
2026-02-15,C관(2공장),[10] 사출조립,조립22호기,53196.0,51312.0,96.46,1,43200.0,123.14
2026-02-15,C관(2공장),[10] 사출조립,조립23호기,45620.0,42815.0,93.85,1,43200.0,105.6
2026-02-15,C관(2공장),[10] 사출조립,조립24호기,22068.0,20718.0,93.88,1,43200.0,51.08
2026-02-15,C관(2공장),[10] 사출조립,조립25호기,50986.0,48521.0,95.17,1,43200.0,118.02
2026-02-15,C관(2공장),[10] 사출조립,조립26호기,33662.0,30029.0,89.21,1,43200.0,77.92
2026-02-15,C관(2공장),[10] 사출조립,조립27호기,43339.0,38139.0,88.0,1,43200.0,100.32
2026-02-15,C관(2공장),[10] 사출조립,조립40호기,23429.0,22076.0,94.23,1,43200.0,54.23
2026-02-15,C관(2공장),[10] 사출조립,조립42호기,38676.0,37841.0,97.84,1,43200.0,89.53
2026-02-15,C관(2공장),[10] 사출조립,조립44호기,41127.0,33107.0,80.5,1,43200.0,95.2
2026-02-15,C관(2공장),[10] 사출조립,조립45호기,11592.0,11592.0,100.0,1,43200.0,26.83
2026-02-15,C관(2공장),[10] 사출조립,조립46호기,21989.0,20050.0,91.18,1,43200.0,50.9
2026-02-15,C관(2공장),[10] 사출조립,조립47호기,37307.0,30236.0,81.05,1,43200.0,86.36
2026-02-15,C관(2공장),[10] 사출조립,조립48호기,44383.0,37782.0,85.13,1,43200.0,102.74
2026-02-15,C관(2공장),[10] 사출조립,조립49호기,42229.0,37276.0,88.27,1,43200.0,97.75
2026-02-15,C관(2공장),[10] 사출조립,조립50호기,40735.0,38399.0,94.27,1,43200.0,94.29
2026-02-15,C관(2공장),[10] 사출조립,조립51호기,26694.0,14627.0,54.8,1,43200.0,61.79
2026-02-15,C관(2공장),[10] 사출조립,조립52호기,58785.0,56996.0,96.96,1,43200.0,136.08
2026-02-15,C관(2공장),[10] 사출조립,조립53호기,41223.0,36732.0,89.11,1,43200.0,95.42
2026-02-15,C관(2공장),[10] 사출조립,조립54호기,40080.0,40045.0,99.91,1,43200.0,92.78
2026-02-15,C관(2공장),[10] 사출조립,조립55호기,13289.0,7579.0,57.03,1,43200.0,30.76
2026-02-15,C관(2공장),[10] 사출조립,조립56호기,45621.0,39680.0,86.98,1,43200.0,105.6
2026-02-15,C관(2공장),[10] 사출조립,조립57호기,26921.0,23430.0,87.03,1,43200.0,62.32
2026-02-15,C관(2공장),[10] 사출조립,조립58호기,26023.0,24883.0,95.62,1,43200.0,60.24
2026-02-15,C관(2공장),[10] 사출조립,조립59호기,37704.0,26203.0,69.5,1,43200.0,87.28
2026-02-15,C관(2공장),[20] 분리,분리12호기,22694.0,20327.0,89.57,1,0.0,0.0
2026-02-15,C관(2공장),[20] 분리,분리15호기,10789.0,9332.0,86.5,1,0.0,0.0
2026-02-15,C관(2공장),[20] 분리,분리16호기,44733.0,39025.0,87.24,1,61715.0,72.48
2026-02-15,C관(2공장),[20] 분리,분리17호기,42592.0,37103.0,87.11,1,61715.0,69.01
2026-02-15,C관(2공장),[20] 분리,분리18호기,40703.0,36001.0,88.45,1,61715.0,65.95
2026-02-15,C관(2공장),[20] 분리,분리19호기,42132.0,36563.0,86.78,1,61715.0,68.27
2026-02-15,C관(2공장),[20] 분리,분리20호기,36534.0,30646.0,83.88,1,61715.0,59.2
2026-02-15,C관(2공장),[20] 분리,분리21호기,43770.0,39815.0,90.96,1,61715.0,70.92
2026-02-15,C관(2공장),[20] 분리,분리22호기,41214.0,35409.0,85.91,1,61715.0,66.78
2026-02-15,C관(2공장),[20] 분리,분리23호기,41036.0,35923.0,87.54,1,61715.0,66.49
2026-02-15,C관(2공장),[20] 분리,분리24호기,43871.0,39360.0,89.72,1,61715.0,71.09
2026-02-15,C관(2공장),[20] 분리,분리25호기,46517.0,37476.0,80.56,1,61715.0,75.37
2026-02-15,C관(2공장),[20] 분리,분리26호기,32992.0,28523.0,86.45,1,54000.0,61.1
2026-02-15,C관(2공장),[20] 분리,분리27호기,34878.0,32203.0,92.33,1,54000.0,64.59
2026-02-15,C관(2공장),[20] 분리,분리28호기,39964.0,36196.0,90.57,1,54000.0,74.01
2026-02-15,C관(2공장),[20] 분리,분리29호기,47837.0,41638.0,87.04,1,54000.0,88.59
2026-02-15,C관(2공장),[20] 분리,분리30호기,35067.0,31258.0,89.14,1,54000.0,64.94
2026-02-15,C관(2공장),[20] 분리,분리31호기,41759.0,38185.0,91.44,1,54000.0,77.33
2026-02-15,C관(2공장),[20] 분리,분리32호기,48679.0,38018.0,78.1,1,54000.0,90.15
2026-02-15,C관(2공장),[20] 분리,분리33호기,44205.0,41328.0,93.49,1,54000.0,81.86
2026-02-15,C관(2공장),[20] 분리,분리34호기,49034.0,42301.0,86.27,1,54000.0,90.8
2026-02-15,C관(2공장),[20] 분리,분리35호기,49430.0,40934.0,82.81,1,54000.0,91.54
2026-02-15,C관(2공장),[20] 분리,분리36호기,52260.0,43526.0,83.29,1,54000.0,96.78
2026-02-15,C관(2공장),[20] 분리,분리37호기,47770.0,44708.0,93.59,1,54000.0,88.46
2026-02-15,C관(2공장),[20] 분리,분리43호기,48987.0,39184.0,79.99,1,54000.0,90.72
2026-02-15,C관(2공장),[45] 하이드레이션/전면검사,워터배스2-10호기,33023.0,32995.0,99.92,1,120000.0,27.52
2026-02-15,C관(2공장),[45] 하이드레이션/전면검사,워터배스2-11호기,38232.0,38195.0,99.9,1,150000.0,25.49
2026-02-15,C관(2공장),[45] 하이드레이션/전면검사,워터배스2-12호기,31189.0,31155.0,99.89,1,150000.0,20.79
2026-02-15,C관(2공장),[45] 하이드레이션/전면검사,워터배스2-13호기,37877.0,37825.0,99.86,1,150000.0,25.25
2026-02-15,C관(2공장),[45] 하이드레이션/전면검사,워터배스2-14호기,37977.0,37945.0,99.92,1,150000.0,25.32
2026-02-15,C관(2공장),[45] 하이드레이션/전면검사,워터배스2-1호기,35136.0,35115.0,99.94,1,120000.0,29.28
2026-02-15,C관(2공장),[45] 하이드레이션/전면검사,워터배스2-2호기,22630.0,22605.0,99.89,1,120000.0,18.86
2026-02-15,C관(2공장),[45] 하이드레이션/전면검사,워터배스2-3호기,19011.0,19000.0,99.94,1,120000.0,15.84
2026-02-15,C관(2공장),[45] 하이드레이션/전면검사,워터배스2-4호기,37788.0,35740.0,94.58,1,120000.0,31.49
2026-02-15,C관(2공장),[45] 하이드레이션/전면검사,워터배스2-5호기,28704.0,28690.0,99.95,1,120000.0,23.92
2026-02-15,C관(2공장),[45] 하이드레이션/전면검사,워터배스2-6호기,8921.0,8915.0,99.93,1,30000.0,29.74
2026-02-15,C관(2공장),[45] 하이드레이션/전면검사,워터배스2-7호기,24421.0,24400.0,99.91,1,120000.0,20.35
2026-02-15,C관(2공장),[45] 하이드레이션/전면검사,워터배스2-8호기,53842.0,53645.0,99.63,1,120000.0,44.87
2026-02-15,C관(2공장),[45] 하이드레이션/전면검사,워터배스2-9호기,51154.0,51110.0,99.91,1,120000.0,42.63
2026-02-15,C관(2공장),[55] 접착/ 멸균,검사32호기,33955.0,33325.0,98.14,1,0.0,0.0
2026-02-15,C관(2공장),[55] 접착/ 멸균,검사33호기,18535.0,18105.0,97.68,1,66462.0,27.89
2026-02-15,C관(2공장),[55] 접착/ 멸균,검사34호기,47280.0,46715.0,98.8,1,78546.0,60.19
2026-02-15,C관(2공장),[55] 접착/ 멸균,검사35호기,50560.0,49970.0,98.83,1,78546.0,64.37
2026-02-15,C관(2공장),[55] 접착/ 멸균,검사36호기,53725.0,53255.0,99.13,1,78546.0,68.4
2026-02-15,C관(2공장),[55] 접착/ 멸균,검사37호기,50775.0,50070.0,98.61,1,78546.0,64.64
2026-02-15,C관(2공장),[55] 접착/ 멸균,검사38호기,48450.0,47665.0,98.38,1,78546.0,61.68
2026-02-15,C관(2공장),[55] 접착/ 멸균,검사39호기,52025.0,51275.0,98.56,1,78546.0,66.24
2026-02-15,C관(2공장),[55] 접착/ 멸균,검사40호기,42380.0,41800.0,98.63,1,78546.0,53.96
2026-02-15,C관(2공장),[55] 접착/ 멸균,검사41호기,43285.0,42210.0,97.52,1,78546.0,55.11
2026-02-15,C관(2공장),[55] 접착/ 멸균,검사42호기,46630.0,46010.0,98.67,1,78546.0,59.37
2026-02-15,C관(2공장),[55] 접착/ 멸균,검사43호기,48875.0,48095.0,98.4,1,78546.0,62.22
2026-02-15,C관(2공장),[55] 접착/ 멸균,검사44호기,48585.0,47450.0,97.66,1,78546.0,61.86
2026-02-15,C관(2공장),[55] 접착/ 멸균,검사45호기,42970.0,42390.0,98.65,1,78546.0,54.71
2026-02-15,C관(2공장),[55] 접착/ 멸균,검사46호기,44020.0,43495.0,98.81,1,78546.0,56.04
2026-02-15,C관(2공장),[55] 접착/ 멸균,검사47호기,51975.0,51340.0,98.78,1,78546.0,66.17
2026-02-15,C관(2공장),[55] 접착/ 멸균,검사48호기,50325.0,49755.0,98.87,1,78546.0,64.07
2026-02-15,C관(2공장),[80] 누수/규격검사,누수/규격검사(2공장),961570.0,954400.0,99.25,1,720000.0,133.55
2026-02-15,S관(3공장),[10] 사출조립,A형 인라인1호기 - 접착,41734.0,41734.0,100.0,1,0.0,0.0
2026-02-15,S관(3공장),[10] 사출조립,A형 인라인2호기 - 접착,41072.0,41072.0,100.0,1,0.0,0.0
2026-02-15,S관(3공장),[10] 사출조립,A형 인라인3호기 - 접착,21132.0,21132.0,100.0,1,0.0,0.0
2026-02-15,S관(3공장),[10] 사출조립,A형 인라인5호기 - 접착,16694.0,16694.0,100.0,1,0.0,0.0
2026-02-15,S관(3공장),[10] 사출조립,B형 조립중합6호기,32817.0,29926.0,91.19,1,76800.0,42.73
2026-02-15,S관(3공장),[10] 사출조립,C형 조립중합2호기,35773.0,33870.0,94.68,1,0.0,0.0
2026-02-15,S관(3공장),[20] 분리,A형 인라인1호기 - 접착,30692.0,29071.0,94.72,1,0.0,0.0
2026-02-15,S관(3공장),[20] 분리,A형 인라인2호기 - 접착,35252.0,34152.0,96.88,1,0.0,0.0
2026-02-15,S관(3공장),[20] 분리,A형 인라인3호기 - 접착,32474.0,29282.0,90.17,1,0.0,0.0
2026-02-15,S관(3공장),[20] 분리,B형 분리3호기,15179.0,11413.0,75.19,1,0.0,0.0
2026-02-15,S관(3공장),[20] 분리,B형 분리4호기,20030.0,15885.0,79.31,1,0.0,0.0
2026-02-15,S관(3공장),[20] 분리,B형 분리5호기,10160.0,8691.0,85.54,1,0.0,0.0
2026-02-15,S관(3공장),[20] 분리,B형 분리6호기,9346.0,7258.0,77.66,1,0.0,0.0
2026-02-15,S관(3공장),[20] 분리,B형 분리7호기,16976.0,13780.0,81.17,1,0.0,0.0
2026-02-15,S관(3공장),[20] 분리,B형 분리8호기,25162.0,19997.0,79.47,1,0.0,0.0
2026-02-15,S관(3공장),[20] 분리,CAM분리2호기,19153.0,16119.0,84.16,1,39273.0,48.77
2026-02-15,S관(3공장),[20] 분리,CAM분리3호기,21321.0,18210.0,85.41,1,39273.0,54.29
2026-02-15,S관(3공장),[45] 하이드레이션/전면검사,A형 인라인2호기 - 접착,7233.0,7229.0,99.94,1,0.0,0.0
2026-02-15,S관(3공장),[45] 하이드레이션/전면검사,B형 분리3호기,6466.0,6460.0,99.91,1,0.0,0.0
2026-02-15,S관(3공장),[45] 하이드레이션/전면검사,B형 분리5호기,7800.0,7773.0,99.65,1,0.0,0.0
2026-02-15,S관(3공장),[45] 하이드레이션/전면검사,S관 실리콘 자동수화기,63183.0,63068.0,99.82,1,240000.0,26.33
2026-02-15,S관(3공장),[55] 접착/ 멸균,A형 인라인1호기 - 접착,31771.0,30940.0,97.38,1,0.0,0.0
2026-02-15,S관(3공장),[55] 접착/ 멸균,A형 인라인2호기 - 접착,43613.0,42405.0,97.23,1,0.0,0.0
2026-02-15,S관(3공장),[55] 접착/ 멸균,A형 인라인3호기 - 접착,36199.0,35735.0,98.72,1,0.0,0.0
2026-02-15,S관(3공장),[55] 접착/ 멸균,A형 인라인4호기 - 접착,47987.0,45480.0,94.78,1,0.0,0.0
2026-02-15,S관(3공장),[55] 접착/ 멸균,A형 인라인5호기 - 접착,23089.0,21310.0,92.3,1,0.0,0.0
2026-02-15,S관(3공장),[55] 접착/ 멸균,A형 인라인6호기 - 접착,27207.0,26310.0,96.7,1,0.0,0.0
2026-02-15,S관(3공장),[80] 누수/규격검사,누수/규격검사(3공장),192420.0,191345.0,99.44,1,100645.0,191.19
2026-02-16,A관(1공장),[20] 분리,분리10호기,2053.0,1898.0,92.45,1,17280.0,11.88
2026-02-18,A관(1공장),[00] 배합,조립2호기,1024.0,1024.0,100.0,1,0.0,0.0
2026-02-18,A관(1공장),[00] 배합,조립31호기,14999.96,14999.96,100.0,1,0.0,0.0
2026-02-18,A관(1공장),[00] 배합,조립3호기,1022.93,1022.93,100.0,1,0.0,0.0
2026-02-18,A관(1공장),[00] 배합,조립4호기,1000.0,1000.0,100.0,1,0.0,0.0
2026-02-18,A관(1공장),[00] 배합,조립8호기,1024.0,1024.0,100.0,1,0.0,0.0
2026-02-18,C관(2공장),[00] 배합,조립10호기,20366.0,20366.0,100.0,1,0.0,0.0
2026-02-18,C관(2공장),[00] 배합,조립16호기,20366.0,20366.0,100.0,1,0.0,0.0
2026-02-18,C관(2공장),[00] 배합,조립40호기,20366.0,20366.0,100.0,1,0.0,0.0
2026-02-18,C관(2공장),[00] 배합,조립46호기,19715.93,19715.93,100.0,1,0.0,0.0
2026-02-18,C관(2공장),[00] 배합,조립58호기,19916.0,19916.0,100.0,1,0.0,0.0
2026-02-18,S관(3공장),[00] 배합,A형 인라인2호기 - 접착,5999.0,5999.0,100.0,1,0.0,0.0
2026-02-18,S관(3공장),[00] 배합,A형 인라인5호기 - 접착,1031.93,1031.93,100.0,1,0.0,0.0
2026-02-18,S관(3공장),[00] 배합,B형 조립중합6호기,7919.92,7919.92,100.0,1,0.0,0.0
2026-02-18,S관(3공장),[00] 배합,C형 조립중합5호기,7920.0,7920.0,100.0,1,0.0,0.0
2026-02-19,A관(1공장),[00] 배합,조립1호기,4067.94,4067.94,100.0,1,0.0,0.0
2026-02-19,A관(1공장),[00] 배합,조립2호기,2118.0,2118.0,100.0,1,0.0,0.0
2026-02-19,A관(1공장),[00] 배합,조립30호기,15000.0,15000.0,100.0,1,0.0,0.0
2026-02-19,A관(1공장),[10] 사출조립,조립1호기,21278.0,20654.0,97.07,1,43200.0,49.25
2026-02-19,A관(1공장),[10] 사출조립,조립2호기,4511.0,2796.0,61.98,1,43200.0,10.44
2026-02-19,A관(1공장),[10] 사출조립,조립30호기,36120.0,32547.0,90.11,1,86400.0,41.81
2026-02-19,A관(1공장),[10] 사출조립,조립31호기,49760.0,49760.0,100.0,1,86400.0,57.59
2026-02-19,A관(1공장),[10] 사출조립,조립32호기,53720.0,51166.0,95.25,1,86400.0,62.18
2026-02-19,A관(1공장),[10] 사출조립,조립7호기,4789.0,4789.0,100.0,1,43200.0,11.09
2026-02-19,A관(1공장),[10] 사출조립,조립8호기,20606.0,20606.0,100.0,1,43200.0,47.7
2026-02-19,A관(1공장),[20] 분리,분리10호기,11186.0,9445.0,84.44,1,17280.0,64.73
2026-02-19,A관(1공장),[20] 분리,분리11호기,14103.0,12339.0,87.49,1,17280.0,81.61
2026-02-19,A관(1공장),[20] 분리,분리14호기,23095.0,15317.0,66.32,1,54000.0,42.77
2026-02-19,A관(1공장),[20] 분리,분리3호기,5364.0,3701.0,69.0,1,17280.0,31.04
2026-02-19,A관(1공장),[20] 분리,분리42호기(초음파),17160.0,15838.0,92.3,1,62837.0,27.31
2026-02-19,A관(1공장),[20] 분리,분리4호기,4100.0,2544.0,62.05,1,17280.0,23.73
2026-02-19,A관(1공장),[20] 분리,분리5호기,1586.0,980.0,61.79,1,17280.0,9.18
2026-02-19,A관(1공장),[45] 하이드레이션/전면검사,1공장 실리콘수화기,23292.0,23292.0,100.0,1,0.0,0.0
2026-02-19,A관(1공장),[45] 하이드레이션/전면검사,워터배스1-2호기,17333.0,17333.0,100.0,1,30000.0,57.78
2026-02-19,A관(1공장),[45] 하이드레이션/전면검사,워터배스1-3호기,20203.0,20203.0,100.0,1,30000.0,67.34
2026-02-19,A관(1공장),[45] 하이드레이션/전면검사,워터배스1-4호기,21907.0,21907.0,100.0,1,30000.0,73.02
2026-02-19,A관(1공장),[45] 하이드레이션/전면검사,워터배스1-5호기,41587.0,41587.0,100.0,1,150000.0,27.72
2026-02-19,A관(1공장),[45] 하이드레이션/전면검사,워터배스1-6호기,28665.0,28665.0,100.0,1,150000.0,19.11
2026-02-19,A관(1공장),[55] 접착/ 멸균,검사10호기,11324.0,11014.0,97.26,1,13293.0,85.19
2026-02-19,A관(1공장),[55] 접착/ 멸균,검사11호기,10792.0,10353.0,95.93,1,13293.0,81.19
2026-02-19,A관(1공장),[55] 접착/ 멸균,검사14호기,6955.0,6606.0,94.98,1,13293.0,52.32
2026-02-19,A관(1공장),[55] 접착/ 멸균,검사15호기,9291.0,9223.0,99.27,1,13293.0,69.89
2026-02-19,A관(1공장),[55] 접착/ 멸균,검사16호기,3338.0,3225.0,96.61,1,13293.0,25.11
2026-02-19,A관(1공장),[55] 접착/ 멸균,검사17호기,4009.0,3860.0,96.28,1,13293.0,30.16
2026-02-19,A관(1공장),[55] 접착/ 멸균,검사18호기,9566.0,9264.0,96.84,1,13293.0,71.96
2026-02-19,A관(1공장),[55] 접착/ 멸균,검사19호기,6304.0,6056.0,96.07,1,13293.0,47.42
2026-02-19,A관(1공장),[55] 접착/ 멸균,검사20호기,9008.0,6844.0,75.98,1,13293.0,67.76
2026-02-19,A관(1공장),[55] 접착/ 멸균,검사21호기,5154.0,4633.0,89.89,1,13293.0,38.77
2026-02-19,A관(1공장),[55] 접착/ 멸균,검사22호기,9082.0,8820.0,97.12,1,13293.0,68.32
2026-02-19,A관(1공장),[55] 접착/ 멸균,검사6호기,5272.0,5032.0,95.45,1,13293.0,39.66
2026-02-19,A관(1공장),[55] 접착/ 멸균,검사7호기,5602.0,5336.0,95.25,1,13293.0,42.14
2026-02-19,A관(1공장),[55] 접착/ 멸균,검사8호기,5676.0,3722.0,65.57,1,13293.0,42.7
2026-02-19,A관(1공장),[55] 접착/ 멸균,바이알캡핑기,6119.0,5122.0,83.71,1,0.0,0.0
2026-02-19,A관(1공장),[80] 누수/규격검사,누수/규격검사(1공장),77605.0,74534.0,96.04,1,112902.0,68.74
2026-02-19,C관(2공장),[00] 배합,조립10호기,20366.0,20366.0,100.0,1,0.0,0.0
2026-02-19,C관(2공장),[00] 배합,조립11호기,20366.0,20366.0,100.0,1,0.0,0.0
2026-02-19,C관(2공장),[00] 배합,조립50호기,20366.0,20366.0,100.0,1,0.0,0.0
2026-02-19,C관(2공장),[00] 배합,조립52호기,20365.94,20365.94,100.0,1,0.0,0.0
2026-02-19,C관(2공장),[00] 배합,조립59호기,20366.0,20366.0,100.0,1,0.0,0.0
2026-02-19,C관(2공장),[10] 사출조립,조립10호기,27787.0,26878.0,96.73,1,43200.0,64.32
2026-02-19,C관(2공장),[10] 사출조립,조립11호기,19832.0,19282.0,97.23,1,43200.0,45.91
2026-02-19,C관(2공장),[10] 사출조립,조립12호기,27807.0,26563.0,95.53,1,0.0,0.0
2026-02-19,C관(2공장),[10] 사출조립,조립13호기,14025.0,13979.0,99.67,1,0.0,0.0
2026-02-19,C관(2공장),[10] 사출조립,조립15호기,18220.0,13289.0,72.94,1,43200.0,42.18
2026-02-19,C관(2공장),[10] 사출조립,조립16호기,24505.0,22266.0,90.86,1,43200.0,56.72
2026-02-19,C관(2공장),[10] 사출조립,조립19호기,24068.0,22725.0,94.42,1,43200.0,55.71
2026-02-19,C관(2공장),[10] 사출조립,조립22호기,23772.0,21911.0,92.17,1,43200.0,55.03
2026-02-19,C관(2공장),[10] 사출조립,조립23호기,18972.0,18221.0,96.04,1,43200.0,43.92
2026-02-19,C관(2공장),[10] 사출조립,조립24호기,19402.0,10176.0,52.45,1,43200.0,44.91
2026-02-19,C관(2공장),[10] 사출조립,조립25호기,24183.0,23176.0,95.84,1,43200.0,55.98
2026-02-19,C관(2공장),[10] 사출조립,조립40호기,16626.0,14743.0,88.67,1,43200.0,38.49
2026-02-19,C관(2공장),[10] 사출조립,조립42호기,29878.0,28002.0,93.72,1,43200.0,69.16
2026-02-19,C관(2공장),[10] 사출조립,조립46호기,17215.0,15225.0,88.44,1,43200.0,39.85
2026-02-19,C관(2공장),[10] 사출조립,조립47호기,6819.0,3610.0,52.94,1,43200.0,15.78
2026-02-19,C관(2공장),[10] 사출조립,조립48호기,17611.0,17575.0,99.8,1,43200.0,40.77
2026-02-19,C관(2공장),[10] 사출조립,조립49호기,24909.0,23274.0,93.44,1,43200.0,57.66
2026-02-19,C관(2공장),[10] 사출조립,조립50호기,29044.0,22910.0,78.88,1,43200.0,67.23
2026-02-19,C관(2공장),[10] 사출조립,조립51호기,28105.0,24417.0,86.88,1,43200.0,65.06
2026-02-19,C관(2공장),[10] 사출조립,조립53호기,18080.0,16288.0,90.09,1,43200.0,41.85
2026-02-19,C관(2공장),[10] 사출조립,조립54호기,29184.0,28543.0,97.8,1,43200.0,67.56
2026-02-19,C관(2공장),[10] 사출조립,조립55호기,20192.0,9763.0,48.35,1,43200.0,46.74
2026-02-19,C관(2공장),[10] 사출조립,조립56호기,11951.0,9791.0,81.93,1,43200.0,27.66
2026-02-19,C관(2공장),[10] 사출조립,조립57호기,25418.0,22688.0,89.26,1,43200.0,58.84
2026-02-19,C관(2공장),[20] 분리,분리12호기,49813.0,44675.0,89.69,1,0.0,0.0
2026-02-19,C관(2공장),[20] 분리,분리15호기,45141.0,41298.0,91.49,1,0.0,0.0
2026-02-19,C관(2공장),[20] 분리,분리16호기,38449.0,31826.0,82.77,1,61715.0,62.3
2026-02-19,C관(2공장),[20] 분리,분리17호기,40323.0,34916.0,86.59,1,61715.0,65.34
2026-02-19,C관(2공장),[20] 분리,분리18호기,49142.0,43193.0,87.89,1,61715.0,79.63
2026-02-19,C관(2공장),[20] 분리,분리19호기,37657.0,32241.0,85.62,1,61715.0,61.02
2026-02-19,C관(2공장),[20] 분리,분리20호기,41416.0,37376.0,90.25,1,61715.0,67.11
2026-02-19,C관(2공장),[20] 분리,분리21호기,43574.0,38440.0,88.22,1,61715.0,70.61
2026-02-19,C관(2공장),[20] 분리,분리22호기,45507.0,37631.0,82.69,1,61715.0,73.74
2026-02-19,C관(2공장),[20] 분리,분리23호기,42741.0,36020.0,84.28,1,61715.0,69.26
2026-02-19,C관(2공장),[20] 분리,분리24호기,47240.0,43415.0,91.9,1,61715.0,76.55
2026-02-19,C관(2공장),[20] 분리,분리25호기,46225.0,36735.0,79.47,1,61715.0,74.9
2026-02-19,C관(2공장),[20] 분리,분리26호기,34968.0,27874.0,79.71,1,54000.0,64.76
2026-02-19,C관(2공장),[20] 분리,분리27호기,37903.0,34917.0,92.12,1,54000.0,70.19
2026-02-19,C관(2공장),[20] 분리,분리28호기,39965.0,35875.0,89.77,1,54000.0,74.01
2026-02-19,C관(2공장),[20] 분리,분리29호기,32174.0,23162.0,71.99,1,54000.0,59.58
2026-02-19,C관(2공장),[20] 분리,분리30호기,38733.0,34367.0,88.73,1,54000.0,71.73
2026-02-19,C관(2공장),[20] 분리,분리31호기,54594.0,51196.0,93.78,1,54000.0,101.1
2026-02-19,C관(2공장),[20] 분리,분리32호기,45770.0,37006.0,80.85,1,54000.0,84.76
2026-02-19,C관(2공장),[20] 분리,분리33호기,48517.0,44318.0,91.35,1,54000.0,89.85
2026-02-19,C관(2공장),[20] 분리,분리34호기,44498.0,38730.0,87.04,1,54000.0,82.4
2026-02-19,C관(2공장),[20] 분리,분리35호기,42111.0,35469.0,84.23,1,54000.0,77.98
2026-02-19,C관(2공장),[20] 분리,분리36호기,49745.0,38389.0,77.17,1,54000.0,92.12
2026-02-19,C관(2공장),[20] 분리,분리37호기,30668.0,28618.0,93.32,1,54000.0,56.79
2026-02-19,C관(2공장),[20] 분리,분리43호기,44653.0,37134.0,83.16,1,54000.0,82.69
2026-02-19,C관(2공장),[45] 하이드레이션/전면검사,워터배스2-10호기,95474.0,95385.0,99.91,1,120000.0,79.56
2026-02-19,C관(2공장),[45] 하이드레이션/전면검사,워터배스2-11호기,125662.0,125560.0,99.92,1,150000.0,83.77
2026-02-19,C관(2공장),[45] 하이드레이션/전면검사,워터배스2-12호기,51981.0,51930.0,99.9,1,150000.0,34.65
2026-02-19,C관(2공장),[45] 하이드레이션/전면검사,워터배스2-13호기,80216.0,80130.0,99.89,1,150000.0,53.48
2026-02-19,C관(2공장),[45] 하이드레이션/전면검사,워터배스2-14호기,122546.0,122435.0,99.91,1,150000.0,81.7
2026-02-19,C관(2공장),[45] 하이드레이션/전면검사,워터배스2-1호기,85181.0,85100.0,99.9,1,120000.0,70.98
2026-02-19,C관(2공장),[45] 하이드레이션/전면검사,워터배스2-2호기,91576.0,91490.0,99.91,1,120000.0,76.31
2026-02-19,C관(2공장),[45] 하이드레이션/전면검사,워터배스2-3호기,129109.0,129005.0,99.92,1,120000.0,107.59
2026-02-19,C관(2공장),[45] 하이드레이션/전면검사,워터배스2-4호기,99221.0,99120.0,99.9,1,120000.0,82.68
2026-02-19,C관(2공장),[45] 하이드레이션/전면검사,워터배스2-5호기,82511.0,82395.0,99.86,1,120000.0,68.76
2026-02-19,C관(2공장),[45] 하이드레이션/전면검사,워터배스2-6호기,1580.0,1580.0,100.0,1,30000.0,5.27
2026-02-19,C관(2공장),[45] 하이드레이션/전면검사,워터배스2-7호기,91340.0,91250.0,99.9,1,120000.0,76.12
2026-02-19,C관(2공장),[45] 하이드레이션/전면검사,워터배스2-8호기,89301.0,89235.0,99.93,1,120000.0,74.42
2026-02-19,C관(2공장),[45] 하이드레이션/전면검사,워터배스2-9호기,83456.0,83380.0,99.91,1,120000.0,69.55
2026-02-19,C관(2공장),[55] 접착/ 멸균,검사32호기,41015.0,40290.0,98.23,1,0.0,0.0
2026-02-19,C관(2공장),[55] 접착/ 멸균,검사33호기,40385.0,39260.0,97.21,1,66462.0,60.76
2026-02-19,C관(2공장),[55] 접착/ 멸균,검사34호기,49965.0,49360.0,98.79,1,78546.0,63.61
2026-02-19,C관(2공장),[55] 접착/ 멸균,검사35호기,37395.0,36815.0,98.45,1,78546.0,47.61
2026-02-19,C관(2공장),[55] 접착/ 멸균,검사36호기,55620.0,54965.0,98.82,1,78546.0,70.81
2026-02-19,C관(2공장),[55] 접착/ 멸균,검사37호기,61355.0,59685.0,97.28,1,78546.0,78.11
2026-02-19,C관(2공장),[55] 접착/ 멸균,검사38호기,54600.0,53710.0,98.37,1,78546.0,69.51
2026-02-19,C관(2공장),[55] 접착/ 멸균,검사39호기,41520.0,40705.0,98.04,1,78546.0,52.86
2026-02-19,C관(2공장),[55] 접착/ 멸균,검사40호기,51895.0,51220.0,98.7,1,78546.0,66.07
2026-02-19,C관(2공장),[55] 접착/ 멸균,검사41호기,54730.0,53365.0,97.51,1,78546.0,69.68
2026-02-19,C관(2공장),[55] 접착/ 멸균,검사42호기,52130.0,51440.0,98.68,1,78546.0,66.37
2026-02-19,C관(2공장),[55] 접착/ 멸균,검사43호기,51305.0,50315.0,98.07,1,78546.0,65.32
2026-02-19,C관(2공장),[55] 접착/ 멸균,검사44호기,61610.0,60970.0,98.96,1,78546.0,78.44
2026-02-19,C관(2공장),[55] 접착/ 멸균,검사45호기,54950.0,54070.0,98.4,1,78546.0,69.96
2026-02-19,C관(2공장),[55] 접착/ 멸균,검사46호기,43100.0,42270.0,98.07,1,78546.0,54.87
2026-02-19,C관(2공장),[55] 접착/ 멸균,검사47호기,49545.0,48300.0,97.49,1,78546.0,63.08
2026-02-19,C관(2공장),[55] 접착/ 멸균,검사48호기,55285.0,54400.0,98.4,1,78546.0,70.39
2026-02-19,C관(2공장),[80] 누수/규격검사,누수/규격검사(2공장),638540.0,632295.0,99.02,1,720000.0,88.69
2026-02-19,S관(3공장),[00] 배합,A형 인라인1호기 - 접착,7999.0,7999.0,100.0,1,0.0,0.0
2026-02-19,S관(3공장),[00] 배합,A형 인라인5호기 - 접착,4127.94,4127.94,100.0,1,0.0,0.0
2026-02-19,S관(3공장),[00] 배합,B형 조립중합8호기,3058.0,3058.0,100.0,1,0.0,0.0
2026-02-19,S관(3공장),[10] 사출조립,A형 인라인1호기 - 접착,46701.0,46701.0,100.0,1,0.0,0.0
2026-02-19,S관(3공장),[10] 사출조립,A형 인라인2호기 - 접착,38383.0,38383.0,100.0,1,0.0,0.0
2026-02-19,S관(3공장),[10] 사출조립,A형 인라인3호기 - 접착,27460.0,27460.0,100.0,1,0.0,0.0
2026-02-19,S관(3공장),[10] 사출조립,A형 인라인5호기 - 접착,18736.0,18736.0,100.0,1,0.0,0.0
2026-02-19,S관(3공장),[10] 사출조립,C형 조립중합5호기,15183.0,14311.0,94.26,1,0.0,0.0
2026-02-19,S관(3공장),[20] 분리,A형 인라인1호기 - 접착,25500.0,24100.0,94.51,1,0.0,0.0
2026-02-19,S관(3공장),[20] 분리,A형 인라인2호기 - 접착,33812.0,32734.0,96.81,1,0.0,0.0
2026-02-19,S관(3공장),[20] 분리,A형 인라인3호기 - 접착,15113.0,13837.0,91.56,1,0.0,0.0
2026-02-19,S관(3공장),[20] 분리,B형 분리3호기,14891.0,11675.0,78.4,1,0.0,0.0
2026-02-19,S관(3공장),[20] 분리,B형 분리4호기,30185.0,25429.0,84.24,1,0.0,0.0
2026-02-19,S관(3공장),[20] 분리,B형 분리5호기,26533.0,23063.0,86.92,1,0.0,0.0
2026-02-19,S관(3공장),[20] 분리,B형 분리6호기,16917.0,14325.0,84.68,1,0.0,0.0
2026-02-19,S관(3공장),[20] 분리,B형 분리7호기,695.0,609.0,87.63,1,0.0,0.0
2026-02-19,S관(3공장),[20] 분리,B형 분리8호기,7034.0,5421.0,77.07,1,0.0,0.0
2026-02-19,S관(3공장),[20] 분리,CAM분리2호기,2145.0,1660.0,77.39,1,39273.0,5.46
2026-02-19,S관(3공장),[20] 분리,CAM분리3호기,14693.0,11624.0,79.11,1,39273.0,37.41
2026-02-19,S관(3공장),[45] 하이드레이션/전면검사,A형 인라인2호기 - 접착,39457.0,39420.0,99.91,1,0.0,0.0
2026-02-19,S관(3공장),[45] 하이드레이션/전면검사,B형 분리4호기,15022.0,15002.0,99.87,1,0.0,0.0
2026-02-19,S관(3공장),[45] 하이드레이션/전면검사,B형 분리5호기,14376.0,14344.0,99.78,1,0.0,0.0
2026-02-19,S관(3공장),[45] 하이드레이션/전면검사,S관 실리콘 자동수화기,166161.0,165215.0,99.43,1,240000.0,69.23
2026-02-19,S관(3공장),[55] 접착/ 멸균,A형 인라인1호기 - 접착,24181.0,23285.0,96.29,1,0.0,0.0
2026-02-19,S관(3공장),[55] 접착/ 멸균,A형 인라인2호기 - 접착,26018.0,24908.0,95.73,1,0.0,0.0
2026-02-19,S관(3공장),[55] 접착/ 멸균,A형 인라인3호기 - 접착,20666.0,20005.0,96.8,1,0.0,0.0
2026-02-19,S관(3공장),[55] 접착/ 멸균,A형 인라인4호기 - 접착,18375.0,17540.0,95.46,1,0.0,0.0
2026-02-19,S관(3공장),[55] 접착/ 멸균,A형 인라인5호기 - 접착,19472.0,18905.0,97.09,1,0.0,0.0
2026-02-19,S관(3공장),[55] 접착/ 멸균,A형 인라인6호기 - 접착,33585.0,32590.0,97.04,1,0.0,0.0
2026-02-19,S관(3공장),[80] 누수/규격검사,누수/규격검사(3공장),159800.0,159080.0,99.55,1,100645.0,158.78
2026-02-20,A관(1공장),[00] 배합,조립1호기,1022.92,1022.92,100.0,1,0.0,0.0
2026-02-20,A관(1공장),[00] 배합,조립2호기,1059.0,1059.0,100.0,1,0.0,0.0
2026-02-20,A관(1공장),[00] 배합,조립30호기,3000.0,3000.0,100.0,1,0.0,0.0
2026-02-20,A관(1공장),[00] 배합,조립31호기,40000.0,40000.0,100.0,1,0.0,0.0
2026-02-20,A관(1공장),[00] 배합,조립32호기,39999.8,39999.8,100.0,1,0.0,0.0
2026-02-20,A관(1공장),[00] 배합,조립5호기,3077.89,3077.89,100.0,1,0.0,0.0
2026-02-20,A관(1공장),[00] 배합,조립7호기,2000.0,2000.0,100.0,1,0.0,0.0
2026-02-20,A관(1공장),[10] 사출조립,조립1호기,20526.0,20037.0,97.62,1,43200.0,47.51
2026-02-20,A관(1공장),[10] 사출조립,조립2호기,9040.0,6199.0,68.57,1,43200.0,20.93
2026-02-20,A관(1공장),[10] 사출조립,조립30호기,47624.0,44015.0,92.42,1,86400.0,55.12
2026-02-20,A관(1공장),[10] 사출조립,조립31호기,58978.0,57252.0,97.07,1,86400.0,68.26
2026-02-20,A관(1공장),[10] 사출조립,조립32호기,50734.0,50734.0,100.0,1,86400.0,58.72
2026-02-20,A관(1공장),[10] 사출조립,조립4호기,4802.0,4203.0,87.53,1,43200.0,11.12
2026-02-20,A관(1공장),[10] 사출조립,조립7호기,8855.0,7123.0,80.44,1,43200.0,20.5
2026-02-20,A관(1공장),[10] 사출조립,조립8호기,18367.0,18367.0,100.0,1,43200.0,42.52
2026-02-20,A관(1공장),[20] 분리,분리10호기,15492.0,12968.0,83.71,1,17280.0,89.65
2026-02-20,A관(1공장),[20] 분리,분리11호기,19264.0,16971.0,88.1,1,17280.0,111.48
2026-02-20,A관(1공장),[20] 분리,분리14호기,32886.0,27140.0,82.53,1,54000.0,60.9
2026-02-20,A관(1공장),[20] 분리,분리4호기,13349.0,10455.0,78.32,1,17280.0,77.25
2026-02-20,A관(1공장),[20] 분리,분리5호기,5417.0,4583.0,84.6,1,17280.0,31.35
2026-02-20,A관(1공장),[45] 하이드레이션/전면검사,1공장 실리콘수화기,22904.0,22904.0,100.0,1,0.0,0.0
2026-02-20,A관(1공장),[45] 하이드레이션/전면검사,워터배스1-2호기,11982.0,11582.0,96.66,1,30000.0,39.94
2026-02-20,A관(1공장),[45] 하이드레이션/전면검사,워터배스1-3호기,2993.0,2771.0,92.58,1,30000.0,9.98
2026-02-20,A관(1공장),[45] 하이드레이션/전면검사,워터배스1-4호기,13890.0,13890.0,100.0,1,30000.0,46.3
2026-02-20,A관(1공장),[45] 하이드레이션/전면검사,워터배스1-5호기,14875.0,14875.0,100.0,1,150000.0,9.92
2026-02-20,A관(1공장),[45] 하이드레이션/전면검사,워터배스1-6호기,10364.0,10364.0,100.0,1,150000.0,6.91
2026-02-20,A관(1공장),[55] 접착/ 멸균,검사10호기,8918.0,8327.0,93.37,1,13293.0,67.09
2026-02-20,A관(1공장),[55] 접착/ 멸균,검사11호기,11189.0,10668.0,95.34,1,13293.0,84.17
2026-02-20,A관(1공장),[55] 접착/ 멸균,검사14호기,4014.0,3918.0,97.61,1,13293.0,30.2
2026-02-20,A관(1공장),[55] 접착/ 멸균,검사15호기,5371.0,5362.0,99.83,1,13293.0,40.4
2026-02-20,A관(1공장),[55] 접착/ 멸균,검사16호기,9220.0,8390.0,91.0,1,13293.0,69.36
2026-02-20,A관(1공장),[55] 접착/ 멸균,검사17호기,2542.0,2490.0,97.95,1,13293.0,19.12
2026-02-20,A관(1공장),[55] 접착/ 멸균,검사18호기,9885.0,9526.0,96.37,1,13293.0,74.36
2026-02-20,A관(1공장),[55] 접착/ 멸균,검사19호기,7182.0,6578.0,91.59,1,13293.0,54.03
2026-02-20,A관(1공장),[55] 접착/ 멸균,검사20호기,4714.0,4658.0,98.81,1,13293.0,35.46
2026-02-20,A관(1공장),[55] 접착/ 멸균,검사21호기,6017.0,5716.0,95.0,1,13293.0,45.26
2026-02-20,A관(1공장),[55] 접착/ 멸균,검사22호기,7336.0,7018.0,95.67,1,13293.0,55.19
2026-02-20,A관(1공장),[55] 접착/ 멸균,검사6호기,5905.0,5542.0,93.85,1,13293.0,44.42
2026-02-20,A관(1공장),[55] 접착/ 멸균,검사7호기,4605.0,4241.0,92.1,1,13293.0,34.64
2026-02-20,A관(1공장),[55] 접착/ 멸균,검사8호기,8509.0,7412.0,87.11,1,13293.0,64.01
2026-02-20,A관(1공장),[55] 접착/ 멸균,바이알캡핑기,8433.0,7819.0,92.72,1,0.0,0.0
2026-02-20,A관(1공장),[80] 누수/규격검사,누수/규격검사(1공장),91613.0,88191.0,96.26,1,112902.0,81.14
2026-02-20,C관(2공장),[00] 배합,조립12호기,20366.0,20366.0,100.0,1,0.0,0.0
2026-02-20,C관(2공장),[00] 배합,조립13호기,20366.0,20366.0,100.0,1,0.0,0.0
2026-02-20,C관(2공장),[00] 배합,조립14호기,20366.0,20365.95,100.0,1,0.0,0.0
2026-02-20,C관(2공장),[00] 배합,조립15호기,20366.0,20366.0,100.0,1,0.0,0.0
2026-02-20,C관(2공장),[00] 배합,조립44호기,19915.89,19915.89,100.0,1,0.0,0.0
2026-02-20,C관(2공장),[00] 배합,조립45호기,19715.88,19715.88,100.0,1,0.0,0.0
2026-02-20,C관(2공장),[10] 사출조립,조립10호기,33342.0,32418.0,97.23,1,43200.0,77.18
2026-02-20,C관(2공장),[10] 사출조립,조립11호기,32788.0,31827.0,97.07,1,43200.0,75.9
2026-02-20,C관(2공장),[10] 사출조립,조립12호기,31524.0,31469.0,99.83,1,0.0,0.0
2026-02-20,C관(2공장),[10] 사출조립,조립13호기,27174.0,24880.0,91.56,1,0.0,0.0
2026-02-20,C관(2공장),[10] 사출조립,조립14호기,30731.0,30238.0,98.4,1,43200.0,71.14
2026-02-20,C관(2공장),[10] 사출조립,조립15호기,27770.0,26500.0,95.43,1,43200.0,64.28
2026-02-20,C관(2공장),[10] 사출조립,조립16호기,25430.0,23770.0,93.47,1,43200.0,58.87
2026-02-20,C관(2공장),[10] 사출조립,조립17호기,34906.0,31170.0,89.3,1,43200.0,80.8
2026-02-20,C관(2공장),[10] 사출조립,조립19호기,30349.0,30122.0,99.25,1,43200.0,70.25
2026-02-20,C관(2공장),[10] 사출조립,조립22호기,28870.0,26799.0,92.83,1,43200.0,66.83
2026-02-20,C관(2공장),[10] 사출조립,조립23호기,22118.0,20954.0,94.74,1,43200.0,51.2
2026-02-20,C관(2공장),[10] 사출조립,조립24호기,28785.0,28334.0,98.43,1,43200.0,66.63
2026-02-20,C관(2공장),[10] 사출조립,조립25호기,4769.0,3478.0,72.93,1,43200.0,11.04
2026-02-20,C관(2공장),[10] 사출조립,조립26호기,54811.0,53521.0,97.65,1,43200.0,126.88
2026-02-20,C관(2공장),[10] 사출조립,조립27호기,31005.0,26430.0,85.24,1,43200.0,71.77
2026-02-20,C관(2공장),[10] 사출조립,조립42호기,27616.0,25578.0,92.62,1,43200.0,63.93
2026-02-20,C관(2공장),[10] 사출조립,조립46호기,32465.0,32457.0,99.98,1,43200.0,75.15
2026-02-20,C관(2공장),[10] 사출조립,조립47호기,7345.0,5522.0,75.18,1,43200.0,17.0
2026-02-20,C관(2공장),[10] 사출조립,조립48호기,25941.0,24330.0,93.79,1,43200.0,60.05
2026-02-20,C관(2공장),[10] 사출조립,조립49호기,25136.0,22887.0,91.05,1,43200.0,58.19
2026-02-20,C관(2공장),[10] 사출조립,조립52호기,29947.0,25678.0,85.74,1,43200.0,69.32
2026-02-20,C관(2공장),[10] 사출조립,조립53호기,16132.0,16086.0,99.71,1,43200.0,37.34
2026-02-20,C관(2공장),[10] 사출조립,조립54호기,32134.0,30283.0,94.24,1,43200.0,74.38
2026-02-20,C관(2공장),[10] 사출조립,조립55호기,22125.0,10166.0,45.95,1,43200.0,51.22
2026-02-20,C관(2공장),[10] 사출조립,조립56호기,40651.0,37303.0,91.76,1,43200.0,94.1
2026-02-20,C관(2공장),[10] 사출조립,조립57호기,26197.0,23443.0,89.49,1,43200.0,60.64
2026-02-20,C관(2공장),[10] 사출조립,조립58호기,12352.0,8814.0,71.36,1,43200.0,28.59
2026-02-20,C관(2공장),[10] 사출조립,조립59호기,29116.0,27303.0,93.77,1,43200.0,67.4
2026-02-20,C관(2공장),[20] 분리,분리12호기,53134.0,47397.0,89.2,1,0.0,0.0
2026-02-20,C관(2공장),[20] 분리,분리15호기,53190.0,47320.0,88.96,1,0.0,0.0
2026-02-20,C관(2공장),[20] 분리,분리16호기,37977.0,33602.0,88.48,1,61715.0,61.54
2026-02-20,C관(2공장),[20] 분리,분리17호기,45038.0,39294.0,87.25,1,61715.0,72.98
2026-02-20,C관(2공장),[20] 분리,분리18호기,39146.0,35086.0,89.63,1,61715.0,63.43
2026-02-20,C관(2공장),[20] 분리,분리19호기,30942.0,27293.0,88.21,1,61715.0,50.14
2026-02-20,C관(2공장),[20] 분리,분리20호기,19773.0,17519.0,88.6,1,61715.0,32.04
2026-02-20,C관(2공장),[20] 분리,분리21호기,31717.0,27744.0,87.47,1,61715.0,51.39
2026-02-20,C관(2공장),[20] 분리,분리22호기,36894.0,31714.0,85.96,1,61715.0,59.78
2026-02-20,C관(2공장),[20] 분리,분리23호기,40000.0,32702.0,81.76,1,61715.0,64.81
2026-02-20,C관(2공장),[20] 분리,분리24호기,17043.0,14827.0,87.0,1,61715.0,27.62
2026-02-20,C관(2공장),[20] 분리,분리25호기,40866.0,33933.0,83.03,1,61715.0,66.22
2026-02-20,C관(2공장),[20] 분리,분리26호기,26651.0,22338.0,83.82,1,54000.0,49.35
2026-02-20,C관(2공장),[20] 분리,분리27호기,39648.0,35397.0,89.28,1,54000.0,73.42
2026-02-20,C관(2공장),[20] 분리,분리28호기,36045.0,32396.0,89.88,1,54000.0,66.75
2026-02-20,C관(2공장),[20] 분리,분리29호기,12898.0,10288.0,79.76,1,54000.0,23.89
2026-02-20,C관(2공장),[20] 분리,분리30호기,33791.0,29846.0,88.33,1,54000.0,62.58
2026-02-20,C관(2공장),[20] 분리,분리31호기,51426.0,40323.0,78.41,1,54000.0,95.23
2026-02-20,C관(2공장),[20] 분리,분리32호기,49153.0,40124.0,81.63,1,54000.0,91.02
2026-02-20,C관(2공장),[20] 분리,분리33호기,18923.0,17437.0,92.15,1,54000.0,35.04
2026-02-20,C관(2공장),[20] 분리,분리34호기,17575.0,14998.0,85.34,1,54000.0,32.55
2026-02-20,C관(2공장),[20] 분리,분리35호기,52317.0,39727.0,75.94,1,54000.0,96.88
2026-02-20,C관(2공장),[20] 분리,분리36호기,51618.0,40912.0,79.26,1,54000.0,95.59
2026-02-20,C관(2공장),[20] 분리,분리37호기,46678.0,40395.0,86.54,1,54000.0,86.44
2026-02-20,C관(2공장),[20] 분리,분리43호기,19781.0,15985.0,80.81,1,54000.0,36.63
2026-02-20,C관(2공장),[45] 하이드레이션/전면검사,워터배스2-10호기,81237.0,81165.0,99.91,1,120000.0,67.7
2026-02-20,C관(2공장),[45] 하이드레이션/전면검사,워터배스2-11호기,70819.0,70735.0,99.88,1,150000.0,47.21
2026-02-20,C관(2공장),[45] 하이드레이션/전면검사,워터배스2-12호기,64220.0,64125.0,99.85,1,150000.0,42.81
2026-02-20,C관(2공장),[45] 하이드레이션/전면검사,워터배스2-13호기,66686.0,66620.0,99.9,1,150000.0,44.46
2026-02-20,C관(2공장),[45] 하이드레이션/전면검사,워터배스2-14호기,77950.0,77880.0,99.91,1,150000.0,51.97
2026-02-20,C관(2공장),[45] 하이드레이션/전면검사,워터배스2-1호기,41397.0,41360.0,99.91,1,120000.0,34.5
2026-02-20,C관(2공장),[45] 하이드레이션/전면검사,워터배스2-2호기,69271.0,69205.0,99.9,1,120000.0,57.73
2026-02-20,C관(2공장),[45] 하이드레이션/전면검사,워터배스2-3호기,78192.0,78130.0,99.92,1,120000.0,65.16
2026-02-20,C관(2공장),[45] 하이드레이션/전면검사,워터배스2-4호기,88601.0,84440.0,95.3,1,120000.0,73.83
2026-02-20,C관(2공장),[45] 하이드레이션/전면검사,워터배스2-5호기,53215.0,53110.0,99.8,1,120000.0,44.35
2026-02-20,C관(2공장),[45] 하이드레이션/전면검사,워터배스2-6호기,4095.0,4070.0,99.39,1,30000.0,13.65
2026-02-20,C관(2공장),[45] 하이드레이션/전면검사,워터배스2-7호기,81768.0,81710.0,99.93,1,120000.0,68.14
2026-02-20,C관(2공장),[45] 하이드레이션/전면검사,워터배스2-8호기,49069.0,49020.0,99.9,1,120000.0,40.89
2026-02-20,C관(2공장),[45] 하이드레이션/전면검사,워터배스2-9호기,86131.0,86045.0,99.9,1,120000.0,71.78
2026-02-20,C관(2공장),[55] 접착/ 멸균,검사30호기,690.0,650.0,94.2,1,66462.0,1.04
2026-02-20,C관(2공장),[55] 접착/ 멸균,검사31호기,1475.0,1420.0,96.27,1,0.0,0.0
2026-02-20,C관(2공장),[55] 접착/ 멸균,검사32호기,34125.0,33470.0,98.08,1,0.0,0.0
2026-02-20,C관(2공장),[55] 접착/ 멸균,검사33호기,39430.0,38730.0,98.22,1,66462.0,59.33
2026-02-20,C관(2공장),[55] 접착/ 멸균,검사34호기,56770.0,55995.0,98.63,1,78546.0,72.28
2026-02-20,C관(2공장),[55] 접착/ 멸균,검사35호기,50090.0,47285.0,94.4,1,78546.0,63.77
2026-02-20,C관(2공장),[55] 접착/ 멸균,검사36호기,55240.0,53850.0,97.48,1,78546.0,70.33
2026-02-20,C관(2공장),[55] 접착/ 멸균,검사37호기,56355.0,55390.0,98.29,1,78546.0,71.75
2026-02-20,C관(2공장),[55] 접착/ 멸균,검사38호기,54135.0,50835.0,93.9,1,78546.0,68.92
2026-02-20,C관(2공장),[55] 접착/ 멸균,검사39호기,49975.0,49085.0,98.22,1,78546.0,63.63
2026-02-20,C관(2공장),[55] 접착/ 멸균,검사40호기,51600.0,50815.0,98.48,1,78546.0,65.69
2026-02-20,C관(2공장),[55] 접착/ 멸균,검사41호기,52835.0,50945.0,96.42,1,78546.0,67.27
2026-02-20,C관(2공장),[55] 접착/ 멸균,검사42호기,61515.0,60505.0,98.36,1,78546.0,78.32
2026-02-20,C관(2공장),[55] 접착/ 멸균,검사43호기,55870.0,55065.0,98.56,1,78546.0,71.13
2026-02-20,C관(2공장),[55] 접착/ 멸균,검사44호기,58890.0,58105.0,98.67,1,78546.0,74.98
2026-02-20,C관(2공장),[55] 접착/ 멸균,검사45호기,51280.0,49135.0,95.82,1,78546.0,65.29
2026-02-20,C관(2공장),[55] 접착/ 멸균,검사46호기,50550.0,47905.0,94.77,1,78546.0,64.36
2026-02-20,C관(2공장),[55] 접착/ 멸균,검사47호기,57490.0,56330.0,97.98,1,78546.0,73.19
2026-02-20,C관(2공장),[55] 접착/ 멸균,검사48호기,51920.0,51210.0,98.63,1,78546.0,66.1
2026-02-20,C관(2공장),[80] 누수/규격검사,누수/규격검사(2공장),921825.0,914130.0,99.17,1,720000.0,128.03
2026-02-20,S관(3공장),[00] 배합,A형 인라인1호기 - 접착,5999.0,5999.0,100.0,1,0.0,0.0
2026-02-20,S관(3공장),[00] 배합,B형 조립중합6호기,3960.0,3960.0,100.0,1,0.0,0.0
2026-02-20,S관(3공장),[00] 배합,C형 조립중합2호기,7920.0,7920.0,100.0,1,0.0,0.0
2026-02-20,S관(3공장),[10] 사출조립,A형 인라인1호기 - 접착,42042.0,42042.0,100.0,1,0.0,0.0
2026-02-20,S관(3공장),[10] 사출조립,A형 인라인2호기 - 접착,40443.0,40443.0,100.0,1,0.0,0.0
2026-02-20,S관(3공장),[10] 사출조립,A형 인라인3호기 - 접착,35957.0,35957.0,100.0,1,0.0,0.0
2026-02-20,S관(3공장),[10] 사출조립,B형 조립중합6호기,17578.0,13733.0,78.13,1,76800.0,22.89
2026-02-20,S관(3공장),[10] 사출조립,C형 조립중합2호기,33203.0,29478.0,88.78,1,0.0,0.0
2026-02-20,S관(3공장),[10] 사출조립,C형 조립중합5호기,47161.0,43249.0,91.71,1,0.0,0.0
2026-02-20,S관(3공장),[20] 분리,A형 인라인1호기 - 접착,28012.0,26619.0,95.03,1,0.0,0.0
2026-02-20,S관(3공장),[20] 분리,A형 인라인2호기 - 접착,34445.0,33922.0,98.48,1,0.0,0.0
2026-02-20,S관(3공장),[20] 분리,A형 인라인3호기 - 접착,16108.0,14980.0,93.0,1,0.0,0.0
2026-02-20,S관(3공장),[20] 분리,B형 분리3호기,22724.0,18587.0,81.79,1,0.0,0.0
2026-02-20,S관(3공장),[20] 분리,B형 분리4호기,22210.0,19334.0,87.05,1,0.0,0.0
2026-02-20,S관(3공장),[20] 분리,B형 분리5호기,18303.0,15416.0,84.23,1,0.0,0.0
2026-02-20,S관(3공장),[20] 분리,B형 분리6호기,20051.0,15998.0,79.79,1,0.0,0.0
2026-02-20,S관(3공장),[20] 분리,B형 분리7호기,5942.0,4872.0,81.99,1,0.0,0.0
2026-02-20,S관(3공장),[20] 분리,B형 분리8호기,7811.0,6373.0,81.59,1,0.0,0.0
2026-02-20,S관(3공장),[20] 분리,CAM분리2호기,18604.0,15217.0,81.79,1,39273.0,47.37
2026-02-20,S관(3공장),[20] 분리,CAM분리3호기,17437.0,14946.0,85.71,1,39273.0,44.4
2026-02-20,S관(3공장),[45] 하이드레이션/전면검사,A형 인라인2호기 - 접착,34630.0,34508.0,99.65,1,0.0,0.0
2026-02-20,S관(3공장),[45] 하이드레이션/전면검사,S관 실리콘 자동수화기,181938.0,180752.0,99.35,1,240000.0,75.81
2026-02-20,S관(3공장),[55] 접착/ 멸균,A형 인라인1호기 - 접착,41290.0,40110.0,97.14,1,0.0,0.0
2026-02-20,S관(3공장),[55] 접착/ 멸균,A형 인라인2호기 - 접착,47708.0,46305.0,97.06,1,0.0,0.0
2026-02-20,S관(3공장),[55] 접착/ 멸균,A형 인라인3호기 - 접착,27525.0,27010.0,98.13,1,0.0,0.0
2026-02-20,S관(3공장),[55] 접착/ 멸균,A형 인라인4호기 - 접착,33933.0,31000.0,91.36,1,0.0,0.0
2026-02-20,S관(3공장),[55] 접착/ 멸균,A형 인라인5호기 - 접착,15819.0,15455.0,97.7,1,0.0,0.0
2026-02-20,S관(3공장),[55] 접착/ 멸균,A형 인라인6호기 - 접착,33940.0,30325.0,89.35,1,0.0,0.0
2026-02-20,S관(3공장),[80] 누수/규격검사,누수/규격검사(3공장),202450.0,201490.0,99.53,1,100645.0,201.15
2026-02-21,A관(1공장),[00] 배합,조립1호기,5114.95,5114.95,100.0,1,0.0,0.0
2026-02-21,A관(1공장),[00] 배합,조립2호기,3142.0,3142.0,100.0,1,0.0,0.0
2026-02-21,A관(1공장),[00] 배합,조립31호기,1000.0,1000.0,100.0,1,0.0,0.0
2026-02-21,A관(1공장),[00] 배합,조립7호기,5000.0,5000.0,100.0,1,0.0,0.0
2026-02-21,A관(1공장),[10] 사출조립,조립1호기,38014.0,34116.0,89.75,1,43200.0,88.0
2026-02-21,A관(1공장),[10] 사출조립,조립2호기,8892.0,7235.0,81.37,1,43200.0,20.58
2026-02-21,A관(1공장),[10] 사출조립,조립30호기,84756.0,84119.0,99.25,1,86400.0,98.1
2026-02-21,A관(1공장),[10] 사출조립,조립31호기,97041.0,96478.0,99.42,1,86400.0,112.32
2026-02-21,A관(1공장),[10] 사출조립,조립32호기,50029.0,49148.0,98.24,1,86400.0,57.9
2026-02-21,A관(1공장),[10] 사출조립,조립4호기,8733.0,7596.0,86.98,1,43200.0,20.22
2026-02-21,A관(1공장),[10] 사출조립,조립5호기,36717.0,36717.0,100.0,1,43200.0,84.99
2026-02-21,A관(1공장),[10] 사출조립,조립7호기,9442.0,7714.0,81.7,1,43200.0,21.86
2026-02-21,A관(1공장),[10] 사출조립,조립8호기,33506.0,31776.0,94.84,1,43200.0,77.56
2026-02-21,A관(1공장),[20] 분리,분리10호기,17502.0,15642.0,89.37,1,17280.0,101.28
2026-02-21,A관(1공장),[20] 분리,분리11호기,17180.0,15610.0,90.86,1,17280.0,99.42
2026-02-21,A관(1공장),[20] 분리,분리14호기,37981.0,29190.0,76.85,1,54000.0,70.34
2026-02-21,A관(1공장),[20] 분리,분리4호기,17936.0,15553.0,86.71,1,17280.0,103.8
2026-02-21,A관(1공장),[20] 분리,분리5호기,20129.0,15444.0,76.73,1,17280.0,116.49
2026-02-21,A관(1공장),[45] 하이드레이션/전면검사,1공장 실리콘수화기,18615.0,18615.0,100.0,1,0.0,0.0
2026-02-21,A관(1공장),[45] 하이드레이션/전면검사,워터배스1-2호기,1955.0,1955.0,100.0,1,30000.0,6.52
2026-02-21,A관(1공장),[45] 하이드레이션/전면검사,워터배스1-3호기,17194.0,16052.0,93.36,1,30000.0,57.31
2026-02-21,A관(1공장),[45] 하이드레이션/전면검사,워터배스1-4호기,3746.0,3746.0,100.0,1,30000.0,12.49
2026-02-21,A관(1공장),[45] 하이드레이션/전면검사,워터배스1-5호기,8524.0,8524.0,100.0,1,150000.0,5.68
2026-02-21,A관(1공장),[45] 하이드레이션/전면검사,워터배스1-6호기,28940.0,28940.0,100.0,1,150000.0,19.29
2026-02-21,A관(1공장),[55] 접착/ 멸균,검사10호기,11847.0,11482.0,96.92,1,13293.0,89.12
2026-02-21,A관(1공장),[55] 접착/ 멸균,검사11호기,13047.0,12462.0,95.52,1,13293.0,98.15
2026-02-21,A관(1공장),[55] 접착/ 멸균,검사14호기,6816.0,6746.0,98.97,1,13293.0,51.28
2026-02-21,A관(1공장),[55] 접착/ 멸균,검사16호기,5632.0,5308.0,94.25,1,13293.0,42.37
2026-02-21,A관(1공장),[55] 접착/ 멸균,검사17호기,3328.0,2826.0,84.92,1,13293.0,25.04
2026-02-21,A관(1공장),[55] 접착/ 멸균,검사18호기,12544.0,12086.0,96.35,1,13293.0,94.37
2026-02-21,A관(1공장),[55] 접착/ 멸균,검사19호기,4692.0,4290.0,91.43,1,13293.0,35.3
2026-02-21,A관(1공장),[55] 접착/ 멸균,검사20호기,11561.0,11089.0,95.92,1,13293.0,86.97
2026-02-21,A관(1공장),[55] 접착/ 멸균,검사21호기,9019.0,8866.0,98.3,1,13293.0,67.85
2026-02-21,A관(1공장),[55] 접착/ 멸균,검사22호기,9370.0,9278.0,99.02,1,13293.0,70.49
2026-02-21,A관(1공장),[55] 접착/ 멸균,검사7호기,1236.0,1128.0,91.26,1,13293.0,9.3
2026-02-21,A관(1공장),[55] 접착/ 멸균,검사8호기,4410.0,2756.0,62.49,1,13293.0,33.18
2026-02-21,A관(1공장),[55] 접착/ 멸균,바이알캡핑기,12252.0,10786.0,88.03,1,0.0,0.0
2026-02-21,A관(1공장),[80] 누수/규격검사,누수/규격검사(1공장),110579.0,105252.0,95.18,1,112902.0,97.94
2026-02-21,C관(2공장),[00] 배합,조립12호기,20366.0,20366.0,100.0,1,0.0,0.0
2026-02-21,C관(2공장),[00] 배합,조립15호기,8162.36,8162.36,100.0,1,0.0,0.0
2026-02-21,C관(2공장),[00] 배합,조립48호기,20366.0,20366.0,100.0,1,0.0,0.0
2026-02-21,C관(2공장),[00] 배합,조립57호기,20366.0,20366.0,100.0,1,0.0,0.0
2026-02-21,C관(2공장),[10] 사출조립,조립10호기,27912.0,22001.0,78.82,1,43200.0,64.61
2026-02-21,C관(2공장),[10] 사출조립,조립11호기,12458.0,10323.0,82.86,1,43200.0,28.84
2026-02-21,C관(2공장),[10] 사출조립,조립12호기,34495.0,32351.0,93.78,1,0.0,0.0
2026-02-21,C관(2공장),[10] 사출조립,조립13호기,26104.0,24324.0,93.18,1,0.0,0.0
2026-02-21,C관(2공장),[10] 사출조립,조립14호기,45822.0,36169.0,78.93,1,43200.0,106.07
2026-02-21,C관(2공장),[10] 사출조립,조립15호기,16361.0,13998.0,85.56,1,43200.0,37.87
2026-02-21,C관(2공장),[10] 사출조립,조립16호기,26113.0,25326.0,96.99,1,43200.0,60.45
2026-02-21,C관(2공장),[10] 사출조립,조립17호기,36937.0,29161.0,78.95,1,43200.0,85.5
2026-02-21,C관(2공장),[10] 사출조립,조립19호기,29483.0,28046.0,95.13,1,43200.0,68.25
2026-02-21,C관(2공장),[10] 사출조립,조립22호기,21396.0,19840.0,92.73,1,43200.0,49.53
2026-02-21,C관(2공장),[10] 사출조립,조립23호기,17372.0,15879.0,91.41,1,43200.0,40.21
2026-02-21,C관(2공장),[10] 사출조립,조립24호기,27566.0,26426.0,95.86,1,43200.0,63.81
2026-02-21,C관(2공장),[10] 사출조립,조립25호기,46711.0,45946.0,98.36,1,43200.0,108.13
2026-02-21,C관(2공장),[10] 사출조립,조립26호기,29547.0,29524.0,99.92,1,43200.0,68.4
2026-02-21,C관(2공장),[10] 사출조립,조립27호기,30029.0,29251.0,97.41,1,43200.0,69.51
2026-02-21,C관(2공장),[10] 사출조립,조립42호기,28970.0,27222.0,93.97,1,43200.0,67.06
2026-02-21,C관(2공장),[10] 사출조립,조립46호기,27567.0,22626.0,82.08,1,43200.0,63.81
2026-02-21,C관(2공장),[10] 사출조립,조립47호기,32881.0,30771.0,93.58,1,43200.0,76.11
2026-02-21,C관(2공장),[10] 사출조립,조립48호기,19693.0,17951.0,91.15,1,43200.0,45.59
2026-02-21,C관(2공장),[10] 사출조립,조립51호기,54680.0,43866.0,80.22,1,43200.0,126.57
2026-02-21,C관(2공장),[10] 사출조립,조립54호기,31864.0,31821.0,99.87,1,43200.0,73.76
2026-02-21,C관(2공장),[10] 사출조립,조립55호기,12304.0,5859.0,47.62,1,43200.0,28.48
2026-02-21,C관(2공장),[10] 사출조립,조립57호기,56305.0,53188.0,94.46,1,43200.0,130.34
2026-02-21,C관(2공장),[10] 사출조립,조립58호기,26832.0,23802.0,88.71,1,43200.0,62.11
2026-02-21,C관(2공장),[10] 사출조립,조립59호기,59057.0,58363.0,98.82,1,43200.0,136.71
2026-02-21,C관(2공장),[20] 분리,분리12호기,32321.0,29189.0,90.31,1,0.0,0.0
2026-02-21,C관(2공장),[20] 분리,분리15호기,27045.0,25163.0,93.04,1,0.0,0.0
2026-02-21,C관(2공장),[20] 분리,분리16호기,43026.0,38419.0,89.29,1,61715.0,69.72
2026-02-21,C관(2공장),[20] 분리,분리17호기,40589.0,34884.0,85.94,1,61715.0,65.77
2026-02-21,C관(2공장),[20] 분리,분리18호기,46295.0,41467.0,89.57,1,61715.0,75.01
2026-02-21,C관(2공장),[20] 분리,분리19호기,7308.0,6493.0,88.85,1,61715.0,11.84
2026-02-21,C관(2공장),[20] 분리,분리20호기,40347.0,35223.0,87.3,1,61715.0,65.38
2026-02-21,C관(2공장),[20] 분리,분리21호기,49078.0,44174.0,90.01,1,61715.0,79.52
2026-02-21,C관(2공장),[20] 분리,분리22호기,42111.0,35810.0,85.04,1,61715.0,68.23
2026-02-21,C관(2공장),[20] 분리,분리23호기,40733.0,34893.0,85.66,1,61715.0,66.0
2026-02-21,C관(2공장),[20] 분리,분리24호기,45313.0,40365.0,89.08,1,61715.0,73.42
2026-02-21,C관(2공장),[20] 분리,분리25호기,50745.0,42297.0,83.35,1,61715.0,82.22
2026-02-21,C관(2공장),[20] 분리,분리26호기,40397.0,35516.0,87.92,1,54000.0,74.81
2026-02-21,C관(2공장),[20] 분리,분리27호기,37287.0,33452.0,89.71,1,54000.0,69.05
2026-02-21,C관(2공장),[20] 분리,분리28호기,6596.0,5836.0,88.48,1,54000.0,12.21
2026-02-21,C관(2공장),[20] 분리,분리30호기,14893.0,13517.0,90.76,1,54000.0,27.58
2026-02-21,C관(2공장),[20] 분리,분리31호기,46898.0,40762.0,86.92,1,54000.0,86.85
2026-02-21,C관(2공장),[20] 분리,분리32호기,36824.0,29634.0,80.47,1,54000.0,68.19
2026-02-21,C관(2공장),[20] 분리,분리33호기,49212.0,41485.0,84.3,1,54000.0,91.13
2026-02-21,C관(2공장),[20] 분리,분리34호기,35553.0,30879.0,86.85,1,54000.0,65.84
2026-02-21,C관(2공장),[20] 분리,분리35호기,38249.0,29522.0,77.18,1,54000.0,70.83
2026-02-21,C관(2공장),[20] 분리,분리36호기,39703.0,32440.0,81.71,1,54000.0,73.52
2026-02-21,C관(2공장),[20] 분리,분리37호기,53606.0,47510.0,88.63,1,54000.0,99.27
2026-02-21,C관(2공장),[20] 분리,분리43호기,38773.0,30121.0,77.69,1,54000.0,71.8
2026-02-21,C관(2공장),[45] 하이드레이션/전면검사,워터배스2-10호기,68550.0,68510.0,99.94,1,120000.0,57.12
2026-02-21,C관(2공장),[45] 하이드레이션/전면검사,워터배스2-11호기,66947.0,66875.0,99.89,1,150000.0,44.63
2026-02-21,C관(2공장),[45] 하이드레이션/전면검사,워터배스2-12호기,61499.0,61425.0,99.88,1,150000.0,41.0
2026-02-21,C관(2공장),[45] 하이드레이션/전면검사,워터배스2-13호기,70458.0,70385.0,99.9,1,150000.0,46.97
2026-02-21,C관(2공장),[45] 하이드레이션/전면검사,워터배스2-14호기,99179.0,99070.0,99.89,1,150000.0,66.12
2026-02-21,C관(2공장),[45] 하이드레이션/전면검사,워터배스2-1호기,98656.0,98570.0,99.91,1,120000.0,82.21
2026-02-21,C관(2공장),[45] 하이드레이션/전면검사,워터배스2-2호기,52142.0,49525.0,94.98,1,120000.0,43.45
2026-02-21,C관(2공장),[45] 하이드레이션/전면검사,워터배스2-3호기,76954.0,76875.0,99.9,1,120000.0,64.13
2026-02-21,C관(2공장),[45] 하이드레이션/전면검사,워터배스2-4호기,73569.0,73505.0,99.91,1,120000.0,61.31
2026-02-21,C관(2공장),[45] 하이드레이션/전면검사,워터배스2-5호기,45570.0,45520.0,99.89,1,120000.0,37.97
2026-02-21,C관(2공장),[45] 하이드레이션/전면검사,워터배스2-7호기,46937.0,46890.0,99.9,1,120000.0,39.11
2026-02-21,C관(2공장),[45] 하이드레이션/전면검사,워터배스2-8호기,55401.0,55360.0,99.93,1,120000.0,46.17
2026-02-21,C관(2공장),[45] 하이드레이션/전면검사,워터배스2-9호기,75352.0,75280.0,99.9,1,120000.0,62.79
2026-02-21,C관(2공장),[55] 접착/ 멸균,검사30호기,5985.0,5725.0,95.66,1,66462.0,9.01
2026-02-21,C관(2공장),[55] 접착/ 멸균,검사31호기,9445.0,9030.0,95.61,1,0.0,0.0
2026-02-21,C관(2공장),[55] 접착/ 멸균,검사32호기,42100.0,37830.0,89.86,1,0.0,0.0
2026-02-21,C관(2공장),[55] 접착/ 멸균,검사33호기,54200.0,52805.0,97.43,1,66462.0,81.55
2026-02-21,C관(2공장),[55] 접착/ 멸균,검사34호기,62200.0,61410.0,98.73,1,78546.0,79.19
2026-02-21,C관(2공장),[55] 접착/ 멸균,검사35호기,53210.0,52215.0,98.13,1,78546.0,67.74
2026-02-21,C관(2공장),[55] 접착/ 멸균,검사36호기,59085.0,58385.0,98.82,1,78546.0,75.22
2026-02-21,C관(2공장),[55] 접착/ 멸균,검사37호기,55435.0,54115.0,97.62,1,78546.0,70.58
2026-02-21,C관(2공장),[55] 접착/ 멸균,검사38호기,62130.0,61195.0,98.5,1,78546.0,79.1
2026-02-21,C관(2공장),[55] 접착/ 멸균,검사39호기,37495.0,36215.0,96.59,1,78546.0,47.74
2026-02-21,C관(2공장),[55] 접착/ 멸균,검사40호기,49075.0,48460.0,98.75,1,78546.0,62.48
2026-02-21,C관(2공장),[55] 접착/ 멸균,검사41호기,56720.0,55555.0,97.95,1,78546.0,72.21
2026-02-21,C관(2공장),[55] 접착/ 멸균,검사42호기,59955.0,58970.0,98.36,1,78546.0,76.33
2026-02-21,C관(2공장),[55] 접착/ 멸균,검사43호기,58650.0,57550.0,98.12,1,78546.0,74.67
2026-02-21,C관(2공장),[55] 접착/ 멸균,검사44호기,59495.0,58895.0,98.99,1,78546.0,75.75
2026-02-21,C관(2공장),[55] 접착/ 멸균,검사45호기,52875.0,50365.0,95.25,1,78546.0,67.32
2026-02-21,C관(2공장),[55] 접착/ 멸균,검사46호기,53015.0,49425.0,93.23,1,78546.0,67.5
2026-02-21,C관(2공장),[55] 접착/ 멸균,검사47호기,52345.0,50875.0,97.19,1,78546.0,66.64
2026-02-21,C관(2공장),[55] 접착/ 멸균,검사48호기,55700.0,55110.0,98.94,1,78546.0,70.91
2026-02-21,C관(2공장),[80] 누수/규격검사,누수/규격검사(2공장),863355.0,859515.0,99.56,1,720000.0,119.91
2026-02-21,S관(3공장),[00] 배합,A형 인라인3호기 - 접착,9999.0,9999.0,100.0,1,0.0,0.0
2026-02-21,S관(3공장),[00] 배합,A형 인라인5호기 - 접착,2063.95,2063.95,100.0,1,0.0,0.0
2026-02-21,S관(3공장),[00] 배합,B형 조립중합6호기,9900.0,9900.0,100.0,1,0.0,0.0
2026-02-21,S관(3공장),[00] 배합,C형 조립중합2호기,17820.0,17820.0,100.0,1,0.0,0.0
2026-02-21,S관(3공장),[10] 사출조립,A형 인라인1호기 - 접착,42426.0,42426.0,100.0,1,0.0,0.0
2026-02-21,S관(3공장),[10] 사출조립,A형 인라인2호기 - 접착,40565.0,40565.0,100.0,1,0.0,0.0
2026-02-21,S관(3공장),[10] 사출조립,A형 인라인3호기 - 접착,24193.0,24193.0,100.0,1,0.0,0.0
2026-02-21,S관(3공장),[10] 사출조립,A형 인라인5호기 - 접착,18407.0,18407.0,100.0,1,0.0,0.0
2026-02-21,S관(3공장),[10] 사출조립,A형 인라인6호기 - 접착,16403.0,16403.0,100.0,1,0.0,0.0
2026-02-21,S관(3공장),[10] 사출조립,C형 조립중합5호기,32091.0,30689.0,95.63,1,0.0,0.0
2026-02-21,S관(3공장),[20] 분리,A형 인라인1호기 - 접착,15454.0,14632.0,94.68,1,0.0,0.0
2026-02-21,S관(3공장),[20] 분리,A형 인라인2호기 - 접착,17544.0,17208.0,98.08,1,0.0,0.0
2026-02-21,S관(3공장),[20] 분리,B형 분리3호기,28540.0,23703.0,83.05,1,0.0,0.0
2026-02-21,S관(3공장),[20] 분리,B형 분리4호기,27874.0,24090.0,86.42,1,0.0,0.0
2026-02-21,S관(3공장),[20] 분리,B형 분리5호기,27292.0,23836.0,87.34,1,0.0,0.0
2026-02-21,S관(3공장),[20] 분리,B형 분리6호기,19489.0,17394.0,89.25,1,0.0,0.0
2026-02-21,S관(3공장),[20] 분리,B형 분리7호기,19973.0,17192.0,86.08,1,0.0,0.0
2026-02-21,S관(3공장),[20] 분리,B형 분리8호기,16771.0,12852.0,76.63,1,0.0,0.0
2026-02-21,S관(3공장),[45] 하이드레이션/전면검사,B형 분리4호기,11743.0,11724.0,99.84,1,0.0,0.0
2026-02-21,S관(3공장),[45] 하이드레이션/전면검사,B형 분리5호기,13510.0,13501.0,99.93,1,0.0,0.0
2026-02-21,S관(3공장),[45] 하이드레이션/전면검사,S관 실리콘 자동수화기,146600.0,145796.0,99.45,1,240000.0,61.08
2026-02-21,S관(3공장),[55] 접착/ 멸균,A형 인라인1호기 - 접착,39379.0,37935.0,96.33,1,0.0,0.0
2026-02-21,S관(3공장),[55] 접착/ 멸균,A형 인라인2호기 - 접착,37735.0,37105.0,98.33,1,0.0,0.0
2026-02-21,S관(3공장),[55] 접착/ 멸균,A형 인라인3호기 - 접착,50835.0,49673.0,97.71,1,0.0,0.0
2026-02-21,S관(3공장),[55] 접착/ 멸균,A형 인라인4호기 - 접착,42468.0,41375.0,97.43,1,0.0,0.0
2026-02-21,S관(3공장),[55] 접착/ 멸균,A형 인라인5호기 - 접착,18005.0,16860.0,93.64,1,0.0,0.0
2026-02-21,S관(3공장),[55] 접착/ 멸균,A형 인라인6호기 - 접착,21271.0,20630.0,96.99,1,0.0,0.0
2026-02-21,S관(3공장),[80] 누수/규격검사,누수/규격검사(3공장),208925.0,207485.0,99.31,1,100645.0,207.59
2026-02-22,A관(1공장),[10] 사출조립,조립1호기,30439.0,30075.0,98.8,1,43200.0,70.46
2026-02-22,A관(1공장),[10] 사출조립,조립30호기,44889.0,44889.0,100.0,1,86400.0,51.95
2026-02-22,A관(1공장),[10] 사출조립,조립31호기,50616.0,50616.0,100.0,1,86400.0,58.58
2026-02-22,A관(1공장),[10] 사출조립,조립32호기,90892.0,90892.0,100.0,1,86400.0,105.2
2026-02-22,A관(1공장),[10] 사출조립,조립4호기,8341.0,8341.0,100.0,1,43200.0,19.31
2026-02-22,A관(1공장),[10] 사출조립,조립5호기,27946.0,27946.0,100.0,1,43200.0,64.69
2026-02-22,A관(1공장),[10] 사출조립,조립7호기,8317.0,7871.0,94.64,1,43200.0,19.25
2026-02-22,A관(1공장),[10] 사출조립,조립8호기,21196.0,21196.0,100.0,1,43200.0,49.06
2026-02-22,A관(1공장),[20] 분리,분리10호기,11431.0,9778.0,85.54,1,17280.0,66.15
2026-02-22,A관(1공장),[20] 분리,분리11호기,16250.0,14907.0,91.74,1,17280.0,94.04
2026-02-22,A관(1공장),[20] 분리,분리14호기,27425.0,21212.0,77.35,1,54000.0,50.79
2026-02-22,A관(1공장),[20] 분리,분리4호기,17994.0,14456.0,80.34,1,17280.0,104.13
2026-02-22,A관(1공장),[20] 분리,분리5호기,17126.0,14477.0,84.53,1,17280.0,99.11
2026-02-22,A관(1공장),[45] 하이드레이션/전면검사,1공장 실리콘수화기,17380.0,17380.0,100.0,1,0.0,0.0
2026-02-22,A관(1공장),[45] 하이드레이션/전면검사,워터배스1-2호기,13503.0,13503.0,100.0,1,30000.0,45.01
2026-02-22,A관(1공장),[45] 하이드레이션/전면검사,워터배스1-3호기,16028.0,15191.0,94.78,1,30000.0,53.43
2026-02-22,A관(1공장),[45] 하이드레이션/전면검사,워터배스1-4호기,7506.0,7506.0,100.0,1,30000.0,25.02
2026-02-22,A관(1공장),[45] 하이드레이션/전면검사,워터배스1-5호기,25151.0,25151.0,100.0,1,150000.0,16.77
2026-02-22,A관(1공장),[45] 하이드레이션/전면검사,워터배스1-6호기,19158.0,19158.0,100.0,1,150000.0,12.77
2026-02-22,A관(1공장),[55] 접착/ 멸균,검사10호기,13202.0,12596.0,95.41,1,13293.0,99.32
2026-02-22,A관(1공장),[55] 접착/ 멸균,검사11호기,11789.0,11060.0,93.82,1,13293.0,88.69
2026-02-22,A관(1공장),[55] 접착/ 멸균,검사14호기,10594.0,10370.0,97.89,1,13293.0,79.7
2026-02-22,A관(1공장),[55] 접착/ 멸균,검사15호기,9289.0,9285.0,99.96,1,13293.0,69.88
2026-02-22,A관(1공장),[55] 접착/ 멸균,검사16호기,2850.0,2789.0,97.86,1,13293.0,21.44
2026-02-22,A관(1공장),[55] 접착/ 멸균,검사17호기,8771.0,8439.0,96.21,1,13293.0,65.98
2026-02-22,A관(1공장),[55] 접착/ 멸균,검사18호기,11207.0,10912.0,97.37,1,13293.0,84.31
2026-02-22,A관(1공장),[55] 접착/ 멸균,검사20호기,4787.0,4413.0,92.19,1,13293.0,36.01
2026-02-22,A관(1공장),[55] 접착/ 멸균,검사21호기,1483.0,1483.0,100.0,1,13293.0,11.16
2026-02-22,A관(1공장),[55] 접착/ 멸균,검사22호기,12937.0,12625.0,97.59,1,13293.0,97.32
2026-02-22,A관(1공장),[55] 접착/ 멸균,검사6호기,1269.0,1158.0,91.25,1,13293.0,9.55
2026-02-22,A관(1공장),[55] 접착/ 멸균,검사7호기,2000.0,1876.0,93.8,1,13293.0,15.05
2026-02-22,A관(1공장),[55] 접착/ 멸균,검사8호기,4338.0,2796.0,64.45,1,13293.0,32.63
2026-02-22,A관(1공장),[55] 접착/ 멸균,바이알캡핑기,5820.0,5060.0,86.94,1,0.0,0.0
2026-02-22,A관(1공장),[80] 누수/규격검사,누수/규격검사(1공장),106294.0,101738.0,95.71,1,112902.0,94.15
2026-02-22,C관(2공장),[10] 사출조립,조립10호기,25003.0,23158.0,92.62,1,43200.0,57.88
2026-02-22,C관(2공장),[10] 사출조립,조립11호기,27840.0,27633.0,99.26,1,43200.0,64.44
2026-02-22,C관(2공장),[10] 사출조립,조립12호기,29856.0,28058.0,93.98,1,0.0,0.0
2026-02-22,C관(2공장),[10] 사출조립,조립13호기,31347.0,31293.0,99.83,1,0.0,0.0
2026-02-22,C관(2공장),[10] 사출조립,조립14호기,21772.0,19250.0,88.42,1,43200.0,50.4
2026-02-22,C관(2공장),[10] 사출조립,조립15호기,12956.0,12795.0,98.76,1,43200.0,29.99
2026-02-22,C관(2공장),[10] 사출조립,조립16호기,16457.0,14163.0,86.06,1,43200.0,38.09
2026-02-22,C관(2공장),[10] 사출조립,조립17호기,25102.0,22302.0,88.85,1,43200.0,58.11
2026-02-22,C관(2공장),[10] 사출조립,조립19호기,44882.0,44082.0,98.22,1,43200.0,103.89
2026-02-22,C관(2공장),[10] 사출조립,조립22호기,29730.0,27505.0,92.52,1,43200.0,68.82
2026-02-22,C관(2공장),[10] 사출조립,조립23호기,37675.0,32866.0,87.24,1,43200.0,87.21
2026-02-22,C관(2공장),[10] 사출조립,조립24호기,29393.0,26476.0,90.08,1,43200.0,68.04
2026-02-22,C관(2공장),[10] 사출조립,조립25호기,7475.0,5467.0,73.14,1,43200.0,17.3
2026-02-22,C관(2공장),[10] 사출조립,조립26호기,28147.0,25336.0,90.01,1,43200.0,65.16
2026-02-22,C관(2공장),[10] 사출조립,조립27호기,57797.0,53220.0,92.08,1,43200.0,133.79
2026-02-22,C관(2공장),[10] 사출조립,조립42호기,22177.0,19516.0,88.0,1,43200.0,51.34
2026-02-22,C관(2공장),[10] 사출조립,조립44호기,17597.0,13729.0,78.02,1,43200.0,40.73
2026-02-22,C관(2공장),[10] 사출조립,조립46호기,20410.0,17854.0,87.48,1,43200.0,47.25
2026-02-22,C관(2공장),[10] 사출조립,조립48호기,30771.0,22734.0,73.88,1,43200.0,71.23
2026-02-22,C관(2공장),[10] 사출조립,조립49호기,29275.0,29209.0,99.77,1,43200.0,67.77
2026-02-22,C관(2공장),[10] 사출조립,조립50호기,31374.0,28963.0,92.32,1,43200.0,72.62
2026-02-22,C관(2공장),[10] 사출조립,조립51호기,27882.0,22256.0,79.82,1,43200.0,64.54
2026-02-22,C관(2공장),[10] 사출조립,조립52호기,26871.0,26836.0,99.87,1,43200.0,62.2
2026-02-22,C관(2공장),[10] 사출조립,조립53호기,35445.0,34910.0,98.49,1,43200.0,82.05
2026-02-22,C관(2공장),[10] 사출조립,조립54호기,32669.0,31924.0,97.72,1,43200.0,75.62
2026-02-22,C관(2공장),[10] 사출조립,조립55호기,27128.0,24374.0,89.85,1,43200.0,62.8
2026-02-22,C관(2공장),[10] 사출조립,조립56호기,26241.0,26190.0,99.81,1,43200.0,60.74
2026-02-22,C관(2공장),[10] 사출조립,조립57호기,29073.0,28302.0,97.35,1,43200.0,67.3
2026-02-22,C관(2공장),[10] 사출조립,조립58호기,54134.0,49343.0,91.15,1,43200.0,125.31
2026-02-22,C관(2공장),[10] 사출조립,조립59호기,26018.0,25078.0,96.39,1,43200.0,60.23
2026-02-22,C관(2공장),[20] 분리,분리12호기,49711.0,43318.0,87.14,1,0.0,0.0
2026-02-22,C관(2공장),[20] 분리,분리15호기,52232.0,47115.0,90.2,1,0.0,0.0
2026-02-22,C관(2공장),[20] 분리,분리16호기,43989.0,37852.0,86.05,1,61715.0,71.28
2026-02-22,C관(2공장),[20] 분리,분리17호기,50359.0,46344.0,92.03,1,61715.0,81.6
2026-02-22,C관(2공장),[20] 분리,분리18호기,45174.0,39677.0,87.83,1,61715.0,73.2
2026-02-22,C관(2공장),[20] 분리,분리19호기,42116.0,36086.0,85.68,1,61715.0,68.24
2026-02-22,C관(2공장),[20] 분리,분리20호기,38314.0,33394.0,87.16,1,61715.0,62.08
2026-02-22,C관(2공장),[20] 분리,분리21호기,50096.0,44320.0,88.47,1,61715.0,81.17
2026-02-22,C관(2공장),[20] 분리,분리22호기,47277.0,40818.0,86.34,1,61715.0,76.61
2026-02-22,C관(2공장),[20] 분리,분리23호기,45311.0,38222.0,84.35,1,61715.0,73.42
2026-02-22,C관(2공장),[20] 분리,분리24호기,51624.0,46702.0,90.47,1,61715.0,83.65
2026-02-22,C관(2공장),[20] 분리,분리25호기,51341.0,41886.0,81.58,1,61715.0,83.19
2026-02-22,C관(2공장),[20] 분리,분리26호기,48191.0,40075.0,83.16,1,54000.0,89.24
2026-02-22,C관(2공장),[20] 분리,분리27호기,44757.0,41179.0,92.01,1,54000.0,82.88
2026-02-22,C관(2공장),[20] 분리,분리28호기,43305.0,37405.0,86.38,1,54000.0,80.19
2026-02-22,C관(2공장),[20] 분리,분리29호기,42439.0,37384.0,88.09,1,54000.0,78.59
2026-02-22,C관(2공장),[20] 분리,분리30호기,48893.0,44197.0,90.4,1,54000.0,90.54
2026-02-22,C관(2공장),[20] 분리,분리31호기,53202.0,45721.0,85.94,1,54000.0,98.52
2026-02-22,C관(2공장),[20] 분리,분리32호기,19197.0,16391.0,85.38,1,54000.0,35.55
2026-02-22,C관(2공장),[20] 분리,분리33호기,44184.0,40009.0,90.55,1,54000.0,81.82
2026-02-22,C관(2공장),[20] 분리,분리34호기,53979.0,46514.0,86.17,1,54000.0,99.96
2026-02-22,C관(2공장),[20] 분리,분리35호기,23797.0,19695.0,82.76,1,54000.0,44.07
2026-02-22,C관(2공장),[20] 분리,분리36호기,24407.0,21136.0,86.6,1,54000.0,45.2
2026-02-22,C관(2공장),[20] 분리,분리37호기,36689.0,33272.0,90.69,1,54000.0,67.94
2026-02-22,C관(2공장),[20] 분리,분리43호기,47087.0,37685.0,80.03,1,54000.0,87.2
2026-02-22,C관(2공장),[45] 하이드레이션/전면검사,워터배스2-10호기,68114.0,68050.0,99.91,1,120000.0,56.76
2026-02-22,C관(2공장),[45] 하이드레이션/전면검사,워터배스2-11호기,67105.0,67050.0,99.92,1,150000.0,44.74
2026-02-22,C관(2공장),[45] 하이드레이션/전면검사,워터배스2-12호기,77070.0,76955.0,99.85,1,150000.0,51.38
2026-02-22,C관(2공장),[45] 하이드레이션/전면검사,워터배스2-13호기,59940.0,59875.0,99.89,1,150000.0,39.96
2026-02-22,C관(2공장),[45] 하이드레이션/전면검사,워터배스2-14호기,94805.0,94705.0,99.89,1,150000.0,63.2
2026-02-22,C관(2공장),[45] 하이드레이션/전면검사,워터배스2-1호기,87616.0,87515.0,99.88,1,120000.0,73.01
2026-02-22,C관(2공장),[45] 하이드레이션/전면검사,워터배스2-2호기,52387.0,52325.0,99.88,1,120000.0,43.66
2026-02-22,C관(2공장),[45] 하이드레이션/전면검사,워터배스2-3호기,58861.0,58790.0,99.88,1,120000.0,49.05
2026-02-22,C관(2공장),[45] 하이드레이션/전면검사,워터배스2-4호기,50496.0,50465.0,99.94,1,120000.0,42.08
2026-02-22,C관(2공장),[45] 하이드레이션/전면검사,워터배스2-5호기,81747.0,81020.0,99.11,1,120000.0,68.12
2026-02-22,C관(2공장),[45] 하이드레이션/전면검사,워터배스2-7호기,56423.0,56360.0,99.89,1,120000.0,47.02
2026-02-22,C관(2공장),[45] 하이드레이션/전면검사,워터배스2-8호기,66690.0,66640.0,99.93,1,120000.0,55.58
2026-02-22,C관(2공장),[45] 하이드레이션/전면검사,워터배스2-9호기,71558.0,71505.0,99.93,1,120000.0,59.63
2026-02-22,C관(2공장),[55] 접착/ 멸균,검사30호기,4720.0,4495.0,95.23,1,66462.0,7.1
2026-02-22,C관(2공장),[55] 접착/ 멸균,검사31호기,6300.0,5975.0,94.84,1,0.0,0.0
2026-02-22,C관(2공장),[55] 접착/ 멸균,검사32호기,40130.0,39640.0,98.78,1,0.0,0.0
2026-02-22,C관(2공장),[55] 접착/ 멸균,검사33호기,46190.0,45620.0,98.77,1,66462.0,69.5
2026-02-22,C관(2공장),[55] 접착/ 멸균,검사34호기,56480.0,55380.0,98.05,1,78546.0,71.91
2026-02-22,C관(2공장),[55] 접착/ 멸균,검사35호기,54215.0,52710.0,97.22,1,78546.0,69.02
2026-02-22,C관(2공장),[55] 접착/ 멸균,검사36호기,61680.0,58865.0,95.44,1,78546.0,78.53
2026-02-22,C관(2공장),[55] 접착/ 멸균,검사37호기,57940.0,57150.0,98.64,1,78546.0,73.77
2026-02-22,C관(2공장),[55] 접착/ 멸균,검사38호기,65575.0,64905.0,98.98,1,78546.0,83.49
2026-02-22,C관(2공장),[55] 접착/ 멸균,검사39호기,60135.0,59450.0,98.86,1,78546.0,76.56
2026-02-22,C관(2공장),[55] 접착/ 멸균,검사40호기,57900.0,57285.0,98.94,1,78546.0,73.71
2026-02-22,C관(2공장),[55] 접착/ 멸균,검사41호기,53635.0,52265.0,97.45,1,78546.0,68.28
2026-02-22,C관(2공장),[55] 접착/ 멸균,검사42호기,60005.0,58635.0,97.72,1,78546.0,76.39
2026-02-22,C관(2공장),[55] 접착/ 멸균,검사43호기,56495.0,55100.0,97.53,1,78546.0,71.93
2026-02-22,C관(2공장),[55] 접착/ 멸균,검사44호기,58180.0,57510.0,98.85,1,78546.0,74.07
2026-02-22,C관(2공장),[55] 접착/ 멸균,검사45호기,60295.0,59035.0,97.91,1,78546.0,76.76
2026-02-22,C관(2공장),[55] 접착/ 멸균,검사46호기,51430.0,47650.0,92.65,1,78546.0,65.48
2026-02-22,C관(2공장),[55] 접착/ 멸균,검사47호기,53605.0,50725.0,94.63,1,78546.0,68.25
2026-02-22,C관(2공장),[55] 접착/ 멸균,검사48호기,56515.0,55720.0,98.59,1,78546.0,71.95
2026-02-22,C관(2공장),[80] 누수/규격검사,누수/규격검사(2공장),846090.0,842820.0,99.61,1,720000.0,117.51
2026-02-22,S관(3공장),[10] 사출조립,A형 인라인1호기 - 접착,20722.0,20722.0,100.0,1,0.0,0.0
2026-02-22,S관(3공장),[10] 사출조립,A형 인라인2호기 - 접착,36605.0,36605.0,100.0,1,0.0,0.0
2026-02-22,S관(3공장),[10] 사출조립,A형 인라인3호기 - 접착,16791.0,16791.0,100.0,1,0.0,0.0
2026-02-22,S관(3공장),[10] 사출조립,A형 인라인5호기 - 접착,37456.0,37456.0,100.0,1,0.0,0.0
2026-02-22,S관(3공장),[10] 사출조립,B형 조립중합6호기,18510.0,17805.0,96.19,1,76800.0,24.1
2026-02-22,S관(3공장),[10] 사출조립,C형 조립중합4호기,31987.0,28376.0,88.71,1,0.0,0.0
2026-02-22,S관(3공장),[10] 사출조립,C형 조립중합5호기,32929.0,28457.0,86.42,1,0.0,0.0
2026-02-22,S관(3공장),[20] 분리,A형 인라인1호기 - 접착,31120.0,29501.0,94.8,1,0.0,0.0
2026-02-22,S관(3공장),[20] 분리,A형 인라인2호기 - 접착,45960.0,44020.0,95.78,1,0.0,0.0
2026-02-22,S관(3공장),[20] 분리,A형 인라인3호기 - 접착,24455.0,22237.0,90.93,1,0.0,0.0
2026-02-22,S관(3공장),[20] 분리,B형 분리3호기,13846.0,10966.0,79.2,1,0.0,0.0
2026-02-22,S관(3공장),[20] 분리,B형 분리4호기,14521.0,11508.0,79.25,1,0.0,0.0
2026-02-22,S관(3공장),[20] 분리,B형 분리5호기,19009.0,14787.0,77.79,1,0.0,0.0
2026-02-22,S관(3공장),[20] 분리,B형 분리6호기,22404.0,20096.0,89.7,1,0.0,0.0
2026-02-22,S관(3공장),[20] 분리,B형 분리7호기,10306.0,8670.0,84.13,1,0.0,0.0
2026-02-22,S관(3공장),[20] 분리,B형 분리8호기,11078.0,7744.0,69.9,1,0.0,0.0
2026-02-22,S관(3공장),[20] 분리,CAM분리2호기,11214.0,8640.0,77.05,1,39273.0,28.55
2026-02-22,S관(3공장),[20] 분리,CAM분리3호기,21107.0,17313.0,82.02,1,39273.0,53.74
2026-02-22,S관(3공장),[45] 하이드레이션/전면검사,A형 인라인2호기 - 접착,22941.0,22914.0,99.88,1,0.0,0.0
2026-02-22,S관(3공장),[45] 하이드레이션/전면검사,S관 실리콘 자동수화기,200289.0,199336.0,99.52,1,240000.0,83.45
2026-02-22,S관(3공장),[55] 접착/ 멸균,A형 인라인1호기 - 접착,50481.0,49135.0,97.33,1,0.0,0.0
2026-02-22,S관(3공장),[55] 접착/ 멸균,A형 인라인2호기 - 접착,47939.0,46945.0,97.93,1,0.0,0.0
2026-02-22,S관(3공장),[55] 접착/ 멸균,A형 인라인3호기 - 접착,39943.0,39300.0,98.39,1,0.0,0.0
2026-02-22,S관(3공장),[55] 접착/ 멸균,A형 인라인4호기 - 접착,43546.0,42430.0,97.44,1,0.0,0.0
2026-02-22,S관(3공장),[55] 접착/ 멸균,A형 인라인5호기 - 접착,32868.0,32190.0,97.94,1,0.0,0.0
2026-02-22,S관(3공장),[80] 누수/규격검사,누수/규격검사(3공장),171175.0,170235.0,99.45,1,100645.0,170.08
2026-02-23,A관(1공장),[00] 배합,조립2호기,1059.0,1059.0,100.0,1,0.0,0.0
2026-02-23,A관(1공장),[00] 배합,조립30호기,15000.0,15000.0,100.0,1,0.0,0.0
2026-02-23,A관(1공장),[00] 배합,조립4호기,2000.0,2000.0,100.0,1,0.0,0.0
2026-02-23,A관(1공장),[10] 사출조립,조립1호기,32060.0,32060.0,100.0,1,43200.0,74.21
2026-02-23,A관(1공장),[10] 사출조립,조립30호기,96337.0,96337.0,100.0,1,86400.0,111.5
2026-02-23,A관(1공장),[10] 사출조립,조립31호기,102240.0,102240.0,100.0,1,86400.0,118.33
2026-02-23,A관(1공장),[10] 사출조립,조립32호기,51267.0,51267.0,100.0,1,86400.0,59.34
2026-02-23,A관(1공장),[10] 사출조립,조립4호기,8553.0,8013.0,93.69,1,43200.0,19.8
2026-02-23,A관(1공장),[10] 사출조립,조립5호기,21247.0,18532.0,87.22,1,43200.0,49.18
2026-02-23,A관(1공장),[10] 사출조립,조립7호기,4342.0,4342.0,100.0,1,43200.0,10.05
2026-02-23,A관(1공장),[10] 사출조립,조립8호기,19260.0,17716.0,91.98,1,43200.0,44.58
2026-02-23,A관(1공장),[20] 분리,분리10호기,6251.0,5576.0,89.2,1,17280.0,36.17
2026-02-23,A관(1공장),[20] 분리,분리11호기,4202.0,3755.0,89.36,1,17280.0,24.32
2026-02-23,A관(1공장),[20] 분리,분리14호기,38902.0,35104.0,90.24,1,54000.0,72.04
2026-02-23,A관(1공장),[20] 분리,분리3호기,2311.0,1704.0,73.73,1,17280.0,13.37
2026-02-23,A관(1공장),[20] 분리,분리4호기,14122.0,12175.0,86.21,1,17280.0,81.72
2026-02-23,A관(1공장),[20] 분리,분리5호기,16135.0,14290.0,88.57,1,17280.0,93.37
2026-02-23,A관(1공장),[45] 하이드레이션/전면검사,1공장 실리콘수화기,8776.0,8776.0,100.0,1,0.0,0.0
2026-02-23,A관(1공장),[45] 하이드레이션/전면검사,워터배스1-2호기,18136.0,18136.0,100.0,1,30000.0,60.45
2026-02-23,A관(1공장),[45] 하이드레이션/전면검사,워터배스1-3호기,3404.0,3404.0,100.0,1,30000.0,11.35
2026-02-23,A관(1공장),[45] 하이드레이션/전면검사,워터배스1-4호기,4393.0,4393.0,100.0,1,30000.0,14.64
2026-02-23,A관(1공장),[45] 하이드레이션/전면검사,워터배스1-5호기,41880.0,41880.0,100.0,1,150000.0,27.92
2026-02-23,A관(1공장),[45] 하이드레이션/전면검사,워터배스1-6호기,14112.0,14112.0,100.0,1,150000.0,9.41
2026-02-23,A관(1공장),[55] 접착/ 멸균,검사10호기,11755.0,10919.0,92.89,1,13293.0,88.43
2026-02-23,A관(1공장),[55] 접착/ 멸균,검사11호기,11777.0,11126.0,94.47,1,13293.0,88.6
2026-02-23,A관(1공장),[55] 접착/ 멸균,검사14호기,11753.0,11594.0,98.65,1,13293.0,88.41
2026-02-23,A관(1공장),[55] 접착/ 멸균,검사15호기,5392.0,4910.0,91.06,1,13293.0,40.56
2026-02-23,A관(1공장),[55] 접착/ 멸균,검사16호기,9988.0,9108.0,91.19,1,13293.0,75.14
2026-02-23,A관(1공장),[55] 접착/ 멸균,검사17호기,4459.0,3991.0,89.5,1,13293.0,33.54
2026-02-23,A관(1공장),[55] 접착/ 멸균,검사18호기,13293.0,11807.0,88.82,1,13293.0,100.0
2026-02-23,A관(1공장),[55] 접착/ 멸균,검사20호기,8748.0,8300.0,94.88,1,13293.0,65.81
2026-02-23,A관(1공장),[55] 접착/ 멸균,검사21호기,22.0,22.0,100.0,1,13293.0,0.17
2026-02-23,A관(1공장),[55] 접착/ 멸균,검사22호기,9086.0,8792.0,96.76,1,13293.0,68.35
2026-02-23,A관(1공장),[55] 접착/ 멸균,검사6호기,496.0,408.0,82.26,1,13293.0,3.73
2026-02-23,A관(1공장),[55] 접착/ 멸균,검사8호기,12493.0,10518.0,84.19,1,13293.0,93.98
2026-02-23,A관(1공장),[55] 접착/ 멸균,검사9호기,10055.0,9896.0,98.42,1,13293.0,75.64
2026-02-23,A관(1공장),[55] 접착/ 멸균,바이알캡핑기,13831.0,11901.0,86.05,1,0.0,0.0
2026-02-23,A관(1공장),[80] 누수/규격검사,누수/규격검사(1공장),106247.0,100822.0,94.89,1,112902.0,94.11
2026-02-23,C관(2공장),[00] 배합,조립16호기,20366.0,20366.0,100.0,1,0.0,0.0
2026-02-23,C관(2공장),[00] 배합,조립45호기,20366.0,20366.0,100.0,1,0.0,0.0
2026-02-23,C관(2공장),[00] 배합,조립47호기,20365.97,20365.97,100.0,1,0.0,0.0
2026-02-23,C관(2공장),[00] 배합,조립48호기,20365.96,20365.96,100.0,1,0.0,0.0
2026-02-23,C관(2공장),[00] 배합,조립49호기,20365.92,20365.92,100.0,1,0.0,0.0
2026-02-23,C관(2공장),[00] 배합,조립58호기,19916.0,19916.0,100.0,1,0.0,0.0
2026-02-23,C관(2공장),[10] 사출조립,조립10호기,34923.0,31448.0,90.05,1,43200.0,80.84
2026-02-23,C관(2공장),[10] 사출조립,조립11호기,27597.0,25750.0,93.31,1,43200.0,63.88
2026-02-23,C관(2공장),[10] 사출조립,조립12호기,56009.0,49797.0,88.91,1,0.0,0.0
2026-02-23,C관(2공장),[10] 사출조립,조립13호기,28777.0,26714.0,92.83,1,0.0,0.0
2026-02-23,C관(2공장),[10] 사출조립,조립14호기,62770.0,54935.0,87.52,1,43200.0,145.3
2026-02-23,C관(2공장),[10] 사출조립,조립15호기,12278.0,7807.0,63.59,1,43200.0,28.42
2026-02-23,C관(2공장),[10] 사출조립,조립16호기,54242.0,51344.0,94.66,1,43200.0,125.56
2026-02-23,C관(2공장),[10] 사출조립,조립17호기,22049.0,20553.0,93.22,1,43200.0,51.04
2026-02-23,C관(2공장),[10] 사출조립,조립19호기,28519.0,26379.0,92.5,1,43200.0,66.02
2026-02-23,C관(2공장),[10] 사출조립,조립22호기,31533.0,24300.0,77.06,1,43200.0,72.99
2026-02-23,C관(2공장),[10] 사출조립,조립23호기,23524.0,23209.0,98.66,1,43200.0,54.45
2026-02-23,C관(2공장),[10] 사출조립,조립24호기,23885.0,20231.0,84.7,1,43200.0,55.29
2026-02-23,C관(2공장),[10] 사출조립,조립25호기,13547.0,13036.0,96.23,1,43200.0,31.36
2026-02-23,C관(2공장),[10] 사출조립,조립26호기,25790.0,25754.0,99.86,1,43200.0,59.7
2026-02-23,C관(2공장),[10] 사출조립,조립27호기,31652.0,25494.0,80.54,1,43200.0,73.27
2026-02-23,C관(2공장),[10] 사출조립,조립42호기,17919.0,17323.0,96.67,1,43200.0,41.48
2026-02-23,C관(2공장),[10] 사출조립,조립44호기,24021.0,21984.0,91.52,1,43200.0,55.6
2026-02-23,C관(2공장),[10] 사출조립,조립45호기,20620.0,19201.0,93.12,1,43200.0,47.73
2026-02-23,C관(2공장),[10] 사출조립,조립46호기,29479.0,27915.0,94.69,1,43200.0,68.24
2026-02-23,C관(2공장),[10] 사출조립,조립47호기,16398.0,12991.0,79.22,1,43200.0,37.96
2026-02-23,C관(2공장),[10] 사출조립,조립48호기,27431.0,24722.0,90.12,1,43200.0,63.5
2026-02-23,C관(2공장),[10] 사출조립,조립49호기,27325.0,25317.0,92.65,1,43200.0,63.25
2026-02-23,C관(2공장),[10] 사출조립,조립50호기,59409.0,59029.0,99.36,1,43200.0,137.52
2026-02-23,C관(2공장),[10] 사출조립,조립52호기,77299.0,74312.0,96.14,1,43200.0,178.93
2026-02-23,C관(2공장),[10] 사출조립,조립53호기,27092.0,26363.0,97.31,1,43200.0,62.71
2026-02-23,C관(2공장),[10] 사출조립,조립54호기,49530.0,48910.0,98.75,1,43200.0,114.65
2026-02-23,C관(2공장),[10] 사출조립,조립55호기,31333.0,25421.0,81.13,1,43200.0,72.53
2026-02-23,C관(2공장),[10] 사출조립,조립56호기,60154.0,57546.0,95.66,1,43200.0,139.25
2026-02-23,C관(2공장),[10] 사출조립,조립57호기,23778.0,20728.0,87.17,1,43200.0,55.04
2026-02-23,C관(2공장),[10] 사출조립,조립58호기,8879.0,8277.0,93.22,1,43200.0,20.55
2026-02-23,C관(2공장),[10] 사출조립,조립59호기,28987.0,25294.0,87.26,1,43200.0,67.1
2026-02-23,C관(2공장),[20] 분리,분리12호기,52895.0,46618.0,88.13,1,0.0,0.0
2026-02-23,C관(2공장),[20] 분리,분리15호기,51927.0,46735.0,90.0,1,0.0,0.0
2026-02-23,C관(2공장),[20] 분리,분리16호기,47520.0,42573.0,89.59,1,61715.0,77.0
2026-02-23,C관(2공장),[20] 분리,분리17호기,37465.0,31776.0,84.82,1,61715.0,60.71
2026-02-23,C관(2공장),[20] 분리,분리18호기,50820.0,45167.0,88.88,1,61715.0,82.35
2026-02-23,C관(2공장),[20] 분리,분리19호기,45763.0,40660.0,88.85,1,61715.0,74.15
2026-02-23,C관(2공장),[20] 분리,분리20호기,39411.0,36800.0,93.37,1,61715.0,63.86
2026-02-23,C관(2공장),[20] 분리,분리21호기,29743.0,25976.0,87.33,1,61715.0,48.19
2026-02-23,C관(2공장),[20] 분리,분리22호기,43951.0,37957.0,86.36,1,61715.0,71.22
2026-02-23,C관(2공장),[20] 분리,분리23호기,38929.0,32980.0,84.72,1,61715.0,63.08
2026-02-23,C관(2공장),[20] 분리,분리24호기,47029.0,41356.0,87.94,1,61715.0,76.2
2026-02-23,C관(2공장),[20] 분리,분리25호기,46085.0,35929.0,77.96,1,61715.0,74.67
2026-02-23,C관(2공장),[20] 분리,분리26호기,36247.0,31492.0,86.88,1,54000.0,67.12
2026-02-23,C관(2공장),[20] 분리,분리27호기,43924.0,38682.0,88.07,1,54000.0,81.34
2026-02-23,C관(2공장),[20] 분리,분리28호기,41660.0,37641.0,90.35,1,54000.0,77.15
2026-02-23,C관(2공장),[20] 분리,분리29호기,40794.0,35894.0,87.99,1,54000.0,75.54
2026-02-23,C관(2공장),[20] 분리,분리30호기,42979.0,38386.0,89.31,1,54000.0,79.59
2026-02-23,C관(2공장),[20] 분리,분리31호기,45660.0,39046.0,85.51,1,54000.0,84.56
2026-02-23,C관(2공장),[20] 분리,분리32호기,48550.0,38954.0,80.23,1,54000.0,89.91
2026-02-23,C관(2공장),[20] 분리,분리33호기,51551.0,46272.0,89.76,1,54000.0,95.46
2026-02-23,C관(2공장),[20] 분리,분리34호기,52375.0,45501.0,86.88,1,54000.0,96.99
2026-02-23,C관(2공장),[20] 분리,분리35호기,49003.0,38596.0,78.76,1,54000.0,90.75
2026-02-23,C관(2공장),[20] 분리,분리36호기,46501.0,37448.0,80.53,1,54000.0,86.11
2026-02-23,C관(2공장),[20] 분리,분리37호기,33698.0,31153.0,92.45,1,54000.0,62.4
2026-02-23,C관(2공장),[20] 분리,분리43호기,46224.0,36618.0,79.22,1,54000.0,85.6
2026-02-23,C관(2공장),[45] 하이드레이션/전면검사,워터배스2-10호기,72859.0,69535.0,95.44,1,120000.0,60.72
2026-02-23,C관(2공장),[45] 하이드레이션/전면검사,워터배스2-11호기,102067.0,101940.0,99.88,1,150000.0,68.04
2026-02-23,C관(2공장),[45] 하이드레이션/전면검사,워터배스2-12호기,67070.0,66995.0,99.89,1,150000.0,44.71
2026-02-23,C관(2공장),[45] 하이드레이션/전면검사,워터배스2-13호기,93918.0,93800.0,99.87,1,150000.0,62.61
2026-02-23,C관(2공장),[45] 하이드레이션/전면검사,워터배스2-14호기,77576.0,77475.0,99.87,1,150000.0,51.72
2026-02-23,C관(2공장),[45] 하이드레이션/전면검사,워터배스2-1호기,52234.0,52180.0,99.9,1,120000.0,43.53
2026-02-23,C관(2공장),[45] 하이드레이션/전면검사,워터배스2-2호기,79326.0,79210.0,99.85,1,120000.0,66.1
2026-02-23,C관(2공장),[45] 하이드레이션/전면검사,워터배스2-3호기,70722.0,70635.0,99.88,1,120000.0,58.94
2026-02-23,C관(2공장),[45] 하이드레이션/전면검사,워터배스2-4호기,75179.0,75105.0,99.9,1,120000.0,62.65
2026-02-23,C관(2공장),[45] 하이드레이션/전면검사,워터배스2-5호기,97034.0,96085.0,99.02,1,120000.0,80.86
2026-02-23,C관(2공장),[45] 하이드레이션/전면검사,워터배스2-6호기,6064.0,6060.0,99.93,1,30000.0,20.21
2026-02-23,C관(2공장),[45] 하이드레이션/전면검사,워터배스2-7호기,68950.0,68890.0,99.91,1,120000.0,57.46
2026-02-23,C관(2공장),[45] 하이드레이션/전면검사,워터배스2-8호기,70282.0,70235.0,99.93,1,120000.0,58.57
2026-02-23,C관(2공장),[45] 하이드레이션/전면검사,워터배스2-9호기,87636.0,87565.0,99.92,1,120000.0,73.03
2026-02-23,C관(2공장),[55] 접착/ 멸균,검사30호기,6000.0,5570.0,92.83,1,66462.0,9.03
2026-02-23,C관(2공장),[55] 접착/ 멸균,검사31호기,8695.0,8290.0,95.34,1,0.0,0.0
2026-02-23,C관(2공장),[55] 접착/ 멸균,검사32호기,40360.0,39705.0,98.38,1,0.0,0.0
2026-02-23,C관(2공장),[55] 접착/ 멸균,검사33호기,50900.0,49875.0,97.99,1,66462.0,76.59
2026-02-23,C관(2공장),[55] 접착/ 멸균,검사34호기,31960.0,31330.0,98.03,1,78546.0,40.69
2026-02-23,C관(2공장),[55] 접착/ 멸균,검사35호기,49485.0,48830.0,98.68,1,78546.0,63.0
2026-02-23,C관(2공장),[55] 접착/ 멸균,검사36호기,51320.0,50180.0,97.78,1,78546.0,65.34
2026-02-23,C관(2공장),[55] 접착/ 멸균,검사37호기,53525.0,52880.0,98.79,1,78546.0,68.14
2026-02-23,C관(2공장),[55] 접착/ 멸균,검사38호기,58410.0,57745.0,98.86,1,78546.0,74.36
2026-02-23,C관(2공장),[55] 접착/ 멸균,검사39호기,46975.0,46250.0,98.46,1,78546.0,59.81
2026-02-23,C관(2공장),[55] 접착/ 멸균,검사40호기,61350.0,60570.0,98.73,1,78546.0,78.11
2026-02-23,C관(2공장),[55] 접착/ 멸균,검사41호기,55910.0,55105.0,98.56,1,78546.0,71.18
2026-02-23,C관(2공장),[55] 접착/ 멸균,검사42호기,56160.0,55190.0,98.27,1,78546.0,71.5
2026-02-23,C관(2공장),[55] 접착/ 멸균,검사43호기,43125.0,42325.0,98.14,1,78546.0,54.9
2026-02-23,C관(2공장),[55] 접착/ 멸균,검사44호기,36795.0,36225.0,98.45,1,78546.0,46.85
2026-02-23,C관(2공장),[55] 접착/ 멸균,검사45호기,53345.0,52090.0,97.65,1,78546.0,67.92
2026-02-23,C관(2공장),[55] 접착/ 멸균,검사46호기,55650.0,52280.0,93.94,1,78546.0,70.85
2026-02-23,C관(2공장),[55] 접착/ 멸균,검사47호기,52290.0,50650.0,96.86,1,78546.0,66.57
2026-02-23,C관(2공장),[55] 접착/ 멸균,검사48호기,55355.0,53865.0,97.31,1,78546.0,70.47
2026-02-23,C관(2공장),[80] 누수/규격검사,누수/규격검사(2공장),997525.0,991560.0,99.4,1,720000.0,138.55
2026-02-23,S관(3공장),[00] 배합,A형 인라인3호기 - 접착,9999.0,9999.0,100.0,1,0.0,0.0
2026-02-23,S관(3공장),[00] 배합,A형 인라인5호기 - 접착,4127.93,4127.93,100.0,1,0.0,0.0
2026-02-23,S관(3공장),[00] 배합,C형 조립중합5호기,5940.0,5940.0,100.0,1,0.0,0.0
2026-02-23,S관(3공장),[10] 사출조립,A형 인라인1호기 - 접착,46205.0,46205.0,100.0,1,0.0,0.0
2026-02-23,S관(3공장),[10] 사출조립,A형 인라인2호기 - 접착,32423.0,32423.0,100.0,1,0.0,0.0
2026-02-23,S관(3공장),[10] 사출조립,A형 인라인3호기 - 접착,39833.0,39833.0,100.0,1,0.0,0.0
2026-02-23,S관(3공장),[10] 사출조립,A형 인라인5호기 - 접착,35195.0,32955.0,93.64,1,0.0,0.0
2026-02-23,S관(3공장),[10] 사출조립,C형 조립중합4호기,15832.0,13772.0,86.99,1,0.0,0.0
2026-02-23,S관(3공장),[10] 사출조립,C형 조립중합5호기,28564.0,26838.0,93.96,1,0.0,0.0
2026-02-23,S관(3공장),[20] 분리,A형 인라인1호기 - 접착,28063.0,26950.0,96.03,1,0.0,0.0
2026-02-23,S관(3공장),[20] 분리,A형 인라인2호기 - 접착,25186.0,23874.0,94.79,1,0.0,0.0
2026-02-23,S관(3공장),[20] 분리,A형 인라인3호기 - 접착,16001.0,14724.0,92.02,1,0.0,0.0
2026-02-23,S관(3공장),[20] 분리,B형 분리2호기,520.0,155.0,29.81,1,0.0,0.0
2026-02-23,S관(3공장),[20] 분리,B형 분리3호기,20725.0,16486.0,79.55,1,0.0,0.0
2026-02-23,S관(3공장),[20] 분리,B형 분리4호기,25749.0,22822.0,88.63,1,0.0,0.0
2026-02-23,S관(3공장),[20] 분리,B형 분리5호기,2569.0,2186.0,85.09,1,0.0,0.0
2026-02-23,S관(3공장),[20] 분리,B형 분리6호기,3128.0,2917.0,93.25,1,0.0,0.0
2026-02-23,S관(3공장),[20] 분리,B형 분리7호기,24633.0,20538.0,83.38,1,0.0,0.0
2026-02-23,S관(3공장),[20] 분리,B형 분리8호기,18927.0,17009.0,89.87,1,0.0,0.0
2026-02-23,S관(3공장),[20] 분리,CAM분리1호기,7039.0,4117.0,58.49,1,39273.0,17.92
2026-02-23,S관(3공장),[20] 분리,CAM분리2호기,15905.0,11959.0,75.19,1,39273.0,40.5
2026-02-23,S관(3공장),[20] 분리,CAM분리3호기,17943.0,13850.0,77.19,1,39273.0,45.69
2026-02-23,S관(3공장),[45] 하이드레이션/전면검사,A형 인라인2호기 - 접착,23195.0,23153.0,99.82,1,0.0,0.0
2026-02-23,S관(3공장),[45] 하이드레이션/전면검사,B형 분리4호기,22836.0,22801.0,99.85,1,0.0,0.0
2026-02-23,S관(3공장),[45] 하이드레이션/전면검사,B형 분리5호기,2042.0,2040.0,99.9,1,0.0,0.0
2026-02-23,S관(3공장),[45] 하이드레이션/전면검사,S관 실리콘 자동수화기,184291.0,183272.0,99.45,1,240000.0,76.79
2026-02-23,S관(3공장),[55] 접착/ 멸균,A형 인라인1호기 - 접착,32352.0,29770.0,92.02,1,0.0,0.0
2026-02-23,S관(3공장),[55] 접착/ 멸균,A형 인라인2호기 - 접착,15951.0,15679.0,98.29,1,0.0,0.0
2026-02-23,S관(3공장),[55] 접착/ 멸균,A형 인라인3호기 - 접착,41351.0,40465.0,97.86,1,0.0,0.0
2026-02-23,S관(3공장),[55] 접착/ 멸균,A형 인라인4호기 - 접착,42748.0,41515.0,97.12,1,0.0,0.0
2026-02-23,S관(3공장),[55] 접착/ 멸균,A형 인라인5호기 - 접착,31300.0,30080.0,96.1,1,0.0,0.0
2026-02-23,S관(3공장),[55] 접착/ 멸균,A형 인라인6호기 - 접착,28147.0,27360.0,97.2,1,0.0,0.0
2026-02-23,S관(3공장),[80] 누수/규격검사,누수/규격검사(3공장),208330.0,207370.0,99.54,1,100645.0,206.99
2026-02-24,A관(1공장),[00] 배합,조립1호기,3068.97,3068.97,100.0,1,0.0,0.0
2026-02-24,A관(1공장),[00] 배합,조립32호기,19999.81,19999.81,100.0,1,0.0,0.0
2026-02-24,A관(1공장),[00] 배합,조립4호기,1000.0,1000.0,100.0,1,0.0,0.0
2026-02-24,A관(1공장),[10] 사출조립,조립1호기,30714.0,29551.0,96.21,1,43200.0,71.1
2026-02-24,A관(1공장),[10] 사출조립,조립2호기,3966.0,2966.0,74.79,1,43200.0,9.18
2026-02-24,A관(1공장),[10] 사출조립,조립30호기,45266.0,45266.0,100.0,1,86400.0,52.39
2026-02-24,A관(1공장),[10] 사출조립,조립31호기,51742.0,51742.0,100.0,1,86400.0,59.89
2026-02-24,A관(1공장),[10] 사출조립,조립32호기,93710.0,93710.0,100.0,1,86400.0,108.46
2026-02-24,A관(1공장),[10] 사출조립,조립4호기,5098.0,4458.0,87.45,1,43200.0,11.8
2026-02-24,A관(1공장),[10] 사출조립,조립8호기,20113.0,19267.0,95.79,1,43200.0,46.56
2026-02-24,A관(1공장),[20] 분리,분리14호기,34326.0,29698.0,86.52,1,54000.0,63.57
2026-02-24,A관(1공장),[20] 분리,분리3호기,2266.0,1641.0,72.42,1,17280.0,13.11
2026-02-24,A관(1공장),[20] 분리,분리4호기,6835.0,6374.0,93.26,1,17280.0,39.55
2026-02-24,A관(1공장),[20] 분리,분리5호기,15455.0,13594.0,87.96,1,17280.0,89.44
2026-02-24,A관(1공장),[45] 하이드레이션/전면검사,1공장 실리콘수화기,3279.0,3279.0,100.0,1,0.0,0.0
2026-02-24,A관(1공장),[45] 하이드레이션/전면검사,워터배스1-1호기,300.0,300.0,100.0,1,30000.0,1.0
2026-02-24,A관(1공장),[45] 하이드레이션/전면검사,워터배스1-2호기,19902.0,19902.0,100.0,1,30000.0,66.34
2026-02-24,A관(1공장),[45] 하이드레이션/전면검사,워터배스1-3호기,20747.0,20471.0,98.67,1,30000.0,69.16
2026-02-24,A관(1공장),[45] 하이드레이션/전면검사,워터배스1-4호기,13995.0,13995.0,100.0,1,30000.0,46.65
2026-02-24,A관(1공장),[45] 하이드레이션/전면검사,워터배스1-5호기,58849.0,58849.0,100.0,1,150000.0,39.23
2026-02-24,A관(1공장),[45] 하이드레이션/전면검사,워터배스1-6호기,26619.0,26423.0,99.26,1,150000.0,17.75
2026-02-24,A관(1공장),[55] 접착/ 멸균,검사10호기,11857.0,10896.0,91.9,1,13293.0,89.2
2026-02-24,A관(1공장),[55] 접착/ 멸균,검사11호기,7504.0,7254.0,96.67,1,13293.0,56.45
2026-02-24,A관(1공장),[55] 접착/ 멸균,검사14호기,11692.0,11540.0,98.7,1,13293.0,87.96
2026-02-24,A관(1공장),[55] 접착/ 멸균,검사15호기,177.0,155.0,87.57,1,13293.0,1.33
2026-02-24,A관(1공장),[55] 접착/ 멸균,검사16호기,8367.0,7846.0,93.77,1,13293.0,62.94
2026-02-24,A관(1공장),[55] 접착/ 멸균,검사17호기,9962.0,9720.0,97.57,1,13293.0,74.94
2026-02-24,A관(1공장),[55] 접착/ 멸균,검사18호기,12854.0,12494.0,97.2,1,13293.0,96.7
2026-02-24,A관(1공장),[55] 접착/ 멸균,검사20호기,10149.0,9802.0,96.58,1,13293.0,76.35
2026-02-24,A관(1공장),[55] 접착/ 멸균,검사21호기,7192.0,6891.0,95.81,1,13293.0,54.1
2026-02-24,A관(1공장),[55] 접착/ 멸균,검사22호기,5152.0,4998.0,97.01,1,13293.0,38.76
2026-02-24,A관(1공장),[55] 접착/ 멸균,검사23호기,1775.0,1456.0,82.03,1,13293.0,13.35
2026-02-24,A관(1공장),[55] 접착/ 멸균,검사8호기,5224.0,4648.0,88.97,1,13293.0,39.3
2026-02-24,A관(1공장),[55] 접착/ 멸균,검사9호기,5591.0,5278.0,94.4,1,13293.0,42.06
2026-02-24,A관(1공장),[55] 접착/ 멸균,바이알캡핑기,1750.0,1700.0,97.14,1,0.0,0.0
2026-02-24,A관(1공장),[80] 누수/규격검사,누수/규격검사(1공장),104767.0,100789.0,96.2,1,112902.0,92.79
2026-02-24,C관(2공장),[00] 배합,조립27호기,20366.0,20366.0,100.0,1,0.0,0.0
2026-02-24,C관(2공장),[00] 배합,조립47호기,20366.0,20366.0,100.0,1,0.0,0.0
2026-02-24,C관(2공장),[00] 배합,조립48호기,20366.0,20366.0,100.0,1,0.0,0.0
2026-02-24,C관(2공장),[00] 배합,조립49호기,20366.0,20366.0,100.0,1,0.0,0.0
2026-02-24,C관(2공장),[00] 배합,조립51호기,19916.0,19916.0,100.0,1,0.0,0.0
2026-02-24,C관(2공장),[00] 배합,조립52호기,20366.0,20366.0,100.0,1,0.0,0.0
2026-02-24,C관(2공장),[00] 배합,조립53호기,19916.0,19916.0,100.0,1,0.0,0.0
2026-02-24,C관(2공장),[10] 사출조립,조립10호기,18854.0,14159.0,75.1,1,43200.0,43.64
2026-02-24,C관(2공장),[10] 사출조립,조립11호기,55148.0,51249.0,92.93,1,43200.0,127.66
2026-02-24,C관(2공장),[10] 사출조립,조립12호기,30538.0,29284.0,95.89,1,0.0,0.0
2026-02-24,C관(2공장),[10] 사출조립,조립13호기,31966.0,25973.0,81.25,1,0.0,0.0
2026-02-24,C관(2공장),[10] 사출조립,조립14호기,30438.0,30373.0,99.79,1,43200.0,70.46
2026-02-24,C관(2공장),[10] 사출조립,조립15호기,49008.0,47975.0,97.89,1,43200.0,113.44
2026-02-24,C관(2공장),[10] 사출조립,조립16호기,26491.0,25489.0,96.22,1,43200.0,61.32
2026-02-24,C관(2공장),[10] 사출조립,조립17호기,21743.0,19882.0,91.44,1,43200.0,50.33
2026-02-24,C관(2공장),[10] 사출조립,조립18호기,14705.0,10472.0,71.21,1,43200.0,34.04
2026-02-24,C관(2공장),[10] 사출조립,조립19호기,53050.0,48535.0,91.49,1,43200.0,122.8
2026-02-24,C관(2공장),[10] 사출조립,조립22호기,37507.0,30643.0,81.7,1,43200.0,86.82
2026-02-24,C관(2공장),[10] 사출조립,조립23호기,26765.0,26045.0,97.31,1,43200.0,61.96
2026-02-24,C관(2공장),[10] 사출조립,조립24호기,45644.0,38468.0,84.28,1,43200.0,105.66
2026-02-24,C관(2공장),[10] 사출조립,조립25호기,24215.0,20788.0,85.85,1,43200.0,56.05
2026-02-24,C관(2공장),[10] 사출조립,조립26호기,27431.0,19038.0,69.4,1,43200.0,63.5
2026-02-24,C관(2공장),[10] 사출조립,조립27호기,11990.0,10867.0,90.63,1,43200.0,27.75
2026-02-24,C관(2공장),[10] 사출조립,조립40호기,32622.0,28097.0,86.13,1,43200.0,75.51
2026-02-24,C관(2공장),[10] 사출조립,조립42호기,22854.0,21303.0,93.21,1,43200.0,52.9
2026-02-24,C관(2공장),[10] 사출조립,조립44호기,32443.0,28663.0,88.35,1,43200.0,75.1
2026-02-24,C관(2공장),[10] 사출조립,조립45호기,20978.0,17940.0,85.52,1,43200.0,48.56
2026-02-24,C관(2공장),[10] 사출조립,조립46호기,31298.0,28863.0,92.22,1,43200.0,72.45
2026-02-24,C관(2공장),[10] 사출조립,조립47호기,42780.0,39702.0,92.81,1,43200.0,99.03
2026-02-24,C관(2공장),[10] 사출조립,조립48호기,26979.0,23292.0,86.33,1,43200.0,62.45
2026-02-24,C관(2공장),[10] 사출조립,조립49호기,23797.0,23703.0,99.6,1,43200.0,55.09
2026-02-24,C관(2공장),[10] 사출조립,조립50호기,29838.0,28340.0,94.98,1,43200.0,69.07
2026-02-24,C관(2공장),[10] 사출조립,조립51호기,29673.0,28458.0,95.91,1,43200.0,68.69
2026-02-24,C관(2공장),[10] 사출조립,조립52호기,20480.0,20403.0,99.62,1,43200.0,47.41
2026-02-24,C관(2공장),[10] 사출조립,조립53호기,29157.0,28584.0,98.03,1,43200.0,67.49
2026-02-24,C관(2공장),[10] 사출조립,조립54호기,53951.0,51492.0,95.44,1,43200.0,124.89
2026-02-24,C관(2공장),[10] 사출조립,조립55호기,25321.0,23118.0,91.3,1,43200.0,58.61
2026-02-24,C관(2공장),[10] 사출조립,조립56호기,26808.0,25812.0,96.28,1,43200.0,62.06
2026-02-24,C관(2공장),[10] 사출조립,조립57호기,29243.0,28572.0,97.71,1,43200.0,67.69
2026-02-24,C관(2공장),[10] 사출조립,조립58호기,55228.0,51310.0,92.91,1,43200.0,127.84
2026-02-24,C관(2공장),[10] 사출조립,조립59호기,58744.0,57802.0,98.4,1,43200.0,135.98
2026-02-24,C관(2공장),[20] 분리,분리12호기,51570.0,45831.0,88.87,1,0.0,0.0
2026-02-24,C관(2공장),[20] 분리,분리15호기,43525.0,37951.0,87.19,1,0.0,0.0
2026-02-24,C관(2공장),[20] 분리,분리16호기,35102.0,30652.0,87.32,1,61715.0,56.88
2026-02-24,C관(2공장),[20] 분리,분리17호기,22357.0,16855.0,75.39,1,61715.0,36.23
2026-02-24,C관(2공장),[20] 분리,분리18호기,45566.0,40047.0,87.89,1,61715.0,73.83
2026-02-24,C관(2공장),[20] 분리,분리19호기,36023.0,31797.0,88.27,1,61715.0,58.37
2026-02-24,C관(2공장),[20] 분리,분리20호기,45061.0,41736.0,92.62,1,61715.0,73.01
2026-02-24,C관(2공장),[20] 분리,분리21호기,41011.0,36232.0,88.35,1,61715.0,66.45
2026-02-24,C관(2공장),[20] 분리,분리22호기,44010.0,39407.0,89.54,1,61715.0,71.31
2026-02-24,C관(2공장),[20] 분리,분리23호기,42747.0,37081.0,86.75,1,61715.0,69.27
2026-02-24,C관(2공장),[20] 분리,분리24호기,47499.0,42494.0,89.46,1,61715.0,76.97
2026-02-24,C관(2공장),[20] 분리,분리25호기,50040.0,40947.0,81.83,1,61715.0,81.08
2026-02-24,C관(2공장),[20] 분리,분리26호기,44511.0,39283.0,88.25,1,54000.0,82.43
2026-02-24,C관(2공장),[20] 분리,분리27호기,36032.0,32401.0,89.92,1,54000.0,66.73
2026-02-24,C관(2공장),[20] 분리,분리28호기,43847.0,38831.0,88.56,1,54000.0,81.2
2026-02-24,C관(2공장),[20] 분리,분리29호기,50188.0,42825.0,85.33,1,54000.0,92.94
2026-02-24,C관(2공장),[20] 분리,분리30호기,41190.0,37217.0,90.35,1,54000.0,76.28
2026-02-24,C관(2공장),[20] 분리,분리31호기,50259.0,40636.0,80.85,1,54000.0,93.07
2026-02-24,C관(2공장),[20] 분리,분리32호기,47552.0,38065.0,80.05,1,54000.0,88.06
2026-02-24,C관(2공장),[20] 분리,분리33호기,47611.0,43627.0,91.63,1,54000.0,88.17
2026-02-24,C관(2공장),[20] 분리,분리34호기,50295.0,44696.0,88.87,1,54000.0,93.14
2026-02-24,C관(2공장),[20] 분리,분리35호기,53890.0,44317.0,82.24,1,54000.0,99.8
2026-02-24,C관(2공장),[20] 분리,분리36호기,45295.0,37713.0,83.26,1,54000.0,83.88
2026-02-24,C관(2공장),[20] 분리,분리37호기,31017.0,28287.0,91.2,1,54000.0,57.44
2026-02-24,C관(2공장),[20] 분리,분리43호기,45796.0,36528.0,79.76,1,54000.0,84.81
2026-02-24,C관(2공장),[45] 하이드레이션/전면검사,워터배스2-10호기,92819.0,89670.0,96.61,1,120000.0,77.35
2026-02-24,C관(2공장),[45] 하이드레이션/전면검사,워터배스2-11호기,73749.0,73660.0,99.88,1,150000.0,49.17
2026-02-24,C관(2공장),[45] 하이드레이션/전면검사,워터배스2-12호기,108350.0,108205.0,99.87,1,150000.0,72.23
2026-02-24,C관(2공장),[45] 하이드레이션/전면검사,워터배스2-13호기,52768.0,52710.0,99.89,1,150000.0,35.18
2026-02-24,C관(2공장),[45] 하이드레이션/전면검사,워터배스2-14호기,99503.0,99380.0,99.88,1,150000.0,66.34
2026-02-24,C관(2공장),[45] 하이드레이션/전면검사,워터배스2-1호기,92156.0,92050.0,99.88,1,120000.0,76.8
2026-02-24,C관(2공장),[45] 하이드레이션/전면검사,워터배스2-2호기,76388.0,75910.0,99.37,1,120000.0,63.66
2026-02-24,C관(2공장),[45] 하이드레이션/전면검사,워터배스2-3호기,78583.0,78495.0,99.89,1,120000.0,65.49
2026-02-24,C관(2공장),[45] 하이드레이션/전면검사,워터배스2-4호기,76684.0,76630.0,99.93,1,120000.0,63.9
2026-02-24,C관(2공장),[45] 하이드레이션/전면검사,워터배스2-5호기,87342.0,87200.0,99.84,1,120000.0,72.78
2026-02-24,C관(2공장),[45] 하이드레이션/전면검사,워터배스2-7호기,79159.0,79055.0,99.87,1,120000.0,65.97
2026-02-24,C관(2공장),[45] 하이드레이션/전면검사,워터배스2-8호기,71040.0,70970.0,99.9,1,120000.0,59.2
2026-02-24,C관(2공장),[45] 하이드레이션/전면검사,워터배스2-9호기,81374.0,81300.0,99.91,1,120000.0,67.81
2026-02-24,C관(2공장),[55] 접착/ 멸균,검사30호기,2345.0,2165.0,92.32,1,66462.0,3.53
2026-02-24,C관(2공장),[55] 접착/ 멸균,검사31호기,4935.0,4795.0,97.16,1,0.0,0.0
2026-02-24,C관(2공장),[55] 접착/ 멸균,검사32호기,39110.0,38580.0,98.64,1,0.0,0.0
2026-02-24,C관(2공장),[55] 접착/ 멸균,검사33호기,47205.0,46435.0,98.37,1,66462.0,71.03
2026-02-24,C관(2공장),[55] 접착/ 멸균,검사34호기,56965.0,56225.0,98.7,1,78546.0,72.52
2026-02-24,C관(2공장),[55] 접착/ 멸균,검사35호기,48535.0,47890.0,98.67,1,78546.0,61.79
2026-02-24,C관(2공장),[55] 접착/ 멸균,검사36호기,51100.0,50090.0,98.02,1,78546.0,65.06
2026-02-24,C관(2공장),[55] 접착/ 멸균,검사37호기,54090.0,53395.0,98.72,1,78546.0,68.86
2026-02-24,C관(2공장),[55] 접착/ 멸균,검사38호기,59925.0,59220.0,98.82,1,78546.0,76.29
2026-02-24,C관(2공장),[55] 접착/ 멸균,검사39호기,50120.0,49445.0,98.65,1,78546.0,63.81
2026-02-24,C관(2공장),[55] 접착/ 멸균,검사40호기,52777.0,52235.0,98.97,1,78546.0,67.19
2026-02-24,C관(2공장),[55] 접착/ 멸균,검사41호기,55810.0,54820.0,98.23,1,78546.0,71.05
2026-02-24,C관(2공장),[55] 접착/ 멸균,검사42호기,53405.0,52495.0,98.3,1,78546.0,67.99
2026-02-24,C관(2공장),[55] 접착/ 멸균,검사43호기,44365.0,43365.0,97.75,1,78546.0,56.48
2026-02-24,C관(2공장),[55] 접착/ 멸균,검사44호기,52935.0,52125.0,98.47,1,78546.0,67.39
2026-02-24,C관(2공장),[55] 접착/ 멸균,검사45호기,50470.0,49460.0,98.0,1,78546.0,64.26
2026-02-24,C관(2공장),[55] 접착/ 멸균,검사46호기,55035.0,54140.0,98.37,1,78546.0,70.07
2026-02-24,C관(2공장),[55] 접착/ 멸균,검사47호기,53925.0,51570.0,95.63,1,78546.0,68.65
2026-02-24,C관(2공장),[55] 접착/ 멸균,검사48호기,53620.0,52560.0,98.02,1,78546.0,68.27
2026-02-24,C관(2공장),[55] 접착/ 멸균,검사49호기,9210.0,8835.0,95.93,1,0.0,0.0
2026-02-24,C관(2공장),[55] 접착/ 멸균,검사50호기,17380.0,16670.0,95.91,1,0.0,0.0
2026-02-24,C관(2공장),[80] 누수/규격검사,누수/규격검사(2공장),823550.0,819420.0,99.5,1,720000.0,114.38
2026-02-24,S관(3공장),[00] 배합,A형 인라인2호기 - 접착,4999.0,4999.0,100.0,1,0.0,0.0
2026-02-24,S관(3공장),[00] 배합,A형 인라인5호기 - 접착,2063.92,2063.92,100.0,1,0.0,0.0
2026-02-24,S관(3공장),[00] 배합,C형 조립중합4호기,4950.0,4950.0,100.0,1,0.0,0.0
2026-02-24,S관(3공장),[00] 배합,C형 조립중합5호기,2969.97,2969.97,100.0,1,0.0,0.0
2026-02-24,S관(3공장),[10] 사출조립,A형 인라인1호기 - 접착,37439.0,37439.0,100.0,1,0.0,0.0
2026-02-24,S관(3공장),[10] 사출조립,A형 인라인2호기 - 접착,41581.0,41581.0,100.0,1,0.0,0.0
2026-02-24,S관(3공장),[10] 사출조립,A형 인라인3호기 - 접착,43048.0,43048.0,100.0,1,0.0,0.0
2026-02-24,S관(3공장),[10] 사출조립,A형 인라인5호기 - 접착,13572.0,13572.0,100.0,1,0.0,0.0
2026-02-24,S관(3공장),[10] 사출조립,B형 조립중합6호기,13033.0,10979.0,84.24,1,76800.0,16.97
2026-02-24,S관(3공장),[10] 사출조립,C형 조립중합4호기,16154.0,14069.0,87.09,1,0.0,0.0
2026-02-24,S관(3공장),[10] 사출조립,C형 조립중합5호기,31582.0,29531.0,93.51,1,0.0,0.0
2026-02-24,S관(3공장),[20] 분리,A형 인라인1호기 - 접착,25968.0,24307.0,93.6,1,0.0,0.0
2026-02-24,S관(3공장),[20] 분리,A형 인라인2호기 - 접착,29684.0,29365.0,98.93,1,0.0,0.0
2026-02-24,S관(3공장),[20] 분리,A형 인라인3호기 - 접착,20651.0,19958.0,96.64,1,0.0,0.0
2026-02-24,S관(3공장),[20] 분리,B형 분리2호기,14220.0,11841.0,83.27,1,0.0,0.0
2026-02-24,S관(3공장),[20] 분리,B형 분리3호기,33387.0,28429.0,85.15,1,0.0,0.0
2026-02-24,S관(3공장),[20] 분리,B형 분리4호기,34468.0,31642.0,91.8,1,0.0,0.0
2026-02-24,S관(3공장),[20] 분리,B형 분리5호기,9164.0,7853.0,85.69,1,0.0,0.0
2026-02-24,S관(3공장),[20] 분리,B형 분리6호기,10280.0,8931.0,86.88,1,0.0,0.0
2026-02-24,S관(3공장),[20] 분리,B형 분리7호기,30246.0,26736.0,88.4,1,0.0,0.0
2026-02-24,S관(3공장),[20] 분리,B형 분리8호기,27092.0,24843.0,91.7,1,0.0,0.0
2026-02-24,S관(3공장),[20] 분리,CAM분리1호기,2157.0,1668.0,77.33,1,39273.0,5.49
2026-02-24,S관(3공장),[20] 분리,CAM분리2호기,12262.0,9164.0,74.73,1,39273.0,31.22
2026-02-24,S관(3공장),[20] 분리,CAM분리3호기,16783.0,14738.0,87.82,1,39273.0,42.73
2026-02-24,S관(3공장),[45] 하이드레이션/전면검사,A형 인라인2호기 - 접착,46805.0,46556.0,99.47,1,0.0,0.0
2026-02-24,S관(3공장),[45] 하이드레이션/전면검사,B형 분리4호기,29089.0,29059.0,99.9,1,0.0,0.0
2026-02-24,S관(3공장),[45] 하이드레이션/전면검사,S관 실리콘 자동수화기,172296.0,171306.0,99.43,1,240000.0,71.79
2026-02-24,S관(3공장),[55] 접착/ 멸균,A형 인라인1호기 - 접착,40264.0,39175.0,97.3,1,0.0,0.0
2026-02-24,S관(3공장),[55] 접착/ 멸균,A형 인라인2호기 - 접착,31064.0,30375.0,97.78,1,0.0,0.0
2026-02-24,S관(3공장),[55] 접착/ 멸균,A형 인라인3호기 - 접착,45031.0,44310.0,98.4,1,0.0,0.0
2026-02-24,S관(3공장),[55] 접착/ 멸균,A형 인라인4호기 - 접착,40980.0,40120.0,97.9,1,0.0,0.0
2026-02-24,S관(3공장),[55] 접착/ 멸균,A형 인라인5호기 - 접착,31168.0,30239.0,97.02,1,0.0,0.0
2026-02-24,S관(3공장),[55] 접착/ 멸균,A형 인라인6호기 - 접착,29204.0,28055.0,96.07,1,0.0,0.0
2026-02-24,S관(3공장),[80] 누수/규격검사,B형 분리1호기,850.0,845.0,99.41,1,0.0,0.0
2026-02-24,S관(3공장),[80] 누수/규격검사,누수/규격검사(3공장),205655.0,205210.0,99.78,1,100645.0,204.34
2026-02-25,A관(1공장),[00] 배합,조립2호기,2089.0,2089.0,100.0,1,0.0,0.0
2026-02-25,A관(1공장),[00] 배합,조립30호기,9999.94,9999.94,100.0,1,0.0,0.0
2026-02-25,A관(1공장),[00] 배합,조립5호기,2007.0,2007.0,100.0,1,0.0,0.0
2026-02-25,A관(1공장),[10] 사출조립,조립1호기,32978.0,32188.0,97.6,1,43200.0,76.34
2026-02-25,A관(1공장),[10] 사출조립,조립2호기,7911.0,7911.0,100.0,1,43200.0,18.31
2026-02-25,A관(1공장),[10] 사출조립,조립30호기,50868.0,50868.0,100.0,1,86400.0,58.88
2026-02-25,A관(1공장),[10] 사출조립,조립31호기,50518.0,50518.0,100.0,1,86400.0,58.47
2026-02-25,A관(1공장),[10] 사출조립,조립3호기,13028.0,12172.0,93.43,1,43200.0,30.16
2026-02-25,A관(1공장),[10] 사출조립,조립4호기,9183.0,9183.0,100.0,1,43200.0,21.26
2026-02-25,A관(1공장),[10] 사출조립,조립8호기,34065.0,33652.0,98.79,1,43200.0,78.85
2026-02-25,A관(1공장),[20] 분리,분리14호기,39107.0,35569.0,90.95,1,54000.0,72.42
2026-02-25,A관(1공장),[20] 분리,분리3호기,11689.0,9268.0,79.29,1,17280.0,67.64
2026-02-25,A관(1공장),[20] 분리,분리5호기,10731.0,9620.0,89.65,1,17280.0,62.1
2026-02-25,A관(1공장),[45] 하이드레이션/전면검사,1공장 실리콘수화기,29511.0,29511.0,100.0,1,0.0,0.0
2026-02-25,A관(1공장),[45] 하이드레이션/전면검사,워터배스1-2호기,5226.0,5226.0,100.0,1,30000.0,17.42
2026-02-25,A관(1공장),[45] 하이드레이션/전면검사,워터배스1-3호기,4393.0,4314.0,98.2,1,30000.0,14.64
2026-02-25,A관(1공장),[45] 하이드레이션/전면검사,워터배스1-4호기,498.0,388.0,77.91,1,30000.0,1.66
2026-02-25,A관(1공장),[45] 하이드레이션/전면검사,워터배스1-5호기,14867.0,14867.0,100.0,1,150000.0,9.91
2026-02-25,A관(1공장),[45] 하이드레이션/전면검사,워터배스1-6호기,24328.0,22841.0,93.89,1,150000.0,16.22
2026-02-25,A관(1공장),[55] 접착/ 멸균,검사10호기,12697.0,12236.0,96.37,1,13293.0,95.52
2026-02-25,A관(1공장),[55] 접착/ 멸균,검사11호기,7658.0,6654.0,86.89,1,13293.0,57.61
2026-02-25,A관(1공장),[55] 접착/ 멸균,검사14호기,10582.0,10340.0,97.71,1,13293.0,79.61
2026-02-25,A관(1공장),[55] 접착/ 멸균,검사15호기,8828.0,8828.0,100.0,1,13293.0,66.41
2026-02-25,A관(1공장),[55] 접착/ 멸균,검사17호기,10699.0,10384.0,97.06,1,13293.0,80.49
2026-02-25,A관(1공장),[55] 접착/ 멸균,검사18호기,8854.0,8335.0,94.14,1,13293.0,66.61
2026-02-25,A관(1공장),[55] 접착/ 멸균,검사19호기,2903.0,2468.0,85.02,1,13293.0,21.84
2026-02-25,A관(1공장),[55] 접착/ 멸균,검사20호기,30583.0,30362.0,99.28,1,13293.0,230.07
2026-02-25,A관(1공장),[55] 접착/ 멸균,검사22호기,5069.0,4892.0,96.51,1,13293.0,38.13
2026-02-25,A관(1공장),[55] 접착/ 멸균,검사8호기,5743.0,4416.0,76.89,1,13293.0,43.2
2026-02-25,A관(1공장),[55] 접착/ 멸균,검사9호기,4556.0,4298.0,94.34,1,13293.0,34.27
2026-02-25,A관(1공장),[55] 접착/ 멸균,바이알캡핑기,6083.0,5817.0,95.63,1,0.0,0.0
2026-02-25,A관(1공장),[80] 누수/규격검사,누수/규격검사(1공장),126570.0,122129.0,96.49,1,112902.0,112.11
2026-02-25,C관(2공장),[00] 배합,조립12호기,20366.04,20366.04,100.0,1,0.0,0.0
2026-02-25,C관(2공장),[00] 배합,조립14호기,20366.0,20366.0,100.0,1,0.0,0.0
2026-02-25,C관(2공장),[00] 배합,조립21호기,20365.97,20365.97,100.0,1,0.0,0.0
2026-02-25,C관(2공장),[00] 배합,조립46호기,9857.93,9857.93,100.0,1,0.0,0.0
2026-02-25,C관(2공장),[00] 배합,조립56호기,20366.0,20366.0,100.0,1,0.0,0.0
2026-02-25,C관(2공장),[00] 배합,조립58호기,19916.0,19916.0,100.0,1,0.0,0.0
2026-02-25,C관(2공장),[10] 사출조립,조립10호기,27642.0,25267.0,91.41,1,43200.0,63.99
2026-02-25,C관(2공장),[10] 사출조립,조립11호기,52347.0,50335.0,96.16,1,43200.0,121.17
2026-02-25,C관(2공장),[10] 사출조립,조립12호기,56383.0,55518.0,98.47,1,0.0,0.0
2026-02-25,C관(2공장),[10] 사출조립,조립13호기,25216.0,22976.0,91.12,1,0.0,0.0
2026-02-25,C관(2공장),[10] 사출조립,조립14호기,22947.0,18391.0,80.15,1,43200.0,53.12
2026-02-25,C관(2공장),[10] 사출조립,조립15호기,11122.0,9682.0,87.05,1,43200.0,25.75
2026-02-25,C관(2공장),[10] 사출조립,조립17호기,29015.0,27254.0,93.93,1,43200.0,67.16
2026-02-25,C관(2공장),[10] 사출조립,조립19호기,26854.0,25711.0,95.74,1,43200.0,62.16
2026-02-25,C관(2공장),[10] 사출조립,조립22호기,45203.0,43614.0,96.48,1,43200.0,104.64
2026-02-25,C관(2공장),[10] 사출조립,조립23호기,16179.0,14964.0,92.49,1,43200.0,37.45
2026-02-25,C관(2공장),[10] 사출조립,조립25호기,44789.0,43442.0,96.99,1,43200.0,103.68
2026-02-25,C관(2공장),[10] 사출조립,조립27호기,27120.0,26093.0,96.21,1,43200.0,62.78
2026-02-25,C관(2공장),[10] 사출조립,조립40호기,17670.0,13005.0,73.6,1,43200.0,40.9
2026-02-25,C관(2공장),[10] 사출조립,조립42호기,18207.0,14350.0,78.82,1,43200.0,42.15
2026-02-25,C관(2공장),[10] 사출조립,조립44호기,43520.0,42027.0,96.57,1,43200.0,100.74
2026-02-25,C관(2공장),[10] 사출조립,조립45호기,28411.0,25386.0,89.35,1,43200.0,65.77
2026-02-25,C관(2공장),[10] 사출조립,조립46호기,22736.0,22204.0,97.66,1,43200.0,52.63
2026-02-25,C관(2공장),[10] 사출조립,조립47호기,30839.0,26804.0,86.92,1,43200.0,71.39
2026-02-25,C관(2공장),[10] 사출조립,조립48호기,55807.0,54128.0,96.99,1,43200.0,129.18
2026-02-25,C관(2공장),[10] 사출조립,조립49호기,26168.0,25017.0,95.6,1,43200.0,60.57
2026-02-25,C관(2공장),[10] 사출조립,조립50호기,31546.0,31149.0,98.74,1,43200.0,73.02
2026-02-25,C관(2공장),[10] 사출조립,조립51호기,50861.0,46388.0,91.21,1,43200.0,117.73
2026-02-25,C관(2공장),[10] 사출조립,조립52호기,52855.0,51647.0,97.71,1,43200.0,122.35
2026-02-25,C관(2공장),[10] 사출조립,조립53호기,50835.0,49119.0,96.62,1,43200.0,117.67
2026-02-25,C관(2공장),[10] 사출조립,조립54호기,28893.0,28671.0,99.23,1,43200.0,66.88
2026-02-25,C관(2공장),[10] 사출조립,조립55호기,25980.0,21998.0,84.67,1,43200.0,60.14
2026-02-25,C관(2공장),[10] 사출조립,조립56호기,55319.0,53873.0,97.39,1,43200.0,128.05
2026-02-25,C관(2공장),[10] 사출조립,조립57호기,52100.0,43587.0,83.66,1,43200.0,120.6
2026-02-25,C관(2공장),[10] 사출조립,조립58호기,28372.0,25302.0,89.18,1,43200.0,65.68
2026-02-25,C관(2공장),[10] 사출조립,조립59호기,31062.0,29545.0,95.12,1,43200.0,71.9
2026-02-25,C관(2공장),[20] 분리,분리12호기,42195.0,38626.0,91.54,1,0.0,0.0
2026-02-25,C관(2공장),[20] 분리,분리15호기,53404.0,48544.0,90.9,1,0.0,0.0
2026-02-25,C관(2공장),[20] 분리,분리16호기,34840.0,31065.0,89.16,1,61715.0,56.45
2026-02-25,C관(2공장),[20] 분리,분리17호기,32789.0,28680.0,87.47,1,61715.0,53.13
2026-02-25,C관(2공장),[20] 분리,분리18호기,45390.0,40418.0,89.05,1,61715.0,73.55
2026-02-25,C관(2공장),[20] 분리,분리19호기,30091.0,26810.0,89.1,1,61715.0,48.76
2026-02-25,C관(2공장),[20] 분리,분리20호기,47083.0,42688.0,90.67,1,61715.0,76.29
2026-02-25,C관(2공장),[20] 분리,분리21호기,44783.0,39584.0,88.39,1,61715.0,72.56
2026-02-25,C관(2공장),[20] 분리,분리22호기,44291.0,38853.0,87.72,1,61715.0,71.77
2026-02-25,C관(2공장),[20] 분리,분리23호기,41763.0,36147.0,86.55,1,61715.0,67.67
2026-02-25,C관(2공장),[20] 분리,분리24호기,45195.0,40608.0,89.85,1,61715.0,73.23
2026-02-25,C관(2공장),[20] 분리,분리25호기,51743.0,40320.0,77.92,1,61715.0,83.84
2026-02-25,C관(2공장),[20] 분리,분리26호기,36101.0,31151.0,86.29,1,54000.0,66.85
2026-02-25,C관(2공장),[20] 분리,분리27호기,43445.0,39747.0,91.49,1,54000.0,80.45
2026-02-25,C관(2공장),[20] 분리,분리28호기,40087.0,34575.0,86.25,1,54000.0,74.24
2026-02-25,C관(2공장),[20] 분리,분리29호기,45330.0,38033.0,83.9,1,54000.0,83.94
2026-02-25,C관(2공장),[20] 분리,분리30호기,37235.0,34539.0,92.76,1,54000.0,68.95
2026-02-25,C관(2공장),[20] 분리,분리31호기,47419.0,40026.0,84.41,1,54000.0,87.81
2026-02-25,C관(2공장),[20] 분리,분리32호기,48361.0,41052.0,84.89,1,54000.0,89.56
2026-02-25,C관(2공장),[20] 분리,분리33호기,49645.0,45631.0,91.91,1,54000.0,91.94
2026-02-25,C관(2공장),[20] 분리,분리34호기,48535.0,44125.0,90.91,1,54000.0,89.88
2026-02-25,C관(2공장),[20] 분리,분리35호기,48598.0,38605.0,79.44,1,54000.0,90.0
2026-02-25,C관(2공장),[20] 분리,분리36호기,51370.0,42563.0,82.86,1,54000.0,95.13
2026-02-25,C관(2공장),[20] 분리,분리37호기,10049.0,9036.0,89.92,1,54000.0,18.61
2026-02-25,C관(2공장),[20] 분리,분리43호기,49216.0,41557.0,84.44,1,54000.0,91.14
2026-02-25,C관(2공장),[45] 하이드레이션/전면검사,워터배스2-10호기,82361.0,82290.0,99.91,1,120000.0,68.63
2026-02-25,C관(2공장),[45] 하이드레이션/전면검사,워터배스2-11호기,66519.0,66445.0,99.89,1,150000.0,44.35
2026-02-25,C관(2공장),[45] 하이드레이션/전면검사,워터배스2-12호기,93505.0,93390.0,99.88,1,150000.0,62.34
2026-02-25,C관(2공장),[45] 하이드레이션/전면검사,워터배스2-13호기,62356.0,60945.0,97.74,1,150000.0,41.57
2026-02-25,C관(2공장),[45] 하이드레이션/전면검사,워터배스2-14호기,56129.0,56045.0,99.85,1,150000.0,37.42
2026-02-25,C관(2공장),[45] 하이드레이션/전면검사,워터배스2-1호기,68695.0,68630.0,99.91,1,120000.0,57.25
2026-02-25,C관(2공장),[45] 하이드레이션/전면검사,워터배스2-2호기,68979.0,68890.0,99.87,1,120000.0,57.48
2026-02-25,C관(2공장),[45] 하이드레이션/전면검사,워터배스2-3호기,58591.0,58550.0,99.93,1,120000.0,48.83
2026-02-25,C관(2공장),[45] 하이드레이션/전면검사,워터배스2-4호기,62546.0,62510.0,99.94,1,120000.0,52.12
2026-02-25,C관(2공장),[45] 하이드레이션/전면검사,워터배스2-5호기,81491.0,81400.0,99.89,1,120000.0,67.91
2026-02-25,C관(2공장),[45] 하이드레이션/전면검사,워터배스2-6호기,3129.0,3125.0,99.87,1,30000.0,10.43
2026-02-25,C관(2공장),[45] 하이드레이션/전면검사,워터배스2-7호기,62701.0,62650.0,99.92,1,120000.0,52.25
2026-02-25,C관(2공장),[45] 하이드레이션/전면검사,워터배스2-8호기,70358.0,70305.0,99.92,1,120000.0,58.63
2026-02-25,C관(2공장),[45] 하이드레이션/전면검사,워터배스2-9호기,71229.0,71180.0,99.93,1,120000.0,59.36
2026-02-25,C관(2공장),[55] 접착/ 멸균,검사31호기,1895.0,1800.0,94.99,1,0.0,0.0
2026-02-25,C관(2공장),[55] 접착/ 멸균,검사32호기,38095.0,37455.0,98.32,1,0.0,0.0
2026-02-25,C관(2공장),[55] 접착/ 멸균,검사33호기,46990.0,46320.0,98.57,1,66462.0,70.7
2026-02-25,C관(2공장),[55] 접착/ 멸균,검사34호기,57985.0,56830.0,98.01,1,78546.0,73.82
2026-02-25,C관(2공장),[55] 접착/ 멸균,검사35호기,55330.0,54465.0,98.44,1,78546.0,70.44
2026-02-25,C관(2공장),[55] 접착/ 멸균,검사36호기,58285.0,57440.0,98.55,1,78546.0,74.2
2026-02-25,C관(2공장),[55] 접착/ 멸균,검사37호기,55975.0,55265.0,98.73,1,78546.0,71.26
2026-02-25,C관(2공장),[55] 접착/ 멸균,검사38호기,53360.0,52520.0,98.43,1,78546.0,67.93
2026-02-25,C관(2공장),[55] 접착/ 멸균,검사39호기,55090.0,54225.0,98.43,1,78546.0,70.14
2026-02-25,C관(2공장),[55] 접착/ 멸균,검사40호기,59460.0,58180.0,97.85,1,78546.0,75.7
2026-02-25,C관(2공장),[55] 접착/ 멸균,검사41호기,47365.0,46500.0,98.17,1,78546.0,60.3
2026-02-25,C관(2공장),[55] 접착/ 멸균,검사42호기,54845.0,53825.0,98.14,1,78546.0,69.83
2026-02-25,C관(2공장),[55] 접착/ 멸균,검사43호기,55895.0,54795.0,98.03,1,78546.0,71.16
2026-02-25,C관(2공장),[55] 접착/ 멸균,검사44호기,57800.0,56945.0,98.52,1,78546.0,73.59
2026-02-25,C관(2공장),[55] 접착/ 멸균,검사45호기,52345.0,50955.0,97.34,1,78546.0,66.64
2026-02-25,C관(2공장),[55] 접착/ 멸균,검사46호기,45445.0,43645.0,96.04,1,78546.0,57.86
2026-02-25,C관(2공장),[55] 접착/ 멸균,검사47호기,56705.0,55505.0,97.88,1,78546.0,72.19
2026-02-25,C관(2공장),[55] 접착/ 멸균,검사48호기,58910.0,57955.0,98.38,1,78546.0,75.0
2026-02-25,C관(2공장),[55] 접착/ 멸균,검사49호기,29890.0,27630.0,92.44,1,0.0,0.0
2026-02-25,C관(2공장),[55] 접착/ 멸균,검사50호기,37015.0,36215.0,97.84,1,0.0,0.0
2026-02-25,C관(2공장),[80] 누수/규격검사,누수/규격검사(2공장),918420.0,912275.0,99.33,1,720000.0,127.56
2026-02-25,S관(3공장),[00] 배합,A형 인라인3호기 - 접착,14999.0,14999.0,100.0,1,0.0,0.0
2026-02-25,S관(3공장),[00] 배합,A형 인라인5호기 - 접착,2063.86,2063.86,100.0,1,0.0,0.0
2026-02-25,S관(3공장),[00] 배합,B형 조립중합6호기,9900.0,9900.0,100.0,1,0.0,0.0
2026-02-25,S관(3공장),[00] 배합,B형 조립중합8호기,2039.0,2039.0,100.0,1,0.0,0.0
2026-02-25,S관(3공장),[00] 배합,C형 조립중합1호기,3960.0,3960.0,100.0,1,0.0,0.0
2026-02-25,S관(3공장),[10] 사출조립,A형 인라인1호기 - 접착,42297.0,42297.0,100.0,1,0.0,0.0
2026-02-25,S관(3공장),[10] 사출조립,A형 인라인2호기 - 접착,42855.0,42855.0,100.0,1,0.0,0.0
2026-02-25,S관(3공장),[10] 사출조립,A형 인라인3호기 - 접착,44033.0,44033.0,100.0,1,0.0,0.0
2026-02-25,S관(3공장),[10] 사출조립,A형 인라인5호기 - 접착,30957.0,30957.0,100.0,1,0.0,0.0
2026-02-25,S관(3공장),[10] 사출조립,A형 인라인6호기 - 접착,18400.0,18400.0,100.0,1,0.0,0.0
2026-02-25,S관(3공장),[10] 사출조립,B형 조립중합6호기,11951.0,6530.0,54.64,1,76800.0,15.56
2026-02-25,S관(3공장),[10] 사출조립,B형 조립중합8호기,6447.0,2892.0,44.86,1,0.0,0.0
2026-02-25,S관(3공장),[10] 사출조립,C형 조립중합4호기,16009.0,13185.0,82.36,1,0.0,0.0
2026-02-25,S관(3공장),[10] 사출조립,C형 조립중합5호기,49182.0,40942.0,83.25,1,0.0,0.0
2026-02-25,S관(3공장),[20] 분리,A형 인라인1호기 - 접착,31112.0,28952.0,93.06,1,0.0,0.0
2026-02-25,S관(3공장),[20] 분리,A형 인라인2호기 - 접착,28323.0,27124.0,95.77,1,0.0,0.0
2026-02-25,S관(3공장),[20] 분리,A형 인라인3호기 - 접착,16105.0,14971.0,92.96,1,0.0,0.0
2026-02-25,S관(3공장),[20] 분리,B형 분리2호기,21141.0,18627.0,88.11,1,0.0,0.0
2026-02-25,S관(3공장),[20] 분리,B형 분리3호기,5665.0,4707.0,83.09,1,0.0,0.0
2026-02-25,S관(3공장),[20] 분리,B형 분리4호기,7020.0,6566.0,93.53,1,0.0,0.0
2026-02-25,S관(3공장),[20] 분리,B형 분리5호기,26540.0,22092.0,83.24,1,0.0,0.0
2026-02-25,S관(3공장),[20] 분리,B형 분리6호기,23432.0,19838.0,84.66,1,0.0,0.0
2026-02-25,S관(3공장),[20] 분리,B형 분리7호기,23333.0,19660.0,84.26,1,0.0,0.0
2026-02-25,S관(3공장),[20] 분리,B형 분리8호기,27585.0,22949.0,83.19,1,0.0,0.0
2026-02-25,S관(3공장),[20] 분리,CAM분리1호기,1950.0,1633.0,83.74,1,39273.0,4.97
2026-02-25,S관(3공장),[20] 분리,CAM분리2호기,7315.0,5783.0,79.06,1,39273.0,18.63
2026-02-25,S관(3공장),[20] 분리,CAM분리3호기,7149.0,6225.0,87.08,1,39273.0,18.2
2026-02-25,S관(3공장),[45] 하이드레이션/전면검사,A형 인라인2호기 - 접착,43870.0,43756.0,99.74,1,0.0,0.0
2026-02-25,S관(3공장),[45] 하이드레이션/전면검사,B형 분리4호기,17278.0,17262.0,99.91,1,0.0,0.0
2026-02-25,S관(3공장),[45] 하이드레이션/전면검사,S관 실리콘 자동수화기,157176.0,156260.0,99.42,1,240000.0,65.49
2026-02-25,S관(3공장),[55] 접착/ 멸균,A형 인라인1호기 - 접착,46931.0,45805.0,97.6,1,0.0,0.0
2026-02-25,S관(3공장),[55] 접착/ 멸균,A형 인라인2호기 - 접착,39990.0,39050.0,97.65,1,0.0,0.0
2026-02-25,S관(3공장),[55] 접착/ 멸균,A형 인라인3호기 - 접착,44185.0,43655.0,98.8,1,0.0,0.0
2026-02-25,S관(3공장),[55] 접착/ 멸균,A형 인라인4호기 - 접착,35651.0,34910.0,97.92,1,0.0,0.0
2026-02-25,S관(3공장),[55] 접착/ 멸균,A형 인라인5호기 - 접착,30253.0,29435.0,97.3,1,0.0,0.0
2026-02-25,S관(3공장),[55] 접착/ 멸균,A형 인라인6호기 - 접착,42768.0,42015.0,98.24,1,0.0,0.0
2026-02-25,S관(3공장),[80] 누수/규격검사,누수/규격검사(3공장),219425.0,218230.0,99.46,1,100645.0,218.02
2026-02-26,A관(1공장),[00] 배합,조립1호기,3068.95,3068.95,100.0,1,0.0,0.0
2026-02-26,A관(1공장),[00] 배합,조립2호기,1059.0,1059.0,100.0,1,0.0,0.0
2026-02-26,A관(1공장),[00] 배합,조립31호기,15000.0,15000.0,100.0,1,0.0,0.0
2026-02-26,A관(1공장),[00] 배합,조립3호기,1003.0,1003.0,100.0,1,0.0,0.0
2026-02-26,A관(1공장),[00] 배합,조립4호기,2000.0,2000.0,100.0,1,0.0,0.0
2026-02-26,A관(1공장),[10] 사출조립,조립1호기,30913.0,29422.0,95.18,1,43200.0,71.56
2026-02-26,A관(1공장),[10] 사출조립,조립2호기,9102.0,5695.0,62.57,1,43200.0,21.07
2026-02-26,A관(1공장),[10] 사출조립,조립31호기,90887.0,85603.0,94.19,1,86400.0,105.19
2026-02-26,A관(1공장),[10] 사출조립,조립3호기,12810.0,12810.0,100.0,1,43200.0,29.65
2026-02-26,A관(1공장),[10] 사출조립,조립4호기,9521.0,9521.0,100.0,1,43200.0,22.04
2026-02-26,A관(1공장),[10] 사출조립,조립8호기,44203.0,44203.0,100.0,1,43200.0,102.32
2026-02-26,A관(1공장),[20] 분리,분리14호기,40254.0,36465.0,90.59,1,54000.0,74.54
2026-02-26,A관(1공장),[20] 분리,분리3호기,10420.0,7762.0,74.49,1,17280.0,60.3
2026-02-26,A관(1공장),[20] 분리,분리42호기(초음파),12172.0,10198.0,83.78,1,62837.0,19.37
2026-02-26,A관(1공장),[20] 분리,분리4호기,1374.0,1092.0,79.48,1,17280.0,7.95
2026-02-26,A관(1공장),[20] 분리,분리5호기,8974.0,7738.0,86.23,1,17280.0,51.93
2026-02-26,A관(1공장),[45] 하이드레이션/전면검사,1공장 실리콘수화기,33889.0,33889.0,100.0,1,0.0,0.0
2026-02-26,A관(1공장),[45] 하이드레이션/전면검사,워터배스1-2호기,12409.0,12409.0,100.0,1,30000.0,41.36
2026-02-26,A관(1공장),[45] 하이드레이션/전면검사,워터배스1-3호기,22553.0,21536.0,95.49,1,30000.0,75.18
2026-02-26,A관(1공장),[45] 하이드레이션/전면검사,워터배스1-4호기,17157.0,17157.0,100.0,1,30000.0,57.19
2026-02-26,A관(1공장),[45] 하이드레이션/전면검사,워터배스1-5호기,10710.0,10710.0,100.0,1,150000.0,7.14
2026-02-26,A관(1공장),[45] 하이드레이션/전면검사,워터배스1-6호기,14302.0,14259.0,99.7,1,150000.0,9.53
2026-02-26,A관(1공장),[55] 접착/ 멸균,검사10호기,10227.0,9804.0,95.86,1,13293.0,76.94
2026-02-26,A관(1공장),[55] 접착/ 멸균,검사11호기,11387.0,10114.0,88.82,1,13293.0,85.66
2026-02-26,A관(1공장),[55] 접착/ 멸균,검사14호기,7487.0,7043.0,94.07,1,13293.0,56.32
2026-02-26,A관(1공장),[55] 접착/ 멸균,검사15호기,3321.0,3321.0,100.0,1,13293.0,24.98
2026-02-26,A관(1공장),[55] 접착/ 멸균,검사16호기,1592.0,1470.0,92.34,1,13293.0,11.98
2026-02-26,A관(1공장),[55] 접착/ 멸균,검사17호기,8841.0,8581.0,97.06,1,13293.0,66.51
2026-02-26,A관(1공장),[55] 접착/ 멸균,검사18호기,7640.0,7469.0,97.76,1,13293.0,57.47
2026-02-26,A관(1공장),[55] 접착/ 멸균,검사19호기,1492.0,1434.0,96.11,1,13293.0,11.22
2026-02-26,A관(1공장),[55] 접착/ 멸균,검사20호기,22474.0,22062.0,98.17,1,13293.0,169.07
2026-02-26,A관(1공장),[55] 접착/ 멸균,검사21호기,4221.0,4221.0,100.0,1,13293.0,31.75
2026-02-26,A관(1공장),[55] 접착/ 멸균,검사22호기,11160.0,9853.0,88.29,1,13293.0,83.95
2026-02-26,A관(1공장),[55] 접착/ 멸균,검사23호기,7281.0,7074.0,97.16,1,13293.0,54.77
2026-02-26,A관(1공장),[55] 접착/ 멸균,검사8호기,6796.0,6650.0,97.85,1,13293.0,51.12
2026-02-26,A관(1공장),[55] 접착/ 멸균,검사9호기,3174.0,3106.0,97.86,1,13293.0,23.88
2026-02-26,A관(1공장),[55] 접착/ 멸균,바이알캡핑기,5154.0,3768.0,73.11,1,0.0,0.0
2026-02-26,A관(1공장),[80] 누수/규격검사,누수/규격검사(1공장),91830.0,88434.0,96.3,1,112902.0,81.34
2026-02-26,C관(2공장),[00] 배합,조립10호기,20366.0,20366.0,100.0,1,0.0,0.0
2026-02-26,C관(2공장),[00] 배합,조립22호기,20365.96,20365.96,100.0,1,0.0,0.0
2026-02-26,C관(2공장),[00] 배합,조립23호기,20366.0,20366.0,100.0,1,0.0,0.0
2026-02-26,C관(2공장),[00] 배합,조립26호기,20366.0,20366.0,100.0,1,0.0,0.0
2026-02-26,C관(2공장),[00] 배합,조립27호기,20366.0,20366.0,100.0,1,0.0,0.0
2026-02-26,C관(2공장),[00] 배합,조립42호기,20366.0,20366.0,100.0,1,0.0,0.0
2026-02-26,C관(2공장),[00] 배합,조립44호기,19916.0,19916.0,100.0,1,0.0,0.0
2026-02-26,C관(2공장),[00] 배합,조립51호기,19916.0,19916.0,100.0,1,0.0,0.0
2026-02-26,C관(2공장),[00] 배합,조립52호기,20366.0,20366.0,100.0,1,0.0,0.0
2026-02-26,C관(2공장),[10] 사출조립,조립10호기,30388.0,25670.0,84.47,1,43200.0,70.34
2026-02-26,C관(2공장),[10] 사출조립,조립11호기,25257.0,20973.0,83.04,1,43200.0,58.47
2026-02-26,C관(2공장),[10] 사출조립,조립12호기,31384.0,26526.0,84.52,1,0.0,0.0
2026-02-26,C관(2공장),[10] 사출조립,조립13호기,21837.0,21758.0,99.64,1,0.0,0.0
2026-02-26,C관(2공장),[10] 사출조립,조립14호기,29907.0,26668.0,89.17,1,43200.0,69.23
2026-02-26,C관(2공장),[10] 사출조립,조립15호기,45273.0,44404.0,98.08,1,43200.0,104.8
2026-02-26,C관(2공장),[10] 사출조립,조립16호기,36789.0,35939.0,97.69,1,43200.0,85.16
2026-02-26,C관(2공장),[10] 사출조립,조립17호기,21979.0,19039.0,86.62,1,43200.0,50.88
2026-02-26,C관(2공장),[10] 사출조립,조립19호기,26855.0,26812.0,99.84,1,43200.0,62.16
2026-02-26,C관(2공장),[10] 사출조립,조립22호기,20480.0,18625.0,90.94,1,43200.0,47.41
2026-02-26,C관(2공장),[10] 사출조립,조립25호기,41651.0,41558.0,99.78,1,43200.0,96.41
2026-02-26,C관(2공장),[10] 사출조립,조립26호기,10863.0,7658.0,70.5,1,43200.0,25.15
2026-02-26,C관(2공장),[10] 사출조립,조립27호기,11396.0,9682.0,84.96,1,43200.0,26.38
2026-02-26,C관(2공장),[10] 사출조립,조립40호기,42813.0,39739.0,92.82,1,43200.0,99.1
2026-02-26,C관(2공장),[10] 사출조립,조립41호기,35947.0,32836.0,91.35,1,43200.0,83.21
2026-02-26,C관(2공장),[10] 사출조립,조립42호기,31731.0,28683.0,90.39,1,43200.0,73.45
2026-02-26,C관(2공장),[10] 사출조립,조립44호기,24351.0,23095.0,94.84,1,43200.0,56.37
2026-02-26,C관(2공장),[10] 사출조립,조립45호기,26540.0,25483.0,96.02,1,43200.0,61.44
2026-02-26,C관(2공장),[10] 사출조립,조립46호기,32761.0,29041.0,88.65,1,43200.0,75.84
2026-02-26,C관(2공장),[10] 사출조립,조립47호기,22717.0,12325.0,54.25,1,43200.0,52.59
2026-02-26,C관(2공장),[10] 사출조립,조립48호기,28311.0,27653.0,97.68,1,43200.0,65.53
2026-02-26,C관(2공장),[10] 사출조립,조립49호기,42173.0,39240.0,93.05,1,43200.0,97.62
2026-02-26,C관(2공장),[10] 사출조립,조립50호기,28012.0,27394.0,97.79,1,43200.0,64.84
2026-02-26,C관(2공장),[10] 사출조립,조립51호기,25208.0,22290.0,88.42,1,43200.0,58.35
2026-02-26,C관(2공장),[10] 사출조립,조립52호기,28408.0,27079.0,95.32,1,43200.0,65.76
2026-02-26,C관(2공장),[10] 사출조립,조립54호기,18800.0,16627.0,88.44,1,43200.0,43.52
2026-02-26,C관(2공장),[10] 사출조립,조립55호기,40202.0,37855.0,94.16,1,43200.0,93.06
2026-02-26,C관(2공장),[10] 사출조립,조립56호기,29785.0,29689.0,99.68,1,43200.0,68.95
2026-02-26,C관(2공장),[10] 사출조립,조립57호기,28908.0,28590.0,98.9,1,43200.0,66.92
2026-02-26,C관(2공장),[10] 사출조립,조립58호기,23919.0,21053.0,88.02,1,43200.0,55.37
2026-02-26,C관(2공장),[10] 사출조립,조립59호기,56297.0,55917.0,99.33,1,43200.0,130.32
2026-02-26,C관(2공장),[20] 분리,분리12호기,49299.0,43575.0,88.39,1,0.0,0.0
2026-02-26,C관(2공장),[20] 분리,분리15호기,48707.0,45864.0,94.16,1,0.0,0.0
2026-02-26,C관(2공장),[20] 분리,분리16호기,39753.0,35880.0,90.26,1,61715.0,64.41
2026-02-26,C관(2공장),[20] 분리,분리17호기,40270.0,33718.0,83.73,1,61715.0,65.25
2026-02-26,C관(2공장),[20] 분리,분리18호기,36342.0,33276.0,91.56,1,61715.0,58.89
2026-02-26,C관(2공장),[20] 분리,분리19호기,38167.0,32032.0,83.93,1,61715.0,61.84
2026-02-26,C관(2공장),[20] 분리,분리20호기,31738.0,29026.0,91.46,1,61715.0,51.43
2026-02-26,C관(2공장),[20] 분리,분리21호기,43327.0,36110.0,83.34,1,61715.0,70.2
2026-02-26,C관(2공장),[20] 분리,분리22호기,43065.0,37669.0,87.47,1,61715.0,69.78
2026-02-26,C관(2공장),[20] 분리,분리23호기,36199.0,29401.0,81.22,1,61715.0,58.66
2026-02-26,C관(2공장),[20] 분리,분리24호기,46936.0,41005.0,87.36,1,61715.0,76.05
2026-02-26,C관(2공장),[20] 분리,분리25호기,47676.0,38948.0,81.69,1,61715.0,77.25
2026-02-26,C관(2공장),[20] 분리,분리26호기,25247.0,19155.0,75.87,1,54000.0,46.75
2026-02-26,C관(2공장),[20] 분리,분리27호기,44906.0,40541.0,90.28,1,54000.0,83.16
2026-02-26,C관(2공장),[20] 분리,분리28호기,43571.0,38182.0,87.63,1,54000.0,80.69
2026-02-26,C관(2공장),[20] 분리,분리29호기,46910.0,39711.0,84.65,1,54000.0,86.87
2026-02-26,C관(2공장),[20] 분리,분리30호기,22976.0,21555.0,93.82,1,54000.0,42.55
2026-02-26,C관(2공장),[20] 분리,분리31호기,49675.0,43152.0,86.87,1,54000.0,91.99
2026-02-26,C관(2공장),[20] 분리,분리32호기,48542.0,39226.0,80.81,1,54000.0,89.89
2026-02-26,C관(2공장),[20] 분리,분리33호기,51530.0,48029.0,93.21,1,54000.0,95.43
2026-02-26,C관(2공장),[20] 분리,분리34호기,44384.0,34370.0,77.44,1,54000.0,82.19
2026-02-26,C관(2공장),[20] 분리,분리35호기,49069.0,40061.0,81.64,1,54000.0,90.87
2026-02-26,C관(2공장),[20] 분리,분리36호기,54651.0,44422.0,81.28,1,54000.0,101.21
2026-02-26,C관(2공장),[20] 분리,분리37호기,47821.0,44868.0,93.82,1,54000.0,88.56
2026-02-26,C관(2공장),[20] 분리,분리43호기,34562.0,29485.0,85.31,1,54000.0,64.0
2026-02-26,C관(2공장),[45] 하이드레이션/전면검사,워터배스2-10호기,89178.0,89115.0,99.93,1,120000.0,74.32
2026-02-26,C관(2공장),[45] 하이드레이션/전면검사,워터배스2-11호기,110521.0,110425.0,99.91,1,150000.0,73.68
2026-02-26,C관(2공장),[45] 하이드레이션/전면검사,워터배스2-12호기,44555.0,44500.0,99.88,1,150000.0,29.7
2026-02-26,C관(2공장),[45] 하이드레이션/전면검사,워터배스2-13호기,61236.0,61185.0,99.92,1,150000.0,40.82
2026-02-26,C관(2공장),[45] 하이드레이션/전면검사,워터배스2-14호기,113939.0,113815.0,99.89,1,150000.0,75.96
2026-02-26,C관(2공장),[45] 하이드레이션/전면검사,워터배스2-1호기,40458.0,40415.0,99.89,1,120000.0,33.72
2026-02-26,C관(2공장),[45] 하이드레이션/전면검사,워터배스2-2호기,30539.0,30490.0,99.84,1,120000.0,25.45
2026-02-26,C관(2공장),[45] 하이드레이션/전면검사,워터배스2-3호기,77316.0,77225.0,99.88,1,120000.0,64.43
2026-02-26,C관(2공장),[45] 하이드레이션/전면검사,워터배스2-4호기,76918.0,76875.0,99.94,1,120000.0,64.1
2026-02-26,C관(2공장),[45] 하이드레이션/전면검사,워터배스2-5호기,70419.0,70325.0,99.87,1,120000.0,58.68
2026-02-26,C관(2공장),[45] 하이드레이션/전면검사,워터배스2-6호기,3103.0,3100.0,99.9,1,30000.0,10.34
2026-02-26,C관(2공장),[45] 하이드레이션/전면검사,워터배스2-7호기,92397.0,92305.0,99.9,1,120000.0,77.0
2026-02-26,C관(2공장),[45] 하이드레이션/전면검사,워터배스2-8호기,57223.0,54535.0,95.3,1,120000.0,47.69
2026-02-26,C관(2공장),[45] 하이드레이션/전면검사,워터배스2-9호기,99725.0,99640.0,99.91,1,120000.0,83.1
2026-02-26,C관(2공장),[55] 접착/ 멸균,검사32호기,38095.0,37390.0,98.15,1,0.0,0.0
2026-02-26,C관(2공장),[55] 접착/ 멸균,검사33호기,50830.0,50055.0,98.48,1,66462.0,76.48
2026-02-26,C관(2공장),[55] 접착/ 멸균,검사34호기,60515.0,59395.0,98.15,1,78546.0,77.04
2026-02-26,C관(2공장),[55] 접착/ 멸균,검사35호기,56085.0,55425.0,98.82,1,78546.0,71.4
2026-02-26,C관(2공장),[55] 접착/ 멸균,검사36호기,58210.0,56925.0,97.79,1,78546.0,74.11
2026-02-26,C관(2공장),[55] 접착/ 멸균,검사37호기,60300.0,59695.0,99.0,1,78546.0,76.77
2026-02-26,C관(2공장),[55] 접착/ 멸균,검사38호기,57825.0,56910.0,98.42,1,78546.0,73.62
2026-02-26,C관(2공장),[55] 접착/ 멸균,검사39호기,53600.0,52720.0,98.36,1,78546.0,68.24
2026-02-26,C관(2공장),[55] 접착/ 멸균,검사40호기,49830.0,48260.0,96.85,1,78546.0,63.44
2026-02-26,C관(2공장),[55] 접착/ 멸균,검사41호기,55435.0,54670.0,98.62,1,78546.0,70.58
2026-02-26,C관(2공장),[55] 접착/ 멸균,검사42호기,57915.0,56590.0,97.71,1,78546.0,73.73
2026-02-26,C관(2공장),[55] 접착/ 멸균,검사43호기,51900.0,50965.0,98.2,1,78546.0,66.08
2026-02-26,C관(2공장),[55] 접착/ 멸균,검사44호기,59395.0,58600.0,98.66,1,78546.0,75.62
2026-02-26,C관(2공장),[55] 접착/ 멸균,검사45호기,53525.0,52265.0,97.65,1,78546.0,68.14
2026-02-26,C관(2공장),[55] 접착/ 멸균,검사46호기,52950.0,52015.0,98.23,1,78546.0,67.41
2026-02-26,C관(2공장),[55] 접착/ 멸균,검사47호기,41780.0,41120.0,98.42,1,78546.0,53.19
2026-02-26,C관(2공장),[55] 접착/ 멸균,검사48호기,51805.0,50285.0,97.07,1,78546.0,65.95
2026-02-26,C관(2공장),[55] 접착/ 멸균,검사49호기,30195.0,27885.0,92.35,1,0.0,0.0
2026-02-26,C관(2공장),[55] 접착/ 멸균,검사50호기,47200.0,45985.0,97.43,1,0.0,0.0
2026-02-26,C관(2공장),[80] 누수/규격검사,누수/규격검사(2공장),884575.0,880280.0,99.51,1,720000.0,122.86
2026-02-26,S관(3공장),[00] 배합,A형 인라인3호기 - 접착,7999.0,7999.0,100.0,1,0.0,0.0
2026-02-26,S관(3공장),[00] 배합,C형 조립중합4호기,7920.0,7920.0,100.0,1,0.0,0.0
2026-02-26,S관(3공장),[00] 배합,C형 조립중합5호기,3960.0,3960.0,100.0,1,0.0,0.0
2026-02-26,S관(3공장),[10] 사출조립,A형 인라인1호기 - 접착,42132.0,42132.0,100.0,1,0.0,0.0
2026-02-26,S관(3공장),[10] 사출조립,A형 인라인2호기 - 접착,39919.0,39919.0,100.0,1,0.0,0.0
2026-02-26,S관(3공장),[10] 사출조립,A형 인라인3호기 - 접착,42612.0,42612.0,100.0,1,0.0,0.0
2026-02-26,S관(3공장),[10] 사출조립,A형 인라인5호기 - 접착,18586.0,18586.0,100.0,1,0.0,0.0
2026-02-26,S관(3공장),[10] 사출조립,B형 조립중합6호기,28398.0,21761.0,76.63,1,76800.0,36.98
2026-02-26,S관(3공장),[10] 사출조립,C형 조립중합4호기,30458.0,28007.0,91.95,1,0.0,0.0
2026-02-26,S관(3공장),[10] 사출조립,C형 조립중합5호기,33435.0,30285.0,90.58,1,0.0,0.0
2026-02-26,S관(3공장),[20] 분리,A형 인라인1호기 - 접착,14656.0,13270.0,90.54,1,0.0,0.0
2026-02-26,S관(3공장),[20] 분리,A형 인라인2호기 - 접착,16635.0,15872.0,95.41,1,0.0,0.0
2026-02-26,S관(3공장),[20] 분리,A형 인라인3호기 - 접착,30298.0,28414.0,93.78,1,0.0,0.0
2026-02-26,S관(3공장),[20] 분리,B형 분리2호기,23920.0,20293.0,84.84,1,0.0,0.0
2026-02-26,S관(3공장),[20] 분리,B형 분리3호기,7300.0,5569.0,76.29,1,0.0,0.0
2026-02-26,S관(3공장),[20] 분리,B형 분리4호기,8827.0,7748.0,87.78,1,0.0,0.0
2026-02-26,S관(3공장),[20] 분리,B형 분리5호기,4152.0,3531.0,85.04,1,0.0,0.0
2026-02-26,S관(3공장),[20] 분리,B형 분리6호기,24782.0,20230.0,81.63,1,0.0,0.0
2026-02-26,S관(3공장),[20] 분리,B형 분리7호기,26531.0,21822.0,82.25,1,0.0,0.0
2026-02-26,S관(3공장),[20] 분리,B형 분리8호기,25830.0,20540.0,79.52,1,0.0,0.0
2026-02-26,S관(3공장),[20] 분리,CAM분리2호기,17743.0,13573.0,76.5,1,39273.0,45.18
2026-02-26,S관(3공장),[20] 분리,CAM분리3호기,18278.0,15559.0,85.12,1,39273.0,46.54
2026-02-26,S관(3공장),[45] 하이드레이션/전면검사,A형 인라인2호기 - 접착,16855.0,15930.0,94.51,1,0.0,0.0
2026-02-26,S관(3공장),[45] 하이드레이션/전면검사,S관 실리콘 자동수화기,162538.0,161766.0,99.53,1,240000.0,67.72
2026-02-26,S관(3공장),[55] 접착/ 멸균,A형 인라인1호기 - 접착,36593.0,35150.0,96.06,1,0.0,0.0
2026-02-26,S관(3공장),[55] 접착/ 멸균,A형 인라인2호기 - 접착,24794.0,24265.0,97.87,1,0.0,0.0
2026-02-26,S관(3공장),[55] 접착/ 멸균,A형 인라인3호기 - 접착,43103.0,42260.0,98.04,1,0.0,0.0
2026-02-26,S관(3공장),[55] 접착/ 멸균,A형 인라인4호기 - 접착,36201.0,35485.0,98.02,1,0.0,0.0
2026-02-26,S관(3공장),[55] 접착/ 멸균,A형 인라인5호기 - 접착,33039.0,32185.0,97.42,1,0.0,0.0
2026-02-26,S관(3공장),[55] 접착/ 멸균,A형 인라인6호기 - 접착,22065.0,21245.0,96.28,1,0.0,0.0
2026-02-26,S관(3공장),[80] 누수/규격검사,누수/규격검사(3공장),189720.0,188705.0,99.47,1,100645.0,188.5
2026-02-27,A관(1공장),[00] 배합,조립2호기,1059.0,1059.0,100.0,1,0.0,0.0
2026-02-27,A관(1공장),[00] 배합,조립31호기,15001.0,15001.0,100.0,1,0.0,0.0
2026-02-27,A관(1공장),[00] 배합,조립3호기,2043.0,2043.0,100.0,1,0.0,0.0
2026-02-27,A관(1공장),[00] 배합,조립7호기,2000.0,2000.0,100.0,1,0.0,0.0
2026-02-27,A관(1공장),[00] 배합,조립8호기,37999.84,37999.84,100.0,1,0.0,0.0
2026-02-27,A관(1공장),[10] 사출조립,조립1호기,33129.0,32564.0,98.29,1,43200.0,76.69
2026-02-27,A관(1공장),[10] 사출조립,조립2호기,8631.0,8084.0,93.66,1,43200.0,19.98
2026-02-27,A관(1공장),[10] 사출조립,조립31호기,94378.0,93533.0,99.1,1,86400.0,109.23
2026-02-27,A관(1공장),[10] 사출조립,조립3호기,47088.0,47088.0,100.0,1,43200.0,109.0
2026-02-27,A관(1공장),[10] 사출조립,조립4호기,8904.0,8342.0,93.69,1,43200.0,20.61
2026-02-27,A관(1공장),[10] 사출조립,조립8호기,31841.0,31841.0,100.0,1,43200.0,73.71
2026-02-27,A관(1공장),[20] 분리,분리14호기,33679.0,31351.0,93.09,1,54000.0,62.37
2026-02-27,A관(1공장),[20] 분리,분리42호기(초음파),38253.0,35487.0,92.77,1,62837.0,60.88
2026-02-27,A관(1공장),[20] 분리,분리5호기,13984.0,12026.0,86.0,1,17280.0,80.93
2026-02-27,A관(1공장),[45] 하이드레이션/전면검사,워터배스1-2호기,21422.0,21422.0,100.0,1,30000.0,71.41
2026-02-27,A관(1공장),[45] 하이드레이션/전면검사,워터배스1-3호기,22306.0,22306.0,100.0,1,30000.0,74.35
2026-02-27,A관(1공장),[45] 하이드레이션/전면검사,워터배스1-4호기,29693.0,29693.0,100.0,1,30000.0,98.98
2026-02-27,A관(1공장),[45] 하이드레이션/전면검사,워터배스1-5호기,47373.0,47373.0,100.0,1,150000.0,31.58
2026-02-27,A관(1공장),[45] 하이드레이션/전면검사,워터배스1-6호기,53742.0,53742.0,100.0,1,150000.0,35.83
2026-02-27,A관(1공장),[55] 접착/ 멸균,검사10호기,8867.0,8154.0,91.96,1,13293.0,66.7
2026-02-27,A관(1공장),[55] 접착/ 멸균,검사11호기,13794.0,13170.0,95.48,1,13293.0,103.77
2026-02-27,A관(1공장),[55] 접착/ 멸균,검사14호기,9907.0,9620.0,97.1,1,13293.0,74.53
2026-02-27,A관(1공장),[55] 접착/ 멸균,검사15호기,5401.0,5399.0,99.96,1,13293.0,40.63
2026-02-27,A관(1공장),[55] 접착/ 멸균,검사17호기,10374.0,9980.0,96.2,1,13293.0,78.04
2026-02-27,A관(1공장),[55] 접착/ 멸균,검사18호기,11070.0,9936.0,89.76,1,13293.0,83.28
2026-02-27,A관(1공장),[55] 접착/ 멸균,검사19호기,5151.0,4976.0,96.6,1,13293.0,38.75
2026-02-27,A관(1공장),[55] 접착/ 멸균,검사20호기,19658.0,19412.0,98.75,1,13293.0,147.88
2026-02-27,A관(1공장),[55] 접착/ 멸균,검사21호기,11257.0,11003.0,97.74,1,13293.0,84.68
2026-02-27,A관(1공장),[55] 접착/ 멸균,검사22호기,9362.0,6624.0,70.75,1,13293.0,70.43
2026-02-27,A관(1공장),[55] 접착/ 멸균,검사23호기,7711.0,7448.0,96.59,1,13293.0,58.01
2026-02-27,A관(1공장),[55] 접착/ 멸균,검사6호기,10963.0,10494.0,95.72,1,13293.0,82.47
2026-02-27,A관(1공장),[55] 접착/ 멸균,검사8호기,8702.0,8508.0,97.77,1,13293.0,65.46
2026-02-27,A관(1공장),[55] 접착/ 멸균,검사9호기,10813.0,10547.0,97.54,1,13293.0,81.34
2026-02-27,A관(1공장),[55] 접착/ 멸균,바이알캡핑기,2714.0,1940.0,71.48,1,0.0,0.0
2026-02-27,A관(1공장),[80] 누수/규격검사,누수/규격검사(1공장),133093.0,128974.0,96.91,1,112902.0,117.88
2026-02-27,C관(2공장),[00] 배합,조립42호기,20366.0,20366.0,100.0,1,0.0,0.0
2026-02-27,C관(2공장),[00] 배합,조립56호기,20366.0,20366.0,100.0,1,0.0,0.0
2026-02-27,C관(2공장),[00] 배합,조립57호기,20366.0,20366.0,100.0,1,0.0,0.0
2026-02-27,C관(2공장),[00] 배합,조립59호기,20366.0,20366.0,100.0,1,0.0,0.0
2026-02-27,C관(2공장),[10] 사출조립,조립10호기,19540.0,16279.0,83.31,1,43200.0,45.23
2026-02-27,C관(2공장),[10] 사출조립,조립11호기,36368.0,35617.0,97.93,1,43200.0,84.19
2026-02-27,C관(2공장),[10] 사출조립,조립12호기,56004.0,55904.0,99.82,1,0.0,0.0
2026-02-27,C관(2공장),[10] 사출조립,조립13호기,28417.0,26522.0,93.33,1,0.0,0.0
2026-02-27,C관(2공장),[10] 사출조립,조립14호기,62173.0,62084.0,99.86,1,43200.0,143.92
2026-02-27,C관(2공장),[10] 사출조립,조립15호기,26541.0,23413.0,88.21,1,43200.0,61.44
2026-02-27,C관(2공장),[10] 사출조립,조립16호기,23995.0,23399.0,97.52,1,43200.0,55.54
2026-02-27,C관(2공장),[10] 사출조립,조립19호기,64551.0,61395.0,95.11,1,43200.0,149.42
2026-02-27,C관(2공장),[10] 사출조립,조립21호기,2319.0,2316.0,99.87,1,43200.0,5.37
2026-02-27,C관(2공장),[10] 사출조립,조립22호기,16116.0,11828.0,73.39,1,43200.0,37.31
2026-02-27,C관(2공장),[10] 사출조립,조립23호기,11228.0,4960.0,44.18,1,43200.0,25.99
2026-02-27,C관(2공장),[10] 사출조립,조립25호기,41730.0,40083.0,96.05,1,43200.0,96.6
2026-02-27,C관(2공장),[10] 사출조립,조립26호기,33125.0,29161.0,88.03,1,43200.0,76.68
2026-02-27,C관(2공장),[10] 사출조립,조립27호기,9269.0,7518.0,81.11,1,43200.0,21.46
2026-02-27,C관(2공장),[10] 사출조립,조립40호기,19494.0,17899.0,91.82,1,43200.0,45.12
2026-02-27,C관(2공장),[10] 사출조립,조립41호기,6554.0,5706.0,87.06,1,43200.0,15.17
2026-02-27,C관(2공장),[10] 사출조립,조립42호기,22465.0,20164.0,89.76,1,43200.0,52.0
2026-02-27,C관(2공장),[10] 사출조립,조립44호기,51095.0,48089.0,94.12,1,43200.0,118.28
2026-02-27,C관(2공장),[10] 사출조립,조립45호기,34592.0,32602.0,94.25,1,43200.0,80.07
2026-02-27,C관(2공장),[10] 사출조립,조립46호기,32230.0,27926.0,86.65,1,43200.0,74.61
2026-02-27,C관(2공장),[10] 사출조립,조립47호기,31487.0,29714.0,94.37,1,43200.0,72.89
2026-02-27,C관(2공장),[10] 사출조립,조립48호기,30126.0,24276.0,80.58,1,43200.0,69.74
2026-02-27,C관(2공장),[10] 사출조립,조립50호기,29305.0,28354.0,96.75,1,43200.0,67.84
2026-02-27,C관(2공장),[10] 사출조립,조립51호기,41755.0,37978.0,90.95,1,43200.0,96.66
2026-02-27,C관(2공장),[10] 사출조립,조립52호기,29835.0,28598.0,95.85,1,43200.0,69.06
2026-02-27,C관(2공장),[10] 사출조립,조립54호기,58779.0,58183.0,98.99,1,43200.0,136.06
2026-02-27,C관(2공장),[10] 사출조립,조립55호기,27749.0,24085.0,86.8,1,43200.0,64.23
2026-02-27,C관(2공장),[10] 사출조립,조립56호기,23641.0,23392.0,98.95,1,43200.0,54.72
2026-02-27,C관(2공장),[10] 사출조립,조립57호기,35086.0,31168.0,88.83,1,43200.0,81.22
2026-02-27,C관(2공장),[10] 사출조립,조립58호기,26105.0,26065.0,99.85,1,43200.0,60.43
2026-02-27,C관(2공장),[10] 사출조립,조립59호기,29422.0,25605.0,87.03,1,43200.0,68.11
2026-02-27,C관(2공장),[20] 분리,분리12호기,32929.0,29251.0,88.83,1,0.0,0.0
2026-02-27,C관(2공장),[20] 분리,분리15호기,52140.0,47775.0,91.63,1,0.0,0.0
2026-02-27,C관(2공장),[20] 분리,분리16호기,51971.0,47132.0,90.69,1,61715.0,84.21
2026-02-27,C관(2공장),[20] 분리,분리17호기,45129.0,39778.0,88.14,1,61715.0,73.12
2026-02-27,C관(2공장),[20] 분리,분리18호기,51452.0,46419.0,90.22,1,61715.0,83.37
2026-02-27,C관(2공장),[20] 분리,분리19호기,47613.0,41390.0,86.93,1,61715.0,77.15
2026-02-27,C관(2공장),[20] 분리,분리20호기,42729.0,37579.0,87.95,1,61715.0,69.24
2026-02-27,C관(2공장),[20] 분리,분리21호기,46322.0,40770.0,88.01,1,61715.0,75.06
2026-02-27,C관(2공장),[20] 분리,분리22호기,48436.0,38123.0,78.71,1,61715.0,78.48
2026-02-27,C관(2공장),[20] 분리,분리23호기,42198.0,34980.0,82.89,1,61715.0,68.38
2026-02-27,C관(2공장),[20] 분리,분리24호기,45201.0,40802.0,90.27,1,61715.0,73.24
2026-02-27,C관(2공장),[20] 분리,분리25호기,48197.0,38125.0,79.1,1,61715.0,78.1
2026-02-27,C관(2공장),[20] 분리,분리26호기,44925.0,39660.0,88.28,1,54000.0,83.19
2026-02-27,C관(2공장),[20] 분리,분리27호기,38298.0,34245.0,89.42,1,54000.0,70.92
2026-02-27,C관(2공장),[20] 분리,분리28호기,42812.0,39471.0,92.2,1,54000.0,79.28
2026-02-27,C관(2공장),[20] 분리,분리29호기,44700.0,34722.0,77.68,1,54000.0,82.78
2026-02-27,C관(2공장),[20] 분리,분리30호기,49605.0,44682.0,90.08,1,54000.0,91.86
2026-02-27,C관(2공장),[20] 분리,분리31호기,46428.0,39067.0,84.15,1,54000.0,85.98
2026-02-27,C관(2공장),[20] 분리,분리32호기,44342.0,36332.0,81.94,1,54000.0,82.11
2026-02-27,C관(2공장),[20] 분리,분리33호기,43425.0,38801.0,89.35,1,54000.0,80.42
2026-02-27,C관(2공장),[20] 분리,분리34호기,44019.0,33421.0,75.92,1,54000.0,81.52
2026-02-27,C관(2공장),[20] 분리,분리35호기,48344.0,39900.0,82.53,1,54000.0,89.53
2026-02-27,C관(2공장),[20] 분리,분리36호기,51966.0,39306.0,75.64,1,54000.0,96.23
2026-02-27,C관(2공장),[20] 분리,분리37호기,38672.0,34593.0,89.45,1,54000.0,71.61
2026-02-27,C관(2공장),[20] 분리,분리43호기,42543.0,35879.0,84.34,1,54000.0,78.78
2026-02-27,C관(2공장),[45] 하이드레이션/전면검사,워터배스2-10호기,77431.0,77355.0,99.9,1,120000.0,64.53
2026-02-27,C관(2공장),[45] 하이드레이션/전면검사,워터배스2-11호기,71837.0,71770.0,99.91,1,150000.0,47.89
2026-02-27,C관(2공장),[45] 하이드레이션/전면검사,워터배스2-12호기,120287.0,120170.0,99.9,1,150000.0,80.19
2026-02-27,C관(2공장),[45] 하이드레이션/전면검사,워터배스2-13호기,86011.0,85925.0,99.9,1,150000.0,57.34
2026-02-27,C관(2공장),[45] 하이드레이션/전면검사,워터배스2-14호기,76962.0,74490.0,96.79,1,150000.0,51.31
2026-02-27,C관(2공장),[45] 하이드레이션/전면검사,워터배스2-1호기,92992.0,92895.0,99.9,1,120000.0,77.49
2026-02-27,C관(2공장),[45] 하이드레이션/전면검사,워터배스2-2호기,91216.0,91085.0,99.86,1,120000.0,76.01
2026-02-27,C관(2공장),[45] 하이드레이션/전면검사,워터배스2-3호기,75063.0,74965.0,99.87,1,120000.0,62.55
2026-02-27,C관(2공장),[45] 하이드레이션/전면검사,워터배스2-4호기,50085.0,50035.0,99.9,1,120000.0,41.74
2026-02-27,C관(2공장),[45] 하이드레이션/전면검사,워터배스2-5호기,90041.0,89930.0,99.88,1,120000.0,75.03
2026-02-27,C관(2공장),[45] 하이드레이션/전면검사,워터배스2-6호기,1934.0,1930.0,99.79,1,30000.0,6.45
2026-02-27,C관(2공장),[45] 하이드레이션/전면검사,워터배스2-7호기,87366.0,87270.0,99.89,1,120000.0,72.8
2026-02-27,C관(2공장),[45] 하이드레이션/전면검사,워터배스2-8호기,76093.0,76025.0,99.91,1,120000.0,63.41
2026-02-27,C관(2공장),[45] 하이드레이션/전면검사,워터배스2-9호기,74805.0,74730.0,99.9,1,120000.0,62.34
2026-02-27,C관(2공장),[55] 접착/ 멸균,검사32호기,40805.0,40120.0,98.32,1,0.0,0.0
2026-02-27,C관(2공장),[55] 접착/ 멸균,검사33호기,49770.0,48950.0,98.35,1,66462.0,74.88
2026-02-27,C관(2공장),[55] 접착/ 멸균,검사34호기,58935.0,58140.0,98.65,1,78546.0,75.03
2026-02-27,C관(2공장),[55] 접착/ 멸균,검사35호기,48805.0,48030.0,98.41,1,78546.0,62.14
2026-02-27,C관(2공장),[55] 접착/ 멸균,검사36호기,51710.0,51020.0,98.67,1,78546.0,65.83
2026-02-27,C관(2공장),[55] 접착/ 멸균,검사37호기,56540.0,55875.0,98.82,1,78546.0,71.98
2026-02-27,C관(2공장),[55] 접착/ 멸균,검사38호기,64110.0,63190.0,98.56,1,78546.0,81.62
2026-02-27,C관(2공장),[55] 접착/ 멸균,검사39호기,51015.0,50050.0,98.11,1,78546.0,64.95
2026-02-27,C관(2공장),[55] 접착/ 멸균,검사40호기,50480.0,49415.0,97.89,1,78546.0,64.27
2026-02-27,C관(2공장),[55] 접착/ 멸균,검사41호기,51580.0,50715.0,98.32,1,78546.0,65.67
2026-02-27,C관(2공장),[55] 접착/ 멸균,검사42호기,60655.0,59475.0,98.05,1,78546.0,77.22
2026-02-27,C관(2공장),[55] 접착/ 멸균,검사43호기,58955.0,57560.0,97.63,1,78546.0,75.06
2026-02-27,C관(2공장),[55] 접착/ 멸균,검사44호기,50290.0,49545.0,98.52,1,78546.0,64.03
2026-02-27,C관(2공장),[55] 접착/ 멸균,검사45호기,49570.0,48255.0,97.35,1,78546.0,63.11
2026-02-27,C관(2공장),[55] 접착/ 멸균,검사46호기,49895.0,48960.0,98.13,1,78546.0,63.52
2026-02-27,C관(2공장),[55] 접착/ 멸균,검사47호기,49325.0,47850.0,97.01,1,78546.0,62.8
2026-02-27,C관(2공장),[55] 접착/ 멸균,검사48호기,63875.0,63100.0,98.79,1,78546.0,81.32
2026-02-27,C관(2공장),[55] 접착/ 멸균,검사49호기,33115.0,31950.0,96.48,1,0.0,0.0
2026-02-27,C관(2공장),[55] 접착/ 멸균,검사50호기,44735.0,43820.0,97.95,1,0.0,0.0
2026-02-27,C관(2공장),[80] 누수/규격검사,누수/규격검사(2공장),976840.0,972620.0,99.57,1,720000.0,135.67
2026-02-27,S관(3공장),[00] 배합,A형 인라인1호기 - 접착,7999.0,7999.0,100.0,1,0.0,0.0
2026-02-27,S관(3공장),[00] 배합,A형 인라인5호기 - 접착,2000.0,2000.04,100.0,1,0.0,0.0
2026-02-27,S관(3공장),[00] 배합,B형 조립중합6호기,3960.0,3960.0,100.0,1,0.0,0.0
2026-02-27,S관(3공장),[00] 배합,C형 조립중합3호기,2039.0,2039.0,100.0,1,0.0,0.0
2026-02-27,S관(3공장),[00] 배합,C형 조립중합5호기,5940.0,5940.0,100.0,1,0.0,0.0
2026-02-27,S관(3공장),[10] 사출조립,A형 인라인1호기 - 접착,41479.0,41479.0,100.0,1,0.0,0.0
2026-02-27,S관(3공장),[10] 사출조립,A형 인라인2호기 - 접착,41654.0,41654.0,100.0,1,0.0,0.0
2026-02-27,S관(3공장),[10] 사출조립,A형 인라인3호기 - 접착,43006.0,43006.0,100.0,1,0.0,0.0
2026-02-27,S관(3공장),[10] 사출조립,A형 인라인5호기 - 접착,38891.0,38891.0,100.0,1,0.0,0.0
2026-02-27,S관(3공장),[10] 사출조립,B형 조립중합6호기,33137.0,30794.0,92.93,1,76800.0,43.15
2026-02-27,S관(3공장),[10] 사출조립,B형 조립중합8호기,41369.0,25376.0,61.34,1,0.0,0.0
2026-02-27,S관(3공장),[10] 사출조립,C형 조립중합2호기,8209.0,5974.0,72.77,1,0.0,0.0
2026-02-27,S관(3공장),[10] 사출조립,C형 조립중합4호기,41143.0,34799.0,84.58,1,0.0,0.0
2026-02-27,S관(3공장),[10] 사출조립,C형 조립중합5호기,31210.0,28604.0,91.65,1,0.0,0.0
2026-02-27,S관(3공장),[20] 분리,A형 인라인1호기 - 접착,28871.0,26846.0,92.99,1,0.0,0.0
2026-02-27,S관(3공장),[20] 분리,A형 인라인2호기 - 접착,30522.0,29526.0,96.74,1,0.0,0.0
2026-02-27,S관(3공장),[20] 분리,A형 인라인3호기 - 접착,31308.0,29828.0,95.27,1,0.0,0.0
2026-02-27,S관(3공장),[20] 분리,B형 분리2호기,25388.0,22112.0,87.1,1,0.0,0.0
2026-02-27,S관(3공장),[20] 분리,B형 분리3호기,13200.0,9590.0,72.65,1,0.0,0.0
2026-02-27,S관(3공장),[20] 분리,B형 분리4호기,5369.0,4943.0,92.07,1,0.0,0.0
2026-02-27,S관(3공장),[20] 분리,B형 분리5호기,6146.0,4935.0,80.3,1,0.0,0.0
2026-02-27,S관(3공장),[20] 분리,B형 분리6호기,12063.0,9470.0,78.5,1,0.0,0.0
2026-02-27,S관(3공장),[20] 분리,B형 분리7호기,22505.0,18278.0,81.22,1,0.0,0.0
2026-02-27,S관(3공장),[20] 분리,B형 분리8호기,26136.0,23271.0,89.04,1,0.0,0.0
2026-02-27,S관(3공장),[20] 분리,CAM분리2호기,14120.0,11926.0,84.46,1,39273.0,35.95
2026-02-27,S관(3공장),[20] 분리,CAM분리3호기,14661.0,12561.0,85.68,1,39273.0,37.33
2026-02-27,S관(3공장),[45] 하이드레이션/전면검사,A형 인라인1호기 - 접착,2158.0,2156.0,99.91,1,0.0,0.0
2026-02-27,S관(3공장),[45] 하이드레이션/전면검사,A형 인라인2호기 - 접착,26034.0,26008.0,99.9,1,0.0,0.0
2026-02-27,S관(3공장),[45] 하이드레이션/전면검사,S관 실리콘 자동수화기,161510.0,160158.0,99.16,1,240000.0,67.3
2026-02-27,S관(3공장),[55] 접착/ 멸균,A형 인라인1호기 - 접착,22133.0,21325.0,96.35,1,0.0,0.0
2026-02-27,S관(3공장),[55] 접착/ 멸균,A형 인라인2호기 - 접착,41671.0,40375.0,96.89,1,0.0,0.0
2026-02-27,S관(3공장),[55] 접착/ 멸균,A형 인라인3호기 - 접착,41889.0,40615.0,96.96,1,0.0,0.0
2026-02-27,S관(3공장),[55] 접착/ 멸균,A형 인라인4호기 - 접착,38829.0,37995.0,97.85,1,0.0,0.0
2026-02-27,S관(3공장),[55] 접착/ 멸균,A형 인라인5호기 - 접착,27459.0,26660.0,97.09,1,0.0,0.0
2026-02-27,S관(3공장),[55] 접착/ 멸균,A형 인라인6호기 - 접착,22459.0,21765.0,96.91,1,0.0,0.0
2026-02-27,S관(3공장),[80] 누수/규격검사,누수/규격검사(3공장),212570.0,211150.0,99.33,1,100645.0,211.21
2026-02-28,A관(1공장),[00] 배합,조립1호기,4091.94,4091.94,100.0,1,0.0,0.0
2026-02-28,A관(1공장),[00] 배합,조립2호기,4096.0,4096.0,100.0,1,0.0,0.0
2026-02-28,A관(1공장),[00] 배합,조립3호기,4086.0,4086.0,100.0,1,0.0,0.0
2026-02-28,A관(1공장),[00] 배합,조립4호기,4320.0,4320.0,100.0,1,0.0,0.0
2026-02-28,A관(1공장),[10] 사출조립,조립1호기,33833.0,33833.0,100.0,1,43200.0,78.32
2026-02-28,A관(1공장),[10] 사출조립,조립2호기,4376.0,4376.0,100.0,1,43200.0,10.13
2026-02-28,A관(1공장),[10] 사출조립,조립30호기,91543.0,91073.0,99.49,1,86400.0,105.95
2026-02-28,A관(1공장),[10] 사출조립,조립31호기,43071.0,40043.0,92.97,1,86400.0,49.85
2026-02-28,A관(1공장),[10] 사출조립,조립3호기,36507.0,35420.0,97.02,1,43200.0,84.51
2026-02-28,A관(1공장),[10] 사출조립,조립4호기,34190.0,34190.0,100.0,1,43200.0,79.14
2026-02-28,A관(1공장),[10] 사출조립,조립8호기,43296.0,43296.0,100.0,1,43200.0,100.22
2026-02-28,A관(1공장),[20] 분리,분리14호기,38007.0,34376.0,90.45,1,54000.0,70.38
2026-02-28,A관(1공장),[20] 분리,분리42호기(초음파),8420.0,8013.0,95.17,1,62837.0,13.4
2026-02-28,A관(1공장),[20] 분리,분리5호기,15227.0,13722.0,90.12,1,17280.0,88.12
2026-02-28,A관(1공장),[45] 하이드레이션/전면검사,워터배스1-2호기,20659.0,20659.0,100.0,1,30000.0,68.86
2026-02-28,A관(1공장),[45] 하이드레이션/전면검사,워터배스1-3호기,20129.0,20129.0,100.0,1,30000.0,67.1
2026-02-28,A관(1공장),[45] 하이드레이션/전면검사,워터배스1-4호기,10943.0,10943.0,100.0,1,30000.0,36.48
2026-02-28,A관(1공장),[45] 하이드레이션/전면검사,워터배스1-5호기,23822.0,23822.0,100.0,1,150000.0,15.88
2026-02-28,A관(1공장),[45] 하이드레이션/전면검사,워터배스1-6호기,38922.0,38922.0,100.0,1,150000.0,25.95
2026-02-28,A관(1공장),[55] 접착/ 멸균,검사10호기,13766.0,13068.0,94.93,1,13293.0,103.56
2026-02-28,A관(1공장),[55] 접착/ 멸균,검사11호기,13619.0,13226.0,97.11,1,13293.0,102.45
2026-02-28,A관(1공장),[55] 접착/ 멸균,검사14호기,9038.0,8788.0,97.23,1,13293.0,67.99
2026-02-28,A관(1공장),[55] 접착/ 멸균,검사17호기,6453.0,6282.0,97.35,1,13293.0,48.54
2026-02-28,A관(1공장),[55] 접착/ 멸균,검사18호기,8541.0,7669.0,89.79,1,13293.0,64.25
2026-02-28,A관(1공장),[55] 접착/ 멸균,검사20호기,9148.0,8697.0,95.07,1,13293.0,68.82
2026-02-28,A관(1공장),[55] 접착/ 멸균,검사21호기,4256.0,4256.0,100.0,1,13293.0,32.02
2026-02-28,A관(1공장),[55] 접착/ 멸균,검사22호기,13154.0,12952.0,98.46,1,13293.0,98.95
2026-02-28,A관(1공장),[55] 접착/ 멸균,검사23호기,13685.0,13054.0,95.39,1,13293.0,102.95
2026-02-28,A관(1공장),[55] 접착/ 멸균,검사6호기,6443.0,6156.0,95.55,1,13293.0,48.47
2026-02-28,A관(1공장),[55] 접착/ 멸균,검사8호기,12693.0,12186.0,96.01,1,13293.0,95.49
2026-02-28,A관(1공장),[55] 접착/ 멸균,검사9호기,11024.0,10418.0,94.5,1,13293.0,82.93
2026-02-28,A관(1공장),[55] 접착/ 멸균,바이알캡핑기,2329.0,2028.0,87.08,1,0.0,0.0
2026-02-28,A관(1공장),[80] 누수/규격검사,누수/규격검사(1공장),120559.0,116259.0,96.43,1,112902.0,106.78
2026-02-28,C관(2공장),[00] 배합,조립23호기,20366.0,20366.0,100.0,1,0.0,0.0
2026-02-28,C관(2공장),[00] 배합,조립45호기,20366.0,20366.0,100.0,1,0.0,0.0
2026-02-28,C관(2공장),[00] 배합,조립55호기,19915.92,19915.92,100.0,1,0.0,0.0
2026-02-28,C관(2공장),[00] 배합,조립56호기,19715.98,19715.98,100.0,1,0.0,0.0
2026-02-28,C관(2공장),[00] 배합,조립59호기,20366.0,20366.0,100.0,1,0.0,0.0
2026-02-28,C관(2공장),[10] 사출조립,조립10호기,31169.0,29259.0,93.87,1,43200.0,72.15
2026-02-28,C관(2공장),[10] 사출조립,조립11호기,23156.0,23099.0,99.75,1,43200.0,53.6
2026-02-28,C관(2공장),[10] 사출조립,조립12호기,27306.0,27272.0,99.88,1,0.0,0.0
2026-02-28,C관(2공장),[10] 사출조립,조립13호기,28868.0,24965.0,86.48,1,0.0,0.0
2026-02-28,C관(2공장),[10] 사출조립,조립14호기,33400.0,33358.0,99.87,1,43200.0,77.31
2026-02-28,C관(2공장),[10] 사출조립,조립15호기,22958.0,20423.0,88.96,1,43200.0,53.14
2026-02-28,C관(2공장),[10] 사출조립,조립16호기,62778.0,58085.0,92.52,1,43200.0,145.32
2026-02-28,C관(2공장),[10] 사출조립,조립22호기,30582.0,30021.0,98.17,1,43200.0,70.79
2026-02-28,C관(2공장),[10] 사출조립,조립23호기,38859.0,37126.0,95.54,1,43200.0,89.95
2026-02-28,C관(2공장),[10] 사출조립,조립25호기,18526.0,13856.0,74.79,1,43200.0,42.88
2026-02-28,C관(2공장),[10] 사출조립,조립26호기,37391.0,35400.0,94.68,1,43200.0,86.55
2026-02-28,C관(2공장),[10] 사출조립,조립27호기,18858.0,16181.0,85.8,1,43200.0,43.65
2026-02-28,C관(2공장),[10] 사출조립,조립40호기,17684.0,15222.0,86.08,1,43200.0,40.94
2026-02-28,C관(2공장),[10] 사출조립,조립41호기,19794.0,19747.0,99.76,1,43200.0,45.82
2026-02-28,C관(2공장),[10] 사출조립,조립44호기,55431.0,51182.0,92.33,1,43200.0,128.31
2026-02-28,C관(2공장),[10] 사출조립,조립45호기,30171.0,30107.0,99.79,1,43200.0,69.84
2026-02-28,C관(2공장),[10] 사출조립,조립46호기,27089.0,21264.0,78.5,1,43200.0,62.71
2026-02-28,C관(2공장),[10] 사출조립,조립47호기,51702.0,51544.0,99.69,1,43200.0,119.68
2026-02-28,C관(2공장),[10] 사출조립,조립48호기,14396.0,12275.0,85.27,1,43200.0,33.32
2026-02-28,C관(2공장),[10] 사출조립,조립49호기,22304.0,21279.0,95.4,1,43200.0,51.63
2026-02-28,C관(2공장),[10] 사출조립,조립50호기,29338.0,29305.0,99.89,1,43200.0,67.91
2026-02-28,C관(2공장),[10] 사출조립,조립51호기,17897.0,12492.0,69.8,1,43200.0,41.43
2026-02-28,C관(2공장),[10] 사출조립,조립52호기,46976.0,44363.0,94.44,1,43200.0,108.74
2026-02-28,C관(2공장),[10] 사출조립,조립54호기,38498.0,36141.0,93.88,1,43200.0,89.12
2026-02-28,C관(2공장),[10] 사출조립,조립55호기,20594.0,17256.0,83.79,1,43200.0,47.67
2026-02-28,C관(2공장),[10] 사출조립,조립56호기,9455.0,7927.0,83.84,1,43200.0,21.89
2026-02-28,C관(2공장),[10] 사출조립,조립57호기,30764.0,28910.0,93.97,1,43200.0,71.21
2026-02-28,C관(2공장),[10] 사출조립,조립58호기,55435.0,49852.0,89.93,1,43200.0,128.32
2026-02-28,C관(2공장),[20] 분리,분리12호기,57053.0,49385.0,86.56,1,0.0,0.0
2026-02-28,C관(2공장),[20] 분리,분리15호기,48135.0,44107.0,91.63,1,0.0,0.0
2026-02-28,C관(2공장),[20] 분리,분리16호기,41911.0,36722.0,87.62,1,61715.0,67.91
2026-02-28,C관(2공장),[20] 분리,분리17호기,48525.0,43066.0,88.75,1,61715.0,78.63
2026-02-28,C관(2공장),[20] 분리,분리18호기,51986.0,45196.0,86.94,1,61715.0,84.24
2026-02-28,C관(2공장),[20] 분리,분리19호기,47131.0,41337.0,87.71,1,61715.0,76.37
2026-02-28,C관(2공장),[20] 분리,분리20호기,50027.0,43961.0,87.87,1,61715.0,81.06
2026-02-28,C관(2공장),[20] 분리,분리21호기,46621.0,43039.0,92.32,1,61715.0,75.54
2026-02-28,C관(2공장),[20] 분리,분리22호기,48369.0,41190.0,85.16,1,61715.0,78.37
2026-02-28,C관(2공장),[20] 분리,분리23호기,42041.0,34888.0,82.99,1,61715.0,68.12
2026-02-28,C관(2공장),[20] 분리,분리24호기,41006.0,35262.0,85.99,1,61715.0,66.44
2026-02-28,C관(2공장),[20] 분리,분리25호기,46382.0,38739.0,83.52,1,61715.0,75.16
2026-02-28,C관(2공장),[20] 분리,분리26호기,46570.0,40486.0,86.94,1,54000.0,86.24
2026-02-28,C관(2공장),[20] 분리,분리27호기,45161.0,41067.0,90.93,1,54000.0,83.63
2026-02-28,C관(2공장),[20] 분리,분리28호기,43575.0,38887.0,89.24,1,54000.0,80.69
2026-02-28,C관(2공장),[20] 분리,분리29호기,50637.0,43172.0,85.26,1,54000.0,93.77
2026-02-28,C관(2공장),[20] 분리,분리30호기,32500.0,29559.0,90.95,1,54000.0,60.19
2026-02-28,C관(2공장),[20] 분리,분리31호기,44075.0,38371.0,87.06,1,54000.0,81.62
2026-02-28,C관(2공장),[20] 분리,분리32호기,46588.0,37590.0,80.69,1,54000.0,86.27
2026-02-28,C관(2공장),[20] 분리,분리33호기,47656.0,43096.0,90.43,1,54000.0,88.25
2026-02-28,C관(2공장),[20] 분리,분리34호기,44385.0,38626.0,87.02,1,54000.0,82.19
2026-02-28,C관(2공장),[20] 분리,분리35호기,27697.0,21340.0,77.05,1,54000.0,51.29
2026-02-28,C관(2공장),[20] 분리,분리36호기,26478.0,20088.0,75.87,1,54000.0,49.03
2026-02-28,C관(2공장),[20] 분리,분리37호기,45523.0,40856.0,89.75,1,54000.0,84.3
2026-02-28,C관(2공장),[20] 분리,분리43호기,33751.0,27517.0,81.53,1,54000.0,62.5
2026-02-28,C관(2공장),[45] 하이드레이션/전면검사,워터배스2-10호기,91823.0,88505.0,96.39,1,120000.0,76.52
2026-02-28,C관(2공장),[45] 하이드레이션/전면검사,워터배스2-11호기,101447.0,101320.0,99.87,1,150000.0,67.63
2026-02-28,C관(2공장),[45] 하이드레이션/전면검사,워터배스2-12호기,68343.0,68255.0,99.87,1,150000.0,45.56
2026-02-28,C관(2공장),[45] 하이드레이션/전면검사,워터배스2-13호기,86692.0,86565.0,99.85,1,150000.0,57.79
2026-02-28,C관(2공장),[45] 하이드레이션/전면검사,워터배스2-14호기,75889.0,75785.0,99.86,1,150000.0,50.59
2026-02-28,C관(2공장),[45] 하이드레이션/전면검사,워터배스2-1호기,68886.0,68810.0,99.89,1,120000.0,57.4
2026-02-28,C관(2공장),[45] 하이드레이션/전면검사,워터배스2-2호기,62910.0,62825.0,99.86,1,120000.0,52.42
2026-02-28,C관(2공장),[45] 하이드레이션/전면검사,워터배스2-3호기,82594.0,82505.0,99.89,1,120000.0,68.83
2026-02-28,C관(2공장),[45] 하이드레이션/전면검사,워터배스2-4호기,62212.0,62180.0,99.95,1,120000.0,51.84
2026-02-28,C관(2공장),[45] 하이드레이션/전면검사,워터배스2-5호기,73497.0,73405.0,99.87,1,120000.0,61.25
2026-02-28,C관(2공장),[45] 하이드레이션/전면검사,워터배스2-6호기,2791.0,2775.0,99.43,1,30000.0,9.3
2026-02-28,C관(2공장),[45] 하이드레이션/전면검사,워터배스2-7호기,84713.0,84630.0,99.9,1,120000.0,70.59
2026-02-28,C관(2공장),[45] 하이드레이션/전면검사,워터배스2-8호기,70713.0,70650.0,99.91,1,120000.0,58.93
2026-02-28,C관(2공장),[45] 하이드레이션/전면검사,워터배스2-9호기,90484.0,90405.0,99.91,1,120000.0,75.4
2026-02-28,C관(2공장),[55] 접착/ 멸균,검사32호기,39565.0,38600.0,97.56,1,0.0,0.0
2026-02-28,C관(2공장),[55] 접착/ 멸균,검사33호기,55735.0,54720.0,98.18,1,66462.0,83.86
2026-02-28,C관(2공장),[55] 접착/ 멸균,검사34호기,57245.0,56450.0,98.61,1,78546.0,72.88
2026-02-28,C관(2공장),[55] 접착/ 멸균,검사35호기,48240.0,47450.0,98.36,1,78546.0,61.42
2026-02-28,C관(2공장),[55] 접착/ 멸균,검사36호기,51255.0,50285.0,98.11,1,78546.0,65.25
2026-02-28,C관(2공장),[55] 접착/ 멸균,검사37호기,60430.0,59570.0,98.58,1,78546.0,76.94
2026-02-28,C관(2공장),[55] 접착/ 멸균,검사38호기,62205.0,61395.0,98.7,1,78546.0,79.2
2026-02-28,C관(2공장),[55] 접착/ 멸균,검사39호기,53465.0,52365.0,97.94,1,78546.0,68.07
2026-02-28,C관(2공장),[55] 접착/ 멸균,검사40호기,51040.0,50035.0,98.03,1,78546.0,64.98
2026-02-28,C관(2공장),[55] 접착/ 멸균,검사41호기,52250.0,51350.0,98.28,1,78546.0,66.52
2026-02-28,C관(2공장),[55] 접착/ 멸균,검사42호기,52815.0,51460.0,97.43,1,78546.0,67.24
2026-02-28,C관(2공장),[55] 접착/ 멸균,검사43호기,53610.0,52130.0,97.24,1,78546.0,68.25
2026-02-28,C관(2공장),[55] 접착/ 멸균,검사44호기,55505.0,54430.0,98.06,1,78546.0,70.67
2026-02-28,C관(2공장),[55] 접착/ 멸균,검사45호기,58045.0,56830.0,97.91,1,78546.0,73.9
2026-02-28,C관(2공장),[55] 접착/ 멸균,검사46호기,54645.0,53585.0,98.06,1,78546.0,69.57
2026-02-28,C관(2공장),[55] 접착/ 멸균,검사47호기,55590.0,51340.0,92.35,1,78546.0,70.77
2026-02-28,C관(2공장),[55] 접착/ 멸균,검사48호기,63035.0,62115.0,98.54,1,78546.0,80.25
2026-02-28,C관(2공장),[55] 접착/ 멸균,검사49호기,29095.0,28535.0,98.08,1,0.0,0.0
2026-02-28,C관(2공장),[55] 접착/ 멸균,검사50호기,39090.0,37995.0,97.2,1,0.0,0.0
2026-02-28,C관(2공장),[80] 누수/규격검사,누수/규격검사(2공장),1014405.0,1009570.0,99.52,1,720000.0,140.89
2026-02-28,S관(3공장),[00] 배합,A형 인라인1호기 - 접착,15998.0,15998.0,100.0,1,0.0,0.0
2026-02-28,S관(3공장),[00] 배합,A형 인라인5호기 - 접착,3999.87,3999.87,100.0,1,0.0,0.0
2026-02-28,S관(3공장),[00] 배합,B형 조립중합6호기,9900.0,9900.0,100.0,1,0.0,0.0
2026-02-28,S관(3공장),[00] 배합,C형 조립중합4호기,7920.0,7920.0,100.0,1,0.0,0.0
2026-02-28,S관(3공장),[00] 배합,C형 조립중합5호기,15840.0,15840.0,100.0,1,0.0,0.0
2026-02-28,S관(3공장),[10] 사출조립,A형 인라인1호기 - 접착,22918.0,22918.0,100.0,1,0.0,0.0
2026-02-28,S관(3공장),[10] 사출조립,A형 인라인2호기 - 접착,44008.0,44008.0,100.0,1,0.0,0.0
2026-02-28,S관(3공장),[10] 사출조립,A형 인라인3호기 - 접착,44789.0,44789.0,100.0,1,0.0,0.0
2026-02-28,S관(3공장),[10] 사출조립,A형 인라인5호기 - 접착,34200.0,27111.0,79.27,1,0.0,0.0
2026-02-28,S관(3공장),[10] 사출조립,A형 인라인6호기 - 접착,14714.0,14714.0,100.0,1,0.0,0.0
2026-02-28,S관(3공장),[10] 사출조립,B형 조립중합6호기,21180.0,14711.0,69.46,1,76800.0,27.58
2026-02-28,S관(3공장),[10] 사출조립,B형 조립중합8호기,18319.0,16161.0,88.22,1,0.0,0.0
2026-02-28,S관(3공장),[10] 사출조립,C형 조립중합2호기,8041.0,7317.0,91.0,1,0.0,0.0
2026-02-28,S관(3공장),[10] 사출조립,C형 조립중합4호기,12658.0,11160.0,88.17,1,0.0,0.0
2026-02-28,S관(3공장),[10] 사출조립,C형 조립중합5호기,29249.0,23494.0,80.32,1,0.0,0.0
2026-02-28,S관(3공장),[20] 분리,A형 인라인1호기 - 접착,32148.0,29369.0,91.36,1,0.0,0.0
2026-02-28,S관(3공장),[20] 분리,A형 인라인2호기 - 접착,31701.0,29558.0,93.24,1,0.0,0.0
2026-02-28,S관(3공장),[20] 분리,A형 인라인3호기 - 접착,27315.0,24847.0,90.96,1,0.0,0.0
2026-02-28,S관(3공장),[20] 분리,B형 분리2호기,24500.0,21824.0,89.08,1,0.0,0.0
2026-02-28,S관(3공장),[20] 분리,B형 분리3호기,26816.0,20507.0,76.47,1,0.0,0.0
2026-02-28,S관(3공장),[20] 분리,B형 분리4호기,14710.0,12700.0,86.34,1,0.0,0.0
2026-02-28,S관(3공장),[20] 분리,B형 분리5호기,9210.0,7752.0,84.17,1,0.0,0.0
2026-02-28,S관(3공장),[20] 분리,B형 분리6호기,10639.0,8934.0,83.97,1,0.0,0.0
2026-02-28,S관(3공장),[20] 분리,B형 분리7호기,23602.0,19514.0,82.68,1,0.0,0.0
2026-02-28,S관(3공장),[20] 분리,B형 분리8호기,26858.0,23534.0,87.62,1,0.0,0.0
2026-02-28,S관(3공장),[20] 분리,CAM분리2호기,6430.0,5120.0,79.63,1,39273.0,16.37
2026-02-28,S관(3공장),[20] 분리,CAM분리3호기,4982.0,4484.0,90.0,1,39273.0,12.69
2026-02-28,S관(3공장),[20] 분리,CAM분리4호기,4303.0,3469.0,80.62,1,39273.0,10.96
2026-02-28,S관(3공장),[45] 하이드레이션/전면검사,A형 인라인2호기 - 접착,54492.0,54462.0,99.94,1,0.0,0.0
2026-02-28,S관(3공장),[45] 하이드레이션/전면검사,S관 실리콘 자동수화기,193527.0,192446.0,99.44,1,240000.0,80.64
2026-02-28,S관(3공장),[55] 접착/ 멸균,A형 인라인1호기 - 접착,15705.0,15260.0,97.17,1,0.0,0.0
2026-02-28,S관(3공장),[55] 접착/ 멸균,A형 인라인2호기 - 접착,39304.0,37730.0,96.0,1,0.0,0.0
2026-02-28,S관(3공장),[55] 접착/ 멸균,A형 인라인3호기 - 접착,41779.0,41005.0,98.15,1,0.0,0.0
2026-02-28,S관(3공장),[55] 접착/ 멸균,A형 인라인4호기 - 접착,38697.0,37985.0,98.16,1,0.0,0.0
2026-02-28,S관(3공장),[55] 접착/ 멸균,A형 인라인5호기 - 접착,39995.0,38840.0,97.11,1,0.0,0.0
2026-02-28,S관(3공장),[55] 접착/ 멸균,A형 인라인6호기 - 접착,22905.0,21400.0,93.43,1,0.0,0.0
2026-02-28,S관(3공장),[80] 누수/규격검사,누수/규격검사(3공장),184860.0,182835.0,98.9,1,100645.0,183.68
2026-03-01,A관(1공장),[10] 사출조립,조립1호기,34266.0,34266.0,100.0,1,43200.0,79.32
2026-03-01,A관(1공장),[10] 사출조립,조립2호기,14101.0,12436.0,88.19,1,43200.0,32.64
2026-03-01,A관(1공장),[10] 사출조립,조립30호기,51940.0,51940.0,100.0,1,86400.0,60.12
2026-03-01,A관(1공장),[10] 사출조립,조립31호기,88447.0,86589.0,97.9,1,86400.0,102.37
2026-03-01,A관(1공장),[10] 사출조립,조립3호기,37571.0,36175.0,96.28,1,43200.0,86.97
2026-03-01,A관(1공장),[10] 사출조립,조립4호기,30727.0,30727.0,100.0,1,43200.0,71.13
2026-03-01,A관(1공장),[10] 사출조립,조립8호기,39005.0,39005.0,100.0,1,43200.0,90.29
2026-03-01,A관(1공장),[20] 분리,분리14호기,36833.0,33013.0,89.63,1,54000.0,68.21
2026-03-01,A관(1공장),[20] 분리,분리4호기,1700.0,1267.0,74.53,1,17280.0,9.84
2026-03-01,A관(1공장),[20] 분리,분리5호기,14606.0,12258.0,83.92,1,17280.0,84.53
2026-03-01,A관(1공장),[45] 하이드레이션/전면검사,1공장 실리콘수화기,18137.0,18137.0,100.0,1,0.0,0.0
2026-03-01,A관(1공장),[45] 하이드레이션/전면검사,워터배스1-2호기,12001.0,11780.0,98.16,1,30000.0,40.0
2026-03-01,A관(1공장),[45] 하이드레이션/전면검사,워터배스1-3호기,11151.0,10812.0,96.96,1,30000.0,37.17
2026-03-01,A관(1공장),[45] 하이드레이션/전면검사,워터배스1-4호기,24645.0,24318.0,98.67,1,30000.0,82.15
2026-03-01,A관(1공장),[45] 하이드레이션/전면검사,워터배스1-5호기,16668.0,16668.0,100.0,1,150000.0,11.11
2026-03-01,A관(1공장),[45] 하이드레이션/전면검사,워터배스1-6호기,2233.0,2100.0,94.04,1,150000.0,1.49
2026-03-01,A관(1공장),[55] 접착/ 멸균,검사10호기,8104.0,7320.0,90.33,1,13293.0,60.96
2026-03-01,A관(1공장),[55] 접착/ 멸균,검사11호기,4263.0,3430.0,80.46,1,13293.0,32.07
2026-03-01,A관(1공장),[55] 접착/ 멸균,검사14호기,13282.0,13074.0,98.43,1,13293.0,99.92
2026-03-01,A관(1공장),[55] 접착/ 멸균,검사16호기,4201.0,3962.0,94.31,1,13293.0,31.6
2026-03-01,A관(1공장),[55] 접착/ 멸균,검사17호기,7996.0,7798.0,97.52,1,13293.0,60.15
2026-03-01,A관(1공장),[55] 접착/ 멸균,검사18호기,7585.0,6666.0,87.88,1,13293.0,57.06
2026-03-01,A관(1공장),[55] 접착/ 멸균,검사19호기,7972.0,7142.0,89.59,1,13293.0,59.97
2026-03-01,A관(1공장),[55] 접착/ 멸균,검사20호기,13133.0,12937.0,98.51,1,13293.0,98.8
2026-03-01,A관(1공장),[55] 접착/ 멸균,검사21호기,6892.0,6490.0,94.17,1,13293.0,51.85
2026-03-01,A관(1공장),[55] 접착/ 멸균,검사22호기,4586.0,4385.0,95.62,1,13293.0,34.5
2026-03-01,A관(1공장),[55] 접착/ 멸균,검사6호기,4921.0,4488.0,91.2,1,13293.0,37.02
2026-03-01,A관(1공장),[55] 접착/ 멸균,검사8호기,5691.0,5632.0,98.96,1,13293.0,42.81
2026-03-01,A관(1공장),[55] 접착/ 멸균,검사9호기,5967.0,5916.0,99.15,1,13293.0,44.89
2026-03-01,A관(1공장),[55] 접착/ 멸균,바이알캡핑기,2988.0,2789.0,93.34,1,0.0,0.0
2026-03-01,A관(1공장),[80] 누수/규격검사,누수/규격검사(1공장),91817.0,87976.0,95.82,1,112902.0,81.32
2026-03-01,C관(2공장),[10] 사출조립,조립10호기,16734.0,16679.0,99.67,1,43200.0,38.74
2026-03-01,C관(2공장),[10] 사출조립,조립11호기,43350.0,42600.0,98.27,1,43200.0,100.35
2026-03-01,C관(2공장),[10] 사출조립,조립12호기,61325.0,61290.0,99.94,1,0.0,0.0
2026-03-01,C관(2공장),[10] 사출조립,조립13호기,53630.0,50014.0,93.26,1,0.0,0.0
2026-03-01,C관(2공장),[10] 사출조립,조립14호기,33874.0,33274.0,98.23,1,43200.0,78.41
2026-03-01,C관(2공장),[10] 사출조립,조립15호기,49669.0,48988.0,98.63,1,43200.0,114.97
2026-03-01,C관(2공장),[10] 사출조립,조립16호기,25006.0,24031.0,96.1,1,43200.0,57.88
2026-03-01,C관(2공장),[10] 사출조립,조립18호기,9750.0,8175.0,83.85,1,43200.0,22.57
2026-03-01,C관(2공장),[10] 사출조립,조립19호기,30261.0,30255.0,99.98,1,43200.0,70.05
2026-03-01,C관(2공장),[10] 사출조립,조립22호기,43874.0,35926.0,81.88,1,43200.0,101.56
2026-03-01,C관(2공장),[10] 사출조립,조립23호기,29039.0,24589.0,84.68,1,43200.0,67.22
2026-03-01,C관(2공장),[10] 사출조립,조립25호기,40022.0,35220.0,88.0,1,43200.0,92.64
2026-03-01,C관(2공장),[10] 사출조립,조립26호기,29906.0,28906.0,96.66,1,43200.0,69.23
2026-03-01,C관(2공장),[10] 사출조립,조립27호기,27207.0,26807.0,98.53,1,43200.0,62.98
2026-03-01,C관(2공장),[10] 사출조립,조립40호기,18884.0,14505.0,76.81,1,43200.0,43.71
2026-03-01,C관(2공장),[10] 사출조립,조립41호기,26277.0,26241.0,99.86,1,43200.0,60.83
2026-03-01,C관(2공장),[10] 사출조립,조립42호기,30936.0,30779.0,99.49,1,43200.0,71.61
2026-03-01,C관(2공장),[10] 사출조립,조립44호기,27379.0,26086.0,95.28,1,43200.0,63.38
2026-03-01,C관(2공장),[10] 사출조립,조립45호기,26596.0,24499.0,92.12,1,43200.0,61.56
2026-03-01,C관(2공장),[10] 사출조립,조립46호기,30682.0,22177.0,72.28,1,43200.0,71.02
2026-03-01,C관(2공장),[10] 사출조립,조립47호기,31160.0,29985.0,96.23,1,43200.0,72.13
2026-03-01,C관(2공장),[10] 사출조립,조립48호기,39852.0,30681.0,76.99,1,43200.0,92.25
2026-03-01,C관(2공장),[10] 사출조립,조립49호기,12939.0,12765.0,98.66,1,43200.0,29.95
2026-03-01,C관(2공장),[10] 사출조립,조립50호기,41751.0,39097.0,93.64,1,43200.0,96.65
2026-03-01,C관(2공장),[10] 사출조립,조립51호기,57259.0,56440.0,98.57,1,43200.0,132.54
2026-03-01,C관(2공장),[10] 사출조립,조립52호기,28364.0,28300.0,99.77,1,43200.0,65.66
2026-03-01,C관(2공장),[10] 사출조립,조립54호기,32359.0,32139.0,99.32,1,43200.0,74.91
2026-03-01,C관(2공장),[10] 사출조립,조립55호기,19885.0,12853.0,64.64,1,43200.0,46.03
2026-03-01,C관(2공장),[10] 사출조립,조립56호기,17129.0,14851.0,86.7,1,43200.0,39.65
2026-03-01,C관(2공장),[10] 사출조립,조립57호기,41149.0,40935.0,99.48,1,43200.0,95.25
2026-03-01,C관(2공장),[10] 사출조립,조립59호기,10189.0,7991.0,78.43,1,43200.0,23.59
2026-03-01,C관(2공장),[20] 분리,분리12호기,47920.0,42018.0,87.68,1,0.0,0.0
2026-03-01,C관(2공장),[20] 분리,분리15호기,34154.0,30511.0,89.33,1,0.0,0.0
2026-03-01,C관(2공장),[20] 분리,분리16호기,38197.0,30549.0,79.98,1,61715.0,61.89
2026-03-01,C관(2공장),[20] 분리,분리17호기,47561.0,42220.0,88.77,1,61715.0,77.07
2026-03-01,C관(2공장),[20] 분리,분리18호기,43810.0,38956.0,88.92,1,61715.0,70.99
2026-03-01,C관(2공장),[20] 분리,분리19호기,40739.0,34748.0,85.29,1,61715.0,66.01
2026-03-01,C관(2공장),[20] 분리,분리20호기,51806.0,44402.0,85.71,1,61715.0,83.94
2026-03-01,C관(2공장),[20] 분리,분리21호기,25665.0,23173.0,90.29,1,61715.0,41.59
2026-03-01,C관(2공장),[20] 분리,분리22호기,46510.0,40150.0,86.33,1,61715.0,75.36
2026-03-01,C관(2공장),[20] 분리,분리23호기,40935.0,35004.0,85.51,1,61715.0,66.33
2026-03-01,C관(2공장),[20] 분리,분리24호기,42770.0,38405.0,89.79,1,61715.0,69.3
2026-03-01,C관(2공장),[20] 분리,분리25호기,48600.0,39026.0,80.3,1,61715.0,78.75
2026-03-01,C관(2공장),[20] 분리,분리26호기,45322.0,39891.0,88.02,1,54000.0,83.93
2026-03-01,C관(2공장),[20] 분리,분리27호기,33198.0,29627.0,89.24,1,54000.0,61.48
2026-03-01,C관(2공장),[20] 분리,분리28호기,22146.0,20473.0,92.45,1,54000.0,41.01
2026-03-01,C관(2공장),[20] 분리,분리29호기,49109.0,41441.0,84.39,1,54000.0,90.94
2026-03-01,C관(2공장),[20] 분리,분리30호기,28711.0,27658.0,96.33,1,54000.0,53.17
2026-03-01,C관(2공장),[20] 분리,분리31호기,50192.0,43171.0,86.01,1,54000.0,92.95
2026-03-01,C관(2공장),[20] 분리,분리32호기,40467.0,33572.0,82.96,1,54000.0,74.94
2026-03-01,C관(2공장),[20] 분리,분리33호기,44974.0,42004.0,93.4,1,54000.0,83.29
2026-03-01,C관(2공장),[20] 분리,분리34호기,45193.0,39805.0,88.08,1,54000.0,83.69
2026-03-01,C관(2공장),[20] 분리,분리35호기,41390.0,33313.0,80.49,1,54000.0,76.65
2026-03-01,C관(2공장),[20] 분리,분리36호기,53373.0,48840.0,91.51,1,54000.0,98.84
2026-03-01,C관(2공장),[20] 분리,분리37호기,42968.0,41511.0,96.61,1,54000.0,79.57
2026-03-01,C관(2공장),[20] 분리,분리43호기,40598.0,34350.0,84.61,1,54000.0,75.18
2026-03-01,C관(2공장),[45] 하이드레이션/전면검사,워터배스2-10호기,71578.0,68435.0,95.61,1,120000.0,59.65
2026-03-01,C관(2공장),[45] 하이드레이션/전면검사,워터배스2-11호기,97230.0,97145.0,99.91,1,150000.0,64.82
2026-03-01,C관(2공장),[45] 하이드레이션/전면검사,워터배스2-12호기,60490.0,60425.0,99.89,1,150000.0,40.33
2026-03-01,C관(2공장),[45] 하이드레이션/전면검사,워터배스2-13호기,64147.0,62580.0,97.56,1,150000.0,42.76
2026-03-01,C관(2공장),[45] 하이드레이션/전면검사,워터배스2-14호기,92961.0,92880.0,99.91,1,150000.0,61.97
2026-03-01,C관(2공장),[45] 하이드레이션/전면검사,워터배스2-1호기,63327.0,63275.0,99.92,1,120000.0,52.77
2026-03-01,C관(2공장),[45] 하이드레이션/전면검사,워터배스2-2호기,64846.0,64780.0,99.9,1,120000.0,54.04
2026-03-01,C관(2공장),[45] 하이드레이션/전면검사,워터배스2-3호기,84938.0,84890.0,99.94,1,120000.0,70.78
2026-03-01,C관(2공장),[45] 하이드레이션/전면검사,워터배스2-4호기,97832.0,97775.0,99.94,1,120000.0,81.53
2026-03-01,C관(2공장),[45] 하이드레이션/전면검사,워터배스2-5호기,61996.0,61905.0,99.85,1,120000.0,51.66
2026-03-01,C관(2공장),[45] 하이드레이션/전면검사,워터배스2-7호기,51500.0,51465.0,99.93,1,120000.0,42.92
2026-03-01,C관(2공장),[45] 하이드레이션/전면검사,워터배스2-8호기,82521.0,82460.0,99.93,1,120000.0,68.77
2026-03-01,C관(2공장),[45] 하이드레이션/전면검사,워터배스2-9호기,89299.0,89230.0,99.92,1,120000.0,74.42
2026-03-01,C관(2공장),[55] 접착/ 멸균,검사32호기,37565.0,37005.0,98.51,1,0.0,0.0
2026-03-01,C관(2공장),[55] 접착/ 멸균,검사33호기,52750.0,51875.0,98.34,1,66462.0,79.37
2026-03-01,C관(2공장),[55] 접착/ 멸균,검사34호기,54950.0,54075.0,98.41,1,78546.0,69.96
2026-03-01,C관(2공장),[55] 접착/ 멸균,검사35호기,56920.0,56235.0,98.8,1,78546.0,72.47
2026-03-01,C관(2공장),[55] 접착/ 멸균,검사36호기,55695.0,54460.0,97.78,1,78546.0,70.91
2026-03-01,C관(2공장),[55] 접착/ 멸균,검사37호기,56455.0,55500.0,98.31,1,78546.0,71.88
2026-03-01,C관(2공장),[55] 접착/ 멸균,검사38호기,63330.0,62605.0,98.86,1,78546.0,80.63
2026-03-01,C관(2공장),[55] 접착/ 멸균,검사39호기,58690.0,57845.0,98.56,1,78546.0,74.72
2026-03-01,C관(2공장),[55] 접착/ 멸균,검사40호기,54280.0,53235.0,98.07,1,78546.0,69.11
2026-03-01,C관(2공장),[55] 접착/ 멸균,검사41호기,58685.0,57855.0,98.59,1,78546.0,74.71
2026-03-01,C관(2공장),[55] 접착/ 멸균,검사42호기,60510.0,59290.0,97.98,1,78546.0,77.04
2026-03-01,C관(2공장),[55] 접착/ 멸균,검사43호기,60850.0,59695.0,98.1,1,78546.0,77.47
2026-03-01,C관(2공장),[55] 접착/ 멸균,검사44호기,60335.0,59215.0,98.14,1,78546.0,76.81
2026-03-01,C관(2공장),[55] 접착/ 멸균,검사45호기,58010.0,56960.0,98.19,1,78546.0,73.85
2026-03-01,C관(2공장),[55] 접착/ 멸균,검사46호기,54795.0,53940.0,98.44,1,78546.0,69.76
2026-03-01,C관(2공장),[55] 접착/ 멸균,검사47호기,55195.0,54100.0,98.02,1,78546.0,70.27
2026-03-01,C관(2공장),[55] 접착/ 멸균,검사48호기,59755.0,58405.0,97.74,1,78546.0,76.08
2026-03-01,C관(2공장),[55] 접착/ 멸균,검사49호기,30850.0,30125.0,97.65,1,0.0,0.0
2026-03-01,C관(2공장),[55] 접착/ 멸균,검사50호기,51205.0,50020.0,97.69,1,0.0,0.0
2026-03-01,C관(2공장),[80] 누수/규격검사,누수/규격검사(2공장),959475.0,951415.0,99.16,1,720000.0,133.26
2026-03-01,S관(3공장),[10] 사출조립,A형 인라인1호기 - 접착,42617.0,42617.0,100.0,1,0.0,0.0
2026-03-01,S관(3공장),[10] 사출조립,A형 인라인2호기 - 접착,18770.0,18770.0,100.0,1,0.0,0.0
2026-03-01,S관(3공장),[10] 사출조립,A형 인라인3호기 - 접착,62619.0,62619.0,100.0,1,0.0,0.0
2026-03-01,S관(3공장),[10] 사출조립,A형 인라인5호기 - 접착,16564.0,16564.0,100.0,1,0.0,0.0
2026-03-01,S관(3공장),[10] 사출조립,A형 인라인6호기 - 접착,15618.0,15618.0,100.0,1,0.0,0.0
2026-03-01,S관(3공장),[10] 사출조립,B형 조립중합6호기,38655.0,26143.0,67.63,1,76800.0,50.33
2026-03-01,S관(3공장),[10] 사출조립,B형 조립중합8호기,13924.0,11829.0,84.95,1,0.0,0.0
2026-03-01,S관(3공장),[10] 사출조립,C형 조립중합2호기,5935.0,3165.0,53.33,1,0.0,0.0
2026-03-01,S관(3공장),[10] 사출조립,C형 조립중합4호기,37343.0,31125.0,83.35,1,0.0,0.0
2026-03-01,S관(3공장),[10] 사출조립,C형 조립중합5호기,16848.0,15927.0,94.53,1,0.0,0.0
2026-03-01,S관(3공장),[20] 분리,A형 인라인1호기 - 접착,31061.0,27083.0,87.19,1,0.0,0.0
2026-03-01,S관(3공장),[20] 분리,A형 인라인2호기 - 접착,29774.0,26843.0,90.16,1,0.0,0.0
2026-03-01,S관(3공장),[20] 분리,A형 인라인3호기 - 접착,71533.0,65845.0,92.05,1,0.0,0.0
2026-03-01,S관(3공장),[20] 분리,B형 분리2호기,26290.0,22880.0,87.03,1,0.0,0.0
2026-03-01,S관(3공장),[20] 분리,B형 분리3호기,30851.0,21986.0,71.27,1,0.0,0.0
2026-03-01,S관(3공장),[20] 분리,B형 분리4호기,33839.0,29532.0,87.27,1,0.0,0.0
2026-03-01,S관(3공장),[20] 분리,B형 분리5호기,30800.0,26728.0,86.78,1,0.0,0.0
2026-03-01,S관(3공장),[20] 분리,B형 분리6호기,12812.0,10861.0,84.77,1,0.0,0.0
2026-03-01,S관(3공장),[20] 분리,B형 분리7호기,22780.0,18681.0,82.01,1,0.0,0.0
2026-03-01,S관(3공장),[20] 분리,B형 분리8호기,29376.0,24547.0,83.56,1,0.0,0.0
2026-03-01,S관(3공장),[45] 하이드레이션/전면검사,A형 인라인2호기 - 접착,29379.0,29324.0,99.81,1,0.0,0.0
2026-03-01,S관(3공장),[45] 하이드레이션/전면검사,S관 실리콘 자동수화기,172527.0,171448.0,99.37,1,240000.0,71.89
2026-03-01,S관(3공장),[55] 접착/ 멸균,A형 인라인1호기 - 접착,9113.0,8940.0,98.1,1,0.0,0.0
2026-03-01,S관(3공장),[55] 접착/ 멸균,A형 인라인2호기 - 접착,38369.0,37230.0,97.03,1,0.0,0.0
2026-03-01,S관(3공장),[55] 접착/ 멸균,A형 인라인3호기 - 접착,38782.0,37930.0,97.8,1,0.0,0.0
2026-03-01,S관(3공장),[55] 접착/ 멸균,A형 인라인4호기 - 접착,39907.0,39035.0,97.81,1,0.0,0.0
2026-03-01,S관(3공장),[55] 접착/ 멸균,A형 인라인5호기 - 접착,40417.0,39585.0,97.94,1,0.0,0.0
2026-03-01,S관(3공장),[55] 접착/ 멸균,A형 인라인6호기 - 접착,21372.0,18900.0,88.43,1,0.0,0.0
2026-03-01,S관(3공장),[80] 누수/규격검사,누수/규격검사(3공장),200760.0,200230.0,99.74,1,100645.0,199.47
2026-03-02,A관(1공장),[00] 배합,조립1호기,4151.99,4151.99,100.0,1,0.0,0.0
2026-03-02,A관(1공장),[00] 배합,조립2호기,1024.0,1024.0,100.0,1,0.0,0.0
2026-03-02,A관(1공장),[00] 배합,조립3호기,2043.0,2043.0,100.0,1,0.0,0.0
2026-03-02,A관(1공장),[10] 사출조립,조립1호기,33179.0,33179.0,100.0,1,43200.0,76.8
2026-03-02,A관(1공장),[10] 사출조립,조립2호기,10222.0,9563.0,93.55,1,43200.0,23.66
2026-03-02,A관(1공장),[10] 사출조립,조립30호기,94776.0,94451.0,99.66,1,86400.0,109.69
2026-03-02,A관(1공장),[10] 사출조립,조립31호기,46206.0,46206.0,100.0,1,86400.0,53.48
2026-03-02,A관(1공장),[10] 사출조립,조립3호기,33361.0,30314.0,90.87,1,43200.0,77.22
2026-03-02,A관(1공장),[10] 사출조립,조립4호기,30754.0,30754.0,100.0,1,43200.0,71.19
2026-03-02,A관(1공장),[10] 사출조립,조립8호기,38546.0,38546.0,100.0,1,43200.0,89.23
2026-03-02,A관(1공장),[20] 분리,분리14호기,37308.0,34286.0,91.9,1,54000.0,69.09
2026-03-02,A관(1공장),[20] 분리,분리3호기,10151.0,7824.0,77.08,1,17280.0,58.74
2026-03-02,A관(1공장),[20] 분리,분리42호기(초음파),13225.0,9818.0,74.24,1,62837.0,21.05
2026-03-02,A관(1공장),[20] 분리,분리5호기,17388.0,15385.0,88.48,1,17280.0,100.63
2026-03-02,A관(1공장),[45] 하이드레이션/전면검사,1공장 실리콘수화기,9674.0,9674.0,100.0,1,0.0,0.0
2026-03-02,A관(1공장),[45] 하이드레이션/전면검사,워터배스1-2호기,11220.0,11086.0,98.81,1,30000.0,37.4
2026-03-02,A관(1공장),[45] 하이드레이션/전면검사,워터배스1-3호기,17096.0,16148.0,94.45,1,30000.0,56.99
2026-03-02,A관(1공장),[45] 하이드레이션/전면검사,워터배스1-4호기,13681.0,13448.0,98.3,1,30000.0,45.6
2026-03-02,A관(1공장),[45] 하이드레이션/전면검사,워터배스1-5호기,31866.0,31866.0,100.0,1,150000.0,21.24
2026-03-02,A관(1공장),[45] 하이드레이션/전면검사,워터배스1-6호기,43861.0,43599.0,99.4,1,150000.0,29.24
2026-03-02,A관(1공장),[55] 접착/ 멸균,검사10호기,6062.0,5464.0,90.14,1,13293.0,45.6
2026-03-02,A관(1공장),[55] 접착/ 멸균,검사11호기,10324.0,10102.0,97.85,1,13293.0,77.66
2026-03-02,A관(1공장),[55] 접착/ 멸균,검사14호기,2994.0,2836.0,94.72,1,13293.0,22.52
2026-03-02,A관(1공장),[55] 접착/ 멸균,검사15호기,7677.0,7676.0,99.99,1,13293.0,57.75
2026-03-02,A관(1공장),[55] 접착/ 멸균,검사16호기,10250.0,9732.0,94.95,1,13293.0,77.11
2026-03-02,A관(1공장),[55] 접착/ 멸균,검사18호기,5671.0,4644.0,81.89,1,13293.0,42.66
2026-03-02,A관(1공장),[55] 접착/ 멸균,검사20호기,3208.0,3116.0,97.13,1,13293.0,24.13
2026-03-02,A관(1공장),[55] 접착/ 멸균,검사21호기,5682.0,5518.0,97.11,1,13293.0,42.74
2026-03-02,A관(1공장),[55] 접착/ 멸균,검사22호기,11167.0,10866.0,97.3,1,13293.0,84.01
2026-03-02,A관(1공장),[55] 접착/ 멸균,검사23호기,11295.0,11162.0,98.82,1,13293.0,84.97
2026-03-02,A관(1공장),[55] 접착/ 멸균,검사8호기,12631.0,12421.0,98.34,1,13293.0,95.02
2026-03-02,A관(1공장),[55] 접착/ 멸균,검사9호기,7219.0,6978.0,96.66,1,13293.0,54.31
2026-03-02,A관(1공장),[55] 접착/ 멸균,바이알캡핑기,4734.0,4310.0,91.04,1,0.0,0.0
2026-03-02,A관(1공장),[80] 누수/규격검사,누수/규격검사(1공장),98462.0,93621.0,95.08,1,112902.0,87.21
2026-03-02,C관(2공장),[00] 배합,조립13호기,20366.0,20366.0,100.0,1,0.0,0.0
2026-03-02,C관(2공장),[00] 배합,조립18호기,20366.0,20366.0,100.0,1,0.0,0.0
2026-03-02,C관(2공장),[00] 배합,조립49호기,20365.93,20365.93,100.0,1,0.0,0.0
2026-03-02,C관(2공장),[00] 배합,조립52호기,19916.0,19916.0,100.0,1,0.0,0.0
2026-03-02,C관(2공장),[00] 배합,조립54호기,20366.0,20366.0,100.0,1,0.0,0.0
2026-03-02,C관(2공장),[00] 배합,조립57호기,20366.0,20366.0,100.0,1,0.0,0.0
2026-03-02,C관(2공장),[10] 사출조립,조립10호기,4509.0,3383.0,75.03,1,43200.0,10.44
2026-03-02,C관(2공장),[10] 사출조립,조립11호기,31834.0,25968.0,81.57,1,43200.0,73.69
2026-03-02,C관(2공장),[10] 사출조립,조립12호기,28690.0,26835.0,93.53,1,0.0,0.0
2026-03-02,C관(2공장),[10] 사출조립,조립13호기,17147.0,12327.0,71.89,1,0.0,0.0
2026-03-02,C관(2공장),[10] 사출조립,조립14호기,55183.0,54070.0,97.98,1,43200.0,127.74
2026-03-02,C관(2공장),[10] 사출조립,조립15호기,17253.0,16892.0,97.91,1,43200.0,39.94
2026-03-02,C관(2공장),[10] 사출조립,조립16호기,27574.0,26549.0,96.28,1,43200.0,63.83
2026-03-02,C관(2공장),[10] 사출조립,조립19호기,53433.0,52261.0,97.81,1,43200.0,123.69
2026-03-02,C관(2공장),[10] 사출조립,조립22호기,36253.0,30979.0,85.45,1,43200.0,83.92
2026-03-02,C관(2공장),[10] 사출조립,조립23호기,52933.0,48364.0,91.37,1,43200.0,122.53
2026-03-02,C관(2공장),[10] 사출조립,조립25호기,12370.0,12319.0,99.59,1,43200.0,28.63
2026-03-02,C관(2공장),[10] 사출조립,조립26호기,29451.0,29113.0,98.85,1,43200.0,68.17
2026-03-02,C관(2공장),[10] 사출조립,조립27호기,17918.0,16218.0,90.51,1,43200.0,41.48
2026-03-02,C관(2공장),[10] 사출조립,조립40호기,25247.0,22815.0,90.37,1,43200.0,58.44
2026-03-02,C관(2공장),[10] 사출조립,조립41호기,20948.0,17938.0,85.63,1,43200.0,48.49
2026-03-02,C관(2공장),[10] 사출조립,조립42호기,20638.0,17291.0,83.78,1,43200.0,47.77
2026-03-02,C관(2공장),[10] 사출조립,조립44호기,50196.0,48945.0,97.51,1,43200.0,116.19
2026-03-02,C관(2공장),[10] 사출조립,조립45호기,63604.0,62268.0,97.9,1,43200.0,147.23
2026-03-02,C관(2공장),[10] 사출조립,조립46호기,24652.0,21522.0,87.3,1,43200.0,57.06
2026-03-02,C관(2공장),[10] 사출조립,조립47호기,18799.0,18730.0,99.63,1,43200.0,43.52
2026-03-02,C관(2공장),[10] 사출조립,조립48호기,29486.0,26996.0,91.56,1,43200.0,68.25
2026-03-02,C관(2공장),[10] 사출조립,조립49호기,20255.0,20044.0,98.96,1,43200.0,46.89
2026-03-02,C관(2공장),[10] 사출조립,조립50호기,29865.0,29613.0,99.16,1,43200.0,69.13
2026-03-02,C관(2공장),[10] 사출조립,조립51호기,43118.0,38390.0,89.03,1,43200.0,99.81
2026-03-02,C관(2공장),[10] 사출조립,조립52호기,11089.0,5476.0,49.38,1,43200.0,25.67
2026-03-02,C관(2공장),[10] 사출조립,조립53호기,19633.0,18453.0,93.99,1,43200.0,45.45
2026-03-02,C관(2공장),[10] 사출조립,조립54호기,62922.0,62614.0,99.51,1,43200.0,145.65
2026-03-02,C관(2공장),[10] 사출조립,조립56호기,22031.0,19623.0,89.07,1,43200.0,51.0
2026-03-02,C관(2공장),[10] 사출조립,조립57호기,28268.0,28268.0,100.0,1,43200.0,65.44
2026-03-02,C관(2공장),[10] 사출조립,조립58호기,52031.0,49745.0,95.61,1,43200.0,120.44
2026-03-02,C관(2공장),[10] 사출조립,조립59호기,47626.0,43801.0,91.97,1,43200.0,110.25
2026-03-02,C관(2공장),[20] 분리,분리12호기,52714.0,47284.0,89.7,1,0.0,0.0
2026-03-02,C관(2공장),[20] 분리,분리15호기,50844.0,45324.0,89.14,1,0.0,0.0
2026-03-02,C관(2공장),[20] 분리,분리16호기,21820.0,17245.0,79.03,1,61715.0,35.36
2026-03-02,C관(2공장),[20] 분리,분리17호기,31176.0,27980.0,89.75,1,61715.0,50.52
2026-03-02,C관(2공장),[20] 분리,분리18호기,32935.0,29864.0,90.68,1,61715.0,53.37
2026-03-02,C관(2공장),[20] 분리,분리19호기,33474.0,26640.0,79.58,1,61715.0,54.24
2026-03-02,C관(2공장),[20] 분리,분리20호기,26730.0,22495.0,84.16,1,61715.0,43.31
2026-03-02,C관(2공장),[20] 분리,분리21호기,37086.0,31871.0,85.94,1,61715.0,60.09
2026-03-02,C관(2공장),[20] 분리,분리22호기,44846.0,39444.0,87.95,1,61715.0,72.67
2026-03-02,C관(2공장),[20] 분리,분리23호기,42199.0,38058.0,90.19,1,61715.0,68.38
2026-03-02,C관(2공장),[20] 분리,분리24호기,38040.0,34668.0,91.14,1,61715.0,61.64
2026-03-02,C관(2공장),[20] 분리,분리25호기,48594.0,42079.0,86.59,1,61715.0,78.74
2026-03-02,C관(2공장),[20] 분리,분리26호기,36794.0,31263.0,84.97,1,54000.0,68.14
2026-03-02,C관(2공장),[20] 분리,분리27호기,41268.0,35002.0,84.82,1,54000.0,76.42
2026-03-02,C관(2공장),[20] 분리,분리28호기,25445.0,24079.0,94.63,1,54000.0,47.12
2026-03-02,C관(2공장),[20] 분리,분리29호기,47926.0,36599.0,76.37,1,54000.0,88.75
2026-03-02,C관(2공장),[20] 분리,분리30호기,50241.0,45757.0,91.08,1,54000.0,93.04
2026-03-02,C관(2공장),[20] 분리,분리31호기,47861.0,39788.0,83.13,1,54000.0,88.63
2026-03-02,C관(2공장),[20] 분리,분리32호기,45277.0,38300.0,84.59,1,54000.0,83.85
2026-03-02,C관(2공장),[20] 분리,분리33호기,44939.0,42186.0,93.87,1,54000.0,83.22
2026-03-02,C관(2공장),[20] 분리,분리34호기,23160.0,20679.0,89.29,1,54000.0,42.89
2026-03-02,C관(2공장),[20] 분리,분리35호기,45492.0,34489.0,75.81,1,54000.0,84.24
2026-03-02,C관(2공장),[20] 분리,분리36호기,47734.0,41899.0,87.78,1,54000.0,88.4
2026-03-02,C관(2공장),[20] 분리,분리37호기,42271.0,40490.0,95.79,1,54000.0,78.28
2026-03-02,C관(2공장),[20] 분리,분리43호기,24761.0,21593.0,87.21,1,54000.0,45.85
2026-03-02,C관(2공장),[45] 하이드레이션/전면검사,워터배스2-10호기,82858.0,82790.0,99.92,1,120000.0,69.05
2026-03-02,C관(2공장),[45] 하이드레이션/전면검사,워터배스2-11호기,73773.0,73690.0,99.89,1,150000.0,49.18
2026-03-02,C관(2공장),[45] 하이드레이션/전면검사,워터배스2-12호기,110147.0,110015.0,99.88,1,150000.0,73.43
2026-03-02,C관(2공장),[45] 하이드레이션/전면검사,워터배스2-13호기,97787.0,95430.0,97.59,1,150000.0,65.19
2026-03-02,C관(2공장),[45] 하이드레이션/전면검사,워터배스2-14호기,69946.0,69860.0,99.88,1,150000.0,46.63
2026-03-02,C관(2공장),[45] 하이드레이션/전면검사,워터배스2-1호기,69199.0,69115.0,99.88,1,120000.0,57.67
2026-03-02,C관(2공장),[45] 하이드레이션/전면검사,워터배스2-2호기,71327.0,71230.0,99.86,1,120000.0,59.44
2026-03-02,C관(2공장),[45] 하이드레이션/전면검사,워터배스2-3호기,50058.0,50025.0,99.93,1,120000.0,41.72
2026-03-02,C관(2공장),[45] 하이드레이션/전면검사,워터배스2-4호기,99059.0,98985.0,99.93,1,120000.0,82.55
2026-03-02,C관(2공장),[45] 하이드레이션/전면검사,워터배스2-5호기,46747.0,46675.0,99.85,1,120000.0,38.96
2026-03-02,C관(2공장),[45] 하이드레이션/전면검사,워터배스2-6호기,3349.0,3345.0,99.88,1,30000.0,11.16
2026-03-02,C관(2공장),[45] 하이드레이션/전면검사,워터배스2-7호기,60628.0,60580.0,99.92,1,120000.0,50.52
2026-03-02,C관(2공장),[45] 하이드레이션/전면검사,워터배스2-8호기,64569.0,64520.0,99.92,1,120000.0,53.81
2026-03-02,C관(2공장),[45] 하이드레이션/전면검사,워터배스2-9호기,85032.0,84965.0,99.92,1,120000.0,70.86
2026-03-02,C관(2공장),[55] 접착/ 멸균,검사32호기,40710.0,40190.0,98.72,1,0.0,0.0
2026-03-02,C관(2공장),[55] 접착/ 멸균,검사33호기,40255.0,39520.0,98.17,1,66462.0,60.57
2026-03-02,C관(2공장),[55] 접착/ 멸균,검사34호기,57850.0,57085.0,98.68,1,78546.0,73.65
2026-03-02,C관(2공장),[55] 접착/ 멸균,검사35호기,45230.0,44465.0,98.31,1,78546.0,57.58
2026-03-02,C관(2공장),[55] 접착/ 멸균,검사36호기,59755.0,58705.0,98.24,1,78546.0,76.08
2026-03-02,C관(2공장),[55] 접착/ 멸균,검사37호기,58065.0,57460.0,98.96,1,78546.0,73.92
2026-03-02,C관(2공장),[55] 접착/ 멸균,검사38호기,60625.0,59815.0,98.66,1,78546.0,77.18
2026-03-02,C관(2공장),[55] 접착/ 멸균,검사39호기,57280.0,56390.0,98.45,1,78546.0,72.93
2026-03-02,C관(2공장),[55] 접착/ 멸균,검사40호기,50665.0,48710.0,96.14,1,78546.0,64.5
2026-03-02,C관(2공장),[55] 접착/ 멸균,검사41호기,51940.0,51330.0,98.83,1,78546.0,66.13
2026-03-02,C관(2공장),[55] 접착/ 멸균,검사42호기,53835.0,52600.0,97.71,1,78546.0,68.54
2026-03-02,C관(2공장),[55] 접착/ 멸균,검사43호기,56490.0,55275.0,97.85,1,78546.0,71.92
2026-03-02,C관(2공장),[55] 접착/ 멸균,검사44호기,57040.0,56185.0,98.5,1,78546.0,72.62
2026-03-02,C관(2공장),[55] 접착/ 멸균,검사45호기,46070.0,44745.0,97.12,1,78546.0,58.65
2026-03-02,C관(2공장),[55] 접착/ 멸균,검사46호기,55265.0,54070.0,97.84,1,78546.0,70.36
2026-03-02,C관(2공장),[55] 접착/ 멸균,검사47호기,53220.0,52280.0,98.23,1,78546.0,67.76
2026-03-02,C관(2공장),[55] 접착/ 멸균,검사48호기,56675.0,54790.0,96.67,1,78546.0,72.16
2026-03-02,C관(2공장),[55] 접착/ 멸균,검사49호기,38405.0,37560.0,97.8,1,0.0,0.0
2026-03-02,C관(2공장),[55] 접착/ 멸균,검사50호기,40115.0,38840.0,96.82,1,0.0,0.0
2026-03-02,C관(2공장),[80] 누수/규격검사,누수/규격검사(2공장),982825.0,974185.0,99.12,1,720000.0,136.5
2026-03-02,S관(3공장),[00] 배합,A형 인라인3호기 - 접착,7999.0,7999.0,100.0,1,0.0,0.0
2026-03-02,S관(3공장),[00] 배합,A형 인라인5호기 - 접착,2000.0,2000.0,100.0,1,0.0,0.0
2026-03-02,S관(3공장),[00] 배합,B형 조립중합6호기,15840.0,15840.0,100.0,1,0.0,0.0
2026-03-02,S관(3공장),[00] 배합,B형 조립중합8호기,1979.97,1979.97,100.0,1,0.0,0.0
2026-03-02,S관(3공장),[00] 배합,C형 조립중합5호기,5940.0,5940.0,100.0,1,0.0,0.0
2026-03-02,S관(3공장),[10] 사출조립,A형 인라인1호기 - 접착,27863.0,27863.0,100.0,1,0.0,0.0
2026-03-02,S관(3공장),[10] 사출조립,A형 인라인2호기 - 접착,47551.0,47551.0,100.0,1,0.0,0.0
2026-03-02,S관(3공장),[10] 사출조립,A형 인라인3호기 - 접착,41355.0,41355.0,100.0,1,0.0,0.0
2026-03-02,S관(3공장),[10] 사출조립,A형 인라인5호기 - 접착,16877.0,16877.0,100.0,1,0.0,0.0
2026-03-02,S관(3공장),[10] 사출조립,A형 인라인6호기 - 접착,17079.0,17079.0,100.0,1,0.0,0.0
2026-03-02,S관(3공장),[10] 사출조립,B형 조립중합6호기,45154.0,35520.0,78.66,1,76800.0,58.79
2026-03-02,S관(3공장),[10] 사출조립,B형 조립중합8호기,15467.0,8399.0,54.3,1,0.0,0.0
2026-03-02,S관(3공장),[10] 사출조립,C형 조립중합4호기,30261.0,23745.0,78.47,1,0.0,0.0
2026-03-02,S관(3공장),[10] 사출조립,C형 조립중합5호기,31983.0,30354.0,94.91,1,0.0,0.0
2026-03-02,S관(3공장),[20] 분리,A형 인라인1호기 - 접착,16161.0,14715.0,91.05,1,0.0,0.0
2026-03-02,S관(3공장),[20] 분리,A형 인라인2호기 - 접착,26408.0,23694.0,89.72,1,0.0,0.0
2026-03-02,S관(3공장),[20] 분리,A형 인라인3호기 - 접착,23545.0,22420.0,95.22,1,0.0,0.0
2026-03-02,S관(3공장),[20] 분리,B형 분리2호기,29030.0,24953.0,85.96,1,0.0,0.0
2026-03-02,S관(3공장),[20] 분리,B형 분리3호기,33437.0,27124.0,81.12,1,0.0,0.0
2026-03-02,S관(3공장),[20] 분리,B형 분리4호기,31775.0,27483.0,86.49,1,0.0,0.0
2026-03-02,S관(3공장),[20] 분리,B형 분리5호기,26409.0,22765.0,86.2,1,0.0,0.0
2026-03-02,S관(3공장),[20] 분리,B형 분리6호기,24834.0,20623.0,83.04,1,0.0,0.0
2026-03-02,S관(3공장),[20] 분리,B형 분리7호기,28198.0,23064.0,81.79,1,0.0,0.0
2026-03-02,S관(3공장),[20] 분리,B형 분리8호기,27318.0,21543.0,78.86,1,0.0,0.0
2026-03-02,S관(3공장),[20] 분리,CAM분리4호기,10633.0,6961.0,65.47,1,39273.0,27.07
2026-03-02,S관(3공장),[45] 하이드레이션/전면검사,A형 인라인2호기 - 접착,12177.0,12158.0,99.84,1,0.0,0.0
2026-03-02,S관(3공장),[45] 하이드레이션/전면검사,S관 실리콘 자동수화기,204004.0,202834.0,99.43,1,240000.0,85.0
2026-03-02,S관(3공장),[55] 접착/ 멸균,A형 인라인1호기 - 접착,4829.0,4685.0,97.02,1,0.0,0.0
2026-03-02,S관(3공장),[55] 접착/ 멸균,A형 인라인2호기 - 접착,35431.0,34375.0,97.02,1,0.0,0.0
2026-03-02,S관(3공장),[55] 접착/ 멸균,A형 인라인3호기 - 접착,40979.0,40355.0,98.48,1,0.0,0.0
2026-03-02,S관(3공장),[55] 접착/ 멸균,A형 인라인4호기 - 접착,43610.0,42520.0,97.5,1,0.0,0.0
2026-03-02,S관(3공장),[55] 접착/ 멸균,A형 인라인5호기 - 접착,41826.0,41095.0,98.25,1,0.0,0.0
2026-03-02,S관(3공장),[55] 접착/ 멸균,A형 인라인6호기 - 접착,37737.0,33095.0,87.7,1,0.0,0.0
2026-03-02,S관(3공장),[80] 누수/규격검사,누수/규격검사(3공장),171940.0,171580.0,99.79,1,100645.0,170.84
2026-03-03,A관(1공장),[10] 사출조립,조립1호기,33053.0,33053.0,100.0,1,43200.0,76.51
2026-03-03,A관(1공장),[10] 사출조립,조립2호기,9798.0,9160.0,93.49,1,43200.0,22.68
2026-03-03,A관(1공장),[10] 사출조립,조립30호기,50812.0,50812.0,100.0,1,86400.0,58.81
2026-03-03,A관(1공장),[10] 사출조립,조립31호기,95675.0,95675.0,100.0,1,86400.0,110.73
2026-03-03,A관(1공장),[10] 사출조립,조립3호기,31596.0,27195.0,86.07,1,43200.0,73.14
2026-03-03,A관(1공장),[10] 사출조립,조립8호기,40687.0,40687.0,100.0,1,43200.0,94.18
2026-03-03,A관(1공장),[20] 분리,분리14호기,36193.0,32376.0,89.45,1,54000.0,67.02
2026-03-03,A관(1공장),[20] 분리,분리3호기,13809.0,9647.0,69.86,1,17280.0,79.91
2026-03-03,A관(1공장),[20] 분리,분리4호기,2263.0,1529.0,67.57,1,17280.0,13.1
2026-03-03,A관(1공장),[20] 분리,분리5호기,19066.0,16095.0,84.42,1,17280.0,110.34
2026-03-03,A관(1공장),[45] 하이드레이션/전면검사,1공장 실리콘수화기,18425.0,18425.0,100.0,1,0.0,0.0
2026-03-03,A관(1공장),[45] 하이드레이션/전면검사,워터배스1-2호기,13980.0,11748.0,84.03,1,30000.0,46.6
2026-03-03,A관(1공장),[45] 하이드레이션/전면검사,워터배스1-3호기,7911.0,7911.0,100.0,1,30000.0,26.37
2026-03-03,A관(1공장),[45] 하이드레이션/전면검사,워터배스1-4호기,6603.0,6603.0,100.0,1,30000.0,22.01
2026-03-03,A관(1공장),[45] 하이드레이션/전면검사,워터배스1-5호기,8288.0,8288.0,100.0,1,150000.0,5.53
2026-03-03,A관(1공장),[45] 하이드레이션/전면검사,워터배스1-6호기,19578.0,19349.0,98.83,1,150000.0,13.05
2026-03-03,A관(1공장),[55] 접착/ 멸균,검사10호기,7020.0,6488.0,92.42,1,13293.0,52.81
2026-03-03,A관(1공장),[55] 접착/ 멸균,검사11호기,8034.0,7844.0,97.64,1,13293.0,60.44
2026-03-03,A관(1공장),[55] 접착/ 멸균,검사15호기,10137.0,10136.0,99.99,1,13293.0,76.26
2026-03-03,A관(1공장),[55] 접착/ 멸균,검사16호기,5499.0,4916.0,89.4,1,13293.0,41.37
2026-03-03,A관(1공장),[55] 접착/ 멸균,검사18호기,9806.0,9234.0,94.17,1,13293.0,73.77
2026-03-03,A관(1공장),[55] 접착/ 멸균,검사19호기,5387.0,5028.0,93.34,1,13293.0,40.53
2026-03-03,A관(1공장),[55] 접착/ 멸균,검사20호기,1956.0,1896.0,96.93,1,13293.0,14.71
2026-03-03,A관(1공장),[55] 접착/ 멸균,검사21호기,5951.0,5951.0,100.0,1,13293.0,44.77
2026-03-03,A관(1공장),[55] 접착/ 멸균,검사22호기,3761.0,3682.0,97.9,1,13293.0,28.29
2026-03-03,A관(1공장),[55] 접착/ 멸균,검사23호기,6944.0,6530.0,94.04,1,13293.0,52.24
2026-03-03,A관(1공장),[55] 접착/ 멸균,검사6호기,11118.0,9806.0,88.2,1,13293.0,83.64
2026-03-03,A관(1공장),[55] 접착/ 멸균,검사8호기,6591.0,6386.0,96.89,1,13293.0,49.58
2026-03-03,A관(1공장),[55] 접착/ 멸균,바이알캡핑기,4255.0,3349.0,78.71,1,0.0,0.0
2026-03-03,A관(1공장),[80] 누수/규격검사,누수/규격검사(1공장),88750.0,86467.0,97.43,1,112902.0,78.61
2026-03-03,C관(2공장),[10] 사출조립,조립10호기,5530.0,4830.0,87.34,1,43200.0,12.8
2026-03-03,C관(2공장),[10] 사출조립,조립11호기,30674.0,30635.0,99.87,1,43200.0,71.0
2026-03-03,C관(2공장),[10] 사출조립,조립12호기,26736.0,25536.0,95.51,1,0.0,0.0
2026-03-03,C관(2공장),[10] 사출조립,조립14호기,30886.0,30826.0,99.81,1,43200.0,71.5
2026-03-03,C관(2공장),[10] 사출조립,조립16호기,28388.0,27277.0,96.09,1,43200.0,65.71
2026-03-03,C관(2공장),[10] 사출조립,조립19호기,28942.0,23142.0,79.96,1,43200.0,67.0
2026-03-03,C관(2공장),[10] 사출조립,조립20호기,30836.0,29591.0,95.96,1,43200.0,71.38
2026-03-03,C관(2공장),[10] 사출조립,조립22호기,17059.0,13775.0,80.75,1,43200.0,39.49
2026-03-03,C관(2공장),[10] 사출조립,조립23호기,9003.0,7903.0,87.78,1,43200.0,20.84
2026-03-03,C관(2공장),[10] 사출조립,조립24호기,46721.0,41857.0,89.59,1,43200.0,108.15
2026-03-03,C관(2공장),[10] 사출조립,조립25호기,32381.0,31935.0,98.62,1,43200.0,74.96
2026-03-03,C관(2공장),[10] 사출조립,조립26호기,30922.0,29588.0,95.69,1,43200.0,71.58
2026-03-03,C관(2공장),[10] 사출조립,조립27호기,26869.0,26818.0,99.81,1,43200.0,62.2
2026-03-03,C관(2공장),[10] 사출조립,조립40호기,8622.0,8371.0,97.09,1,43200.0,19.96
2026-03-03,C관(2공장),[10] 사출조립,조립42호기,12208.0,12008.0,98.36,1,43200.0,28.26
2026-03-03,C관(2공장),[10] 사출조립,조립44호기,36074.0,32502.0,90.1,1,43200.0,83.5
2026-03-03,C관(2공장),[10] 사출조립,조립46호기,62797.0,59491.0,94.74,1,43200.0,145.36
2026-03-03,C관(2공장),[10] 사출조립,조립48호기,29211.0,28369.0,97.12,1,43200.0,67.62
2026-03-03,C관(2공장),[10] 사출조립,조립49호기,26309.0,25551.0,97.12,1,43200.0,60.9
2026-03-03,C관(2공장),[10] 사출조립,조립50호기,61984.0,60008.0,96.81,1,43200.0,143.48
2026-03-03,C관(2공장),[10] 사출조립,조립52호기,16349.0,9635.0,58.93,1,43200.0,37.84
2026-03-03,C관(2공장),[10] 사출조립,조립53호기,28302.0,22242.0,78.59,1,43200.0,65.51
2026-03-03,C관(2공장),[10] 사출조립,조립54호기,32573.0,31440.0,96.52,1,43200.0,75.4
2026-03-03,C관(2공장),[10] 사출조립,조립55호기,32248.0,28721.0,89.06,1,43200.0,74.65
2026-03-03,C관(2공장),[10] 사출조립,조립56호기,4458.0,3851.0,86.38,1,43200.0,10.32
2026-03-03,C관(2공장),[10] 사출조립,조립57호기,29730.0,28493.0,95.84,1,43200.0,68.82
2026-03-03,C관(2공장),[10] 사출조립,조립58호기,50391.0,47305.0,93.88,1,43200.0,116.65
2026-03-03,C관(2공장),[10] 사출조립,조립59호기,31514.0,26462.0,83.97,1,43200.0,72.95
2026-03-03,C관(2공장),[20] 분리,분리12호기,52954.0,46301.0,87.44,1,0.0,0.0
2026-03-03,C관(2공장),[20] 분리,분리15호기,38297.0,33859.0,88.41,1,0.0,0.0
2026-03-03,C관(2공장),[20] 분리,분리16호기,32535.0,29661.0,91.17,1,61715.0,52.72
2026-03-03,C관(2공장),[20] 분리,분리17호기,20044.0,18072.0,90.16,1,61715.0,32.48
2026-03-03,C관(2공장),[20] 분리,분리18호기,26290.0,22221.0,84.52,1,61715.0,42.6
2026-03-03,C관(2공장),[20] 분리,분리19호기,29458.0,24428.0,82.92,1,61715.0,47.73
2026-03-03,C관(2공장),[20] 분리,분리20호기,21055.0,19347.0,91.89,1,61715.0,34.12
2026-03-03,C관(2공장),[20] 분리,분리21호기,44800.0,39130.0,87.34,1,61715.0,72.59
2026-03-03,C관(2공장),[20] 분리,분리22호기,46955.0,41381.0,88.13,1,61715.0,76.08
2026-03-03,C관(2공장),[20] 분리,분리23호기,43770.0,38060.0,86.95,1,61715.0,70.92
2026-03-03,C관(2공장),[20] 분리,분리24호기,23968.0,21167.0,88.31,1,61715.0,38.84
2026-03-03,C관(2공장),[20] 분리,분리25호기,46059.0,39502.0,85.76,1,61715.0,74.63
2026-03-03,C관(2공장),[20] 분리,분리26호기,28242.0,24897.0,88.16,1,54000.0,52.3
2026-03-03,C관(2공장),[20] 분리,분리27호기,33468.0,28156.0,84.13,1,54000.0,61.98
2026-03-03,C관(2공장),[20] 분리,분리28호기,23284.0,20743.0,89.09,1,54000.0,43.12
2026-03-03,C관(2공장),[20] 분리,분리29호기,26495.0,19228.0,72.57,1,54000.0,49.06
2026-03-03,C관(2공장),[20] 분리,분리30호기,22452.0,18730.0,83.42,1,54000.0,41.58
2026-03-03,C관(2공장),[20] 분리,분리31호기,48257.0,41223.0,85.42,1,54000.0,89.36
2026-03-03,C관(2공장),[20] 분리,분리32호기,46449.0,39396.0,84.82,1,54000.0,86.02
2026-03-03,C관(2공장),[20] 분리,분리33호기,29591.0,27382.0,92.53,1,54000.0,54.8
2026-03-03,C관(2공장),[20] 분리,분리34호기,32813.0,29628.0,90.29,1,54000.0,60.76
2026-03-03,C관(2공장),[20] 분리,분리35호기,10672.0,7715.0,72.29,1,54000.0,19.76
2026-03-03,C관(2공장),[20] 분리,분리36호기,49907.0,44520.0,89.21,1,54000.0,92.42
2026-03-03,C관(2공장),[20] 분리,분리37호기,40192.0,38217.0,95.09,1,54000.0,74.43
2026-03-03,C관(2공장),[20] 분리,분리43호기,24825.0,19409.0,78.18,1,54000.0,45.97
2026-03-03,C관(2공장),[45] 하이드레이션/전면검사,워터배스2-10호기,85943.0,85880.0,99.93,1,120000.0,71.62
2026-03-03,C관(2공장),[45] 하이드레이션/전면검사,워터배스2-11호기,94834.0,93730.0,98.84,1,150000.0,63.22
2026-03-03,C관(2공장),[45] 하이드레이션/전면검사,워터배스2-12호기,71128.0,71055.0,99.9,1,150000.0,47.42
2026-03-03,C관(2공장),[45] 하이드레이션/전면검사,워터배스2-13호기,63725.0,63665.0,99.91,1,150000.0,42.48
2026-03-03,C관(2공장),[45] 하이드레이션/전면검사,워터배스2-14호기,76841.0,73300.0,95.39,1,150000.0,51.23
2026-03-03,C관(2공장),[45] 하이드레이션/전면검사,워터배스2-1호기,51746.0,51685.0,99.88,1,120000.0,43.12
2026-03-03,C관(2공장),[45] 하이드레이션/전면검사,워터배스2-2호기,63787.0,63725.0,99.9,1,120000.0,53.16
2026-03-03,C관(2공장),[45] 하이드레이션/전면검사,워터배스2-3호기,69775.0,69685.0,99.87,1,120000.0,58.15
2026-03-03,C관(2공장),[45] 하이드레이션/전면검사,워터배스2-4호기,43474.0,43440.0,99.92,1,120000.0,36.23
2026-03-03,C관(2공장),[45] 하이드레이션/전면검사,워터배스2-5호기,93573.0,93365.0,99.78,1,120000.0,77.98
2026-03-03,C관(2공장),[45] 하이드레이션/전면검사,워터배스2-7호기,83145.0,83070.0,99.91,1,120000.0,69.29
2026-03-03,C관(2공장),[45] 하이드레이션/전면검사,워터배스2-8호기,52074.0,52015.0,99.89,1,120000.0,43.4
2026-03-03,C관(2공장),[45] 하이드레이션/전면검사,워터배스2-9호기,68644.0,68565.0,99.88,1,120000.0,57.2
2026-03-03,C관(2공장),[55] 접착/ 멸균,검사32호기,36670.0,36050.0,98.31,1,0.0,0.0
2026-03-03,C관(2공장),[55] 접착/ 멸균,검사33호기,40220.0,39545.0,98.32,1,66462.0,60.52
2026-03-03,C관(2공장),[55] 접착/ 멸균,검사34호기,56900.0,56375.0,99.08,1,78546.0,72.44
2026-03-03,C관(2공장),[55] 접착/ 멸균,검사35호기,32915.0,31985.0,97.17,1,78546.0,41.91
2026-03-03,C관(2공장),[55] 접착/ 멸균,검사36호기,50500.0,49335.0,97.69,1,78546.0,64.29
2026-03-03,C관(2공장),[55] 접착/ 멸균,검사37호기,57270.0,56365.0,98.42,1,78546.0,72.91
2026-03-03,C관(2공장),[55] 접착/ 멸균,검사38호기,58250.0,57140.0,98.09,1,78546.0,74.16
2026-03-03,C관(2공장),[55] 접착/ 멸균,검사39호기,46370.0,42300.0,91.22,1,78546.0,59.04
2026-03-03,C관(2공장),[55] 접착/ 멸균,검사40호기,48320.0,46865.0,96.99,1,78546.0,61.52
2026-03-03,C관(2공장),[55] 접착/ 멸균,검사41호기,57820.0,56960.0,98.51,1,78546.0,73.61
2026-03-03,C관(2공장),[55] 접착/ 멸균,검사42호기,56920.0,55765.0,97.97,1,78546.0,72.47
2026-03-03,C관(2공장),[55] 접착/ 멸균,검사43호기,64100.0,62940.0,98.19,1,78546.0,81.61
2026-03-03,C관(2공장),[55] 접착/ 멸균,검사44호기,53965.0,53040.0,98.29,1,78546.0,68.7
2026-03-03,C관(2공장),[55] 접착/ 멸균,검사45호기,56615.0,55370.0,97.8,1,78546.0,72.08
2026-03-03,C관(2공장),[55] 접착/ 멸균,검사46호기,49525.0,48785.0,98.51,1,78546.0,63.05
2026-03-03,C관(2공장),[55] 접착/ 멸균,검사47호기,55125.0,53985.0,97.93,1,78546.0,70.18
2026-03-03,C관(2공장),[55] 접착/ 멸균,검사48호기,62910.0,61920.0,98.43,1,78546.0,80.09
2026-03-03,C관(2공장),[55] 접착/ 멸균,검사49호기,44965.0,43880.0,97.59,1,0.0,0.0
2026-03-03,C관(2공장),[55] 접착/ 멸균,검사50호기,46225.0,45345.0,98.1,1,0.0,0.0
2026-03-03,C관(2공장),[80] 누수/규격검사,누수/규격검사(2공장),1025335.0,1016340.0,99.12,1,720000.0,142.41
2026-03-03,S관(3공장),[10] 사출조립,A형 인라인1호기 - 접착,42296.0,42296.0,100.0,1,0.0,0.0
2026-03-03,S관(3공장),[10] 사출조립,A형 인라인2호기 - 접착,40892.0,40892.0,100.0,1,0.0,0.0
2026-03-03,S관(3공장),[10] 사출조립,A형 인라인3호기 - 접착,43018.0,43018.0,100.0,1,0.0,0.0
2026-03-03,S관(3공장),[10] 사출조립,A형 인라인5호기 - 접착,17059.0,17059.0,100.0,1,0.0,0.0
2026-03-03,S관(3공장),[10] 사출조립,A형 인라인6호기 - 접착,20087.0,20087.0,100.0,1,0.0,0.0
2026-03-03,S관(3공장),[10] 사출조립,B형 조립중합6호기,6652.0,4487.0,67.45,1,76800.0,8.66
2026-03-03,S관(3공장),[10] 사출조립,B형 조립중합8호기,34234.0,31096.0,90.83,1,0.0,0.0
2026-03-03,S관(3공장),[10] 사출조립,C형 조립중합4호기,22063.0,19641.0,89.02,1,0.0,0.0
2026-03-03,S관(3공장),[10] 사출조립,C형 조립중합5호기,47363.0,46280.0,97.71,1,0.0,0.0
2026-03-03,S관(3공장),[20] 분리,A형 인라인1호기 - 접착,31931.0,29411.0,92.11,1,0.0,0.0
2026-03-03,S관(3공장),[20] 분리,A형 인라인2호기 - 접착,27500.0,26060.0,94.76,1,0.0,0.0
2026-03-03,S관(3공장),[20] 분리,A형 인라인3호기 - 접착,26939.0,25971.0,96.41,1,0.0,0.0
2026-03-03,S관(3공장),[20] 분리,B형 분리2호기,29480.0,24729.0,83.88,1,0.0,0.0
2026-03-03,S관(3공장),[20] 분리,B형 분리3호기,17237.0,12843.0,74.51,1,0.0,0.0
2026-03-03,S관(3공장),[20] 분리,B형 분리4호기,17683.0,15018.0,84.93,1,0.0,0.0
2026-03-03,S관(3공장),[20] 분리,B형 분리5호기,12674.0,11088.0,87.49,1,0.0,0.0
2026-03-03,S관(3공장),[20] 분리,B형 분리6호기,23210.0,17984.0,77.48,1,0.0,0.0
2026-03-03,S관(3공장),[20] 분리,B형 분리7호기,21717.0,18096.0,83.33,1,0.0,0.0
2026-03-03,S관(3공장),[20] 분리,B형 분리8호기,25854.0,21340.0,82.54,1,0.0,0.0
2026-03-03,S관(3공장),[20] 분리,CAM분리4호기,4220.0,3171.0,75.14,1,39273.0,10.75
2026-03-03,S관(3공장),[45] 하이드레이션/전면검사,S관 실리콘 자동수화기,133261.0,132284.0,99.27,1,240000.0,55.53
2026-03-03,S관(3공장),[55] 접착/ 멸균,A형 인라인1호기 - 접착,14905.0,14200.0,95.27,1,0.0,0.0
2026-03-03,S관(3공장),[55] 접착/ 멸균,A형 인라인2호기 - 접착,29805.0,27754.0,93.12,1,0.0,0.0
2026-03-03,S관(3공장),[55] 접착/ 멸균,A형 인라인3호기 - 접착,39249.0,38695.0,98.59,1,0.0,0.0
2026-03-03,S관(3공장),[55] 접착/ 멸균,A형 인라인4호기 - 접착,39585.0,38735.0,97.85,1,0.0,0.0
2026-03-03,S관(3공장),[55] 접착/ 멸균,A형 인라인5호기 - 접착,38728.0,37890.0,97.84,1,0.0,0.0
2026-03-03,S관(3공장),[55] 접착/ 멸균,A형 인라인6호기 - 접착,41673.0,39935.0,95.83,1,0.0,0.0
2026-03-03,S관(3공장),[80] 누수/규격검사,누수/규격검사(3공장),189914.0,188659.0,99.34,1,100645.0,188.7
2026-03-04,A관(1공장),[10] 사출조립,조립1호기,36404.0,35519.0,97.57,1,43200.0,84.27
2026-03-04,A관(1공장),[10] 사출조립,조립2호기,9618.0,7852.0,81.64,1,43200.0,22.26
2026-03-04,A관(1공장),[10] 사출조립,조립30호기,91167.0,90627.0,99.41,1,86400.0,105.52
2026-03-04,A관(1공장),[10] 사출조립,조립31호기,51562.0,51562.0,100.0,1,86400.0,59.68
2026-03-04,A관(1공장),[10] 사출조립,조립3호기,18476.0,17154.0,92.84,1,43200.0,42.77
2026-03-04,A관(1공장),[10] 사출조립,조립4호기,8478.0,7382.0,87.07,1,43200.0,19.62
2026-03-04,A관(1공장),[10] 사출조립,조립8호기,18942.0,18942.0,100.0,1,43200.0,43.85
2026-03-04,A관(1공장),[20] 분리,분리14호기,26868.0,23427.0,87.19,1,54000.0,49.76
2026-03-04,A관(1공장),[20] 분리,분리3호기,10130.0,6684.0,65.98,1,17280.0,58.62
2026-03-04,A관(1공장),[20] 분리,분리5호기,18498.0,16059.0,86.81,1,17280.0,107.05
2026-03-04,A관(1공장),[45] 하이드레이션/전면검사,1공장 실리콘수화기,38014.0,38014.0,100.0,1,0.0,0.0
2026-03-04,A관(1공장),[45] 하이드레이션/전면검사,워터배스1-2호기,18745.0,18745.0,100.0,1,30000.0,62.48
2026-03-04,A관(1공장),[45] 하이드레이션/전면검사,워터배스1-3호기,9560.0,9560.0,100.0,1,30000.0,31.87
2026-03-04,A관(1공장),[45] 하이드레이션/전면검사,워터배스1-4호기,8729.0,8426.0,96.53,1,30000.0,29.1
2026-03-04,A관(1공장),[45] 하이드레이션/전면검사,워터배스1-5호기,38241.0,37701.0,98.59,1,150000.0,25.49
2026-03-04,A관(1공장),[45] 하이드레이션/전면검사,워터배스1-6호기,37373.0,37119.0,99.32,1,150000.0,24.92
2026-03-04,A관(1공장),[55] 접착/ 멸균,검사10호기,10473.0,9466.0,90.38,1,13293.0,78.79
2026-03-04,A관(1공장),[55] 접착/ 멸균,검사11호기,7808.0,7686.0,98.44,1,13293.0,58.74
2026-03-04,A관(1공장),[55] 접착/ 멸균,검사14호기,3662.0,3306.0,90.28,1,13293.0,27.55
2026-03-04,A관(1공장),[55] 접착/ 멸균,검사15호기,5900.0,5899.0,99.98,1,13293.0,44.38
2026-03-04,A관(1공장),[55] 접착/ 멸균,검사16호기,9530.0,8024.0,84.2,1,13293.0,71.69
2026-03-04,A관(1공장),[55] 접착/ 멸균,검사17호기,7456.0,7102.0,95.25,1,13293.0,56.09
2026-03-04,A관(1공장),[55] 접착/ 멸균,검사18호기,12094.0,10112.0,83.61,1,13293.0,90.98
2026-03-04,A관(1공장),[55] 접착/ 멸균,검사19호기,5098.0,4574.0,89.72,1,13293.0,38.35
2026-03-04,A관(1공장),[55] 접착/ 멸균,검사20호기,6479.0,6348.0,97.98,1,13293.0,48.74
2026-03-04,A관(1공장),[55] 접착/ 멸균,검사21호기,681.0,681.0,100.0,1,13293.0,5.12
2026-03-04,A관(1공장),[55] 접착/ 멸균,검사22호기,8909.0,8833.0,99.15,1,13293.0,67.02
2026-03-04,A관(1공장),[55] 접착/ 멸균,검사23호기,6655.0,6478.0,97.34,1,13293.0,50.06
2026-03-04,A관(1공장),[55] 접착/ 멸균,검사6호기,4879.0,4608.0,94.45,1,13293.0,36.7
2026-03-04,A관(1공장),[55] 접착/ 멸균,검사8호기,6179.0,6045.0,97.83,1,13293.0,46.48
2026-03-04,A관(1공장),[55] 접착/ 멸균,검사9호기,3592.0,3524.0,98.11,1,13293.0,27.02
2026-03-04,A관(1공장),[55] 접착/ 멸균,바이알캡핑기,2922.0,2565.0,87.78,1,0.0,0.0
2026-03-04,A관(1공장),[80] 누수/규격검사,누수/규격검사(1공장),71472.0,69052.0,96.61,1,112902.0,63.3
2026-03-04,C관(2공장),[10] 사출조립,조립10호기,23420.0,21805.0,93.1,1,43200.0,54.21
2026-03-04,C관(2공장),[10] 사출조립,조립11호기,12644.0,12644.0,100.0,1,43200.0,29.27
2026-03-04,C관(2공장),[10] 사출조립,조립12호기,64803.0,59430.0,91.71,1,0.0,0.0
2026-03-04,C관(2공장),[10] 사출조립,조립13호기,25993.0,21768.0,83.75,1,0.0,0.0
2026-03-04,C관(2공장),[10] 사출조립,조립14호기,26485.0,25794.0,97.39,1,43200.0,61.31
2026-03-04,C관(2공장),[10] 사출조립,조립15호기,13813.0,13804.0,99.93,1,43200.0,31.97
2026-03-04,C관(2공장),[10] 사출조립,조립16호기,42039.0,41264.0,98.16,1,43200.0,97.31
2026-03-04,C관(2공장),[10] 사출조립,조립19호기,38524.0,34648.0,89.94,1,43200.0,89.18
2026-03-04,C관(2공장),[10] 사출조립,조립20호기,29507.0,24975.0,84.64,1,43200.0,68.3
2026-03-04,C관(2공장),[10] 사출조립,조립22호기,16150.0,14542.0,90.04,1,43200.0,37.38
2026-03-04,C관(2공장),[10] 사출조립,조립24호기,16040.0,14775.0,92.11,1,43200.0,37.13
2026-03-04,C관(2공장),[10] 사출조립,조립25호기,16132.0,15313.0,94.92,1,43200.0,37.34
2026-03-04,C관(2공장),[10] 사출조립,조립26호기,22670.0,18328.0,80.85,1,43200.0,52.48
2026-03-04,C관(2공장),[10] 사출조립,조립27호기,49135.0,43765.0,89.07,1,43200.0,113.74
2026-03-04,C관(2공장),[10] 사출조립,조립41호기,42825.0,40981.0,95.69,1,43200.0,99.13
2026-03-04,C관(2공장),[10] 사출조립,조립42호기,18672.0,18645.0,99.86,1,43200.0,43.22
2026-03-04,C관(2공장),[10] 사출조립,조립44호기,51173.0,50729.0,99.13,1,43200.0,118.46
2026-03-04,C관(2공장),[10] 사출조립,조립45호기,58354.0,55343.0,94.84,1,43200.0,135.08
2026-03-04,C관(2공장),[10] 사출조립,조립46호기,12094.0,6720.0,55.56,1,43200.0,28.0
2026-03-04,C관(2공장),[10] 사출조립,조립47호기,37933.0,25427.0,67.03,1,43200.0,87.81
2026-03-04,C관(2공장),[10] 사출조립,조립48호기,40389.0,38298.0,94.82,1,43200.0,93.49
2026-03-04,C관(2공장),[10] 사출조립,조립50호기,27584.0,27249.0,98.79,1,43200.0,63.85
2026-03-04,C관(2공장),[10] 사출조립,조립51호기,19559.0,17379.0,88.85,1,43200.0,45.28
2026-03-04,C관(2공장),[10] 사출조립,조립52호기,22036.0,15125.0,68.64,1,43200.0,51.01
2026-03-04,C관(2공장),[10] 사출조립,조립54호기,28793.0,28337.0,98.42,1,43200.0,66.65
2026-03-04,C관(2공장),[10] 사출조립,조립55호기,20480.0,18880.0,92.19,1,43200.0,47.41
2026-03-04,C관(2공장),[10] 사출조립,조립56호기,24349.0,21424.0,87.99,1,43200.0,56.36
2026-03-04,C관(2공장),[10] 사출조립,조립57호기,23105.0,18765.0,81.22,1,43200.0,53.48
2026-03-04,C관(2공장),[10] 사출조립,조립58호기,29344.0,26821.0,91.4,1,43200.0,67.93
2026-03-04,C관(2공장),[10] 사출조립,조립59호기,31351.0,27329.0,87.17,1,43200.0,72.57
2026-03-04,C관(2공장),[20] 분리,분리12호기,40728.0,36228.0,88.95,1,0.0,0.0
2026-03-04,C관(2공장),[20] 분리,분리15호기,53695.0,48801.0,90.89,1,0.0,0.0
2026-03-04,C관(2공장),[20] 분리,분리16호기,22119.0,20596.0,93.11,1,61715.0,35.84
2026-03-04,C관(2공장),[20] 분리,분리17호기,20114.0,17924.0,89.11,1,61715.0,32.59
2026-03-04,C관(2공장),[20] 분리,분리18호기,25551.0,22484.0,88.0,1,61715.0,41.4
2026-03-04,C관(2공장),[20] 분리,분리19호기,25779.0,21048.0,81.65,1,61715.0,41.77
2026-03-04,C관(2공장),[20] 분리,분리20호기,10131.0,9102.0,89.84,1,61715.0,16.42
2026-03-04,C관(2공장),[20] 분리,분리21호기,34332.0,29238.0,85.16,1,61715.0,55.63
2026-03-04,C관(2공장),[20] 분리,분리22호기,46622.0,38732.0,83.08,1,61715.0,75.54
2026-03-04,C관(2공장),[20] 분리,분리23호기,39941.0,34138.0,85.47,1,61715.0,64.72
2026-03-04,C관(2공장),[20] 분리,분리24호기,36473.0,33654.0,92.27,1,61715.0,59.1
2026-03-04,C관(2공장),[20] 분리,분리25호기,49612.0,41446.0,83.54,1,61715.0,80.39
2026-03-04,C관(2공장),[20] 분리,분리26호기,43839.0,39606.0,90.34,1,54000.0,81.18
2026-03-04,C관(2공장),[20] 분리,분리27호기,45030.0,39682.0,88.12,1,54000.0,83.39
2026-03-04,C관(2공장),[20] 분리,분리28호기,42336.0,39713.0,93.8,1,54000.0,78.4
2026-03-04,C관(2공장),[20] 분리,분리29호기,26300.0,14665.0,55.76,1,54000.0,48.7
2026-03-04,C관(2공장),[20] 분리,분리30호기,40978.0,37065.0,90.45,1,54000.0,75.89
2026-03-04,C관(2공장),[20] 분리,분리31호기,39885.0,35073.0,87.94,1,54000.0,73.86
2026-03-04,C관(2공장),[20] 분리,분리32호기,46183.0,39703.0,85.97,1,54000.0,85.52
2026-03-04,C관(2공장),[20] 분리,분리33호기,29854.0,21853.0,73.2,1,54000.0,55.29
2026-03-04,C관(2공장),[20] 분리,분리34호기,50988.0,41005.0,80.42,1,54000.0,94.42
2026-03-04,C관(2공장),[20] 분리,분리35호기,17116.0,13526.0,79.03,1,54000.0,31.7
2026-03-04,C관(2공장),[20] 분리,분리36호기,45505.0,36500.0,80.21,1,54000.0,84.27
2026-03-04,C관(2공장),[20] 분리,분리37호기,35373.0,32721.0,92.5,1,54000.0,65.51
2026-03-04,C관(2공장),[45] 하이드레이션/전면검사,워터배스2-10호기,57750.0,57710.0,99.93,1,120000.0,48.12
2026-03-04,C관(2공장),[45] 하이드레이션/전면검사,워터배스2-11호기,86723.0,86355.0,99.58,1,150000.0,57.82
2026-03-04,C관(2공장),[45] 하이드레이션/전면검사,워터배스2-12호기,73583.0,73500.0,99.89,1,150000.0,49.06
2026-03-04,C관(2공장),[45] 하이드레이션/전면검사,워터배스2-13호기,38233.0,38200.0,99.91,1,150000.0,25.49
2026-03-04,C관(2공장),[45] 하이드레이션/전면검사,워터배스2-14호기,93022.0,92940.0,99.91,1,150000.0,62.01
2026-03-04,C관(2공장),[45] 하이드레이션/전면검사,워터배스2-1호기,64209.0,64135.0,99.88,1,120000.0,53.51
2026-03-04,C관(2공장),[45] 하이드레이션/전면검사,워터배스2-2호기,48838.0,48795.0,99.91,1,120000.0,40.7
2026-03-04,C관(2공장),[45] 하이드레이션/전면검사,워터배스2-3호기,39331.0,39295.0,99.91,1,120000.0,32.78
2026-03-04,C관(2공장),[45] 하이드레이션/전면검사,워터배스2-4호기,39748.0,39710.0,99.9,1,120000.0,33.12
2026-03-04,C관(2공장),[45] 하이드레이션/전면검사,워터배스2-5호기,77890.0,77745.0,99.81,1,120000.0,64.91
2026-03-04,C관(2공장),[45] 하이드레이션/전면검사,워터배스2-7호기,73855.0,72275.0,97.86,1,120000.0,61.55
2026-03-04,C관(2공장),[45] 하이드레이션/전면검사,워터배스2-8호기,82534.0,79220.0,95.98,1,120000.0,68.78
2026-03-04,C관(2공장),[45] 하이드레이션/전면검사,워터배스2-9호기,107960.0,104955.0,97.22,1,120000.0,89.97
2026-03-04,C관(2공장),[55] 접착/ 멸균,검사32호기,36345.0,35770.0,98.42,1,0.0,0.0
2026-03-04,C관(2공장),[55] 접착/ 멸균,검사33호기,51205.0,50185.0,98.01,1,66462.0,77.04
2026-03-04,C관(2공장),[55] 접착/ 멸균,검사34호기,56995.0,56420.0,98.99,1,78546.0,72.56
2026-03-04,C관(2공장),[55] 접착/ 멸균,검사35호기,51075.0,50210.0,98.31,1,78546.0,65.03
2026-03-04,C관(2공장),[55] 접착/ 멸균,검사36호기,50335.0,49530.0,98.4,1,78546.0,64.08
2026-03-04,C관(2공장),[55] 접착/ 멸균,검사37호기,48020.0,47085.0,98.05,1,78546.0,61.14
2026-03-04,C관(2공장),[55] 접착/ 멸균,검사38호기,53290.0,52470.0,98.46,1,78546.0,67.85
2026-03-04,C관(2공장),[55] 접착/ 멸균,검사39호기,46790.0,45850.0,97.99,1,78546.0,59.57
2026-03-04,C관(2공장),[55] 접착/ 멸균,검사40호기,49690.0,48565.0,97.74,1,78546.0,63.26
2026-03-04,C관(2공장),[55] 접착/ 멸균,검사41호기,56325.0,55350.0,98.27,1,78546.0,71.71
2026-03-04,C관(2공장),[55] 접착/ 멸균,검사42호기,58445.0,57360.0,98.14,1,78546.0,74.41
2026-03-04,C관(2공장),[55] 접착/ 멸균,검사43호기,61850.0,60820.0,98.33,1,78546.0,78.74
2026-03-04,C관(2공장),[55] 접착/ 멸균,검사44호기,59770.0,56430.0,94.41,1,78546.0,76.1
2026-03-04,C관(2공장),[55] 접착/ 멸균,검사45호기,62920.0,61925.0,98.42,1,78546.0,80.11
2026-03-04,C관(2공장),[55] 접착/ 멸균,검사46호기,51220.0,50465.0,98.53,1,78546.0,65.21
2026-03-04,C관(2공장),[55] 접착/ 멸균,검사47호기,56165.0,55500.0,98.82,1,78546.0,71.51
2026-03-04,C관(2공장),[55] 접착/ 멸균,검사48호기,52740.0,51345.0,97.35,1,78546.0,67.15
2026-03-04,C관(2공장),[55] 접착/ 멸균,검사49호기,36930.0,36070.0,97.67,1,0.0,0.0
2026-03-04,C관(2공장),[55] 접착/ 멸균,검사50호기,39025.0,38525.0,98.72,1,0.0,0.0
2026-03-04,C관(2공장),[80] 누수/규격검사,누수/규격검사(2공장),957795.0,951095.0,99.3,1,720000.0,133.03
2026-03-04,S관(3공장),[10] 사출조립,A형 인라인1호기 - 접착,20951.0,20951.0,100.0,1,0.0,0.0
2026-03-04,S관(3공장),[10] 사출조립,A형 인라인3호기 - 접착,37705.0,37705.0,100.0,1,0.0,0.0
2026-03-04,S관(3공장),[10] 사출조립,A형 인라인5호기 - 접착,54219.0,54219.0,100.0,1,0.0,0.0
2026-03-04,S관(3공장),[10] 사출조립,A형 인라인6호기 - 접착,33744.0,33744.0,100.0,1,0.0,0.0
2026-03-04,S관(3공장),[10] 사출조립,B형 조립중합6호기,17440.0,9921.0,56.89,1,76800.0,22.71
2026-03-04,S관(3공장),[10] 사출조립,C형 조립중합4호기,13356.0,12396.0,92.81,1,0.0,0.0
2026-03-04,S관(3공장),[10] 사출조립,C형 조립중합5호기,32701.0,32190.0,98.44,1,0.0,0.0
2026-03-04,S관(3공장),[20] 분리,A형 인라인1호기 - 접착,15625.0,14773.0,94.55,1,0.0,0.0
2026-03-04,S관(3공장),[20] 분리,A형 인라인3호기 - 접착,25369.0,24578.0,96.88,1,0.0,0.0
2026-03-04,S관(3공장),[20] 분리,B형 분리2호기,24511.0,20957.0,85.5,1,0.0,0.0
2026-03-04,S관(3공장),[20] 분리,B형 분리3호기,24683.0,16877.0,68.37,1,0.0,0.0
2026-03-04,S관(3공장),[20] 분리,B형 분리4호기,20552.0,18123.0,88.18,1,0.0,0.0
2026-03-04,S관(3공장),[20] 분리,B형 분리5호기,18826.0,15276.0,81.14,1,0.0,0.0
2026-03-04,S관(3공장),[20] 분리,B형 분리6호기,15166.0,12312.0,81.18,1,0.0,0.0
2026-03-04,S관(3공장),[20] 분리,B형 분리7호기,16830.0,11841.0,70.36,1,0.0,0.0
2026-03-04,S관(3공장),[20] 분리,B형 분리8호기,24749.0,20943.0,84.62,1,0.0,0.0
2026-03-04,S관(3공장),[20] 분리,CAM분리3호기,13349.0,11085.0,83.04,1,39273.0,33.99
2026-03-04,S관(3공장),[20] 분리,CAM분리4호기,19449.0,14228.0,73.16,1,39273.0,49.52
2026-03-04,S관(3공장),[45] 하이드레이션/전면검사,S관 실리콘 자동수화기,153432.0,152037.0,99.09,1,240000.0,63.93
2026-03-04,S관(3공장),[55] 접착/ 멸균,A형 인라인1호기 - 접착,53035.0,50403.0,95.04,1,0.0,0.0
2026-03-04,S관(3공장),[55] 접착/ 멸균,A형 인라인2호기 - 접착,44854.0,43020.0,95.91,1,0.0,0.0
2026-03-04,S관(3공장),[55] 접착/ 멸균,A형 인라인3호기 - 접착,43419.0,42200.0,97.19,1,0.0,0.0
2026-03-04,S관(3공장),[55] 접착/ 멸균,A형 인라인4호기 - 접착,43847.0,43105.0,98.31,1,0.0,0.0
2026-03-04,S관(3공장),[55] 접착/ 멸균,A형 인라인5호기 - 접착,38567.0,37880.0,98.22,1,0.0,0.0
2026-03-04,S관(3공장),[55] 접착/ 멸균,A형 인라인6호기 - 접착,45300.0,44275.0,97.74,1,0.0,0.0
2026-03-04,S관(3공장),[80] 누수/규격검사,누수/규격검사(3공장),243460.0,242850.0,99.75,1,100645.0,241.9
2026-03-05,A관(1공장),[10] 사출조립,조립1호기,27528.0,25860.0,93.94,1,43200.0,63.72
2026-03-05,A관(1공장),[10] 사출조립,조립2호기,9498.0,7121.0,74.97,1,43200.0,21.99
2026-03-05,A관(1공장),[10] 사출조립,조립30호기,49286.0,47476.0,96.33,1,86400.0,57.04
2026-03-05,A관(1공장),[10] 사출조립,조립31호기,102517.0,102030.0,99.52,1,86400.0,118.65
2026-03-05,A관(1공장),[10] 사출조립,조립3호기,27981.0,24886.0,88.94,1,43200.0,64.77
2026-03-05,A관(1공장),[10] 사출조립,조립4호기,21048.0,21048.0,100.0,1,43200.0,48.72
2026-03-05,A관(1공장),[10] 사출조립,조립8호기,45197.0,44642.0,98.77,1,43200.0,104.62
2026-03-05,A관(1공장),[20] 분리,분리10호기,3841.0,2829.0,73.65,1,17280.0,22.23
2026-03-05,A관(1공장),[20] 분리,분리14호기,22847.0,20496.0,89.71,1,54000.0,42.31
2026-03-05,A관(1공장),[20] 분리,분리3호기,7319.0,3695.0,50.49,1,17280.0,42.36
2026-03-05,A관(1공장),[20] 분리,분리5호기,17289.0,14659.0,84.79,1,17280.0,100.05
2026-03-05,A관(1공장),[45] 하이드레이션/전면검사,1공장 실리콘수화기,16880.0,16880.0,100.0,1,0.0,0.0
2026-03-05,A관(1공장),[45] 하이드레이션/전면검사,워터배스1-2호기,10840.0,10840.0,100.0,1,30000.0,36.13
2026-03-05,A관(1공장),[45] 하이드레이션/전면검사,워터배스1-3호기,14398.0,14398.0,100.0,1,30000.0,47.99
2026-03-05,A관(1공장),[45] 하이드레이션/전면검사,워터배스1-4호기,15398.0,15398.0,100.0,1,30000.0,51.33
2026-03-05,A관(1공장),[45] 하이드레이션/전면검사,워터배스1-6호기,12796.0,12537.0,97.98,1,150000.0,8.53
2026-03-05,A관(1공장),[55] 접착/ 멸균,A관 자동접착2호기,1670.0,1415.0,84.73,1,0.0,0.0
2026-03-05,A관(1공장),[55] 접착/ 멸균,검사10호기,3626.0,3452.0,95.2,1,13293.0,27.28
2026-03-05,A관(1공장),[55] 접착/ 멸균,검사11호기,11621.0,10442.0,89.85,1,13293.0,87.42
2026-03-05,A관(1공장),[55] 접착/ 멸균,검사14호기,4828.0,4754.0,98.47,1,13293.0,36.32
2026-03-05,A관(1공장),[55] 접착/ 멸균,검사15호기,14868.0,14840.0,99.81,1,13293.0,111.85
2026-03-05,A관(1공장),[55] 접착/ 멸균,검사16호기,10620.0,9808.0,92.35,1,13293.0,79.89
2026-03-05,A관(1공장),[55] 접착/ 멸균,검사17호기,2486.0,2243.0,90.23,1,13293.0,18.7
2026-03-05,A관(1공장),[55] 접착/ 멸균,검사18호기,10698.0,9650.0,90.2,1,13293.0,80.48
2026-03-05,A관(1공장),[55] 접착/ 멸균,검사20호기,6207.0,5930.0,95.54,1,13293.0,46.69
2026-03-05,A관(1공장),[55] 접착/ 멸균,검사21호기,2477.0,2463.0,99.43,1,13293.0,18.63
2026-03-05,A관(1공장),[55] 접착/ 멸균,검사22호기,6710.0,6572.0,97.94,1,13293.0,50.48
2026-03-05,A관(1공장),[55] 접착/ 멸균,검사6호기,346.0,274.0,79.19,1,13293.0,2.6
2026-03-05,A관(1공장),[55] 접착/ 멸균,검사7호기,1857.0,1762.0,94.88,1,13293.0,13.97
2026-03-05,A관(1공장),[55] 접착/ 멸균,검사8호기,7721.0,7376.0,95.53,1,13293.0,58.08
2026-03-05,A관(1공장),[55] 접착/ 멸균,바이알캡핑기,7530.0,6643.0,88.22,1,0.0,0.0
2026-03-05,A관(1공장),[80] 누수/규격검사,누수/규격검사(1공장),98927.0,96145.0,97.19,1,112902.0,87.62
2026-03-05,C관(2공장),[10] 사출조립,조립10호기,51677.0,35994.0,69.65,1,43200.0,119.62
2026-03-05,C관(2공장),[10] 사출조립,조립11호기,16964.0,14947.0,88.11,1,43200.0,39.27
2026-03-05,C관(2공장),[10] 사출조립,조립12호기,28174.0,28070.0,99.63,1,0.0,0.0
2026-03-05,C관(2공장),[10] 사출조립,조립13호기,29372.0,25060.0,85.32,1,0.0,0.0
2026-03-05,C관(2공장),[10] 사출조립,조립14호기,53374.0,50885.0,95.34,1,43200.0,123.55
2026-03-05,C관(2공장),[10] 사출조립,조립15호기,59769.0,54144.0,90.59,1,43200.0,138.35
2026-03-05,C관(2공장),[10] 사출조립,조립16호기,27830.0,26396.0,94.85,1,43200.0,64.42
2026-03-05,C관(2공장),[10] 사출조립,조립19호기,32038.0,26530.0,82.81,1,43200.0,74.16
2026-03-05,C관(2공장),[10] 사출조립,조립20호기,22874.0,22844.0,99.87,1,43200.0,52.95
2026-03-05,C관(2공장),[10] 사출조립,조립22호기,22062.0,20943.0,94.93,1,43200.0,51.07
2026-03-05,C관(2공장),[10] 사출조립,조립24호기,28256.0,25700.0,90.95,1,43200.0,65.41
2026-03-05,C관(2공장),[10] 사출조립,조립25호기,22678.0,20902.0,92.17,1,43200.0,52.5
2026-03-05,C관(2공장),[10] 사출조립,조립26호기,14637.0,14599.0,99.74,1,43200.0,33.88
2026-03-05,C관(2공장),[10] 사출조립,조립27호기,14968.0,14868.0,99.33,1,43200.0,34.65
2026-03-05,C관(2공장),[10] 사출조립,조립41호기,22691.0,21857.0,96.32,1,43200.0,52.53
2026-03-05,C관(2공장),[10] 사출조립,조립42호기,18588.0,18259.0,98.23,1,43200.0,43.03
2026-03-05,C관(2공장),[10] 사출조립,조립44호기,16513.0,15555.0,94.2,1,43200.0,38.22
2026-03-05,C관(2공장),[10] 사출조립,조립45호기,29984.0,29905.0,99.74,1,43200.0,69.41
2026-03-05,C관(2공장),[10] 사출조립,조립47호기,28088.0,25489.0,90.75,1,43200.0,65.02
2026-03-05,C관(2공장),[10] 사출조립,조립48호기,29952.0,28639.0,95.62,1,43200.0,69.33
2026-03-05,C관(2공장),[10] 사출조립,조립49호기,26224.0,25439.0,97.01,1,43200.0,60.7
2026-03-05,C관(2공장),[10] 사출조립,조립50호기,58539.0,58475.0,99.89,1,43200.0,135.51
2026-03-05,C관(2공장),[10] 사출조립,조립51호기,15044.0,13417.0,89.19,1,43200.0,34.82
2026-03-05,C관(2공장),[10] 사출조립,조립52호기,17905.0,15172.0,84.74,1,43200.0,41.45
2026-03-05,C관(2공장),[10] 사출조립,조립53호기,56886.0,48569.0,85.38,1,43200.0,131.68
2026-03-05,C관(2공장),[10] 사출조립,조립54호기,56508.0,56437.0,99.87,1,43200.0,130.81
2026-03-05,C관(2공장),[10] 사출조립,조립57호기,56496.0,53642.0,94.95,1,43200.0,130.78
2026-03-05,C관(2공장),[10] 사출조립,조립58호기,30359.0,29623.0,97.58,1,43200.0,70.28
2026-03-05,C관(2공장),[10] 사출조립,조립59호기,29362.0,27893.0,95.0,1,43200.0,67.97
2026-03-05,C관(2공장),[20] 분리,분리12호기,47427.0,43267.0,91.23,1,0.0,0.0
2026-03-05,C관(2공장),[20] 분리,분리15호기,34407.0,26074.0,75.78,1,0.0,0.0
2026-03-05,C관(2공장),[20] 분리,분리16호기,41076.0,37847.0,92.14,1,61715.0,66.56
2026-03-05,C관(2공장),[20] 분리,분리17호기,44032.0,40833.0,92.73,1,61715.0,71.35
2026-03-05,C관(2공장),[20] 분리,분리18호기,38885.0,34376.0,88.4,1,61715.0,63.01
2026-03-05,C관(2공장),[20] 분리,분리19호기,46197.0,40753.0,88.22,1,61715.0,74.86
2026-03-05,C관(2공장),[20] 분리,분리20호기,39156.0,34789.0,88.85,1,61715.0,63.45
2026-03-05,C관(2공장),[20] 분리,분리21호기,49592.0,42441.0,85.58,1,61715.0,80.36
2026-03-05,C관(2공장),[20] 분리,분리22호기,44802.0,38979.0,87.0,1,61715.0,72.59
2026-03-05,C관(2공장),[20] 분리,분리23호기,39583.0,32427.0,81.92,1,61715.0,64.14
2026-03-05,C관(2공장),[20] 분리,분리24호기,50397.0,45919.0,91.11,1,61715.0,81.66
2026-03-05,C관(2공장),[20] 분리,분리25호기,49756.0,41958.0,84.33,1,61715.0,80.62
2026-03-05,C관(2공장),[20] 분리,분리26호기,40489.0,36619.0,90.44,1,54000.0,74.98
2026-03-05,C관(2공장),[20] 분리,분리27호기,41577.0,36716.0,88.31,1,54000.0,76.99
2026-03-05,C관(2공장),[20] 분리,분리28호기,41765.0,39439.0,94.43,1,54000.0,77.34
2026-03-05,C관(2공장),[20] 분리,분리29호기,41471.0,28153.0,67.89,1,54000.0,76.8
2026-03-05,C관(2공장),[20] 분리,분리30호기,43746.0,39313.0,89.87,1,54000.0,81.01
2026-03-05,C관(2공장),[20] 분리,분리31호기,49992.0,41661.0,83.34,1,54000.0,92.58
2026-03-05,C관(2공장),[20] 분리,분리32호기,48256.0,41186.0,85.35,1,54000.0,89.36
2026-03-05,C관(2공장),[20] 분리,분리33호기,47384.0,37257.0,78.63,1,54000.0,87.75
2026-03-05,C관(2공장),[20] 분리,분리34호기,49074.0,34368.0,70.03,1,54000.0,90.88
2026-03-05,C관(2공장),[20] 분리,분리35호기,40249.0,31836.0,79.1,1,54000.0,74.54
2026-03-05,C관(2공장),[20] 분리,분리36호기,51481.0,42630.0,82.81,1,54000.0,95.34
2026-03-05,C관(2공장),[20] 분리,분리37호기,34242.0,31874.0,93.08,1,54000.0,63.41
2026-03-05,C관(2공장),[20] 분리,분리43호기,36800.0,29726.0,80.78,1,54000.0,68.15
2026-03-05,C관(2공장),[45] 하이드레이션/전면검사,워터배스2-10호기,96547.0,96465.0,99.92,1,120000.0,80.46
2026-03-05,C관(2공장),[45] 하이드레이션/전면검사,워터배스2-11호기,93294.0,93170.0,99.87,1,150000.0,62.2
2026-03-05,C관(2공장),[45] 하이드레이션/전면검사,워터배스2-12호기,68904.0,68820.0,99.88,1,150000.0,45.94
2026-03-05,C관(2공장),[45] 하이드레이션/전면검사,워터배스2-13호기,100042.0,99935.0,99.89,1,150000.0,66.69
2026-03-05,C관(2공장),[45] 하이드레이션/전면검사,워터배스2-14호기,75527.0,75065.0,99.39,1,150000.0,50.35
2026-03-05,C관(2공장),[45] 하이드레이션/전면검사,워터배스2-1호기,90435.0,90320.0,99.87,1,120000.0,75.36
2026-03-05,C관(2공장),[45] 하이드레이션/전면검사,워터배스2-2호기,64618.0,64530.0,99.86,1,120000.0,53.85
2026-03-05,C관(2공장),[45] 하이드레이션/전면검사,워터배스2-3호기,76320.0,76195.0,99.84,1,120000.0,63.6
2026-03-05,C관(2공장),[45] 하이드레이션/전면검사,워터배스2-4호기,60466.0,60420.0,99.92,1,120000.0,50.39
2026-03-05,C관(2공장),[45] 하이드레이션/전면검사,워터배스2-5호기,58582.0,57200.0,97.64,1,120000.0,48.82
2026-03-05,C관(2공장),[45] 하이드레이션/전면검사,워터배스2-6호기,5204.0,5200.0,99.92,1,30000.0,17.35
2026-03-05,C관(2공장),[45] 하이드레이션/전면검사,워터배스2-7호기,77017.0,73815.0,95.84,1,120000.0,64.18
2026-03-05,C관(2공장),[45] 하이드레이션/전면검사,워터배스2-8호기,94702.0,94625.0,99.92,1,120000.0,78.92
2026-03-05,C관(2공장),[45] 하이드레이션/전면검사,워터배스2-9호기,83690.0,83625.0,99.92,1,120000.0,69.74
2026-03-05,C관(2공장),[55] 접착/ 멸균,검사32호기,43735.0,43070.0,98.48,1,0.0,0.0
2026-03-05,C관(2공장),[55] 접착/ 멸균,검사33호기,50985.0,49950.0,97.97,1,66462.0,76.71
2026-03-05,C관(2공장),[55] 접착/ 멸균,검사34호기,58000.0,57370.0,98.91,1,78546.0,73.84
2026-03-05,C관(2공장),[55] 접착/ 멸균,검사35호기,45660.0,44945.0,98.43,1,78546.0,58.13
2026-03-05,C관(2공장),[55] 접착/ 멸균,검사36호기,52295.0,51190.0,97.89,1,78546.0,66.58
2026-03-05,C관(2공장),[55] 접착/ 멸균,검사37호기,60665.0,59055.0,97.35,1,78546.0,77.23
2026-03-05,C관(2공장),[55] 접착/ 멸균,검사38호기,58770.0,57870.0,98.47,1,78546.0,74.82
2026-03-05,C관(2공장),[55] 접착/ 멸균,검사39호기,57695.0,56725.0,98.32,1,78546.0,73.45
2026-03-05,C관(2공장),[55] 접착/ 멸균,검사40호기,48285.0,47515.0,98.41,1,78546.0,61.47
2026-03-05,C관(2공장),[55] 접착/ 멸균,검사41호기,50490.0,49050.0,97.15,1,78546.0,64.28
2026-03-05,C관(2공장),[55] 접착/ 멸균,검사42호기,59160.0,58665.0,99.16,1,78546.0,75.32
2026-03-05,C관(2공장),[55] 접착/ 멸균,검사43호기,56610.0,55135.0,97.39,1,78546.0,72.07
2026-03-05,C관(2공장),[55] 접착/ 멸균,검사44호기,60115.0,59010.0,98.16,1,78546.0,76.53
2026-03-05,C관(2공장),[55] 접착/ 멸균,검사45호기,61515.0,60155.0,97.79,1,78546.0,78.32
2026-03-05,C관(2공장),[55] 접착/ 멸균,검사46호기,46480.0,45395.0,97.67,1,78546.0,59.18
2026-03-05,C관(2공장),[55] 접착/ 멸균,검사47호기,50180.0,49025.0,97.7,1,78546.0,63.89
2026-03-05,C관(2공장),[55] 접착/ 멸균,검사48호기,53800.0,53010.0,98.53,1,78546.0,68.49
2026-03-05,C관(2공장),[55] 접착/ 멸균,검사49호기,24095.0,23645.0,98.13,1,0.0,0.0
2026-03-05,C관(2공장),[55] 접착/ 멸균,검사50호기,44335.0,43575.0,98.29,1,0.0,0.0
2026-03-05,C관(2공장),[80] 누수/규격검사,누수/규격검사(2공장),972370.0,964585.0,99.2,1,720000.0,135.05
2026-03-05,S관(3공장),[10] 사출조립,A형 인라인1호기 - 조립중합,21302.0,21302.0,100.0,1,0.0,0.0
2026-03-05,S관(3공장),[10] 사출조립,A형 인라인2호기 - 조립중합,22873.0,22873.0,100.0,1,0.0,0.0
2026-03-05,S관(3공장),[10] 사출조립,A형 인라인3호기 - 조립중합,21243.0,21243.0,100.0,1,0.0,0.0
2026-03-05,S관(3공장),[10] 사출조립,A형 인라인5호기 - 접착,4437.0,2208.0,49.76,1,0.0,0.0
2026-03-05,S관(3공장),[10] 사출조립,A형 인라인5호기 - 조립중합,34297.0,32079.0,93.53,1,0.0,0.0
2026-03-05,S관(3공장),[10] 사출조립,A형 인라인6호기 - 접착,20882.0,20882.0,100.0,1,0.0,0.0
2026-03-05,S관(3공장),[10] 사출조립,B형 조립중합6호기,28428.0,25678.0,90.33,1,76800.0,37.02
2026-03-05,S관(3공장),[10] 사출조립,B형 조립중합8호기,13400.0,12961.0,96.72,1,0.0,0.0
2026-03-05,S관(3공장),[10] 사출조립,C형 조립중합2호기,4040.0,9.0,0.22,1,0.0,0.0
2026-03-05,S관(3공장),[10] 사출조립,C형 조립중합4호기,12817.0,11751.0,91.68,1,0.0,0.0
2026-03-05,S관(3공장),[10] 사출조립,C형 조립중합5호기,17900.0,17523.0,97.89,1,0.0,0.0
2026-03-05,S관(3공장),[20] 분리,A형 인라인1호기 - 분리,15749.0,14689.0,93.27,1,0.0,0.0
2026-03-05,S관(3공장),[20] 분리,A형 인라인3호기 - 분리,15408.0,14722.0,95.55,1,0.0,0.0
2026-03-05,S관(3공장),[20] 분리,B형 분리2호기,20950.0,17485.0,83.46,1,0.0,0.0
2026-03-05,S관(3공장),[20] 분리,B형 분리3호기,34055.0,26445.0,77.65,1,0.0,0.0
2026-03-05,S관(3공장),[20] 분리,B형 분리4호기,29339.0,23560.0,80.3,1,0.0,0.0
2026-03-05,S관(3공장),[20] 분리,B형 분리5호기,17195.0,13506.0,78.55,1,0.0,0.0
2026-03-05,S관(3공장),[20] 분리,B형 분리6호기,9388.0,7746.0,82.51,1,0.0,0.0
2026-03-05,S관(3공장),[20] 분리,B형 분리7호기,21570.0,17548.0,81.35,1,0.0,0.0
2026-03-05,S관(3공장),[20] 분리,B형 분리8호기,16915.0,15308.0,90.5,1,0.0,0.0
2026-03-05,S관(3공장),[20] 분리,CAM분리3호기,20763.0,16374.0,78.86,1,39273.0,52.87
2026-03-05,S관(3공장),[20] 분리,CAM분리4호기,22853.0,16504.0,72.22,1,39273.0,58.19
2026-03-05,S관(3공장),[45] 하이드레이션/전면검사,A형 인라인2호기 - 접착,40647.0,40541.0,99.74,1,0.0,0.0
2026-03-05,S관(3공장),[45] 하이드레이션/전면검사,S관 실리콘 자동수화기,214316.0,213729.0,99.73,1,240000.0,89.3
2026-03-05,S관(3공장),[55] 접착/ 멸균,A형 인라인1호기 - 접착,39180.0,36900.0,94.18,1,0.0,0.0
2026-03-05,S관(3공장),[55] 접착/ 멸균,A형 인라인2호기 - 접착,37538.0,35915.0,95.68,1,0.0,0.0
2026-03-05,S관(3공장),[55] 접착/ 멸균,A형 인라인3호기 - 접착,39250.0,38015.0,96.85,1,0.0,0.0
2026-03-05,S관(3공장),[55] 접착/ 멸균,A형 인라인4호기 - 접착,37954.0,37100.0,97.75,1,0.0,0.0
2026-03-05,S관(3공장),[55] 접착/ 멸균,A형 인라인5호기 - 접착,42826.0,40080.0,93.59,1,0.0,0.0
2026-03-05,S관(3공장),[55] 접착/ 멸균,A형 인라인6호기 - 접착,21532.0,21195.0,98.43,1,0.0,0.0
2026-03-05,S관(3공장),[80] 누수/규격검사,누수/규격검사(3공장),242620.0,241770.0,99.65,1,100645.0,241.07
2026-03-06,A관(1공장),[10] 사출조립,조립1호기,36624.0,34465.0,94.1,1,43200.0,84.78
2026-03-06,A관(1공장),[10] 사출조립,조립2호기,4516.0,3389.0,75.04,1,43200.0,10.45
2026-03-06,A관(1공장),[10] 사출조립,조립30호기,85318.0,85318.0,100.0,1,86400.0,98.75
2026-03-06,A관(1공장),[10] 사출조립,조립31호기,45579.0,45579.0,100.0,1,86400.0,52.75
2026-03-06,A관(1공장),[10] 사출조립,조립3호기,19107.0,19107.0,100.0,1,43200.0,44.23
2026-03-06,A관(1공장),[10] 사출조립,조립4호기,17122.0,16431.0,95.96,1,43200.0,39.63
2026-03-06,A관(1공장),[10] 사출조립,조립8호기,33610.0,33610.0,100.0,1,43200.0,77.8
2026-03-06,A관(1공장),[20] 분리,분리10호기,14713.0,12197.0,82.9,1,17280.0,85.14
2026-03-06,A관(1공장),[20] 분리,분리14호기,25185.0,20203.0,80.22,1,54000.0,46.64
2026-03-06,A관(1공장),[20] 분리,분리3호기,3597.0,2899.0,80.59,1,17280.0,20.82
2026-03-06,A관(1공장),[20] 분리,분리5호기,17163.0,14872.0,86.65,1,17280.0,99.32
2026-03-06,A관(1공장),[45] 하이드레이션/전면검사,1공장 실리콘수화기,8726.0,8726.0,100.0,1,0.0,0.0
2026-03-06,A관(1공장),[45] 하이드레이션/전면검사,워터배스1-1호기,650.0,650.0,100.0,1,30000.0,2.17
2026-03-06,A관(1공장),[45] 하이드레이션/전면검사,워터배스1-2호기,8244.0,8244.0,100.0,1,30000.0,27.48
2026-03-06,A관(1공장),[45] 하이드레이션/전면검사,워터배스1-3호기,16847.0,15780.0,93.67,1,30000.0,56.16
2026-03-06,A관(1공장),[45] 하이드레이션/전면검사,워터배스1-4호기,5162.0,5162.0,100.0,1,30000.0,17.21
2026-03-06,A관(1공장),[45] 하이드레이션/전면검사,워터배스1-5호기,17480.0,17406.0,99.58,1,150000.0,11.65
2026-03-06,A관(1공장),[45] 하이드레이션/전면검사,워터배스1-6호기,21085.0,21085.0,100.0,1,150000.0,14.06
2026-03-06,A관(1공장),[55] 접착/ 멸균,A관 자동접착2호기,8869.0,7610.0,85.8,1,0.0,0.0
2026-03-06,A관(1공장),[55] 접착/ 멸균,검사10호기,1101.0,837.0,76.02,1,13293.0,8.28
2026-03-06,A관(1공장),[55] 접착/ 멸균,검사11호기,4177.0,3863.0,92.48,1,13293.0,31.42
2026-03-06,A관(1공장),[55] 접착/ 멸균,검사15호기,14236.0,14225.0,99.92,1,13293.0,107.09
2026-03-06,A관(1공장),[55] 접착/ 멸균,검사16호기,8992.0,7899.0,87.84,1,13293.0,67.64
2026-03-06,A관(1공장),[55] 접착/ 멸균,검사17호기,1663.0,1540.0,92.6,1,13293.0,12.51
2026-03-06,A관(1공장),[55] 접착/ 멸균,검사18호기,5161.0,4484.0,86.88,1,13293.0,38.82
2026-03-06,A관(1공장),[55] 접착/ 멸균,검사20호기,786.0,786.0,100.0,1,13293.0,5.91
2026-03-06,A관(1공장),[55] 접착/ 멸균,검사21호기,1311.0,1311.0,100.0,1,13293.0,9.86
2026-03-06,A관(1공장),[55] 접착/ 멸균,검사22호기,5241.0,4925.0,93.97,1,13293.0,39.43
2026-03-06,A관(1공장),[55] 접착/ 멸균,검사23호기,3405.0,3356.0,98.56,1,13293.0,25.61
2026-03-06,A관(1공장),[55] 접착/ 멸균,검사6호기,2188.0,2088.0,95.43,1,13293.0,16.46
2026-03-06,A관(1공장),[55] 접착/ 멸균,검사8호기,6501.0,6408.0,98.57,1,13293.0,48.91
2026-03-06,A관(1공장),[55] 접착/ 멸균,검사9호기,238.0,229.0,96.22,1,13293.0,1.79
2026-03-06,A관(1공장),[55] 접착/ 멸균,바이알캡핑기,8226.0,6670.0,81.08,1,0.0,0.0
2026-03-06,A관(1공장),[80] 누수/규격검사,누수/규격검사(1공장),65594.0,62954.0,95.98,1,112902.0,58.1
2026-03-06,C관(2공장),[10] 사출조립,조립10호기,10865.0,10814.0,99.53,1,43200.0,25.15
2026-03-06,C관(2공장),[10] 사출조립,조립11호기,27118.0,24943.0,91.98,1,43200.0,62.77
2026-03-06,C관(2공장),[10] 사출조립,조립12호기,47737.0,45994.0,96.35,1,0.0,0.0
2026-03-06,C관(2공장),[10] 사출조립,조립13호기,48222.0,34633.0,71.82,1,0.0,0.0
2026-03-06,C관(2공장),[10] 사출조립,조립14호기,21729.0,19556.0,90.0,1,43200.0,50.3
2026-03-06,C관(2공장),[10] 사출조립,조립15호기,27994.0,27868.0,99.55,1,43200.0,64.8
2026-03-06,C관(2공장),[10] 사출조립,조립16호기,27547.0,27092.0,98.35,1,43200.0,63.77
2026-03-06,C관(2공장),[10] 사출조립,조립19호기,23129.0,20146.0,87.1,1,43200.0,53.54
2026-03-06,C관(2공장),[10] 사출조립,조립22호기,38596.0,36474.0,94.5,1,43200.0,89.34
2026-03-06,C관(2공장),[10] 사출조립,조립24호기,38004.0,34303.0,90.26,1,43200.0,87.97
2026-03-06,C관(2공장),[10] 사출조립,조립25호기,27652.0,27501.0,99.45,1,43200.0,64.01
2026-03-06,C관(2공장),[10] 사출조립,조립26호기,30662.0,29119.0,94.97,1,43200.0,70.98
2026-03-06,C관(2공장),[10] 사출조립,조립27호기,27901.0,26737.0,95.83,1,43200.0,64.59
2026-03-06,C관(2공장),[10] 사출조립,조립41호기,20228.0,19379.0,95.8,1,43200.0,46.82
2026-03-06,C관(2공장),[10] 사출조립,조립42호기,9568.0,8355.0,87.32,1,43200.0,22.15
2026-03-06,C관(2공장),[10] 사출조립,조립44호기,30181.0,30074.0,99.65,1,43200.0,69.86
2026-03-06,C관(2공장),[10] 사출조립,조립45호기,54754.0,52917.0,96.64,1,43200.0,126.75
2026-03-06,C관(2공장),[10] 사출조립,조립47호기,18092.0,17503.0,96.74,1,43200.0,41.88
2026-03-06,C관(2공장),[10] 사출조립,조립48호기,29771.0,29215.0,98.13,1,43200.0,68.91
2026-03-06,C관(2공장),[10] 사출조립,조립49호기,20634.0,17434.0,84.49,1,43200.0,47.76
2026-03-06,C관(2공장),[10] 사출조립,조립50호기,33129.0,31231.0,94.27,1,43200.0,76.69
2026-03-06,C관(2공장),[10] 사출조립,조립51호기,15378.0,14590.0,94.88,1,43200.0,35.6
2026-03-06,C관(2공장),[10] 사출조립,조립52호기,12054.0,8050.0,66.78,1,43200.0,27.9
2026-03-06,C관(2공장),[10] 사출조립,조립53호기,19525.0,14449.0,74.0,1,43200.0,45.2
2026-03-06,C관(2공장),[10] 사출조립,조립54호기,9128.0,9053.0,99.18,1,43200.0,21.13
2026-03-06,C관(2공장),[10] 사출조립,조립55호기,27653.0,26277.0,95.02,1,43200.0,64.01
2026-03-06,C관(2공장),[10] 사출조립,조립56호기,17335.0,13042.0,75.24,1,43200.0,40.13
2026-03-06,C관(2공장),[10] 사출조립,조립57호기,29798.0,29704.0,99.68,1,43200.0,68.98
2026-03-06,C관(2공장),[10] 사출조립,조립58호기,56311.0,49795.0,88.43,1,43200.0,130.35
2026-03-06,C관(2공장),[10] 사출조립,조립59호기,59688.0,57974.0,97.13,1,43200.0,138.17
2026-03-06,C관(2공장),[20] 분리,분리12호기,46662.0,42913.0,91.97,1,0.0,0.0
2026-03-06,C관(2공장),[20] 분리,분리15호기,55926.0,47810.0,85.49,1,0.0,0.0
2026-03-06,C관(2공장),[20] 분리,분리16호기,31154.0,28190.0,90.49,1,61715.0,50.48
2026-03-06,C관(2공장),[20] 분리,분리17호기,47361.0,41893.0,88.45,1,61715.0,76.74
2026-03-06,C관(2공장),[20] 분리,분리18호기,50245.0,43866.0,87.3,1,61715.0,81.41
2026-03-06,C관(2공장),[20] 분리,분리19호기,47641.0,38891.0,81.63,1,61715.0,77.2
2026-03-06,C관(2공장),[20] 분리,분리20호기,50638.0,44004.0,86.9,1,61715.0,82.05
2026-03-06,C관(2공장),[20] 분리,분리21호기,50324.0,44420.0,88.27,1,61715.0,81.54
2026-03-06,C관(2공장),[20] 분리,분리22호기,48878.0,42328.0,86.6,1,61715.0,79.2
2026-03-06,C관(2공장),[20] 분리,분리23호기,44156.0,38206.0,86.53,1,61715.0,71.55
2026-03-06,C관(2공장),[20] 분리,분리24호기,41731.0,38235.0,91.62,1,61715.0,67.62
2026-03-06,C관(2공장),[20] 분리,분리25호기,49861.0,41760.0,83.75,1,61715.0,80.79
2026-03-06,C관(2공장),[20] 분리,분리26호기,44269.0,38758.0,87.55,1,54000.0,81.98
2026-03-06,C관(2공장),[20] 분리,분리27호기,42127.0,36386.0,86.37,1,54000.0,78.01
2026-03-06,C관(2공장),[20] 분리,분리28호기,35863.0,32535.0,90.72,1,54000.0,66.41
2026-03-06,C관(2공장),[20] 분리,분리29호기,43291.0,36931.0,85.31,1,54000.0,80.17
2026-03-06,C관(2공장),[20] 분리,분리30호기,53492.0,48203.0,90.11,1,54000.0,99.06
2026-03-06,C관(2공장),[20] 분리,분리31호기,51755.0,44842.0,86.64,1,54000.0,95.84
2026-03-06,C관(2공장),[20] 분리,분리32호기,51450.0,44309.0,86.12,1,54000.0,95.28
2026-03-06,C관(2공장),[20] 분리,분리33호기,46652.0,37601.0,80.6,1,54000.0,86.39
2026-03-06,C관(2공장),[20] 분리,분리34호기,42138.0,29696.0,70.47,1,54000.0,78.03
2026-03-06,C관(2공장),[20] 분리,분리35호기,50167.0,42005.0,83.73,1,54000.0,92.9
2026-03-06,C관(2공장),[20] 분리,분리36호기,53596.0,45723.0,85.31,1,54000.0,99.25
2026-03-06,C관(2공장),[20] 분리,분리37호기,52010.0,48078.0,92.44,1,54000.0,96.31
2026-03-06,C관(2공장),[20] 분리,분리43호기,42185.0,35171.0,83.37,1,54000.0,78.12
2026-03-06,C관(2공장),[45] 하이드레이션/전면검사,워터배스2-10호기,94201.0,94070.0,99.86,1,120000.0,78.5
2026-03-06,C관(2공장),[45] 하이드레이션/전면검사,워터배스2-11호기,93652.0,93585.0,99.93,1,150000.0,62.43
2026-03-06,C관(2공장),[45] 하이드레이션/전면검사,워터배스2-12호기,47730.0,47680.0,99.9,1,150000.0,31.82
2026-03-06,C관(2공장),[45] 하이드레이션/전면검사,워터배스2-13호기,83220.0,83125.0,99.89,1,150000.0,55.48
2026-03-06,C관(2공장),[45] 하이드레이션/전면검사,워터배스2-14호기,77544.0,76760.0,98.99,1,150000.0,51.7
2026-03-06,C관(2공장),[45] 하이드레이션/전면검사,워터배스2-1호기,69121.0,69060.0,99.91,1,120000.0,57.6
2026-03-06,C관(2공장),[45] 하이드레이션/전면검사,워터배스2-2호기,45727.0,45665.0,99.86,1,120000.0,38.11
2026-03-06,C관(2공장),[45] 하이드레이션/전면검사,워터배스2-3호기,66526.0,66460.0,99.9,1,120000.0,55.44
2026-03-06,C관(2공장),[45] 하이드레이션/전면검사,워터배스2-4호기,79078.0,79010.0,99.91,1,120000.0,65.9
2026-03-06,C관(2공장),[45] 하이드레이션/전면검사,워터배스2-5호기,87214.0,87060.0,99.82,1,120000.0,72.68
2026-03-06,C관(2공장),[45] 하이드레이션/전면검사,워터배스2-6호기,7385.0,7380.0,99.93,1,30000.0,24.62
2026-03-06,C관(2공장),[45] 하이드레이션/전면검사,워터배스2-7호기,79319.0,79225.0,99.88,1,120000.0,66.1
2026-03-06,C관(2공장),[45] 하이드레이션/전면검사,워터배스2-8호기,91360.0,91275.0,99.91,1,120000.0,76.13
2026-03-06,C관(2공장),[45] 하이드레이션/전면검사,워터배스2-9호기,84797.0,82015.0,96.72,1,120000.0,70.66
2026-03-06,C관(2공장),[55] 접착/ 멸균,검사32호기,34960.0,34340.0,98.23,1,0.0,0.0
2026-03-06,C관(2공장),[55] 접착/ 멸균,검사33호기,44660.0,43480.0,97.36,1,66462.0,67.2
2026-03-06,C관(2공장),[55] 접착/ 멸균,검사34호기,60255.0,59675.0,99.04,1,78546.0,76.71
2026-03-06,C관(2공장),[55] 접착/ 멸균,검사35호기,54830.0,52435.0,95.63,1,78546.0,69.81
2026-03-06,C관(2공장),[55] 접착/ 멸균,검사36호기,55545.0,54610.0,98.32,1,78546.0,70.72
2026-03-06,C관(2공장),[55] 접착/ 멸균,검사37호기,55615.0,55125.0,99.12,1,78546.0,70.81
2026-03-06,C관(2공장),[55] 접착/ 멸균,검사38호기,55870.0,54935.0,98.33,1,78546.0,71.13
2026-03-06,C관(2공장),[55] 접착/ 멸균,검사39호기,56855.0,56100.0,98.67,1,78546.0,72.38
2026-03-06,C관(2공장),[55] 접착/ 멸균,검사40호기,50330.0,49260.0,97.87,1,78546.0,64.08
2026-03-06,C관(2공장),[55] 접착/ 멸균,검사41호기,55235.0,54245.0,98.21,1,78546.0,70.32
2026-03-06,C관(2공장),[55] 접착/ 멸균,검사42호기,49520.0,48530.0,98.0,1,78546.0,63.05
2026-03-06,C관(2공장),[55] 접착/ 멸균,검사43호기,55985.0,55025.0,98.29,1,78546.0,71.28
2026-03-06,C관(2공장),[55] 접착/ 멸균,검사44호기,58260.0,57425.0,98.57,1,78546.0,74.17
2026-03-06,C관(2공장),[55] 접착/ 멸균,검사45호기,52370.0,50620.0,96.66,1,78546.0,66.67
2026-03-06,C관(2공장),[55] 접착/ 멸균,검사46호기,47475.0,46445.0,97.83,1,78546.0,60.44
2026-03-06,C관(2공장),[55] 접착/ 멸균,검사47호기,54370.0,53380.0,98.18,1,78546.0,69.22
2026-03-06,C관(2공장),[55] 접착/ 멸균,검사48호기,55410.0,54815.0,98.93,1,78546.0,70.54
2026-03-06,C관(2공장),[55] 접착/ 멸균,검사49호기,43975.0,41430.0,94.21,1,0.0,0.0
2026-03-06,C관(2공장),[55] 접착/ 멸균,검사50호기,59855.0,59020.0,98.6,1,0.0,0.0
2026-03-06,C관(2공장),[80] 누수/규격검사,누수/규격검사(2공장),901260.0,897765.0,99.61,1,720000.0,125.18
2026-03-06,S관(3공장),[10] 사출조립,A형 인라인1호기 - 조립중합,21879.0,21879.0,100.0,1,0.0,0.0
2026-03-06,S관(3공장),[10] 사출조립,A형 인라인2호기 - 조립중합,21576.0,21576.0,100.0,1,0.0,0.0
2026-03-06,S관(3공장),[10] 사출조립,A형 인라인3호기 - 조립중합,20617.0,20617.0,100.0,1,0.0,0.0
2026-03-06,S관(3공장),[10] 사출조립,A형 인라인5호기 - 조립중합,16556.0,16556.0,100.0,1,0.0,0.0
2026-03-06,S관(3공장),[10] 사출조립,A형 인라인6호기 - 조립중합,23480.0,20595.0,87.71,1,0.0,0.0
2026-03-06,S관(3공장),[10] 사출조립,B형 조립중합6호기,35298.0,32481.0,92.02,1,76800.0,45.96
2026-03-06,S관(3공장),[10] 사출조립,B형 조립중합8호기,6723.0,4427.0,65.85,1,0.0,0.0
2026-03-06,S관(3공장),[10] 사출조립,C형 조립중합5호기,14021.0,13348.0,95.2,1,0.0,0.0
2026-03-06,S관(3공장),[20] 분리,A형 인라인1호기 - 분리,17280.0,14784.0,85.56,1,0.0,0.0
2026-03-06,S관(3공장),[20] 분리,A형 인라인3호기 - 분리,13207.0,12439.0,94.18,1,0.0,0.0
2026-03-06,S관(3공장),[20] 분리,B형 분리2호기,20883.0,18424.0,88.22,1,0.0,0.0
2026-03-06,S관(3공장),[20] 분리,B형 분리3호기,29379.0,24171.0,82.27,1,0.0,0.0
2026-03-06,S관(3공장),[20] 분리,B형 분리4호기,31045.0,26728.0,86.09,1,0.0,0.0
2026-03-06,S관(3공장),[20] 분리,B형 분리5호기,25666.0,22330.0,87.0,1,0.0,0.0
2026-03-06,S관(3공장),[20] 분리,B형 분리6호기,11486.0,9581.0,83.41,1,0.0,0.0
2026-03-06,S관(3공장),[20] 분리,B형 분리7호기,2170.0,1776.0,81.84,1,0.0,0.0
2026-03-06,S관(3공장),[20] 분리,B형 분리8호기,28936.0,25880.0,89.44,1,0.0,0.0
2026-03-06,S관(3공장),[20] 분리,CAM분리3호기,16745.0,13557.0,80.96,1,39273.0,42.64
2026-03-06,S관(3공장),[20] 분리,CAM분리4호기,21117.0,15555.0,73.66,1,39273.0,53.77
2026-03-06,S관(3공장),[45] 하이드레이션/전면검사,A형 인라인2호기 - 접착,10170.0,10150.0,99.8,1,0.0,0.0
2026-03-06,S관(3공장),[45] 하이드레이션/전면검사,S관 실리콘 자동수화기,154245.0,153849.0,99.74,1,240000.0,64.27
2026-03-06,S관(3공장),[55] 접착/ 멸균,A형 인라인1호기 - 접착,48266.0,46450.0,96.24,1,0.0,0.0
2026-03-06,S관(3공장),[55] 접착/ 멸균,A형 인라인2호기 - 접착,39825.0,38530.0,96.75,1,0.0,0.0
2026-03-06,S관(3공장),[55] 접착/ 멸균,A형 인라인3호기 - 접착,47725.0,46740.0,97.94,1,0.0,0.0
2026-03-06,S관(3공장),[55] 접착/ 멸균,A형 인라인4호기 - 접착,41868.0,40845.0,97.56,1,0.0,0.0
2026-03-06,S관(3공장),[55] 접착/ 멸균,A형 인라인5호기 - 접착,10726.0,10140.0,94.54,1,0.0,0.0
2026-03-06,S관(3공장),[55] 접착/ 멸균,A형 인라인6호기 - 접착,12568.0,12310.0,97.95,1,0.0,0.0
2026-03-06,S관(3공장),[55] 접착/ 멸균,B형 분리1호기,2419.0,2380.0,98.39,1,0.0,0.0
2026-03-06,S관(3공장),[80] 누수/규격검사,S관 실리콘 자동수화기,12490.0,12395.0,99.24,1,0.0,0.0
2026-03-06,S관(3공장),[80] 누수/규격검사,누수/규격검사(3공장),186150.0,185055.0,99.41,1,100645.0,184.96
2026-03-07,A관(1공장),[10] 사출조립,조립1호기,21466.0,20878.0,97.26,1,43200.0,49.69
2026-03-07,A관(1공장),[10] 사출조립,조립2호기,13896.0,10962.0,78.89,1,43200.0,32.17
2026-03-07,A관(1공장),[10] 사출조립,조립30호기,44920.0,44670.0,99.44,1,86400.0,51.99
2026-03-07,A관(1공장),[10] 사출조립,조립31호기,43724.0,41362.0,94.6,1,86400.0,50.61
2026-03-07,A관(1공장),[10] 사출조립,조립3호기,35211.0,33972.0,96.48,1,43200.0,81.51
2026-03-07,A관(1공장),[10] 사출조립,조립4호기,16583.0,16583.0,100.0,1,43200.0,38.39
2026-03-07,A관(1공장),[10] 사출조립,조립8호기,38501.0,38501.0,100.0,1,43200.0,89.12
2026-03-07,A관(1공장),[20] 분리,분리10호기,15182.0,12875.0,84.8,1,17280.0,87.86
2026-03-07,A관(1공장),[20] 분리,분리14호기,35374.0,29095.0,82.25,1,54000.0,65.51
2026-03-07,A관(1공장),[20] 분리,분리3호기,1748.0,1505.0,86.1,1,17280.0,10.12
2026-03-07,A관(1공장),[20] 분리,분리5호기,15548.0,11938.0,76.78,1,17280.0,89.98
2026-03-07,A관(1공장),[45] 하이드레이션/전면검사,1공장 실리콘수화기,29371.0,29371.0,100.0,1,0.0,0.0
2026-03-07,A관(1공장),[45] 하이드레이션/전면검사,워터배스1-2호기,500.0,428.0,85.6,1,30000.0,1.67
2026-03-07,A관(1공장),[45] 하이드레이션/전면검사,워터배스1-3호기,16188.0,16188.0,100.0,1,30000.0,53.96
2026-03-07,A관(1공장),[45] 하이드레이션/전면검사,워터배스1-4호기,8867.0,8867.0,100.0,1,30000.0,29.56
2026-03-07,A관(1공장),[45] 하이드레이션/전면검사,워터배스1-5호기,35273.0,35086.0,99.47,1,150000.0,23.52
2026-03-07,A관(1공장),[55] 접착/ 멸균,A관 자동접착2호기,1516.0,1244.0,82.06,1,0.0,0.0
2026-03-07,A관(1공장),[55] 접착/ 멸균,검사10호기,4696.0,4298.0,91.52,1,13293.0,35.33
2026-03-07,A관(1공장),[55] 접착/ 멸균,검사11호기,11702.0,11406.0,97.47,1,13293.0,88.03
2026-03-07,A관(1공장),[55] 접착/ 멸균,검사14호기,11432.0,11196.0,97.94,1,13293.0,86.0
2026-03-07,A관(1공장),[55] 접착/ 멸균,검사15호기,6396.0,6391.0,99.92,1,13293.0,48.12
2026-03-07,A관(1공장),[55] 접착/ 멸균,검사16호기,8609.0,7764.0,90.18,1,13293.0,64.76
2026-03-07,A관(1공장),[55] 접착/ 멸균,검사17호기,6245.0,5848.0,93.64,1,13293.0,46.98
2026-03-07,A관(1공장),[55] 접착/ 멸균,검사18호기,10051.0,9016.0,89.7,1,13293.0,75.61
2026-03-07,A관(1공장),[55] 접착/ 멸균,검사19호기,12113.0,11368.0,93.85,1,13293.0,91.12
2026-03-07,A관(1공장),[55] 접착/ 멸균,검사20호기,3745.0,3350.0,89.45,1,13293.0,28.17
2026-03-07,A관(1공장),[55] 접착/ 멸균,검사21호기,4661.0,4410.0,94.61,1,13293.0,35.06
2026-03-07,A관(1공장),[55] 접착/ 멸균,검사22호기,8272.0,7148.0,86.41,1,13293.0,62.23
2026-03-07,A관(1공장),[55] 접착/ 멸균,검사23호기,6441.0,6218.0,96.54,1,13293.0,48.45
2026-03-07,A관(1공장),[55] 접착/ 멸균,검사6호기,9644.0,8550.0,88.66,1,13293.0,72.55
2026-03-07,A관(1공장),[55] 접착/ 멸균,바이알캡핑기,5395.0,4871.0,90.29,1,0.0,0.0
2026-03-07,A관(1공장),[80] 누수/규격검사,누수/규격검사(1공장),93991.0,91886.0,97.76,1,112902.0,83.25
2026-03-07,C관(2공장),[10] 사출조립,조립10호기,25938.0,24588.0,94.8,1,43200.0,60.04
2026-03-07,C관(2공장),[10] 사출조립,조립11호기,16470.0,14908.0,90.52,1,43200.0,38.12
2026-03-07,C관(2공장),[10] 사출조립,조립12호기,33773.0,32208.0,95.37,1,0.0,0.0
2026-03-07,C관(2공장),[10] 사출조립,조립13호기,23614.0,21244.0,89.96,1,0.0,0.0
2026-03-07,C관(2공장),[10] 사출조립,조립14호기,52324.0,38877.0,74.3,1,43200.0,121.12
2026-03-07,C관(2공장),[10] 사출조립,조립15호기,27053.0,27022.0,99.89,1,43200.0,62.62
2026-03-07,C관(2공장),[10] 사출조립,조립16호기,50548.0,47015.0,93.01,1,43200.0,117.01
2026-03-07,C관(2공장),[10] 사출조립,조립19호기,25754.0,22466.0,87.23,1,43200.0,59.62
2026-03-07,C관(2공장),[10] 사출조립,조립22호기,31544.0,26744.0,84.78,1,43200.0,73.02
2026-03-07,C관(2공장),[10] 사출조립,조립24호기,24283.0,23428.0,96.48,1,43200.0,56.21
2026-03-07,C관(2공장),[10] 사출조립,조립25호기,40822.0,32574.0,79.8,1,43200.0,94.5
2026-03-07,C관(2공장),[10] 사출조립,조립26호기,56611.0,51371.0,90.74,1,43200.0,131.04
2026-03-07,C관(2공장),[10] 사출조립,조립27호기,59368.0,58543.0,98.61,1,43200.0,137.43
2026-03-07,C관(2공장),[10] 사출조립,조립41호기,29507.0,29473.0,99.88,1,43200.0,68.3
2026-03-07,C관(2공장),[10] 사출조립,조립42호기,44677.0,35224.0,78.84,1,43200.0,103.42
2026-03-07,C관(2공장),[10] 사출조립,조립44호기,29451.0,27881.0,94.67,1,43200.0,68.17
2026-03-07,C관(2공장),[10] 사출조립,조립45호기,32492.0,19612.0,60.36,1,43200.0,75.21
2026-03-07,C관(2공장),[10] 사출조립,조립46호기,27055.0,24255.0,89.65,1,43200.0,62.63
2026-03-07,C관(2공장),[10] 사출조립,조립47호기,22299.0,20052.0,89.92,1,43200.0,51.62
2026-03-07,C관(2공장),[10] 사출조립,조립48호기,34304.0,30166.0,87.94,1,43200.0,79.41
2026-03-07,C관(2공장),[10] 사출조립,조립49호기,14132.0,12794.0,90.53,1,43200.0,32.71
2026-03-07,C관(2공장),[10] 사출조립,조립50호기,29900.0,29140.0,97.46,1,43200.0,69.21
2026-03-07,C관(2공장),[10] 사출조립,조립51호기,36830.0,33380.0,90.63,1,43200.0,85.25
2026-03-07,C관(2공장),[10] 사출조립,조립52호기,34902.0,32733.0,93.79,1,43200.0,80.79
2026-03-07,C관(2공장),[10] 사출조립,조립54호기,39939.0,33062.0,82.78,1,43200.0,92.45
2026-03-07,C관(2공장),[10] 사출조립,조립55호기,35706.0,27125.0,75.97,1,43200.0,82.65
2026-03-07,C관(2공장),[10] 사출조립,조립56호기,19649.0,17804.0,90.61,1,43200.0,45.48
2026-03-07,C관(2공장),[10] 사출조립,조립57호기,31656.0,31356.0,99.05,1,43200.0,73.28
2026-03-07,C관(2공장),[10] 사출조립,조립58호기,29968.0,29968.0,100.0,1,43200.0,69.37
2026-03-07,C관(2공장),[10] 사출조립,조립59호기,26314.0,25114.0,95.44,1,43200.0,60.91
2026-03-07,C관(2공장),[20] 분리,분리12호기,51971.0,45007.0,86.6,1,0.0,0.0
2026-03-07,C관(2공장),[20] 분리,분리15호기,54541.0,49049.0,89.93,1,0.0,0.0
2026-03-07,C관(2공장),[20] 분리,분리16호기,41039.0,35224.0,85.83,1,61715.0,66.5
2026-03-07,C관(2공장),[20] 분리,분리17호기,47012.0,42380.0,90.15,1,61715.0,76.18
2026-03-07,C관(2공장),[20] 분리,분리18호기,43089.0,37036.0,85.95,1,61715.0,69.82
2026-03-07,C관(2공장),[20] 분리,분리19호기,46170.0,38623.0,83.65,1,61715.0,74.81
2026-03-07,C관(2공장),[20] 분리,분리20호기,43915.0,38493.0,87.65,1,61715.0,71.16
2026-03-07,C관(2공장),[20] 분리,분리21호기,46055.0,40009.0,86.87,1,61715.0,74.63
2026-03-07,C관(2공장),[20] 분리,분리22호기,45587.0,37207.0,81.62,1,61715.0,73.87
2026-03-07,C관(2공장),[20] 분리,분리23호기,39110.0,31655.0,80.94,1,61715.0,63.37
2026-03-07,C관(2공장),[20] 분리,분리24호기,46895.0,43949.0,93.72,1,61715.0,75.99
2026-03-07,C관(2공장),[20] 분리,분리25호기,43145.0,34729.0,80.49,1,61715.0,69.91
2026-03-07,C관(2공장),[20] 분리,분리26호기,45982.0,40122.0,87.26,1,54000.0,85.15
2026-03-07,C관(2공장),[20] 분리,분리27호기,42855.0,35596.0,83.06,1,54000.0,79.36
2026-03-07,C관(2공장),[20] 분리,분리28호기,42181.0,37341.0,88.53,1,54000.0,78.11
2026-03-07,C관(2공장),[20] 분리,분리29호기,41234.0,33706.0,81.74,1,54000.0,76.36
2026-03-07,C관(2공장),[20] 분리,분리30호기,53604.0,49470.0,92.29,1,54000.0,99.27
2026-03-07,C관(2공장),[20] 분리,분리31호기,50528.0,44514.0,88.1,1,54000.0,93.57
2026-03-07,C관(2공장),[20] 분리,분리32호기,51100.0,42429.0,83.03,1,54000.0,94.63
2026-03-07,C관(2공장),[20] 분리,분리33호기,46942.0,38177.0,81.33,1,54000.0,86.93
2026-03-07,C관(2공장),[20] 분리,분리34호기,36153.0,29407.0,81.34,1,54000.0,66.95
2026-03-07,C관(2공장),[20] 분리,분리35호기,44664.0,37258.0,83.42,1,54000.0,82.71
2026-03-07,C관(2공장),[20] 분리,분리36호기,46754.0,39551.0,84.59,1,54000.0,86.58
2026-03-07,C관(2공장),[20] 분리,분리37호기,33785.0,31482.0,93.18,1,54000.0,62.56
2026-03-07,C관(2공장),[20] 분리,분리43호기,45191.0,35715.0,79.03,1,54000.0,83.69
2026-03-07,C관(2공장),[45] 하이드레이션/전면검사,워터배스2-10호기,98042.0,97970.0,99.93,1,120000.0,81.7
2026-03-07,C관(2공장),[45] 하이드레이션/전면검사,워터배스2-11호기,80244.0,80005.0,99.7,1,150000.0,53.5
2026-03-07,C관(2공장),[45] 하이드레이션/전면검사,워터배스2-12호기,129703.0,129530.0,99.87,1,150000.0,86.47
2026-03-07,C관(2공장),[45] 하이드레이션/전면검사,워터배스2-13호기,85671.0,85570.0,99.88,1,150000.0,57.11
2026-03-07,C관(2공장),[45] 하이드레이션/전면검사,워터배스2-14호기,78709.0,77905.0,98.98,1,150000.0,52.47
2026-03-07,C관(2공장),[45] 하이드레이션/전면검사,워터배스2-1호기,77015.0,76940.0,99.9,1,120000.0,64.18
2026-03-07,C관(2공장),[45] 하이드레이션/전면검사,워터배스2-2호기,68472.0,68385.0,99.87,1,120000.0,57.06
2026-03-07,C관(2공장),[45] 하이드레이션/전면검사,워터배스2-3호기,79318.0,79255.0,99.92,1,120000.0,66.1
2026-03-07,C관(2공장),[45] 하이드레이션/전면검사,워터배스2-4호기,89972.0,87780.0,97.56,1,120000.0,74.98
2026-03-07,C관(2공장),[45] 하이드레이션/전면검사,워터배스2-5호기,75991.0,75865.0,99.83,1,120000.0,63.33
2026-03-07,C관(2공장),[45] 하이드레이션/전면검사,워터배스2-6호기,12628.0,12610.0,99.86,1,30000.0,42.09
2026-03-07,C관(2공장),[45] 하이드레이션/전면검사,워터배스2-7호기,82071.0,82005.0,99.92,1,120000.0,68.39
2026-03-07,C관(2공장),[45] 하이드레이션/전면검사,워터배스2-8호기,71615.0,71505.0,99.85,1,120000.0,59.68
2026-03-07,C관(2공장),[45] 하이드레이션/전면검사,워터배스2-9호기,75590.0,72645.0,96.1,1,120000.0,62.99
2026-03-07,C관(2공장),[55] 접착/ 멸균,검사32호기,38865.0,38395.0,98.79,1,0.0,0.0
2026-03-07,C관(2공장),[55] 접착/ 멸균,검사33호기,50290.0,49690.0,98.81,1,66462.0,75.67
2026-03-07,C관(2공장),[55] 접착/ 멸균,검사34호기,60865.0,60230.0,98.96,1,78546.0,77.49
2026-03-07,C관(2공장),[55] 접착/ 멸균,검사35호기,49880.0,48385.0,97.0,1,78546.0,63.5
2026-03-07,C관(2공장),[55] 접착/ 멸균,검사36호기,50330.0,49000.0,97.36,1,78546.0,64.08
2026-03-07,C관(2공장),[55] 접착/ 멸균,검사37호기,57540.0,56985.0,99.04,1,78546.0,73.26
2026-03-07,C관(2공장),[55] 접착/ 멸균,검사38호기,54490.0,52800.0,96.9,1,78546.0,69.37
2026-03-07,C관(2공장),[55] 접착/ 멸균,검사39호기,54230.0,53450.0,98.56,1,78546.0,69.04
2026-03-07,C관(2공장),[55] 접착/ 멸균,검사40호기,47585.0,46760.0,98.27,1,78546.0,60.58
2026-03-07,C관(2공장),[55] 접착/ 멸균,검사41호기,56080.0,55295.0,98.6,1,78546.0,71.4
2026-03-07,C관(2공장),[55] 접착/ 멸균,검사42호기,55675.0,54690.0,98.23,1,78546.0,70.88
2026-03-07,C관(2공장),[55] 접착/ 멸균,검사43호기,57890.0,56735.0,98.0,1,78546.0,73.7
2026-03-07,C관(2공장),[55] 접착/ 멸균,검사44호기,51660.0,50960.0,98.64,1,78546.0,65.77
2026-03-07,C관(2공장),[55] 접착/ 멸균,검사45호기,55030.0,54150.0,98.4,1,78546.0,70.06
2026-03-07,C관(2공장),[55] 접착/ 멸균,검사46호기,50795.0,49615.0,97.68,1,78546.0,64.67
2026-03-07,C관(2공장),[55] 접착/ 멸균,검사47호기,48610.0,47325.0,97.36,1,78546.0,61.89
2026-03-07,C관(2공장),[55] 접착/ 멸균,검사48호기,57170.0,56055.0,98.05,1,78546.0,72.79
2026-03-07,C관(2공장),[55] 접착/ 멸균,검사49호기,37595.0,36925.0,98.22,1,0.0,0.0
2026-03-07,C관(2공장),[55] 접착/ 멸균,검사50호기,50830.0,49530.0,97.44,1,0.0,0.0
2026-03-07,C관(2공장),[80] 누수/규격검사,누수/규격검사(2공장),969150.0,962890.0,99.35,1,720000.0,134.6
2026-03-07,S관(3공장),[10] 사출조립,A형 인라인1호기 - 조립중합,48812.0,48812.0,100.0,1,0.0,0.0
2026-03-07,S관(3공장),[10] 사출조립,A형 인라인2호기 - 조립중합,21937.0,21937.0,100.0,1,0.0,0.0
2026-03-07,S관(3공장),[10] 사출조립,A형 인라인3호기 - 조립중합,40867.0,40867.0,100.0,1,0.0,0.0
2026-03-07,S관(3공장),[10] 사출조립,A형 인라인5호기 - 조립중합,16732.0,16732.0,100.0,1,0.0,0.0
2026-03-07,S관(3공장),[10] 사출조립,B형 조립중합6호기,16687.0,12898.0,77.29,1,76800.0,21.73
2026-03-07,S관(3공장),[10] 사출조립,B형 조립중합8호기,31791.0,30976.0,97.44,1,0.0,0.0
2026-03-07,S관(3공장),[10] 사출조립,C형 조립중합5호기,12023.0,10993.0,91.43,1,0.0,0.0
2026-03-07,S관(3공장),[20] 분리,A형 인라인1호기 - 분리,32337.0,29445.0,91.06,1,0.0,0.0
2026-03-07,S관(3공장),[20] 분리,A형 인라인2호기 - 분리,19786.0,17195.0,86.9,1,0.0,0.0
2026-03-07,S관(3공장),[20] 분리,A형 인라인3호기 - 분리,26768.0,24538.0,91.67,1,0.0,0.0
2026-03-07,S관(3공장),[20] 분리,B형 분리2호기,11883.0,10525.0,88.57,1,0.0,0.0
2026-03-07,S관(3공장),[20] 분리,B형 분리3호기,16515.0,13005.0,78.75,1,0.0,0.0
2026-03-07,S관(3공장),[20] 분리,B형 분리4호기,32039.0,25916.0,80.89,1,0.0,0.0
2026-03-07,S관(3공장),[20] 분리,B형 분리5호기,21301.0,18007.0,84.54,1,0.0,0.0
2026-03-07,S관(3공장),[20] 분리,B형 분리6호기,29431.0,24698.0,83.92,1,0.0,0.0
2026-03-07,S관(3공장),[20] 분리,B형 분리7호기,6548.0,5879.0,89.78,1,0.0,0.0
2026-03-07,S관(3공장),[20] 분리,B형 분리8호기,30243.0,26436.0,87.41,1,0.0,0.0
2026-03-07,S관(3공장),[20] 분리,CAM분리3호기,22675.0,18865.0,83.2,1,39273.0,57.74
2026-03-07,S관(3공장),[20] 분리,CAM분리4호기,16568.0,13661.0,82.45,1,39273.0,42.19
2026-03-07,S관(3공장),[45] 하이드레이션/전면검사,A형 인라인2호기 - 접착,20232.0,20156.0,99.62,1,0.0,0.0
2026-03-07,S관(3공장),[45] 하이드레이션/전면검사,S관 실리콘 자동수화기,167815.0,167156.0,99.61,1,240000.0,69.92
2026-03-07,S관(3공장),[55] 접착/ 멸균,A형 인라인1호기 - 접착,32414.0,30720.0,94.77,1,0.0,0.0
2026-03-07,S관(3공장),[55] 접착/ 멸균,A형 인라인2호기 - 접착,43533.0,42605.0,97.87,1,0.0,0.0
2026-03-07,S관(3공장),[55] 접착/ 멸균,A형 인라인3호기 - 접착,34005.0,33175.0,97.56,1,0.0,0.0
2026-03-07,S관(3공장),[55] 접착/ 멸균,A형 인라인4호기 - 접착,33510.0,32815.0,97.93,1,0.0,0.0
2026-03-07,S관(3공장),[55] 접착/ 멸균,A형 인라인5호기 - 접착,26002.0,25285.0,97.24,1,0.0,0.0
2026-03-07,S관(3공장),[55] 접착/ 멸균,A형 인라인6호기 - 접착,18872.0,18315.0,97.05,1,0.0,0.0
2026-03-07,S관(3공장),[55] 접착/ 멸균,B형 분리1호기,2378.0,2330.0,97.98,1,0.0,0.0
2026-03-07,S관(3공장),[55] 접착/ 멸균,B형 분리3호기,1520.0,1475.0,97.04,1,0.0,0.0
2026-03-07,S관(3공장),[80] 누수/규격검사,누수/규격검사(3공장),175300.0,173225.0,98.82,1,100645.0,174.18
2026-03-08,A관(1공장),[10] 사출조립,조립1호기,34933.0,34933.0,100.0,1,43200.0,80.86
2026-03-08,A관(1공장),[10] 사출조립,조립2호기,9792.0,8509.0,86.9,1,43200.0,22.67
2026-03-08,A관(1공장),[10] 사출조립,조립30호기,101369.0,100850.0,99.49,1,86400.0,117.33
2026-03-08,A관(1공장),[10] 사출조립,조립31호기,92417.0,91880.0,99.42,1,86400.0,106.96
2026-03-08,A관(1공장),[10] 사출조립,조립4호기,8695.0,8152.0,93.76,1,43200.0,20.13
2026-03-08,A관(1공장),[10] 사출조립,조립8호기,35165.0,35165.0,100.0,1,43200.0,81.4
2026-03-08,A관(1공장),[20] 분리,분리10호기,15643.0,13454.0,86.01,1,17280.0,90.53
2026-03-08,A관(1공장),[20] 분리,분리14호기,36315.0,32233.0,88.76,1,54000.0,67.25
2026-03-08,A관(1공장),[20] 분리,분리42호기(초음파),14941.0,12526.0,83.84,1,62837.0,23.78
2026-03-08,A관(1공장),[20] 분리,분리5호기,19338.0,14458.0,74.76,1,17280.0,111.91
2026-03-08,A관(1공장),[45] 하이드레이션/전면검사,1공장 실리콘수화기,15793.0,15793.0,100.0,1,0.0,0.0
2026-03-08,A관(1공장),[45] 하이드레이션/전면검사,워터배스1-2호기,16200.0,16200.0,100.0,1,30000.0,54.0
2026-03-08,A관(1공장),[45] 하이드레이션/전면검사,워터배스1-3호기,7972.0,7972.0,100.0,1,30000.0,26.57
2026-03-08,A관(1공장),[45] 하이드레이션/전면검사,워터배스1-4호기,5281.0,5281.0,100.0,1,30000.0,17.6
2026-03-08,A관(1공장),[45] 하이드레이션/전면검사,워터배스1-5호기,37371.0,37086.0,99.24,1,150000.0,24.91
2026-03-08,A관(1공장),[45] 하이드레이션/전면검사,워터배스1-6호기,34333.0,34333.0,100.0,1,150000.0,22.89
2026-03-08,A관(1공장),[55] 접착/ 멸균,검사10호기,7318.0,6635.0,90.67,1,13293.0,55.05
2026-03-08,A관(1공장),[55] 접착/ 멸균,검사11호기,10572.0,10058.0,95.14,1,13293.0,79.53
2026-03-08,A관(1공장),[55] 접착/ 멸균,검사14호기,12193.0,11446.0,93.87,1,13293.0,91.72
2026-03-08,A관(1공장),[55] 접착/ 멸균,검사16호기,12816.0,12210.0,95.27,1,13293.0,96.41
2026-03-08,A관(1공장),[55] 접착/ 멸균,검사17호기,5936.0,5512.0,92.86,1,13293.0,44.66
2026-03-08,A관(1공장),[55] 접착/ 멸균,검사18호기,9403.0,8596.0,91.42,1,13293.0,70.74
2026-03-08,A관(1공장),[55] 접착/ 멸균,검사19호기,6332.0,6074.0,95.93,1,13293.0,47.63
2026-03-08,A관(1공장),[55] 접착/ 멸균,검사21호기,8199.0,7858.0,95.84,1,13293.0,61.68
2026-03-08,A관(1공장),[55] 접착/ 멸균,검사22호기,5334.0,5047.0,94.62,1,13293.0,40.13
2026-03-08,A관(1공장),[55] 접착/ 멸균,검사23호기,11968.0,11718.0,97.91,1,13293.0,90.03
2026-03-08,A관(1공장),[55] 접착/ 멸균,검사6호기,5642.0,4977.0,88.21,1,13293.0,42.44
2026-03-08,A관(1공장),[55] 접착/ 멸균,바이알캡핑기,2243.0,2001.0,89.21,1,0.0,0.0
2026-03-08,A관(1공장),[80] 누수/규격검사,누수/규격검사(1공장),79476.0,77363.0,97.34,1,112902.0,70.39
2026-03-08,C관(2공장),[10] 사출조립,조립10호기,29970.0,29600.0,98.77,1,43200.0,69.38
2026-03-08,C관(2공장),[10] 사출조립,조립11호기,23667.0,18534.0,78.31,1,43200.0,54.78
2026-03-08,C관(2공장),[10] 사출조립,조립12호기,27099.0,25247.0,93.17,1,0.0,0.0
2026-03-08,C관(2공장),[10] 사출조립,조립14호기,9516.0,8294.0,87.16,1,43200.0,22.03
2026-03-08,C관(2공장),[10] 사출조립,조립15호기,25032.0,24911.0,99.52,1,43200.0,57.94
2026-03-08,C관(2공장),[10] 사출조립,조립16호기,32180.0,29780.0,92.54,1,43200.0,74.49
2026-03-08,C관(2공장),[10] 사출조립,조립19호기,10789.0,9060.0,83.97,1,43200.0,24.97
2026-03-08,C관(2공장),[10] 사출조립,조립22호기,6182.0,6182.0,100.0,1,43200.0,14.31
2026-03-08,C관(2공장),[10] 사출조립,조립24호기,24377.0,24346.0,99.87,1,43200.0,56.43
2026-03-08,C관(2공장),[10] 사출조립,조립27호기,1500.0,0.0,0.0,1,43200.0,3.47
2026-03-08,C관(2공장),[10] 사출조립,조립41호기,22628.0,21011.0,92.85,1,43200.0,52.38
2026-03-08,C관(2공장),[10] 사출조립,조립42호기,20610.0,15928.0,77.28,1,43200.0,47.71
2026-03-08,C관(2공장),[10] 사출조립,조립44호기,29932.0,29732.0,99.33,1,43200.0,69.29
2026-03-08,C관(2공장),[10] 사출조립,조립45호기,20059.0,13209.0,65.85,1,43200.0,46.43
2026-03-08,C관(2공장),[10] 사출조립,조립46호기,46676.0,42726.0,91.54,1,43200.0,108.05
2026-03-08,C관(2공장),[10] 사출조립,조립47호기,29757.0,29757.0,100.0,1,43200.0,68.88
2026-03-08,C관(2공장),[10] 사출조립,조립48호기,16494.0,14316.0,86.8,1,43200.0,38.18
2026-03-08,C관(2공장),[10] 사출조립,조립50호기,56975.0,51875.0,91.05,1,43200.0,131.89
2026-03-08,C관(2공장),[10] 사출조립,조립54호기,2120.0,0.0,0.0,1,43200.0,4.91
2026-03-08,C관(2공장),[10] 사출조립,조립57호기,26987.0,24956.0,92.47,1,43200.0,62.47
2026-03-08,C관(2공장),[20] 분리,분리12호기,32307.0,27709.0,85.77,1,0.0,0.0
2026-03-08,C관(2공장),[20] 분리,분리15호기,50944.0,47260.0,92.77,1,0.0,0.0
2026-03-08,C관(2공장),[20] 분리,분리16호기,19729.0,16874.0,85.53,1,61715.0,31.97
2026-03-08,C관(2공장),[20] 분리,분리17호기,27279.0,23015.0,84.37,1,61715.0,44.2
2026-03-08,C관(2공장),[20] 분리,분리18호기,41562.0,35786.0,86.1,1,61715.0,67.35
2026-03-08,C관(2공장),[20] 분리,분리19호기,43814.0,40531.0,92.51,1,61715.0,70.99
2026-03-08,C관(2공장),[20] 분리,분리20호기,44963.0,40640.0,90.39,1,61715.0,72.86
2026-03-08,C관(2공장),[20] 분리,분리21호기,46726.0,40287.0,86.22,1,61715.0,75.71
2026-03-08,C관(2공장),[20] 분리,분리22호기,47234.0,40986.0,86.77,1,61715.0,76.54
2026-03-08,C관(2공장),[20] 분리,분리23호기,42320.0,36041.0,85.16,1,61715.0,68.57
2026-03-08,C관(2공장),[20] 분리,분리24호기,35397.0,32404.0,91.54,1,61715.0,57.36
2026-03-08,C관(2공장),[20] 분리,분리25호기,43663.0,35588.0,81.51,1,61715.0,70.75
2026-03-08,C관(2공장),[20] 분리,분리26호기,38807.0,35602.0,91.74,1,54000.0,71.86
2026-03-08,C관(2공장),[20] 분리,분리27호기,27529.0,24205.0,87.93,1,54000.0,50.98
2026-03-08,C관(2공장),[20] 분리,분리28호기,37479.0,31977.0,85.32,1,54000.0,69.41
2026-03-08,C관(2공장),[20] 분리,분리29호기,41015.0,32052.0,78.15,1,54000.0,75.95
2026-03-08,C관(2공장),[20] 분리,분리30호기,47007.0,41263.0,87.78,1,54000.0,87.05
2026-03-08,C관(2공장),[20] 분리,분리31호기,51589.0,45231.0,87.68,1,54000.0,95.54
2026-03-08,C관(2공장),[20] 분리,분리32호기,48334.0,35778.0,74.02,1,54000.0,89.51
2026-03-08,C관(2공장),[20] 분리,분리33호기,49879.0,39962.0,80.12,1,54000.0,92.37
2026-03-08,C관(2공장),[20] 분리,분리34호기,41349.0,34176.0,82.65,1,54000.0,76.57
2026-03-08,C관(2공장),[20] 분리,분리35호기,26027.0,22042.0,84.69,1,54000.0,48.2
2026-03-08,C관(2공장),[20] 분리,분리36호기,51407.0,42917.0,83.48,1,54000.0,95.2
2026-03-08,C관(2공장),[20] 분리,분리37호기,42176.0,39528.0,93.72,1,54000.0,78.1
2026-03-08,C관(2공장),[20] 분리,분리43호기,42691.0,34701.0,81.28,1,54000.0,79.06
2026-03-08,C관(2공장),[45] 하이드레이션/전면검사,워터배스2-10호기,90044.0,89955.0,99.9,1,120000.0,75.04
2026-03-08,C관(2공장),[45] 하이드레이션/전면검사,워터배스2-11호기,64311.0,64225.0,99.87,1,150000.0,42.87
2026-03-08,C관(2공장),[45] 하이드레이션/전면검사,워터배스2-12호기,57450.0,57380.0,99.88,1,150000.0,38.3
2026-03-08,C관(2공장),[45] 하이드레이션/전면검사,워터배스2-13호기,76436.0,76255.0,99.76,1,150000.0,50.96
2026-03-08,C관(2공장),[45] 하이드레이션/전면검사,워터배스2-14호기,99912.0,99810.0,99.9,1,150000.0,66.61
2026-03-08,C관(2공장),[45] 하이드레이션/전면검사,워터배스2-1호기,88447.0,88365.0,99.91,1,120000.0,73.71
2026-03-08,C관(2공장),[45] 하이드레이션/전면검사,워터배스2-2호기,52098.0,52030.0,99.87,1,120000.0,43.42
2026-03-08,C관(2공장),[45] 하이드레이션/전면검사,워터배스2-3호기,87214.0,87120.0,99.89,1,120000.0,72.68
2026-03-08,C관(2공장),[45] 하이드레이션/전면검사,워터배스2-4호기,62745.0,62665.0,99.87,1,120000.0,52.29
2026-03-08,C관(2공장),[45] 하이드레이션/전면검사,워터배스2-5호기,108101.0,107765.0,99.69,1,120000.0,90.08
2026-03-08,C관(2공장),[45] 하이드레이션/전면검사,워터배스2-6호기,10861.0,10850.0,99.9,1,30000.0,36.2
2026-03-08,C관(2공장),[45] 하이드레이션/전면검사,워터배스2-7호기,60917.0,60850.0,99.89,1,120000.0,50.76
2026-03-08,C관(2공장),[45] 하이드레이션/전면검사,워터배스2-8호기,69713.0,69620.0,99.87,1,120000.0,58.09
2026-03-08,C관(2공장),[45] 하이드레이션/전면검사,워터배스2-9호기,72210.0,72035.0,99.76,1,120000.0,60.18
2026-03-08,C관(2공장),[55] 접착/ 멸균,검사32호기,32550.0,31190.0,95.82,1,0.0,0.0
2026-03-08,C관(2공장),[55] 접착/ 멸균,검사33호기,42795.0,41810.0,97.7,1,66462.0,64.39
2026-03-08,C관(2공장),[55] 접착/ 멸균,검사34호기,55635.0,54675.0,98.27,1,78546.0,70.83
2026-03-08,C관(2공장),[55] 접착/ 멸균,검사35호기,51780.0,50545.0,97.61,1,78546.0,65.92
2026-03-08,C관(2공장),[55] 접착/ 멸균,검사36호기,50905.0,50060.0,98.34,1,78546.0,64.81
2026-03-08,C관(2공장),[55] 접착/ 멸균,검사37호기,51375.0,50795.0,98.87,1,78546.0,65.41
2026-03-08,C관(2공장),[55] 접착/ 멸균,검사38호기,50830.0,49585.0,97.55,1,78546.0,64.71
2026-03-08,C관(2공장),[55] 접착/ 멸균,검사39호기,44750.0,43865.0,98.02,1,78546.0,56.97
2026-03-08,C관(2공장),[55] 접착/ 멸균,검사40호기,44675.0,43790.0,98.02,1,78546.0,56.88
2026-03-08,C관(2공장),[55] 접착/ 멸균,검사41호기,51410.0,50595.0,98.41,1,78546.0,65.45
2026-03-08,C관(2공장),[55] 접착/ 멸균,검사42호기,51825.0,50805.0,98.03,1,78546.0,65.98
2026-03-08,C관(2공장),[55] 접착/ 멸균,검사43호기,56110.0,55130.0,98.25,1,78546.0,71.44
2026-03-08,C관(2공장),[55] 접착/ 멸균,검사44호기,51605.0,50455.0,97.77,1,78546.0,65.7
2026-03-08,C관(2공장),[55] 접착/ 멸균,검사45호기,48745.0,47450.0,97.34,1,78546.0,62.06
2026-03-08,C관(2공장),[55] 접착/ 멸균,검사46호기,50095.0,48115.0,96.05,1,78546.0,63.78
2026-03-08,C관(2공장),[55] 접착/ 멸균,검사47호기,45000.0,43355.0,96.34,1,78546.0,57.29
2026-03-08,C관(2공장),[55] 접착/ 멸균,검사48호기,57710.0,56490.0,97.89,1,78546.0,73.47
2026-03-08,C관(2공장),[55] 접착/ 멸균,검사49호기,25185.0,24815.0,98.53,1,0.0,0.0
2026-03-08,C관(2공장),[55] 접착/ 멸균,검사50호기,33205.0,32190.0,96.94,1,0.0,0.0
2026-03-08,C관(2공장),[80] 누수/규격검사,누수/규격검사(2공장),947905.0,943270.0,99.51,1,720000.0,131.65
2026-03-08,S관(3공장),[10] 사출조립,A형 인라인2호기 - 조립중합,35820.0,35820.0,100.0,1,0.0,0.0
2026-03-08,S관(3공장),[10] 사출조립,A형 인라인3호기 - 조립중합,47587.0,47587.0,100.0,1,0.0,0.0
2026-03-08,S관(3공장),[10] 사출조립,A형 인라인5호기 - 조립중합,31207.0,31207.0,100.0,1,0.0,0.0
2026-03-08,S관(3공장),[10] 사출조립,A형 인라인6호기 - 조립중합,28535.0,28535.0,100.0,1,0.0,0.0
2026-03-08,S관(3공장),[10] 사출조립,B형 조립중합6호기,28896.0,26489.0,91.67,1,76800.0,37.62
2026-03-08,S관(3공장),[10] 사출조립,B형 조립중합8호기,17424.0,10836.0,62.19,1,0.0,0.0
2026-03-08,S관(3공장),[10] 사출조립,C형 조립중합5호기,10350.0,10236.0,98.9,1,0.0,0.0
2026-03-08,S관(3공장),[20] 분리,A형 인라인2호기 - 분리,22215.0,21252.0,95.67,1,0.0,0.0
2026-03-08,S관(3공장),[20] 분리,A형 인라인3호기 - 분리,30039.0,28663.0,95.42,1,0.0,0.0
2026-03-08,S관(3공장),[20] 분리,B형 분리2호기,27851.0,25169.0,90.37,1,0.0,0.0
2026-03-08,S관(3공장),[20] 분리,B형 분리3호기,32685.0,23036.0,70.48,1,0.0,0.0
2026-03-08,S관(3공장),[20] 분리,B형 분리4호기,29503.0,25319.0,85.82,1,0.0,0.0
2026-03-08,S관(3공장),[20] 분리,B형 분리5호기,21722.0,17771.0,81.81,1,0.0,0.0
2026-03-08,S관(3공장),[20] 분리,B형 분리6호기,22464.0,19675.0,87.58,1,0.0,0.0
2026-03-08,S관(3공장),[20] 분리,B형 분리7호기,20561.0,16537.0,80.43,1,0.0,0.0
2026-03-08,S관(3공장),[20] 분리,B형 분리8호기,23453.0,21177.0,90.3,1,0.0,0.0
2026-03-08,S관(3공장),[20] 분리,CAM분리3호기,6445.0,5093.0,79.02,1,39273.0,16.41
2026-03-08,S관(3공장),[20] 분리,CAM분리4호기,12893.0,11298.0,87.63,1,39273.0,32.83
2026-03-08,S관(3공장),[45] 하이드레이션/전면검사,A형 인라인2호기 - 접착,26984.0,26881.0,99.62,1,0.0,0.0
2026-03-08,S관(3공장),[45] 하이드레이션/전면검사,S관 실리콘 자동수화기,185896.0,185032.0,99.54,1,240000.0,77.46
2026-03-08,S관(3공장),[55] 접착/ 멸균,A형 인라인1호기 - 접착,39893.0,38675.0,96.95,1,0.0,0.0
2026-03-08,S관(3공장),[55] 접착/ 멸균,A형 인라인2호기 - 접착,32638.0,32080.0,98.29,1,0.0,0.0
2026-03-08,S관(3공장),[55] 접착/ 멸균,A형 인라인3호기 - 접착,38335.0,37675.0,98.28,1,0.0,0.0
2026-03-08,S관(3공장),[55] 접착/ 멸균,A형 인라인4호기 - 접착,35494.0,33545.0,94.51,1,0.0,0.0
2026-03-08,S관(3공장),[55] 접착/ 멸균,A형 인라인5호기 - 접착,26066.0,25220.0,96.75,1,0.0,0.0
2026-03-08,S관(3공장),[55] 접착/ 멸균,A형 인라인6호기 - 접착,21607.0,21205.0,98.14,1,0.0,0.0
2026-03-08,S관(3공장),[55] 접착/ 멸균,B형 분리1호기,2443.0,2345.0,95.99,1,0.0,0.0
2026-03-08,S관(3공장),[55] 접착/ 멸균,B형 분리3호기,1608.0,1595.0,99.19,1,0.0,0.0
2026-03-08,S관(3공장),[80] 누수/규격검사,누수/규격검사(3공장),147820.0,147335.0,99.67,1,100645.0,146.87
